,time,event
0,0.6625756486835673,3.0
1,0.8900835930276206,4.0
2,1.1261767723780507,4.0
3,1.2384581706406732,4.0
4,1.4598820316205916,4.0
5,2.5949174922947815,0.0
6,2.8232732656615007,0.0
7,3.225430039232531,0.0
8,3.737986926318763,0.0
9,4.53924749808179,0.0
10,5.162671447247981,1.0
11,5.18949546267073,1.0
12,5.24970369118768,2.0
13,5.266016652839216,4.0
14,5.504270790130822,1.0
15,5.562925191087818,3.0
16,5.604698104488724,4.0
17,5.637948955758367,1.0
18,5.667540010114536,0.0
19,5.704562954449116,0.0
20,5.800719047899427,2.0
21,5.83944326425928,4.0
22,5.896997318480089,2.0
23,6.0578502746013845,0.0
24,6.138257591929093,4.0
25,6.157415551305213,1.0
26,6.233740036356166,3.0
27,6.236919523568842,2.0
28,6.2813653619757,1.0
29,6.41696516514217,1.0
30,6.491886712444129,0.0
31,6.582929408640095,0.0
32,6.628002838998159,2.0
33,6.771711591705644,1.0
34,6.875067681162858,2.0
35,7.007587650132711,1.0
36,7.049736283069252,2.0
37,7.374025241365159,1.0
38,8.210799410035749,2.0
39,8.80066617729753,3.0
40,8.893639914858582,3.0
41,9.299626837196623,4.0
42,9.357973278044003,4.0
43,9.371787125317878,3.0
44,9.385868892925654,4.0
45,9.389857806086226,3.0
46,9.495390227259694,4.0
47,9.553775297794314,4.0
48,9.59451350156961,1.0
49,9.737239102800428,1.0
50,9.865520493160352,1.0
51,9.904080014963423,1.0
52,9.927994247794862,2.0
53,10.054439475040825,2.0
54,10.055630249220194,1.0
55,10.197184499968222,3.0
56,10.302163717826042,0.0
57,10.31553016614846,1.0
58,10.354653746931568,3.0
59,10.685036389627413,4.0
60,10.709155597246294,0.0
61,10.979015020994785,4.0
62,11.013568286932136,4.0
63,11.316567031919902,4.0
64,11.556435588193922,2.0
65,11.735588917207501,2.0
66,12.439009504926634,2.0
67,12.539541405468743,0.0
68,15.384513732996517,1.0
69,15.425285746214389,2.0
70,15.448119509825345,1.0
71,15.887919082838287,0.0
72,16.40493141253536,1.0
73,16.48565017533282,1.0
74,17.067690686364145,4.0
75,17.165176059987985,0.0
76,17.84493128718777,4.0
77,18.197185735553063,1.0
78,18.526862337243415,1.0
79,18.85902990817229,2.0
80,19.44389249064557,1.0
81,19.542383218112313,1.0
82,19.577394007013815,1.0
