,time,event
0,9.980077094792577,3.0
1,13.66570934384247,3.0
2,13.678066537555841,3.0
3,14.027927869241335,5.0
4,14.656430628421795,7.0
5,14.951465992490192,1.0
6,25.418192507938503,6.0
7,25.674607112890317,2.0
8,25.943054253506425,2.0
9,27.16020366146803,4.0
10,27.330707699741474,0.0
11,27.4853882092919,6.0
12,27.621278318343432,6.0
13,28.672566256081886,2.0
14,28.837992921006414,9.0
15,28.922554519664473,5.0
16,29.603266420448197,9.0
17,31.358221182897168,2.0
18,31.593570444615683,9.0
19,31.665162827646522,1.0
20,32.164140627255456,8.0
21,32.77040338258055,8.0
22,35.91350048918386,3.0
23,39.285974571192035,7.0
24,42.41036029347059,3.0
25,43.28502698677616,8.0
26,44.03732004268291,5.0
27,44.164043424026474,4.0
28,44.91830848869602,6.0
29,45.03993552679723,6.0
30,46.23811860600254,5.0
31,46.669601559114106,0.0
32,48.09912343066105,8.0
33,48.21273116344585,3.0
34,50.37628327045993,6.0
35,50.695381491667554,4.0
36,53.07126664845953,9.0
37,53.937453844037,4.0
38,54.390848298371445,3.0
39,54.49275329828002,2.0
40,57.597645535736,5.0
41,61.19542532681714,7.0
42,61.20181899724632,3.0
43,61.25434825996146,6.0
44,61.52307740709053,0.0
45,62.10826523523815,0.0
46,63.27738512333865,1.0
47,63.48296454799354,3.0
48,63.88788916366819,4.0
49,64.87181226310233,2.0
50,65.18497263713911,8.0
51,65.22407841770791,7.0
52,65.29224566812714,6.0
53,66.17783835636625,2.0
54,66.20233252231445,5.0
55,67.36427914809816,4.0
56,68.47307574543412,5.0
57,69.55284812364528,2.0
58,70.42357209576056,4.0
59,71.1687495015573,3.0
60,71.28643767539349,8.0
61,71.69930997398424,1.0
62,71.90397636372803,8.0
63,72.26738160710458,5.0
64,72.37682833729195,6.0
65,73.47161922179512,3.0
66,73.74204849641411,5.0
67,74.49908344405283,2.0
68,75.28445664356697,5.0
69,77.03328047174386,5.0
70,77.06424479014396,7.0
71,80.53872557367903,9.0
72,80.56409009376686,5.0
73,82.96703734002458,6.0
74,83.83184464814799,9.0
75,88.2317345254711,6.0
76,88.89883818357168,7.0
77,89.3567373638584,8.0
78,90.20191841845846,8.0
79,91.60674571098953,2.0
80,91.87541048871586,3.0
81,92.05116325582077,4.0
82,92.4453568620681,1.0
83,93.06084514275577,4.0
84,93.8436850317297,2.0
85,94.22721314090268,9.0
86,94.51193764376306,5.0
87,97.62083426443023,4.0
88,97.69838655201121,6.0
89,97.94423138570218,8.0
90,98.38088782873389,5.0
91,98.69328495258496,3.0
92,98.79955383259636,9.0
93,98.89517382074158,7.0
94,99.160681177524,9.0
95,99.7368811240573,9.0
96,99.84456111403367,7.0
