,time,event
0,0.5544859486191616,4.0
1,0.7220537365106604,1.0
2,0.79500812873315,0.0
3,1.1439335962354633,0.0
4,1.173678361805693,4.0
5,1.8329467053005284,0.0
6,1.930487115831976,2.0
7,2.0630430273067586,3.0
8,2.580200067817113,1.0
9,2.686568230396293,0.0
10,2.8259434980456555,3.0
11,3.0820054078896186,1.0
12,4.5793962878121,4.0
13,5.019571969969271,0.0
14,5.1205141036679835,0.0
15,5.276029427556357,3.0
16,5.334745391652386,0.0
17,5.465845492265011,0.0
18,5.494746275139035,1.0
19,5.8165438142883525,1.0
20,6.143421403142842,0.0
21,6.191961070131104,4.0
22,6.370589851128071,4.0
23,6.375029975566574,0.0
24,6.39226165146946,1.0
25,6.411839779088492,3.0
26,6.5427614383463695,0.0
27,6.688680688107863,2.0
28,7.0788414492508505,4.0
29,7.12639351555846,0.0
30,7.4414441063959424,2.0
31,7.559705906074236,4.0
32,7.680337590224719,3.0
33,8.186806662773963,0.0
34,8.273713612749832,3.0
35,8.323132491315707,3.0
36,8.405016661558738,4.0
37,8.479478973061536,0.0
38,8.506533279952896,4.0
39,8.656540884679623,1.0
40,9.41545468744908,1.0
41,9.528947235535803,2.0
42,9.544098538936641,3.0
43,9.547833789162341,1.0
44,9.594516582351227,0.0
45,9.714739085307043,0.0
46,10.258874752478153,1.0
47,10.564927291393188,1.0
48,10.679499685276653,4.0
49,11.121891423026478,2.0
50,11.176847197947348,1.0
51,11.329570695383588,1.0
52,11.930078335595011,0.0
53,12.244554591939357,4.0
54,12.524607655944518,1.0
55,12.569635071864322,1.0
56,13.169046703296898,1.0
57,13.188033780225712,3.0
58,13.279704426328129,2.0
59,13.444580559142866,0.0
60,13.657526657492118,3.0
61,13.7751313937406,4.0
62,14.032865951223291,2.0
63,14.265471180479057,3.0
64,15.12493084809302,3.0
65,15.712476161400147,4.0
66,15.935510459458866,2.0
67,16.58035775456685,1.0
68,17.247523354220004,0.0
69,17.348776586597584,4.0
70,18.759324219922817,0.0
71,18.80003370822974,4.0
72,19.409486749900257,0.0
73,19.472438263318118,1.0
74,19.574127234796833,3.0
75,19.5942003564057,0.0
76,19.732806805401815,0.0
77,19.736581290718444,4.0
78,19.757985657497876,4.0
