,time,event
0,0.5285173092111212,1.0
1,0.6238026026503543,4.0
2,1.2559424377074202,0.0
3,1.96130585381002,0.0
4,2.851263812621057,0.0
5,2.9220128342159617,0.0
6,2.977075741531575,4.0
7,3.1929507443951026,0.0
8,3.2192315268491445,4.0
9,3.286107322402826,1.0
10,3.337827262841869,1.0
11,3.3513070481594367,0.0
12,4.006440905305972,0.0
13,4.125269351889716,4.0
14,4.129645146278662,3.0
15,4.2971036466295045,1.0
16,4.553629840884024,3.0
17,4.7070639622067905,0.0
18,5.308188450691978,4.0
19,6.244064340879222,0.0
20,6.650889169573285,0.0
21,6.892514448216571,3.0
22,7.042098977366267,3.0
23,7.177257834370658,1.0
24,7.713104871149569,0.0
25,8.768293868635814,1.0
26,8.969698428161804,4.0
27,9.905066152312276,0.0
28,10.230953581957058,4.0
29,10.251134490035055,1.0
30,10.321373780897101,3.0
31,10.479738711896724,0.0
32,10.613969537166874,0.0
33,10.733782984834873,4.0
34,10.783889246764307,1.0
35,10.863479458556737,4.0
36,10.900312753724142,0.0
37,11.193987614759383,4.0
38,11.254086653211779,1.0
39,11.510469938615534,0.0
40,12.664526033537703,3.0
41,12.966230246755094,1.0
42,13.017251230699122,0.0
43,13.708449872343047,4.0
44,13.737166014207444,4.0
45,13.746845772175499,0.0
46,14.09681978614612,1.0
47,14.283783881771546,2.0
48,14.34427442379243,1.0
49,14.452149787042703,1.0
50,14.686209139397514,2.0
51,14.693751453904909,4.0
52,14.735530072543082,4.0
53,14.75237359303584,1.0
54,14.792891604334198,4.0
55,14.910598662060552,0.0
56,14.930905552547934,3.0
57,14.934607356727486,4.0
58,15.01765303202266,2.0
59,15.033557935308965,2.0
60,15.174260045646207,0.0
61,15.306536807091376,2.0
62,15.328392278503856,1.0
63,15.455033668526719,2.0
64,15.475334237042436,0.0
65,15.496504365336422,1.0
66,15.629751762362647,3.0
67,15.730942065017715,4.0
68,17.62276531712879,0.0
69,17.806169773146475,4.0
70,18.21209762530092,3.0
71,18.366476062613575,4.0
72,18.420545191056977,0.0
73,18.439250402319807,0.0
