,time,event
0,0.0006496150162248893,3.0
1,0.2605251846636916,0.0
2,0.33040868897491416,4.0
3,0.5305917440180452,1.0
4,0.6513941297383156,4.0
5,1.3034933321021973,4.0
6,1.834362400164182,4.0
7,1.8456354961903854,0.0
8,2.639995193354318,1.0
9,3.8512550122932483,4.0
10,3.865751987348841,4.0
11,4.451594502020319,4.0
12,4.495439469221192,0.0
13,4.535451741925972,1.0
14,4.616873841687591,0.0
15,6.07509785250707,2.0
16,6.2913865768686055,1.0
17,6.784955277618334,3.0
18,7.059556749438481,1.0
19,7.069143608834557,2.0
20,7.09443225161566,1.0
21,7.180006818136109,2.0
22,7.388254149513491,0.0
23,7.811186132748257,0.0
24,8.19457950038624,4.0
25,8.227575417266795,1.0
26,8.46046856468283,1.0
27,8.540003446680506,4.0
28,8.608662992582216,2.0
29,8.800515865525224,1.0
30,9.07580113907416,1.0
31,9.720892345348863,4.0
32,10.021112488165034,4.0
33,10.040181754762706,4.0
34,10.05818488104322,4.0
35,10.079719356667864,1.0
36,10.32137819868274,2.0
37,12.38071437043584,4.0
38,12.472600738815407,3.0
39,13.015554587648541,0.0
40,13.03856278376307,1.0
41,13.106822450248202,4.0
42,13.161834379090129,0.0
43,13.28470459620687,4.0
44,13.504639814674915,1.0
45,13.544500822484114,3.0
46,14.06576479410584,1.0
47,14.260502061644424,0.0
48,14.529872647138124,1.0
49,15.0764016372946,2.0
50,15.140715110178334,4.0
51,15.511563899186346,0.0
52,15.512028718310496,1.0
53,15.538314651735746,4.0
54,15.56589260512928,0.0
55,15.69998011091899,0.0
56,15.78908487460922,1.0
57,15.824076992464322,4.0
58,15.8845024523748,3.0
59,16.022544117099695,0.0
60,16.10020285225975,1.0
61,16.191087797744938,3.0
62,16.298553137019283,4.0
63,16.49462409666119,1.0
64,16.50344426701381,0.0
65,16.505953620701945,0.0
66,16.65272334458332,0.0
67,17.01658065439306,0.0
68,17.022506557986134,3.0
69,17.162321737530956,1.0
70,17.17675314224941,4.0
71,17.18063082909333,3.0
72,17.26612102621054,0.0
73,17.286110742856454,1.0
74,17.310631686427044,0.0
75,17.398821122107197,4.0
76,17.558357995479902,0.0
77,18.51092591791472,0.0
78,18.532287788994342,1.0
79,19.105572307619486,3.0
80,19.123095190080367,0.0
81,19.458653436790073,0.0
82,19.461896665582987,1.0
83,19.771447981659108,2.0
84,19.793651950490105,1.0
85,19.796181126187925,4.0
86,19.93876677570953,3.0
87,19.964826229043357,2.0
88,19.997272703767106,0.0
