,time,event
0,0.4055810902531426,1.0
1,0.4763954195179848,0.0
2,0.757909748971104,3.0
3,1.1184217210196483,1.0
4,1.2083949746995737,2.0
5,1.2869493200651674,1.0
6,1.5902314954186698,3.0
7,1.598510458494543,0.0
8,1.6746396982945038,0.0
9,1.7192796085046285,4.0
10,1.7369970504418009,4.0
11,1.7410800690043142,1.0
12,1.8279695932215825,1.0
13,1.9592322868848568,2.0
14,2.0727866926886547,1.0
15,2.224495435419128,1.0
16,2.234380833120261,2.0
17,2.245438663173747,0.0
18,2.5480889975747667,0.0
19,2.6246672646883193,4.0
20,2.7171462525745382,0.0
21,3.3581224016331714,1.0
22,3.7346451659048894,2.0
23,4.084645872043622,4.0
24,4.274535498535548,2.0
25,4.6122253365860395,0.0
26,4.694650805649152,4.0
27,4.788456068436216,1.0
28,4.875687106390223,4.0
29,5.100143877550258,1.0
30,5.134363787946382,0.0
31,5.402830768094329,0.0
32,5.539713126273386,4.0
33,6.049231598149511,1.0
34,7.050237832836322,4.0
35,7.075196284873259,2.0
36,7.128168912814225,0.0
37,7.176478643657687,3.0
38,7.431700605716837,1.0
39,7.962119333747542,3.0
40,8.235536901483393,4.0
41,8.420743313608451,4.0
42,8.451641588661357,1.0
43,8.465394960173347,3.0
44,8.524708981115392,4.0
45,8.530279834622897,3.0
46,8.554598516850316,0.0
47,8.750285619254925,4.0
48,8.782405967417667,2.0
49,8.900211031285657,4.0
50,9.079375754288119,0.0
51,9.129068773988303,1.0
52,9.146936966395431,2.0
53,9.458059516588126,0.0
54,9.746442154328266,1.0
55,9.99367745747883,3.0
56,11.319536307513708,4.0
57,11.32040899977086,1.0
58,11.392021238561078,0.0
59,11.506519194328678,3.0
60,11.889749536509044,0.0
61,12.12077814900991,3.0
62,13.059058234506713,0.0
63,13.437991649351588,4.0
64,13.51266494883057,1.0
65,14.050860605325497,1.0
66,14.825723771105928,0.0
67,14.88980199842781,1.0
68,15.207208348915044,3.0
69,15.21875214709326,1.0
70,15.480050218577045,1.0
71,15.978559380220782,0.0
72,16.222450672247923,2.0
73,16.395247224317743,1.0
74,16.840270096767732,4.0
75,17.153526971552832,4.0
76,17.417525559099698,4.0
77,17.649292597545905,2.0
78,17.953033450848405,0.0
79,17.963481735836734,4.0
80,17.988830514319627,4.0
81,18.23355279127617,3.0
82,18.351970810969718,0.0
83,18.387059953358047,1.0
84,18.543101268485508,0.0
85,18.650883048238946,1.0
86,18.68773265847208,1.0
87,18.93231983041388,2.0
88,19.095754925021293,0.0
89,19.898714765011736,4.0
90,19.916393462057975,0.0
