,time,event
0,0.44769968489533274,0.0
1,0.7696798962298265,4.0
2,2.4767304018393665,1.0
3,2.7317848010502965,0.0
4,3.402136852581764,4.0
5,3.428517850495967,4.0
6,3.5005198020199013,1.0
7,3.7502564221294366,1.0
8,3.7864631087260747,0.0
9,3.894795536363271,0.0
10,3.908239881318965,3.0
11,4.005274685327063,2.0
12,4.407063168725026,4.0
13,4.4319472365677335,4.0
14,4.921515517044156,4.0
15,4.930773093103942,2.0
16,6.600692007952517,0.0
17,7.092785599236074,4.0
18,7.297969784191465,4.0
19,7.318216495655581,4.0
20,7.351677419331549,1.0
21,7.395173856590037,4.0
22,7.411060110216643,0.0
23,7.414434759783125,2.0
24,8.487848760848816,1.0
25,8.514165269876308,2.0
26,8.540297201379222,2.0
27,9.515757312227391,0.0
28,9.543771358604848,1.0
29,9.637504351330872,3.0
30,9.643222998945442,4.0
31,9.722879551689026,4.0
32,9.802677990111267,4.0
33,9.81266422224268,1.0
34,9.984522219922408,4.0
35,10.070199804030917,0.0
36,10.08033545203919,4.0
37,10.18722759829479,3.0
38,10.201359513934426,0.0
39,10.218132255795856,4.0
40,10.319091421208851,1.0
41,10.338960824403877,0.0
42,10.424105929760636,4.0
43,10.427044596643144,1.0
44,10.456622370558716,1.0
45,10.61380768729282,0.0
46,11.279192926564694,4.0
47,11.838017655230797,4.0
48,12.117182722909407,4.0
49,12.200154266893723,4.0
50,12.320188561175833,0.0
51,12.342559846695554,2.0
52,12.622895002736753,0.0
53,12.969896215504168,2.0
54,13.34121064541725,4.0
55,13.511223090342527,0.0
56,13.53630669312533,1.0
57,13.5445912726584,4.0
58,13.618946756125078,0.0
59,13.769606513249983,0.0
60,13.883644471439744,3.0
61,13.976665084742816,1.0
62,14.065369069571464,1.0
63,14.168529665316658,2.0
64,14.23751716641471,1.0
65,14.5771196209193,3.0
66,14.600870738956015,2.0
67,14.68157798049741,0.0
68,15.098695444947827,0.0
69,15.222336654608295,1.0
70,15.624679071875192,3.0
71,15.932184295025792,1.0
72,16.02824392475745,3.0
73,16.035502851980763,2.0
74,16.659725486301937,1.0
75,16.899391031959937,0.0
76,17.722932815555428,1.0
77,17.847625508907054,2.0
78,17.92455824765469,4.0
79,18.354088783064054,0.0
80,18.671139008479418,4.0
81,18.90923650623745,4.0
82,19.131215052770436,1.0
83,19.256573986978246,1.0
