,time,event
0,0.8991020502415953,4.0
1,0.9735113632755148,0.0
2,1.008779212997626,2.0
3,1.0106655513969431,4.0
4,1.0272485008321068,4.0
5,1.6700283820608124,4.0
6,1.932394022221132,1.0
7,3.351722482689405,4.0
8,5.762877156481844,1.0
9,6.336879763550643,4.0
10,6.377086895551616,3.0
11,6.401479183617005,4.0
12,6.442556571186144,0.0
13,6.447214980543384,0.0
14,6.482826332313289,0.0
15,6.56385115904,0.0
16,6.592789214631188,3.0
17,6.702333712961852,4.0
18,6.787229360297597,0.0
19,6.790776985447437,3.0
20,6.848021971161666,0.0
21,6.852036299386101,0.0
22,6.888406972411623,0.0
23,6.928197410974975,1.0
24,7.087306783807172,2.0
25,7.4722377136086955,3.0
26,7.787283939559856,4.0
27,8.125367856232971,1.0
28,8.264974039165612,2.0
29,8.311836115492158,4.0
30,8.42658878324777,0.0
31,8.976903518211182,3.0
32,9.122062704502804,2.0
33,9.386143196253139,0.0
34,9.47807885660547,3.0
35,9.553433469971216,2.0
36,10.448970467840159,3.0
37,10.51140029129151,4.0
38,12.004927317680055,3.0
39,12.266448076278976,1.0
40,12.382998573827466,3.0
41,12.399026294074092,0.0
42,12.409558381784034,3.0
43,12.430705809407645,4.0
44,12.446175187751885,0.0
45,12.65074483109889,2.0
46,12.845990241040875,3.0
47,12.9889372133024,2.0
48,13.08219187261175,0.0
49,13.738223041641398,2.0
50,13.886868808264577,4.0
51,13.909507558538813,4.0
52,14.051281680481459,0.0
53,14.14245530839401,4.0
54,14.258992558485295,1.0
55,14.327070643430952,2.0
56,14.334656689699662,4.0
57,14.400282316279881,2.0
58,14.449174630745254,0.0
59,14.466065754487607,0.0
60,14.467752793575265,3.0
61,14.559301938773793,0.0
62,14.5855266719373,4.0
63,14.60635100498025,0.0
64,14.720487642934176,0.0
65,14.746791215898957,2.0
66,15.094409254923727,2.0
67,15.114613092041926,3.0
68,15.22165219168704,2.0
69,15.26376922622086,4.0
70,15.286669067231426,3.0
71,15.575045427574299,0.0
72,15.648493816984134,0.0
73,15.932428053595356,2.0
74,15.979432136735491,3.0
75,16.15922451125087,0.0
76,16.297987327239113,1.0
77,16.525634743216337,2.0
78,18.290954736527972,3.0
79,19.228585173072137,4.0
80,19.46557139219463,4.0
81,19.710755382972497,4.0
82,19.749061118289198,1.0
83,19.76710834161478,0.0
