,time,event
0,0.04530773334302053,1.0
1,0.12162161745665433,3.0
2,0.1249161672341435,3.0
3,0.44519860088489027,2.0
4,1.470938220708308,1.0
5,1.6830656578427734,2.0
6,1.8640589000199663,1.0
7,2.018344037854306,2.0
8,2.3142173719841646,0.0
9,2.380358923995069,0.0
10,2.490388117400056,0.0
11,2.6270640845039215,0.0
12,2.7420520911996724,2.0
13,2.841220320848909,1.0
14,3.0824090258413723,3.0
15,3.557275720157607,0.0
16,3.613554331928053,3.0
17,3.761842458983269,2.0
18,3.8050233885359663,1.0
19,3.9169392987134977,4.0
20,4.002621884300808,3.0
21,4.023423410952729,3.0
22,4.058956130072137,0.0
23,4.259197097172779,0.0
24,4.353100612073706,1.0
25,4.418167982005338,2.0
26,4.536675311012365,3.0
27,4.646909429071149,1.0
28,4.793474060142799,3.0
29,4.909730714189927,3.0
30,4.952241164775615,0.0
31,5.027519633043399,1.0
32,5.030533766619891,4.0
33,5.035061824407888,2.0
34,5.114269899351752,3.0
35,5.181479513308186,0.0
36,5.182198742748242,0.0
37,5.244609451988743,4.0
38,5.246726252997034,2.0
39,5.6578538881148255,3.0
40,5.813000532552982,3.0
41,5.966397892904833,3.0
42,5.997729263031595,2.0
43,6.050783426305254,0.0
44,6.182392286682724,2.0
45,6.371602230583186,2.0
46,6.481522548874661,3.0
47,6.648243993617324,3.0
48,6.755448448256326,3.0
49,6.848829595008103,3.0
50,6.905757083051667,1.0
51,6.9613410058922485,3.0
52,7.078659333347177,3.0
53,7.16505010061426,3.0
54,7.20610239367976,0.0
55,7.3537994384681635,3.0
56,7.519364388897621,3.0
57,7.586671264234916,3.0
58,7.608265775967333,3.0
59,7.646560791306116,3.0
60,7.864205458362574,1.0
61,8.112707015141316,0.0
62,8.161360536905406,0.0
63,8.224873703358448,3.0
64,8.346874657282058,4.0
65,8.445497325179344,3.0
66,8.655158593306773,3.0
67,8.66126300553057,2.0
68,8.681662720027653,2.0
69,8.737347607028608,1.0
70,8.81319534256813,2.0
71,8.815223917716908,3.0
72,8.854797716070637,3.0
73,8.968283971915312,3.0
74,9.270078378222129,1.0
75,9.299889864824612,0.0
76,9.66895983471853,3.0
77,9.670839125432165,3.0
78,9.691430950028419,3.0
79,9.729456695807908,2.0
