,time,event
0,0.20502466952779594,0.0
1,0.2817548174633614,0.0
2,0.2895333500293447,0.0
3,0.33735100530666257,3.0
4,1.721709406553292,2.0
5,1.7762549538314503,3.0
6,1.9071408095652849,0.0
7,2.8733971947860075,3.0
8,3.2995780836486244,2.0
9,3.78220874123451,3.0
10,3.936419667601145,2.0
11,4.038172895705819,3.0
12,4.188858126607169,3.0
13,4.194075490475155,3.0
14,4.4571500935294,2.0
15,4.688915453519807,3.0
16,5.544412235495334,3.0
17,5.719140890928416,1.0
18,6.022701726886656,0.0
19,6.054321586376525,3.0
20,6.117110254214416,2.0
21,6.1484451383774745,3.0
22,6.172888098718678,2.0
23,6.4607679476174065,1.0
24,6.562395944106208,3.0
25,6.967565245104119,4.0
26,7.026148858492006,0.0
27,7.116900946547018,1.0
28,7.2889907458607786,2.0
29,7.354195233217311,1.0
30,7.5211553901409145,1.0
31,7.66956044069449,0.0
32,7.832804773675308,3.0
33,8.012847582807767,2.0
34,8.09025478589928,3.0
35,8.153976050632222,0.0
36,8.259980433417462,3.0
37,8.302861562601683,2.0
38,8.382753527833822,3.0
39,8.382950615960935,3.0
40,8.461730650210534,3.0
41,8.593230197674542,2.0
42,8.671320842262197,2.0
43,8.732181876230984,2.0
44,8.922023058326422,3.0
45,8.971383989874056,2.0
46,9.041663238420936,3.0
47,9.190861012530233,1.0
48,9.40963810201674,4.0
49,9.626818799234671,3.0
50,9.63824266434276,3.0
51,9.655285188060386,2.0
52,9.659788434134486,2.0
53,9.671789506995934,2.0
54,9.960928840438655,3.0
