,time,event
0,0.03640002783513499,0.0
1,0.1758392574465445,0.0
2,0.48051358591149973,0.0
3,0.6305456657244913,2.0
4,0.9162845087054655,0.0
5,1.0341165929898692,2.0
6,1.2787926871024506,2.0
7,1.3241284370491329,0.0
8,1.4586091939431975,0.0
9,2.3034599400643003,4.0
10,2.643977287569351,0.0
11,2.9381147242054064,4.0
12,2.955697963672839,3.0
13,2.9670939647724968,4.0
14,3.1083761052502026,4.0
15,3.135157373299347,0.0
16,3.1584679037487224,3.0
17,3.2696974775920995,0.0
18,3.3316156418736433,4.0
19,3.334957054400402,4.0
20,3.3669565911341963,4.0
21,3.4887734486992694,0.0
22,3.5496744106735973,4.0
23,3.5627869162780295,3.0
24,3.650678036792773,4.0
25,3.7198181144172144,2.0
26,3.9689626523775057,1.0
27,4.146613356121263,1.0
28,4.403917564588876,2.0
29,4.838850308209423,4.0
30,5.2503103354459775,2.0
31,5.346332805927958,4.0
32,5.378001587328258,4.0
33,5.382722897930157,3.0
34,5.387260418570048,2.0
35,5.531122674449372,0.0
36,5.635671740796465,4.0
37,5.641200410131038,2.0
38,5.817190734509619,4.0
39,5.8658280322643845,2.0
40,5.867166372771929,1.0
41,5.875896120793795,2.0
42,5.979997154629009,2.0
43,6.033193424157782,1.0
44,6.367738830450754,1.0
45,6.420735067307244,3.0
46,6.558048364681264,1.0
47,6.685468118843912,2.0
48,6.699920284508361,2.0
49,6.80574852616028,4.0
50,7.108041909192979,0.0
51,7.444985035519165,0.0
52,7.484427919181504,4.0
53,7.531432445899234,2.0
54,7.701716920937218,2.0
55,7.754710022085923,2.0
56,7.7711282740658465,2.0
57,8.003486472855085,0.0
58,8.087110877632535,2.0
59,8.133469600647121,1.0
60,8.220770397046147,2.0
61,8.287779888933537,4.0
62,8.292866137259379,3.0
63,8.412158820666638,2.0
64,8.531481297095873,3.0
65,8.54868153322995,1.0
66,8.662724719773003,3.0
67,8.723647967538833,2.0
68,8.789711363126772,4.0
69,8.816914654628762,2.0
70,8.82460833451097,3.0
71,8.887776247564979,1.0
72,9.04839306042804,2.0
73,9.05345677953355,4.0
74,9.151060655619085,2.0
75,9.216814896699693,2.0
76,9.54832043072229,2.0
77,9.588956173240856,4.0
78,9.651893688052452,2.0
79,9.725199098215286,4.0
80,9.725671045699203,2.0
81,9.76224191479725,4.0
82,9.824817778328805,3.0
83,9.852518669830395,4.0
84,9.889667995596326,0.0
85,9.976238271597033,0.0
