,time,event
0,0.26956452576972234,0.0
1,0.2843667917124809,1.0
2,0.37135981747773156,1.0
3,0.503951021373268,1.0
4,0.6345077785226946,2.0
5,1.4692301869604998,2.0
6,2.0244326836119306,1.0
7,2.4140575178902175,4.0
8,2.454908270527053,0.0
9,2.614626184955128,4.0
10,2.630706681321383,0.0
11,2.6619966395746624,4.0
12,2.6964539163256753,1.0
13,3.0583037481153346,4.0
14,3.0992954915608393,0.0
15,3.4217483783952685,1.0
16,3.9334554561460187,3.0
17,3.946818400580937,3.0
18,3.9629962830479633,4.0
19,4.011934721261252,1.0
20,4.38858092626949,2.0
21,4.486981609755208,3.0
22,4.574086287022309,2.0
23,4.642380769330989,3.0
24,4.7776042380289345,3.0
25,4.809273252107102,1.0
26,4.932924710332401,2.0
27,4.942389732936606,3.0
28,4.95764772758967,1.0
29,5.076174675846437,3.0
30,5.081778002034119,4.0
31,5.136869662267144,2.0
32,5.402224501992032,0.0
33,5.494790091751752,1.0
34,5.523060792810989,4.0
35,5.542859811679411,0.0
36,5.682951570746184,3.0
37,6.004839056326133,0.0
38,6.111193290376121,1.0
39,6.384691970522866,1.0
40,6.403319774422584,3.0
41,6.526861279539106,4.0
42,6.646139905022979,0.0
43,6.9481900211178855,2.0
44,7.035142952535372,1.0
45,7.044168258039479,1.0
46,7.047715377736854,4.0
47,7.074068495143961,4.0
48,7.1053673546597835,3.0
49,7.105782521561618,4.0
50,7.2068106224473585,1.0
51,7.292662530751784,1.0
52,7.608948338752766,3.0
53,7.815977267930445,4.0
54,7.954757662101482,3.0
55,7.972995406519113,4.0
56,7.985236293336955,2.0
57,8.0406280216845,3.0
58,8.092561189398214,1.0
59,8.192456794405114,1.0
60,8.29748179116112,3.0
61,8.349289088070082,2.0
62,8.415267037235346,0.0
63,8.679565441631208,1.0
64,8.78207285783773,0.0
65,9.01011583287572,2.0
66,9.095989142208358,0.0
67,9.107316757724103,4.0
68,9.290069882712928,2.0
69,9.298114090020356,4.0
70,9.330657804104849,4.0
71,9.361555019686472,2.0
72,9.382990853018999,1.0
73,9.470301240210745,4.0
74,9.484818859111279,3.0
75,9.51746871888023,4.0
76,9.535102166873102,0.0
77,9.538567988774714,4.0
78,9.584147191576179,2.0
79,9.714279067926483,0.0
80,9.825304049186826,3.0
