,time,event
0,0.32360076202256927,3.0
1,1.2287444729242956,3.0
2,1.4551794615566884,3.0
3,2.1943806575666875,4.0
4,2.3122492723609356,4.0
5,2.4660233600540415,4.0
6,2.615427311546921,3.0
7,2.7327787808195314,4.0
8,3.6610800356497224,4.0
9,3.810455950355875,0.0
10,3.8473340279314314,0.0
11,4.047175567001259,2.0
12,4.442806258109567,3.0
13,4.535061670781343,2.0
14,4.736309950516088,4.0
15,4.740194426093313,4.0
16,4.963286494849327,0.0
17,5.077725532518861,4.0
18,5.098871290689268,3.0
19,5.875919844806917,3.0
20,6.070225688940099,0.0
21,6.139819116202783,0.0
22,6.1421850049245315,0.0
23,6.249718291598614,4.0
24,6.260737911782057,2.0
25,6.8755812607979125,4.0
26,6.877253878339105,1.0
27,6.915541873761831,4.0
28,6.959267345093506,4.0
29,7.022732039635256,4.0
30,7.124798896066135,0.0
31,7.191714174314707,3.0
32,7.40583671759069,4.0
33,7.490091652601329,4.0
34,7.496596000011435,0.0
35,7.665219677261615,4.0
36,7.85864580900273,1.0
37,7.864774471148202,1.0
38,8.1245570634876,0.0
39,8.140856075479952,0.0
40,8.169553476465214,0.0
41,8.192881465645254,0.0
42,8.20452942032845,0.0
43,8.35963749388108,3.0
44,8.534515968274016,0.0
45,8.576817439073562,0.0
46,8.638293648903216,0.0
47,8.998749373687852,1.0
48,9.007593599449686,4.0
49,9.18472707576391,4.0
50,9.207208600660396,1.0
51,9.29788695424704,1.0
52,9.337456105035388,1.0
53,9.341922467336417,4.0
54,9.344279065125052,4.0
55,9.354749629893155,4.0
56,9.36015138696034,3.0
57,9.458936651619393,4.0
58,9.477903417997302,1.0
59,9.483983065672406,0.0
60,9.497218046097844,0.0
61,9.562504286928508,4.0
62,9.705350927017255,0.0
63,9.706522852730785,4.0
64,9.7433644651364,4.0
65,9.782529190229734,4.0
66,9.901803243345139,4.0
67,9.977160154678012,3.0
