,time,event
0,0.23806549159566326,1.0
1,0.5993092882652243,2.0
2,0.8638432268298709,2.0
3,1.2976580410111693,1.0
4,1.7305053969242652,2.0
5,2.480924572298586,3.0
6,2.5060862522484304,3.0
7,2.5394693101497405,2.0
8,2.595080928955908,3.0
9,2.6397612072294874,3.0
10,2.713268140729679,1.0
11,2.9400046081960722,1.0
12,2.9439938203830733,1.0
13,4.581636564566602,3.0
14,5.12375491563109,3.0
15,5.517900333260883,2.0
16,5.950992861966959,2.0
17,6.04421156938001,2.0
18,6.4827066706173735,2.0
19,6.774148396490855,1.0
20,7.190947768741125,3.0
21,7.505221348147521,1.0
22,7.6747175199033535,1.0
23,7.940694755432392,1.0
24,8.016199026831453,2.0
25,8.305109861068336,3.0
26,8.313233730745827,4.0
27,8.439436828874678,4.0
28,8.559312523945874,4.0
29,8.79439661339529,4.0
30,8.979683851071094,4.0
31,9.525995326480867,3.0
