,time,event
0,0.5159388309367926,1.0
1,0.890859788959762,1.0
2,0.90775112179392,3.0
3,1.7886119122638025,1.0
4,2.8293532776482637,0.0
5,2.9615660700619535,4.0
6,2.9867717141595,0.0
7,3.2848338570558764,3.0
8,3.3281112328447424,2.0
9,3.3409420624891726,4.0
10,3.3581729518564774,0.0
11,3.8275029302991226,2.0
12,3.9728477507501716,0.0
13,4.148809232154886,4.0
14,4.196348003691621,4.0
15,4.494241505311089,4.0
16,4.748149271280315,1.0
17,5.20848681084934,4.0
18,5.362164519005642,4.0
19,5.4230532590106435,4.0
20,5.476007867658957,4.0
21,5.567857489834513,4.0
22,5.724421082309152,3.0
23,5.826638331180084,0.0
24,5.993212816750907,2.0
25,6.078872500344412,4.0
26,6.120066717123842,2.0
27,6.19130229624699,1.0
28,6.245121098216003,0.0
29,6.706834654173996,2.0
30,6.796426255688574,4.0
31,7.353415121873951,3.0
32,7.556991151592955,2.0
33,7.582518627189746,4.0
34,7.6236829698773665,2.0
35,7.760085151854151,4.0
36,7.776596756502901,2.0
37,7.834329890253773,4.0
38,7.842106613359639,4.0
39,7.847956196806151,4.0
40,8.00402839743392,4.0
41,8.07207251177742,4.0
42,8.14399184656377,2.0
43,8.310082570355478,0.0
44,8.313448710612933,4.0
45,8.465173859359759,0.0
46,8.479367252987497,2.0
47,8.645110874651198,1.0
48,8.703505456683715,3.0
49,8.75326899028578,3.0
50,9.070285996604383,3.0
51,9.354430535392915,1.0
52,9.46727031646339,1.0
53,9.706176280256335,2.0
54,9.850324863270234,2.0
55,9.93008424699403,0.0
56,9.968259528818518,2.0
