,time,event
0,0.3713384583991419,1.0
1,0.5292451297949774,3.0
2,1.5565573209408425,2.0
3,1.7051342495752926,2.0
4,1.7894083341832285,2.0
5,2.547847314440965,2.0
6,2.7264155787810895,1.0
7,2.752875613203662,2.0
8,3.7680795988102447,0.0
9,3.8447482000190245,0.0
10,3.853120556165855,2.0
11,3.9735549506185923,1.0
12,4.266475819813181,0.0
13,4.404599262399166,0.0
14,4.676774974655779,1.0
15,4.760627218573054,2.0
16,4.983398436285519,3.0
17,5.086155901735287,4.0
18,5.45028067599867,3.0
19,6.072518286677682,3.0
20,6.374050722710265,4.0
21,6.379268234005186,1.0
22,6.426243326228913,4.0
23,6.72659128695829,3.0
24,6.7404991587568945,1.0
25,6.878636141130011,1.0
26,6.881068571151808,3.0
27,6.946046534842881,4.0
28,7.0135581306756976,1.0
29,7.26706116054762,2.0
30,7.435876571085669,2.0
31,7.479487951740066,3.0
32,7.514862085090952,1.0
33,7.522654834610316,1.0
34,7.552421619731468,2.0
35,8.426786671776386,1.0
36,8.593265245781197,4.0
37,8.711012042502027,3.0
38,8.740804418894317,1.0
39,9.169755452854961,3.0
40,9.253473313654743,1.0
41,9.3799042830685,0.0
42,9.556256629432552,1.0
43,9.79482338161518,1.0
44,9.993607389541092,1.0
