,time,event
0,1.3400242191886884,3.0
1,1.3634979165481174,2.0
2,1.3992511579986313,2.0
3,1.632304260751147,2.0
4,2.1796038681018532,1.0
5,2.462204447340275,2.0
6,2.8696274911148354,1.0
7,3.4445035345718495,3.0
8,3.8303806413414683,3.0
9,3.848383463255638,3.0
10,4.004447959941846,2.0
11,4.09071664707239,3.0
12,4.108735180255474,3.0
13,4.132401363595066,1.0
14,4.389582596310648,2.0
15,4.391108185113573,3.0
16,4.41185116915589,3.0
17,4.423931780389729,3.0
18,4.540114547566831,3.0
19,4.618036835232401,4.0
20,4.918304315954638,4.0
21,5.044772155246094,2.0
22,5.252600855927306,2.0
23,5.4925602511250196,2.0
24,5.574675491978642,1.0
25,5.6880876344441695,3.0
26,6.255052770306941,1.0
27,6.262557920715873,3.0
28,6.31945688208215,3.0
29,6.319915899664018,1.0
30,6.334187818203439,1.0
31,6.480183343618315,1.0
32,6.5021110219847165,3.0
33,6.533970437794082,3.0
34,6.5554848091714994,3.0
35,6.57256461888639,4.0
36,6.606249138893864,4.0
37,6.635839430659085,1.0
38,6.657867622151407,3.0
39,6.759848896591889,3.0
40,6.979393501737027,2.0
41,7.006325140985738,0.0
42,7.356984199103285,0.0
43,7.389583871309064,4.0
44,7.504065079862168,3.0
45,7.859452395377007,2.0
46,7.989540034104449,4.0
47,8.076460157797978,3.0
48,8.326931267349778,3.0
49,8.36413800268345,4.0
50,8.513515608077984,2.0
51,8.60512093758316,4.0
52,8.70233833937455,4.0
53,8.740298984535787,0.0
54,8.86148410956042,1.0
55,8.94070802652042,1.0
56,8.958541560324814,3.0
57,8.993813388658943,3.0
58,9.144129881179975,2.0
59,9.150308181071843,1.0
60,9.41999141343616,3.0
61,9.566849417761341,3.0
62,9.6481881504719,3.0
