,time,event
0,0.2687475746788627,1.0
1,0.6594475169331306,1.0
2,0.9334075245518796,2.0
3,1.2279579075903775,3.0
4,1.2465802226522362,3.0
5,1.730575193904343,1.0
6,1.7600159496404582,2.0
7,1.8840179746481083,3.0
8,1.9882316750029205,3.0
9,2.668562628690374,2.0
10,2.8234035148236565,0.0
11,3.579984147821933,3.0
12,4.251988900483582,0.0
13,4.262746676976723,3.0
14,4.38259327804654,3.0
15,4.44893755397756,1.0
16,4.613364059895949,3.0
17,4.9691354891453505,2.0
18,4.972472041039232,3.0
19,5.290916954180967,1.0
20,6.143930905307052,1.0
21,6.318322921555494,3.0
22,6.593858741207442,1.0
23,6.598344127368402,3.0
24,6.608687224745658,1.0
25,6.649692768239056,3.0
26,6.7212534047262995,1.0
27,6.752814987300887,0.0
28,7.074095116792244,3.0
29,7.17115604884698,3.0
30,7.3334926580022985,2.0
31,8.134337977317859,1.0
32,8.613505638104556,1.0
33,8.628519440834687,1.0
34,8.732973678314991,3.0
35,8.786044057522183,3.0
36,8.835347635689692,2.0
37,8.881288814504714,1.0
38,8.914433699868985,2.0
39,9.016834934688355,1.0
40,9.043862788758286,2.0
41,9.460099737351284,3.0
42,9.535538627065392,0.0
43,9.647948219555962,0.0
44,9.979657043776708,3.0
