,time,event
0,1.6552717332638343,2.0
1,1.7817644972520132,2.0
2,1.8775775163030117,1.0
3,1.9775414357029304,3.0
4,2.6262672675765732,1.0
5,2.641486269108061,2.0
6,2.7529759120720287,2.0
7,2.8165691610173704,2.0
8,3.3080747748403754,3.0
9,3.89967362704244,1.0
10,3.985047679253011,0.0
11,4.010552638957891,3.0
12,4.1076774403179686,1.0
13,4.619563993668404,3.0
14,4.898456984460453,3.0
15,5.09766691658561,2.0
16,5.164415504677509,0.0
17,5.279266583749206,1.0
18,5.698599074636682,4.0
19,5.891423351741827,4.0
20,6.051513957215739,4.0
21,6.052684074166007,4.0
22,6.11137521415202,2.0
23,6.340999203087639,4.0
24,6.404598499004952,4.0
25,6.563630343125579,3.0
26,6.57117364243155,4.0
27,6.57769761457128,4.0
28,7.232104466118316,1.0
29,7.278601555554722,4.0
30,7.3619541323658115,4.0
31,7.382271069227527,3.0
32,7.4358245726447585,4.0
33,7.581727144018418,2.0
34,7.75865159630669,3.0
35,7.864968164039128,3.0
36,7.9206266954607765,2.0
37,7.950845466710658,2.0
38,7.992807729364313,0.0
39,8.002275784879838,3.0
40,8.069046045963793,3.0
41,8.074584328098945,3.0
42,8.149157871043617,2.0
43,8.346942484856744,2.0
44,8.356365339844467,2.0
45,8.36127450837852,2.0
46,8.376818542115094,0.0
47,8.417199528492496,3.0
48,8.536864410833543,1.0
49,8.544643872629834,2.0
50,8.545349619415685,3.0
51,8.551818002262436,0.0
52,8.577766101126397,3.0
53,8.579183450467834,1.0
54,8.673414310125816,0.0
55,8.71591227312992,2.0
56,8.74601594843883,2.0
57,8.771972507546117,2.0
58,8.775064320559162,2.0
59,8.815753072197138,2.0
60,8.815936514601459,3.0
61,8.816643327072684,3.0
62,8.866158772666918,3.0
63,8.897346856150335,0.0
64,8.927019661112604,0.0
65,8.938549968468733,0.0
66,9.036241489267542,1.0
67,9.065410543430628,2.0
68,9.286381038076978,1.0
69,9.37290467494523,3.0
70,9.478194623678808,2.0
71,9.520552312256818,0.0
72,9.625487653085202,2.0
73,9.676295458225974,4.0
74,9.74100627472364,3.0
75,9.773480307016703,3.0
76,9.776594483490268,1.0
77,9.830345081166353,3.0
