,time,event
0,0.35767283275650463,1.0
1,0.915670206181146,2.0
2,1.723626936122174,2.0
3,2.3797218695889644,3.0
4,2.4726470429668748,1.0
5,2.4841236251621894,1.0
6,2.6308884572263547,1.0
7,2.9826595874796253,4.0
8,3.568044900303058,1.0
9,3.70277890925044,4.0
10,3.889146802298318,0.0
11,4.006000342999983,3.0
12,4.480618095110543,3.0
13,4.624099874916184,2.0
14,4.635836304625374,3.0
15,4.678734653930465,3.0
16,4.749846202865461,3.0
17,4.901403953999563,2.0
18,5.043550485955029,3.0
19,5.114553714416753,2.0
20,5.331384387402296,1.0
21,5.424892570416274,0.0
22,5.475047542961196,3.0
23,5.499476738443683,3.0
24,5.67670908059986,2.0
25,5.930144202236892,0.0
26,6.175824850151463,3.0
27,6.486855183968925,4.0
28,6.849129195928031,2.0
29,6.890136002000039,4.0
30,7.065846688118817,4.0
31,7.1144117476627455,4.0
32,7.115564175019977,4.0
33,7.1477389173190575,4.0
34,7.404367199893928,4.0
35,7.521518317287628,4.0
36,7.52339542716223,3.0
37,7.774727701696285,3.0
38,7.77952260812899,3.0
39,8.56616177042383,3.0
40,8.682460337586184,0.0
41,8.884830557068447,1.0
42,8.999560896233435,3.0
43,9.040858429959536,1.0
44,9.152303280469454,2.0
45,9.169609625494395,4.0
46,9.26870604944281,1.0
47,9.43589473134541,3.0
48,9.450207133396987,2.0
49,9.48293731601275,1.0
50,9.510447811162585,0.0
51,9.510537936683278,2.0
52,9.549867569675067,0.0
53,9.558706296088973,1.0
54,9.678821752309966,3.0
55,9.6943216521147,0.0
56,9.75271828268383,3.0
57,9.985401241481929,4.0
