,time,event
0,0.10728016858104299,1.0
1,0.8887003572237885,2.0
2,1.7590823580442003,0.0
3,2.046790525347952,3.0
4,2.188952100921118,3.0
5,2.192888955704297,4.0
6,2.27277145039232,2.0
7,2.5592133553046814,4.0
8,2.656446309825805,3.0
9,2.823443771328544,1.0
10,4.128779012113422,1.0
11,4.435554354730322,2.0
12,4.4969109768669195,1.0
13,4.509681742539147,4.0
14,4.5886237765184275,4.0
15,4.774833768266856,2.0
16,5.020261520210801,4.0
17,5.1439797451733185,4.0
18,5.213115777703496,4.0
19,5.220016793185937,4.0
20,6.238101973905583,1.0
21,6.403418614527882,4.0
22,6.406898764254526,2.0
23,6.566023341318923,0.0
24,6.698382679333448,4.0
25,6.774545054498239,4.0
26,6.811759696420454,2.0
27,6.940658129426465,3.0
28,6.967360416086856,4.0
29,7.259958438018758,1.0
30,7.534946748634666,1.0
31,7.556476533514176,2.0
32,7.586413471707056,4.0
33,7.70911872395204,2.0
34,8.11800009741696,2.0
35,8.564083702247789,2.0
36,8.613544139205576,3.0
37,8.629908994150764,1.0
38,8.635511271313677,2.0
39,8.828817588024942,2.0
40,8.960646459680929,2.0
41,9.002227509783744,1.0
42,9.119385573658215,4.0
43,9.185480994744259,1.0
44,9.189339279876533,2.0
45,9.255291987272656,4.0
46,9.353144046365117,4.0
47,9.536526881387648,0.0
48,9.656581182068999,0.0
49,9.701118161247626,2.0
50,9.786078143863548,1.0
51,9.872559861958065,0.0
52,9.895400812934739,1.0
53,9.967757197510982,1.0
