,time,event
0,0.5756839159271074,1.0
1,0.6117959233851017,2.0
2,0.7516410115918626,3.0
3,0.837082076235207,1.0
4,1.7729918522450325,0.0
5,1.9853501477499724,3.0
6,2.1145037893970065,0.0
7,2.5112924320067735,2.0
8,2.8974841815911137,1.0
9,2.899805824033352,1.0
10,2.9140789107427096,2.0
11,2.956694751562374,0.0
12,2.9940748434129456,0.0
13,3.003726483567347,2.0
14,3.0307643596742357,2.0
15,3.0509715556918935,2.0
16,3.3273141192159565,2.0
17,4.160335475687635,2.0
18,4.253411416618664,2.0
19,4.359372005751221,0.0
20,4.41171549894666,2.0
21,4.414813081443702,0.0
22,4.416802508739978,2.0
23,4.471327763569971,2.0
24,4.627894898678743,2.0
25,4.758666433546812,2.0
26,4.975539599395425,2.0
27,5.08570115252298,1.0
28,5.220388391048665,2.0
29,5.262770233914685,1.0
30,5.3018938237962,0.0
31,5.3712336174269515,2.0
32,5.374471277092039,1.0
33,5.407012962333856,2.0
34,5.436837450307589,2.0
35,5.445031118836644,2.0
36,5.457998250817195,2.0
37,5.723065772972369,2.0
38,5.903014702434296,1.0
39,6.2907984848811145,2.0
40,6.365369855996819,2.0
41,6.51429370583264,2.0
42,6.5445404058088,1.0
43,6.575056644208346,2.0
44,6.58249182886215,2.0
45,6.592418527391278,2.0
46,6.859666159872205,2.0
47,6.881837135592731,2.0
48,6.888108557658446,1.0
49,6.922666567089235,3.0
50,6.969828802144111,2.0
51,7.043387637144186,2.0
52,7.187962403320237,3.0
53,7.199177169168571,2.0
54,7.253437763811302,0.0
55,7.2867887296781335,2.0
56,7.3084591081832775,1.0
57,7.329926961338196,2.0
58,7.38076474244676,2.0
59,7.381197623711764,0.0
60,7.410848832798861,1.0
61,7.415052231418784,2.0
62,7.546611725882854,2.0
63,7.637063994136787,0.0
64,7.7148389644179485,2.0
65,7.83369319505641,2.0
66,7.843245786529225,2.0
67,8.092858434074435,0.0
68,8.189419987963179,1.0
69,8.709385733797854,2.0
70,8.711124538036268,2.0
71,8.711265759458552,2.0
72,8.776131821320602,2.0
73,8.827263130413838,2.0
74,8.845609258788256,2.0
75,8.877208179365418,3.0
76,8.887837511874372,2.0
77,8.978829886678533,0.0
78,9.21374660010524,2.0
79,9.24423066533742,4.0
80,9.332683678335727,4.0
81,9.357855691556248,2.0
82,9.37001242152107,2.0
83,9.402610275501218,1.0
84,9.499012932898934,2.0
85,9.577047133443937,1.0
86,9.606699695407858,1.0
87,9.618191227647227,0.0
88,9.662607332637439,1.0
89,9.687117624580955,2.0
90,9.726140577754991,2.0
91,9.798327759451972,2.0
92,9.805153842591585,0.0
93,9.833063886440955,2.0
94,9.883161328399597,1.0
