,time,event
0,0.06874014759704163,2.0
1,0.711915272099442,3.0
2,0.859036518626292,4.0
3,0.9095702966713155,1.0
4,2.0104504001015617,2.0
5,2.152233851083612,2.0
6,2.3126645336646408,2.0
7,2.463359640354329,0.0
8,2.480144888244275,2.0
9,2.8174023613157333,1.0
10,2.898780839853094,1.0
11,3.102487915474086,0.0
12,3.194053182517595,1.0
13,3.2000959626228815,3.0
14,3.2596104960430057,4.0
15,3.2970629988564926,0.0
16,3.350908817225443,1.0
17,4.366745745698018,2.0
18,4.706805629319386,2.0
19,4.814401433072396,1.0
20,4.834622114835216,2.0
21,5.301869734924684,0.0
22,5.354859725366459,3.0
23,5.426665002608953,1.0
24,5.475189117397443,0.0
25,5.560161503440906,3.0
26,5.59073891447723,3.0
27,5.61433693348654,0.0
28,5.618490498319382,3.0
29,5.692488491172786,1.0
30,5.729830682378229,4.0
31,5.757595528159194,1.0
32,5.7831604455300925,3.0
33,5.797016249982616,3.0
34,6.665084248147454,2.0
35,6.733490456003698,2.0
36,6.919582962452832,3.0
37,6.961967186931943,2.0
38,7.034164178617453,2.0
39,7.2792804234573625,1.0
40,7.530522584408507,3.0
41,7.548781903848446,1.0
42,7.580044500666748,0.0
43,7.74553947010188,0.0
44,7.833936741971273,3.0
45,7.906713865592757,0.0
46,7.922360251094754,3.0
47,7.939802006243802,3.0
48,7.979748106851427,1.0
49,7.995254008011529,1.0
50,8.075154264139188,3.0
51,8.931518205617124,1.0
52,8.957416031153528,3.0
53,9.096272808773792,2.0
54,9.109672943100348,1.0
55,9.124679528594584,1.0
56,9.195921612851265,4.0
57,9.202281386960047,1.0
58,9.246662652512448,1.0
59,9.561692211717995,1.0
60,9.76924898482355,3.0
61,9.849059209791863,0.0
62,9.916039587719613,1.0
