,time,event
0,0.35022954670192785,2.0
1,0.784317741094859,1.0
2,1.0033123393050838,1.0
3,1.1192676499850929,1.0
4,2.0865870979790335,2.0
5,2.375818442153814,4.0
6,2.700193885452043,3.0
7,2.788602761927088,3.0
8,3.878087636395576,2.0
9,3.8999708712657646,2.0
10,4.379436846955287,1.0
11,4.4086794089643275,2.0
12,4.50525789773047,3.0
13,4.584905499588712,1.0
14,4.603003257810662,2.0
15,4.812644711298869,1.0
16,4.853960026614142,1.0
17,5.053516977435493,1.0
18,5.1367459286425605,2.0
19,5.189064041732254,2.0
20,5.2012942809116565,2.0
21,5.221709817868715,3.0
22,6.333366999721642,4.0
23,6.33513744698117,4.0
24,6.338272104905187,3.0
25,6.5676116114753675,3.0
26,6.613081813197921,3.0
27,6.685095123281505,4.0
28,6.75113011182189,2.0
29,6.789427762946705,3.0
30,6.80786905935497,2.0
31,6.828874650831409,3.0
32,7.1073964288542175,4.0
33,7.21930777904749,1.0
34,7.271108056433779,3.0
35,7.292925039144325,3.0
36,7.385241303328375,2.0
37,7.424731788690095,3.0
38,7.5262496817572675,1.0
39,7.595007278850017,4.0
40,8.029783451076069,2.0
41,8.215329087264287,1.0
42,8.296621460463916,2.0
43,8.669708089999226,2.0
44,8.732850792692446,3.0
45,8.739745844501977,2.0
46,8.743253662448081,2.0
47,8.782952416155641,2.0
48,8.81810577200554,4.0
49,8.980016671698275,4.0
50,8.994641424498791,4.0
51,9.004929451390765,2.0
52,9.283306921179854,2.0
53,9.304645459551896,2.0
54,9.505765168176593,2.0
55,9.800530241611442,1.0
56,9.868931274177166,2.0
57,9.890258153664996,1.0
