,time,event
0,0.28304604198668526,2.0
1,0.3399603929760002,1.0
2,0.49654654029321665,1.0
3,0.9129047608372699,2.0
4,2.2301236043237154,4.0
5,2.3152882255009066,2.0
6,2.5299302045546423,3.0
7,2.711743756327676,2.0
8,2.7120381717330933,4.0
9,2.825840452490246,2.0
10,2.8644322578241406,2.0
11,3.6274422294112862,1.0
12,4.4016284751578745,1.0
13,4.459912676299904,2.0
14,4.512812375525702,2.0
15,4.524573244847174,2.0
16,4.544553013328518,2.0
17,4.844286949765303,4.0
18,4.8584024535735955,3.0
19,4.913266275085468,2.0
20,4.925032295803127,3.0
21,4.965302581148369,4.0
22,5.008782985063745,0.0
23,5.026215440007633,4.0
24,5.029603982757834,4.0
25,5.044879222629349,4.0
26,5.094166649143163,4.0
27,5.137953227084858,4.0
28,5.206855271129897,4.0
29,5.636381134467512,1.0
30,5.934480042168964,2.0
31,6.776541759989824,2.0
32,6.8656713455308305,2.0
33,6.89229352504699,2.0
34,6.971758780544575,2.0
35,7.13708065214768,4.0
36,7.19647099183831,3.0
37,7.234015769518831,1.0
38,7.234216766343992,3.0
39,7.281962619552886,4.0
40,7.309441072551633,4.0
41,7.336502223833301,0.0
42,7.368982315861937,4.0
43,7.382396710335271,4.0
44,7.3926473256512155,4.0
45,7.393443741909237,4.0
46,7.420866494732183,4.0
47,7.493792028716757,0.0
48,7.618238412630431,4.0
49,7.647438751746957,2.0
50,8.090969087030217,1.0
51,8.17529065985856,4.0
52,8.739561208725961,4.0
53,9.2363992636515,3.0
54,9.299664810381378,1.0
55,9.321236444092726,2.0
56,9.330100294643778,2.0
57,9.372355426088893,4.0
58,9.446603950763741,4.0
59,9.49797744515283,0.0
60,9.554259856861732,2.0
61,9.559765002633636,3.0
62,9.560974887710193,4.0
63,9.650506678848611,3.0
64,9.658552109058723,3.0
65,9.65985070205186,3.0
66,9.693289917458852,4.0
67,9.701488409541367,2.0
68,9.714500095057467,3.0
