,time,event
0,0.012558791985400506,1.0
1,1.0500071854071336,4.0
2,1.3373360217877461,1.0
3,1.6115910185603666,1.0
4,2.160035289005491,1.0
5,3.2906290972270726,3.0
6,3.7519944663519817,3.0
7,4.333511972077517,4.0
8,4.468251305911727,4.0
9,5.87960914518421,2.0
10,6.011949468027222,2.0
11,6.740437526357974,2.0
12,6.839315806305758,3.0
13,6.8513325097793905,2.0
14,6.969396055588726,3.0
15,8.376679123065756,2.0
16,8.504846558837263,2.0
17,9.369560883808596,4.0
