,time,event
0,0.06149213393627583,2.0
1,0.3343166987354185,4.0
2,0.5945852948206419,1.0
3,1.2586920824397883,2.0
4,2.068565896068928,0.0
5,2.171741556024401,4.0
6,2.21376742457211,4.0
7,2.2971455296010217,2.0
8,2.389186535173012,2.0
9,2.526037307039956,3.0
10,3.049952011856708,1.0
11,3.2674289275067565,1.0
12,3.446240530317075,2.0
13,3.521137511272188,4.0
14,4.102097020404092,4.0
15,4.206482790596225,3.0
16,4.440133789455031,0.0
17,4.46201612719054,4.0
18,4.471001285025557,1.0
19,4.475410740141281,1.0
20,4.559627263015921,3.0
21,4.709510456290046,2.0
22,4.803101639870038,0.0
23,4.8503796090896465,4.0
24,5.019386762171873,1.0
25,5.158018009386016,2.0
26,5.445349200066865,2.0
27,5.652881835535533,2.0
28,5.663026173009284,2.0
29,5.766628018768879,1.0
30,5.774648576833356,2.0
31,5.781314751556171,3.0
32,5.862446544156148,1.0
33,5.928666653575668,2.0
34,6.294829897491977,4.0
35,6.422031524546395,3.0
36,6.576460801057405,1.0
37,6.685457076728516,1.0
38,6.762250019111845,2.0
39,6.811191252037776,2.0
40,6.816033318243506,3.0
41,6.849597577789432,2.0
42,6.89311995140681,2.0
43,6.91670275937543,1.0
44,7.151826247760746,2.0
45,7.198011864555745,4.0
46,7.285399921681298,1.0
47,7.302064395635566,3.0
48,7.493819063616259,4.0
49,7.53507850275851,2.0
50,7.560989311859854,2.0
51,7.650728478685725,2.0
52,7.65174349210179,2.0
53,7.7478825171644585,2.0
54,7.782628282468121,2.0
55,7.87216302477653,4.0
56,7.882152426973858,2.0
57,7.92381887254509,4.0
58,7.947738421960848,2.0
59,8.050551378067196,4.0
60,8.103877546553619,4.0
61,8.158307265528332,4.0
62,8.160931581056044,2.0
63,8.161559957918085,2.0
64,8.285116671268483,2.0
65,8.292169459908507,1.0
66,8.309576486459934,1.0
67,8.327510729850395,2.0
68,8.362323134875265,2.0
69,8.378777757031733,1.0
70,8.416336752230036,1.0
71,8.436866621742988,4.0
72,8.563728493312315,3.0
73,8.718076655993809,2.0
74,8.75012526912888,1.0
75,8.782490373811003,1.0
76,8.937287032691165,4.0
77,8.966868487985641,2.0
78,9.00198152622803,2.0
79,9.04166918207312,0.0
80,9.102845262376686,1.0
81,9.197266690308991,4.0
82,9.287484357071794,2.0
83,9.296723781250876,2.0
84,9.317457757336244,1.0
85,9.319827337436815,2.0
86,9.504619587594794,2.0
87,9.614094121482967,3.0
88,9.667684734381288,3.0
89,9.71753487022948,3.0
90,9.75582733741039,2.0
91,9.778270084838313,4.0
92,9.780581241629676,1.0
93,9.845425470215911,2.0
94,9.864798721130722,4.0
95,9.898935323346452,4.0
96,9.908525030585153,4.0
97,9.911280176206374,0.0
98,9.992923304215493,4.0
