,time,event
0,2.2049873226177437,3.0
1,4.248395522769223,1.0
2,4.434844323133441,2.0
3,4.51997584901037,0.0
4,4.533829240016228,3.0
5,4.986500606166864,3.0
6,5.007621414229001,3.0
7,5.104215783848125,4.0
8,6.031228367391338,2.0
9,6.20388704511756,3.0
10,6.264227010338008,0.0
11,6.330124514326852,0.0
12,6.429326303995399,4.0
13,6.836922344241088,0.0
14,6.851405770380623,3.0
15,6.887528021705132,3.0
16,6.909057049255996,0.0
17,6.991236382864565,3.0
18,7.00609160545848,1.0
19,7.1431612590297195,1.0
20,7.208266456566015,3.0
21,7.256298113622193,3.0
22,7.321903111876432,0.0
23,7.408158536964942,0.0
24,7.418426733667769,1.0
25,7.449046123723102,0.0
26,7.659264937442868,2.0
27,7.727134198564308,3.0
28,8.43745175204209,0.0
29,8.597919531149703,2.0
30,8.619457394218268,3.0
31,8.646192735277527,0.0
32,8.703101552067329,0.0
33,8.997977570260254,2.0
34,9.154563705794883,2.0
35,9.202480564658032,1.0
36,9.205116459802921,1.0
37,9.280338669067707,1.0
38,9.334390330637715,3.0
39,9.348544242931382,0.0
40,9.370314024755887,1.0
41,9.397568593344424,2.0
42,9.468075719127897,3.0
43,9.478345251187763,1.0
44,9.480797960754991,3.0
45,9.5940104170125,2.0
46,9.618333194763606,1.0
47,9.674628729252634,3.0
48,9.694722451348357,2.0
49,9.774586049913642,0.0
50,9.808104059695726,2.0
51,9.84735326127506,2.0
52,9.849522022018272,0.0
