,time,event
0,0.7948486334589506,3.0
1,1.2939357682423207,0.0
2,1.3011014420634126,3.0
3,1.7590243919179684,3.0
4,2.689793322010992,3.0
5,2.702812331488136,0.0
6,2.99623266497752,4.0
7,3.3667277382737324,0.0
8,3.7529571905819754,3.0
9,3.7899121995467637,1.0
10,3.968921208687765,0.0
11,4.096022940630229,0.0
12,4.124826134787718,1.0
13,4.152728504810887,1.0
14,4.20208729549131,1.0
15,4.4661142752532115,3.0
16,4.577543340399573,3.0
17,5.968782286215271,4.0
18,6.015053996995757,4.0
19,6.146796348905387,1.0
20,6.3628374676254875,1.0
21,6.363074759690396,1.0
22,6.649654996197276,0.0
23,6.970824042637219,4.0
24,8.08621454624126,2.0
25,8.374149331280627,1.0
26,8.498449966677082,2.0
27,8.66345772272339,2.0
28,8.912638799344819,2.0
29,8.975582947693262,3.0
30,9.639082017258387,0.0
