,time,event
0,0.842439604621792,0.0
1,1.0121095616254905,2.0
2,1.9750693441884173,4.0
3,2.461874548098677,0.0
4,2.920767620303566,3.0
5,3.038320933275168,3.0
6,3.081557121362377,3.0
7,3.102580331801658,3.0
8,3.181424977314676,2.0
9,3.7079674479636004,0.0
10,3.8799165604899026,2.0
11,4.445779792126734,0.0
12,4.482281759836179,0.0
13,4.893305746571372,3.0
14,5.85321220165458,0.0
15,6.391163939524333,2.0
16,6.57337450642266,3.0
17,6.677398838019603,3.0
18,6.68757350136358,3.0
19,6.701671278319835,3.0
20,6.761489199324925,2.0
21,6.8901202600019555,3.0
22,7.063236531378298,2.0
23,7.200894310221072,3.0
24,7.850302669766589,4.0
25,7.8528818319292855,3.0
26,7.976636853515322,3.0
27,7.991542364403256,2.0
28,8.20805410602983,3.0
29,8.264534241101693,3.0
30,8.280585785994004,3.0
31,8.701579512092719,3.0
32,8.825226262576292,2.0
33,8.899884181173382,0.0
34,8.935947563570465,2.0
35,9.180052202233338,3.0
36,9.370562551987906,4.0
37,9.637144241435108,2.0
38,9.675009128031409,2.0
39,9.920298310981114,2.0
