,time,event
0,0.49234609720847744,0.0
1,0.8373806441662012,0.0
2,1.9163629427583755,0.0
3,2.0335284202315185,2.0
4,2.7528473113638037,4.0
5,2.810807512268041,0.0
6,2.8723192972909968,4.0
7,3.3022847201377252,0.0
8,3.3212597425911303,0.0
9,3.3255743396602253,0.0
10,3.715700232495852,2.0
11,4.029425761457384,2.0
12,4.155481514504451,0.0
13,4.172472748784982,4.0
14,4.230920278601755,0.0
15,4.24834134298054,0.0
16,4.289385200037705,3.0
17,4.304633976186884,1.0
18,4.976747618655639,0.0
19,4.997048267826944,4.0
20,5.026049168645613,3.0
21,5.11683764863513,4.0
22,5.257855930735294,4.0
23,5.297696793893082,1.0
24,5.308688272065923,3.0
25,5.5552409839536425,3.0
26,5.662680026572729,4.0
27,5.7002377841407235,0.0
28,5.731390893111264,3.0
29,5.7580879828537,4.0
30,5.763547497274215,4.0
31,5.931223876974171,0.0
32,6.019016895450823,4.0
33,6.05729636165609,4.0
34,6.202169435002221,3.0
35,6.363579430841704,3.0
36,6.387047630312354,3.0
37,6.629895947037687,4.0
38,6.632917655771832,4.0
39,6.669371633246615,1.0
40,6.76924997897314,3.0
41,6.786941366175127,1.0
42,6.799934760591468,0.0
43,7.093055184396697,3.0
44,7.177367530543245,0.0
45,7.361978833014438,4.0
46,7.469540385748046,4.0
47,7.630191580765783,1.0
48,7.6497712306663805,4.0
49,7.895601516817349,4.0
50,8.078535846336301,4.0
51,8.085259162687658,4.0
52,8.185749754375445,1.0
53,8.317519046934493,3.0
54,8.33846489837221,3.0
55,8.367898692680926,1.0
56,8.42686716748425,4.0
57,8.460769674550225,1.0
58,8.501491967862817,1.0
59,8.579212008651918,0.0
60,8.760913603493755,1.0
61,8.908946228541698,4.0
62,8.973587205305167,3.0
63,8.998280319043204,3.0
64,9.062548187091075,1.0
65,9.224206691302937,4.0
66,9.440162524763679,0.0
67,9.680532626677484,4.0
68,9.761132418796114,4.0
69,9.848161773492153,4.0
70,9.952329590337763,1.0
