,time,event
0,1.2126379588600456,3.0
1,2.4379096909463702,3.0
2,2.513453045797454,3.0
3,2.5170169626220558,3.0
4,2.6281175068478686,3.0
5,2.836255226336506,1.0
6,3.3762356771088546,0.0
7,4.492150856312822,3.0
8,4.6830293852870195,0.0
9,4.7592552771854955,2.0
10,4.787645158052277,3.0
11,4.883511379127646,1.0
12,5.099490842340409,0.0
13,5.17086395733497,1.0
14,5.451194205919638,2.0
15,5.995016775738282,0.0
16,6.253253727700065,3.0
17,7.017213205226458,2.0
18,7.213411803119271,1.0
19,7.219905102532722,4.0
20,7.377469029543783,1.0
21,7.422794767812829,2.0
22,7.598643479094784,3.0
23,7.664323500534104,3.0
24,7.904269514185037,3.0
25,7.971225715025119,0.0
26,8.09898662100847,0.0
27,8.188735549237622,3.0
28,8.618394083729351,0.0
29,9.195607787135271,1.0
30,9.250041029111674,2.0
31,9.30218584975109,2.0
32,9.384338217226672,3.0
33,9.429371872742843,4.0
34,9.440599715377608,3.0
35,9.449696013757341,3.0
36,9.504514597841162,2.0
37,9.636693459131774,1.0
38,9.651001878936931,4.0
39,9.67310629010496,1.0
40,9.691984866653367,2.0
41,9.798282920396908,2.0
42,9.855761184973389,1.0
43,9.864320610731276,3.0
