,time,event
0,0.7804612187798273,0.0
1,2.65550862103658,3.0
2,3.1952124076511765,1.0
3,3.2451823218203995,3.0
4,4.32638899233577,4.0
5,4.42475103987346,3.0
6,4.8997947756952795,3.0
7,5.075892201521251,3.0
8,5.086077609591371,3.0
9,5.297740322778158,0.0
10,5.678959851396873,3.0
11,5.694664189187066,1.0
12,6.985832746746597,3.0
13,7.211073295033181,2.0
14,7.339851706950193,3.0
15,7.383933949313091,3.0
16,7.410443690388268,1.0
17,7.6423154361125185,1.0
18,7.9900629902351294,3.0
19,8.137763580460884,1.0
20,9.322395641967928,1.0
21,9.383075394091318,3.0
22,9.41280511140068,3.0
23,9.428582710765186,3.0
24,9.599085442012528,3.0
25,9.62512335576983,3.0
26,9.892731902314766,1.0
27,9.9289617633466,3.0
28,9.984549873059708,1.0
