,time,event
0,0.21110271659309668,3.0
1,0.5470406208042916,0.0
2,0.702192650663202,0.0
3,0.9613348531836732,3.0
4,1.2015110705531211,2.0
5,1.979451708034954,0.0
6,2.1146093495393066,3.0
7,2.425442653015295,2.0
8,2.532974383062488,2.0
9,2.85421227702401,2.0
10,3.121739230660508,3.0
11,3.2860548693824625,0.0
12,3.5261871589941283,0.0
13,3.5956073730339493,3.0
14,3.606368600343616,4.0
15,3.8141231044882007,0.0
16,4.194405518618987,2.0
17,4.338204087760297,2.0
18,4.372210655417991,1.0
19,4.593735780294432,2.0
20,4.731579147203423,0.0
21,4.953629835499232,0.0
22,5.57961926703698,2.0
23,5.608903083068848,1.0
24,5.611310297137128,1.0
25,5.694497125392429,2.0
26,5.69498856718144,3.0
27,6.00931666653537,2.0
28,6.092984980028051,2.0
29,6.274066614645637,4.0
30,6.296117937452427,1.0
31,6.324020498747661,3.0
32,6.627036967585474,0.0
33,6.690234805264671,0.0
34,6.722663632444959,1.0
35,6.9830208553673225,2.0
36,7.183290776144216,1.0
37,7.240221240752445,3.0
38,7.5502983987020915,3.0
39,7.598885510000023,1.0
40,7.727575590841701,2.0
41,7.7889336692955,2.0
42,7.836389685398392,3.0
43,8.014103132806797,0.0
44,8.05631764539122,1.0
45,8.078547407357615,3.0
46,8.091808435193444,2.0
47,8.098841195048553,2.0
48,8.177535316960856,4.0
49,8.249080562284805,2.0
50,8.323899204130488,0.0
51,8.376364796656969,1.0
52,8.435176462511151,1.0
53,8.630951988922794,3.0
54,8.6760236364323,3.0
55,8.702930604511103,2.0
56,8.780673797571875,1.0
57,9.025278768630024,2.0
58,9.081163657865298,1.0
59,9.098750125705573,4.0
60,9.100755634508099,2.0
61,9.156568104040522,2.0
62,9.187622589179824,4.0
63,9.262926983864702,4.0
64,9.293382468837951,2.0
65,9.479713869383357,4.0
66,9.582531344773917,1.0
67,9.678375533487255,2.0
68,9.816669922083834,3.0
69,9.994617884185274,3.0
