,time,event
0,0.2993304890528788,3.0
1,1.2056649653731082,4.0
2,1.5232147962670761,3.0
3,1.8310105729507802,3.0
4,2.127633054782781,2.0
5,2.2824449884153584,3.0
6,2.292480864631974,0.0
7,2.5192345056411,3.0
8,3.3382400345734995,1.0
9,4.110334530465711,0.0
10,4.207889857511033,3.0
11,4.377822803660651,0.0
12,4.699998483353117,3.0
13,4.865001031287434,0.0
14,5.4079589377642066,0.0
15,5.503714645455848,3.0
16,5.79615473966979,3.0
17,5.910505078930118,3.0
18,6.138797201619034,2.0
19,6.139916460353102,4.0
20,6.276566546970086,2.0
21,6.312523785162736,3.0
22,6.370220381076876,1.0
23,6.510766937020964,2.0
24,6.754640737990161,0.0
25,7.052745819451131,2.0
26,7.120275343799895,0.0
27,7.122051731711422,2.0
28,7.358021761754249,3.0
29,7.3581286083284265,2.0
30,7.372403499453882,3.0
31,7.4225995663303825,2.0
32,7.441165114065687,3.0
33,7.873060712743967,3.0
34,7.968909435957113,3.0
35,8.054060710102716,4.0
36,8.299840238705414,0.0
37,8.339261072413075,4.0
38,8.424089915483286,0.0
39,8.431543370049813,1.0
40,8.573115677131922,4.0
41,8.615188222968598,0.0
42,8.62606884872154,3.0
43,8.648888193224048,3.0
44,8.890199279861756,0.0
45,9.154971664248436,0.0
46,9.186401834292656,2.0
47,9.250989738969665,0.0
48,9.251050238692645,2.0
49,9.390749324033965,0.0
50,9.420974860081209,1.0
51,9.444582765605277,0.0
52,9.481963570277399,4.0
53,9.489361256053574,0.0
54,9.514159458469335,0.0
55,9.550046438825659,0.0
56,9.634772334528114,3.0
57,9.734059364593888,3.0
58,9.90029571018477,3.0
59,9.949941170312112,3.0
