,time,event
0,0.48431475202669544,4.0
1,0.910251210231291,3.0
2,2.4167441941585257,3.0
3,2.844234032193726,3.0
4,3.1444444156811766,2.0
5,3.28906911667278,4.0
6,4.382823448767816,2.0
7,4.548853976168447,4.0
8,4.8417380131373084,2.0
9,4.931088442114801,4.0
10,4.937999158257193,0.0
11,5.024416224059041,3.0
12,5.4911900315341216,4.0
13,5.494528885288659,2.0
14,5.557111374073771,2.0
15,6.199639381057333,1.0
16,6.46030260701313,0.0
17,6.644358806813312,1.0
18,6.856469577136839,1.0
19,6.976984619756392,2.0
20,7.079234768592621,1.0
21,7.229566231693045,2.0
22,7.2586894970938145,2.0
23,7.3168745369473465,2.0
24,7.339417225805802,2.0
25,7.566793528675601,4.0
26,7.718540564303155,4.0
27,7.738030723828,2.0
28,7.749435764476058,4.0
29,8.039494274087595,4.0
30,8.416613339850647,0.0
31,8.418537176481667,1.0
32,8.534508234008555,1.0
33,8.904848692338332,0.0
34,9.046097397471186,4.0
35,9.06413575462099,2.0
36,9.166844007297358,2.0
37,9.290247311051699,4.0
38,9.395340583823513,2.0
39,9.456249262299647,4.0
40,9.473842125664289,2.0
41,9.578833261576529,4.0
42,9.584357823949956,4.0
43,9.61945640137596,1.0
44,9.688558711588804,1.0
