,time,event
0,0.6822118896406277,0.0
1,0.7980373121458051,3.0
2,1.5709898233914847,2.0
3,1.9627708311330505,3.0
4,2.651725689649039,1.0
5,2.726952892568977,2.0
6,2.77733818292177,3.0
7,2.8287636154287537,2.0
8,2.92368654685094,4.0
9,2.9278399957505563,3.0
10,3.0526491160982965,1.0
11,3.0791945201686413,1.0
12,3.152892058477023,4.0
13,3.434917839766597,3.0
14,3.9086126862005273,3.0
15,3.9747272903858297,2.0
16,3.9989270547130022,2.0
17,4.094703814511151,2.0
18,4.336886583435132,3.0
19,4.3591595318888965,4.0
20,4.443456846796593,3.0
21,5.173587686956166,2.0
22,5.343762368892038,3.0
23,5.384071429048404,1.0
24,5.6198450174454235,4.0
25,5.656549898551921,4.0
26,5.712728193775679,0.0
27,6.281998052227658,2.0
28,6.349500952254536,2.0
29,6.428009747399285,0.0
30,6.571281607327865,2.0
31,6.693611108988874,2.0
32,6.818972805659578,4.0
33,6.830230988032012,4.0
34,7.475579674333409,2.0
35,7.511990838657314,3.0
36,7.589435899989587,3.0
37,7.645862136334323,0.0
38,7.6590043359702,3.0
39,7.676465954517223,3.0
40,7.680774022666396,3.0
41,7.962604900543794,0.0
42,7.9711711042885955,3.0
43,8.093004657827457,2.0
44,8.48197211581656,3.0
45,8.526206335639053,3.0
46,8.538627022557467,3.0
47,8.586274421672314,0.0
48,8.61185722664101,3.0
49,8.720209550399973,0.0
50,8.751788861509459,2.0
51,9.102757155683237,3.0
52,9.461936024091711,4.0
53,9.520129520887702,0.0
54,9.694181898111477,1.0
55,9.748244336190018,2.0
56,9.749678565499856,2.0
57,9.818101893149754,1.0
