,time,event
0,0.8101274486997513,0.0
1,0.9554647863837895,3.0
2,1.2558361788940566,0.0
3,1.5499826782195265,1.0
4,1.6783231958346856,4.0
5,2.0194272623757774,3.0
6,2.275164604381344,2.0
7,2.5979657640669824,3.0
8,2.7076083707302336,0.0
9,2.8309364946636815,0.0
10,3.146377691883298,4.0
11,3.408177377196882,0.0
12,3.432131315305507,0.0
13,3.5836527708864794,2.0
14,3.6315923973859303,2.0
15,3.7329361922091024,0.0
16,4.413809522443657,2.0
17,4.476107401347708,3.0
18,4.480004092053313,4.0
19,4.518393191962274,0.0
20,4.6250084014503745,3.0
21,4.731436892285819,4.0
22,5.0543770277811655,0.0
23,5.207617385400208,4.0
24,5.407781988483503,2.0
25,5.724009482190027,2.0
26,5.765953651386463,2.0
27,5.792262921922934,2.0
28,5.966008131756927,4.0
29,6.624075276677455,2.0
30,6.666661172468455,4.0
31,6.702898611551883,0.0
32,6.728687864812284,4.0
33,6.760407694880474,3.0
34,6.792032363887507,2.0
35,6.794059561293076,0.0
36,6.850640667637671,3.0
37,6.949908235992596,2.0
38,6.9622839139801425,3.0
39,7.112949551803038,0.0
40,7.687986141440106,0.0
41,7.769645950314226,2.0
42,7.785790135367767,4.0
43,7.870262088163943,3.0
44,7.894025555961729,4.0
45,8.11024610265072,2.0
46,8.166017655659912,2.0
47,8.170409194736504,4.0
48,8.235295302949,0.0
49,8.841629757390002,4.0
50,8.891280233650559,2.0
51,8.914397407570833,3.0
52,8.92285747463082,4.0
53,9.006879101728257,0.0
54,9.041642639961163,2.0
55,9.062257609120199,0.0
56,9.063359250215738,3.0
57,9.139178676007777,4.0
58,9.139805088954981,4.0
59,9.178196232308522,4.0
60,9.249913309038634,2.0
61,9.259890511166326,2.0
62,9.273373208812794,4.0
63,9.28446192779301,4.0
64,9.374021721275238,4.0
65,9.405633425169112,2.0
66,9.523296996479248,2.0
67,9.66876877977515,4.0
68,9.898419895500592,3.0
69,9.933303268146696,4.0
70,9.987409267918235,2.0
71,9.99057768302099,3.0
