,time,event
0,0.6474342732443257,1.0
1,0.7300929660333741,3.0
2,0.936647839533441,1.0
3,1.216779432933553,1.0
4,1.23101970736817,2.0
5,2.3439976137640834,3.0
6,2.7854592838249097,1.0
7,2.9005865537666904,3.0
8,2.950936043147617,1.0
9,3.0336196272652063,3.0
10,3.089417146020025,1.0
11,3.268507981629959,2.0
12,3.411064900922301,3.0
13,3.6031151539251507,1.0
14,3.6160496409826246,3.0
15,3.6969039182169676,1.0
16,3.91381799927999,3.0
17,4.44331286299525,3.0
18,4.818733811075939,2.0
19,5.046562951945763,1.0
20,5.17411552182029,0.0
21,5.332294599870013,1.0
22,5.399617647431643,0.0
23,5.471618929713362,3.0
24,5.534233564507293,1.0
25,5.576722269188014,1.0
26,5.611485556914061,0.0
27,5.640751728269412,4.0
28,5.697423390635319,1.0
29,5.787436875925901,1.0
30,5.797627318374523,1.0
31,5.961793518690004,1.0
32,6.045856653377125,0.0
33,6.065190589563041,1.0
34,6.436028910909212,1.0
35,6.456591655402171,2.0
36,7.122644768644424,1.0
37,7.143994628010844,1.0
38,7.244550450500446,2.0
39,7.444180419883264,2.0
40,7.46921070022942,1.0
41,7.533261793087772,0.0
42,7.629956397332945,1.0
43,7.681127699367204,1.0
44,7.7780524911430815,0.0
45,7.855845858028754,1.0
46,7.956070053561861,1.0
47,8.06298622312054,1.0
48,8.080629696345655,1.0
49,8.096204788008436,1.0
50,8.130648406876873,1.0
51,8.185541879167435,1.0
52,8.238968870785708,0.0
53,8.350461710276488,1.0
54,8.3641753477094,1.0
55,8.402501040638722,0.0
56,8.482125768129373,0.0
57,8.518324655500205,1.0
58,9.093233888331492,2.0
59,9.181917568653052,1.0
60,9.2218997720761,4.0
61,9.503507324027554,1.0
62,9.534205048772966,1.0
63,9.534629296216885,1.0
64,9.72169873115387,2.0
