,time,event
0,0.037704472669762304,0.0
1,0.16931983351754146,3.0
2,1.4636855519514869,2.0
3,1.569295592610023,2.0
4,1.7393194852324387,3.0
5,2.40957946762091,0.0
6,2.5885875944169516,3.0
7,3.0236400294610593,3.0
8,4.0267098659661995,0.0
9,4.5515744735796675,3.0
10,4.6783249667806395,4.0
11,5.4942217582136745,3.0
12,5.701407041298881,3.0
13,5.899021375958822,0.0
14,5.91452262581167,3.0
15,6.027870659462295,1.0
16,6.317618949392358,0.0
17,6.941693287816479,3.0
18,6.964224765045135,3.0
19,7.16207537185241,3.0
20,8.001637829718044,3.0
21,8.204060713137338,0.0
22,8.275968811065686,3.0
23,8.689140554161522,3.0
24,8.740990704774301,4.0
25,8.90010130956155,3.0
26,9.79664428882601,2.0
