,time,event
0,0.6415175168018583,3.0
1,1.7967452752315172,2.0
2,2.204125948780345,2.0
3,2.311671307300771,3.0
4,2.846282632470114,1.0
5,3.849513901150885,4.0
6,4.146779936800961,2.0
7,4.275747781757081,3.0
8,4.337010506923424,3.0
9,4.361795337390534,0.0
10,4.544369184914916,3.0
11,4.667473782211956,0.0
12,4.979659502500429,3.0
13,5.064855989917275,0.0
14,5.162077853997891,1.0
15,5.191167503614495,0.0
16,5.4778672686222425,3.0
17,5.891531945339009,3.0
18,6.230642744653318,2.0
19,6.529686913072052,2.0
20,6.64162294122468,3.0
21,6.721065748154715,2.0
22,6.7808390842708235,1.0
23,7.030637415483703,3.0
24,7.129556954912412,0.0
25,7.1345227158792905,3.0
26,7.218778006317412,3.0
27,7.413407718495067,1.0
28,7.523236501442125,0.0
29,7.576775432430204,4.0
30,7.651534154935515,1.0
31,7.911900963503382,2.0
32,8.048446715322333,3.0
33,8.403356075352324,3.0
34,8.774075732052903,2.0
35,8.882897107158653,3.0
36,8.939171658819353,2.0
37,8.944436710677289,4.0
38,9.00711933042799,0.0
39,9.417342169182108,2.0
40,9.48099882831621,2.0
41,9.593321455224174,3.0
42,9.649018174605766,1.0
43,9.899512240206608,2.0
44,9.917585136636353,4.0
45,9.919700090277207,0.0
