,time,event
0,0.42765706597029884,0.0
1,0.671356295297347,3.0
2,0.684284814577529,0.0
3,1.9933760715254731,0.0
4,2.1580787756085806,0.0
5,2.4645031604292083,3.0
6,2.715746741033049,1.0
7,2.946089014070387,2.0
8,3.011792037866546,3.0
9,3.0714666407481968,2.0
10,3.251885322434744,3.0
11,3.2783105930810934,3.0
12,3.668353232471229,2.0
13,3.726038497075659,3.0
14,3.9445052212258642,3.0
15,4.28304467743956,4.0
16,4.640393162029872,1.0
17,4.670995296114192,3.0
18,4.904608748019564,3.0
19,4.928256384348403,2.0
20,5.310208284217509,2.0
21,5.437793960130713,2.0
22,5.441620931679102,3.0
23,5.4555070260207765,3.0
24,5.512591615627531,1.0
25,5.584332567470767,3.0
26,5.652981190500625,1.0
27,5.803717937604355,1.0
28,5.838401757349352,1.0
29,5.874246847498296,4.0
30,5.881147948580351,2.0
31,5.909870439679938,1.0
32,5.922010604353563,2.0
33,5.973801288151927,4.0
34,6.051162715554165,2.0
35,6.053342219825931,2.0
36,6.106775117873919,2.0
37,6.267212560650535,2.0
38,6.274470296366818,3.0
39,6.292091158583402,3.0
40,6.424912780198771,1.0
41,6.923463264436035,1.0
42,7.013154418748063,1.0
43,7.091366804631644,0.0
44,7.544489283148479,3.0
45,7.6627316233324585,1.0
46,7.699042249237193,1.0
47,7.785936804808664,1.0
48,7.870729784518184,4.0
49,7.939183580036424,1.0
50,7.954459057279337,2.0
51,8.06380326418334,4.0
52,8.105734148498222,2.0
53,8.224111599776114,4.0
54,8.236344924073775,0.0
55,8.238800254348408,4.0
56,8.246165172309833,1.0
57,8.258882827521127,4.0
58,8.280201622408228,3.0
59,8.282345375480434,2.0
60,8.337555658411791,0.0
61,8.350698937882887,1.0
62,8.361534014293682,1.0
63,8.4550670493713,2.0
64,8.540986095332562,3.0
65,8.58061049362409,2.0
66,8.58391556210408,1.0
67,8.59919533713868,2.0
68,8.599640351215012,2.0
69,8.693608740170161,1.0
70,8.711541971960271,4.0
71,8.816774374333704,4.0
72,9.013699797550693,0.0
73,9.108818006090893,1.0
74,9.289742962348116,0.0
75,9.380169994315871,4.0
76,9.480589890261005,1.0
77,9.567711954575092,3.0
78,9.800861324818023,1.0
79,9.814320417054855,1.0
80,9.986828233156814,1.0
