,time,event
0,0.05270439859592492,2.0
1,0.13350202762400482,4.0
2,0.32446364260551275,2.0
3,0.924667191697113,4.0
4,1.2237838732451056,1.0
5,1.247194560894798,4.0
6,1.563508333389759,2.0
7,1.650175994545054,3.0
8,1.9118089994581882,0.0
9,2.1349387699610682,4.0
10,2.7005902825241384,4.0
11,2.706972272629497,3.0
12,3.5061474027131796,2.0
13,3.5692902754459293,0.0
14,3.5863162729482,2.0
15,3.6756964873504843,1.0
16,4.133505905452576,0.0
17,4.134266533799171,2.0
18,4.851209188299932,2.0
19,5.715020898274455,0.0
20,5.828259171912702,3.0
21,6.005532270137395,2.0
22,6.0261698362203795,2.0
23,6.058382100228042,0.0
24,6.153047042706117,3.0
25,6.500560307945883,3.0
26,6.9586351682169365,1.0
27,7.68833710716874,2.0
28,7.9424833851302985,2.0
29,7.987322624105297,3.0
30,8.051421607640133,0.0
31,8.07895805559093,0.0
32,8.14571363048073,1.0
33,8.299291253734127,3.0
34,8.391374227526327,2.0
35,8.50869071983907,2.0
36,8.975120638589408,3.0
37,9.103730648828837,2.0
38,9.209641287779087,3.0
39,9.811600965469442,3.0
40,9.91661662856294,4.0
41,9.999945220125124,0.0
