,time,event
0,0.0039172296219475225,3.0
1,0.0040570055761874925,2.0
2,0.8179662178729479,2.0
3,1.0029829492943398,1.0
4,1.119404703593379,2.0
5,1.4087830411577127,4.0
6,1.516824410964008,2.0
7,1.9154951138946401,1.0
8,2.0524023701611758,2.0
9,2.281154882774673,4.0
10,2.409420827743474,1.0
11,2.43621265677653,2.0
12,2.595571679745059,1.0
13,2.7314720498080525,2.0
14,2.8642443988429687,1.0
15,3.411069693620034,3.0
16,3.57659415583552,3.0
17,3.5991901981124244,4.0
18,3.633376187060027,1.0
19,3.9359959737956367,3.0
20,4.111915454644944,2.0
21,4.5261574701720235,3.0
22,4.603793200147438,1.0
23,4.621130959309943,4.0
24,4.655885294116731,1.0
25,4.660645491948289,3.0
26,4.664726034712556,1.0
27,4.674781088111803,1.0
28,4.811275203854076,1.0
29,5.005333122935449,1.0
30,5.0543710738500724,4.0
31,5.090737628440327,4.0
32,5.124373384752507,1.0
33,5.5407545867716435,3.0
34,5.941654984081033,0.0
35,6.0615830843990866,3.0
36,6.230806637025395,4.0
37,6.287875124040238,3.0
38,6.4344473459484535,0.0
39,6.659612081869033,2.0
40,6.943548425382508,1.0
41,6.970989987524432,1.0
42,7.016615596755512,3.0
43,7.056761434600484,1.0
44,7.07418405736048,3.0
45,7.07938340792242,2.0
46,7.118761850957531,1.0
47,7.199355490398278,2.0
48,7.433672488759372,0.0
49,7.552966161345142,3.0
50,7.561123671208243,1.0
51,7.5624432457632516,3.0
52,7.716544077346304,1.0
53,7.7214226263365955,1.0
54,8.020644878653329,1.0
55,8.64915577500607,1.0
56,8.90018912035279,1.0
57,8.999446715027036,1.0
58,9.12997249702188,3.0
59,9.279815800268516,1.0
60,9.372780768263985,1.0
61,9.40512410699339,4.0
62,9.420750431922364,1.0
63,9.444583157816693,1.0
64,9.837469929185014,2.0
65,9.884631547599016,1.0
66,9.890672759780216,1.0
67,9.979930249894327,1.0
