,time,event
0,0.35646815224101236,4.0
1,1.4200944082050082,3.0
2,2.2070043442788543,4.0
3,2.2773138645278226,0.0
4,2.622268579251722,2.0
5,2.776813791890155,2.0
6,2.9051865657943803,1.0
7,3.014235410776101,1.0
8,3.064249070785703,3.0
9,3.1192091728537257,4.0
10,3.2681097037396856,2.0
11,3.3359643116709212,3.0
12,3.390316024583977,4.0
13,3.9612800262857877,2.0
14,4.099873608197742,3.0
15,4.104081971647049,2.0
16,4.716736770964225,0.0
17,4.737764396467371,4.0
18,5.152012619137124,0.0
19,5.156258614748487,2.0
20,5.216865454100128,4.0
21,5.223881577317454,2.0
22,5.294927615794728,0.0
23,5.34137715545333,3.0
24,5.342345132432609,3.0
25,5.374321391090753,2.0
26,5.393205923971796,3.0
27,5.411355055260138,0.0
28,5.452471792579313,1.0
29,5.525563125648656,4.0
30,5.5542742418948725,0.0
31,6.073578638125095,4.0
32,6.113088838898549,4.0
33,6.21977977335604,1.0
34,6.309724519869236,2.0
35,6.5953900475516205,0.0
36,6.84162255030626,1.0
37,6.977037090748826,2.0
38,7.3031912525996106,0.0
39,7.307861742713796,2.0
40,7.375904556690974,0.0
41,7.4748856052944,2.0
42,7.496157793753633,2.0
43,7.510304714560767,4.0
44,7.518705151640506,2.0
45,7.526165872997743,2.0
46,7.592390402871264,2.0
47,7.60449481497805,2.0
48,7.61874854169824,3.0
49,7.6714915048606915,2.0
50,7.686165144127681,2.0
51,7.697541404435681,3.0
52,7.704118439028493,2.0
53,7.746440380977866,3.0
54,7.760368999894531,0.0
55,7.823127828857136,0.0
56,7.850002180988529,2.0
57,7.887875434524508,2.0
58,7.9512385417300475,3.0
59,8.41465617372714,0.0
60,9.128994082947113,3.0
61,9.209397487350506,2.0
62,9.395625645480582,4.0
63,9.520687781390151,0.0
64,9.522572683975875,2.0
65,9.537134289126577,2.0
66,9.559827556954893,4.0
67,9.674662057077843,2.0
68,9.700079981664123,0.0
69,9.715981870628333,2.0
70,9.720505347728484,0.0
71,9.73579168404688,4.0
72,9.741388760119852,4.0
73,9.768572150309256,0.0
74,9.769197490269155,0.0
75,9.78807296891282,2.0
76,9.805877519336473,4.0
77,9.818131313954602,0.0
78,9.820412641637388,0.0
79,9.865578929896717,0.0
80,9.892205780835148,2.0
81,9.894327169582759,0.0
82,9.897648835390608,2.0
83,9.907942224794157,4.0
84,9.920103716679696,0.0
85,9.941753769870612,4.0
86,9.954339322785772,2.0
87,9.96954943148196,2.0
