,time,event
0,1.1250510883859088,0.0
1,1.6533993465334915,2.0
2,1.6772550153012626,4.0
3,2.1542997587804193,2.0
4,3.6096800585034856,3.0
5,3.9713667092220475,4.0
6,4.474355078652052,4.0
7,4.648248489106106,4.0
8,4.989511467321292,3.0
9,5.281656595480273,3.0
10,5.706666945258408,0.0
11,5.802575753067763,3.0
12,5.819466437851819,2.0
13,5.968589807287783,2.0
14,6.054262302286465,0.0
15,6.106939403936422,2.0
16,6.263474926431867,2.0
17,6.304849287037869,2.0
18,6.696789537661028,4.0
19,6.921002549394753,0.0
20,6.9911080437445055,2.0
21,7.061456853651598,2.0
22,7.141312810264842,0.0
23,7.3223750434151675,1.0
24,7.525101106907114,4.0
25,7.588011740676455,3.0
26,7.824363460848082,3.0
27,8.05896665723005,2.0
28,8.06946444583638,1.0
29,8.08699629920737,2.0
30,8.112710024685493,1.0
31,8.128290149852784,4.0
32,8.136737566349304,2.0
33,8.139615199799405,2.0
34,8.147296089701394,4.0
35,8.187887852229116,1.0
36,8.351550117568605,4.0
37,8.55893978109459,4.0
38,8.593467353369858,1.0
39,8.665156139738489,4.0
40,8.694765464930565,1.0
41,9.012161881088103,4.0
42,9.073052187858357,4.0
43,9.196416878210702,2.0
44,9.405266538497266,4.0
45,9.692756553327015,0.0
46,9.884512678648424,0.0
