,time,event
0,0.28171960965359016,3.0
1,0.713736566726945,3.0
2,0.7268583306984524,4.0
3,0.9315317645347305,3.0
4,1.0447755265898029,3.0
5,1.095031124945966,4.0
6,1.6682674517038538,2.0
7,1.7030199313403536,4.0
8,1.9799472815689663,0.0
9,1.983974795091247,3.0
10,2.32188695929843,0.0
11,2.5060244160308645,4.0
12,2.5091464820005496,0.0
13,2.6426266439208366,3.0
14,3.0572044188419527,4.0
15,3.0997578629829023,3.0
16,3.1409016016164095,3.0
17,3.1535676600100633,4.0
18,3.210289084126239,3.0
19,3.2217568833687142,4.0
20,3.323757410237397,4.0
21,3.3908019561000518,4.0
22,3.5345046857547042,4.0
23,3.9373084681179313,4.0
24,4.195261575204945,4.0
25,4.318235048894419,3.0
26,4.346156564645972,3.0
27,4.422102439974295,4.0
28,4.456912999432264,0.0
29,4.486302288980975,4.0
30,4.607817609579393,3.0
31,4.621889208528407,4.0
32,4.817456548561046,2.0
33,4.833768086256717,3.0
34,5.015676341658432,4.0
35,5.2712352237935765,0.0
36,5.350796986165503,3.0
37,5.462199439415024,4.0
38,5.464336913784943,4.0
39,5.5417232575181945,3.0
40,5.696283141203817,4.0
41,5.784775795025171,2.0
42,6.083366087567338,4.0
43,6.3988158777830755,3.0
44,6.441666659093303,2.0
45,6.51082962399388,4.0
46,6.727829631731425,0.0
47,6.754593628981128,3.0
48,6.779503077363092,4.0
49,6.949849054061016,4.0
50,6.99716847749938,4.0
51,7.02703256758299,4.0
52,7.066202795535471,3.0
53,7.068485766357544,4.0
54,7.241433859769084,2.0
55,7.286908971101551,0.0
56,7.332793402524142,0.0
57,7.368277766251599,1.0
58,7.669701855605361,3.0
59,7.778966273461156,4.0
60,7.800996647204592,4.0
61,7.874416837949556,4.0
62,7.923385630239516,0.0
63,7.99689512713911,0.0
64,8.1913785366907,4.0
65,8.209065552058242,4.0
66,8.2813933299271,0.0
67,8.480563357066442,4.0
68,8.54866708001756,0.0
69,8.594477546467502,4.0
70,8.608249892003005,4.0
71,8.78677343945364,3.0
72,8.823810172209981,4.0
73,8.849958128584309,2.0
74,9.15915659789999,4.0
75,9.212341729556163,4.0
76,9.29490216131384,0.0
77,9.350741631853648,2.0
78,9.354625544203493,2.0
79,9.365965013615327,4.0
80,9.37661445042379,4.0
81,9.414332532610098,0.0
82,9.428080925810775,0.0
83,9.432268148665074,4.0
84,9.44112748632417,4.0
85,9.451434955756726,1.0
86,9.45624917948997,4.0
87,9.470878842157514,4.0
88,9.47524864683707,4.0
89,9.481294218729488,1.0
90,9.484143462659908,4.0
91,9.508467828001294,2.0
92,9.53678109961617,0.0
93,9.559855108313302,4.0
94,9.681598442478931,0.0
95,9.728377911003715,1.0
96,9.75151674807891,1.0
97,9.815571367177316,4.0
98,9.948642203346354,4.0
