,time,event
0,0.04946677086882722,2.0
1,0.6731386994675819,2.0
2,0.7953397676028816,2.0
3,1.792633399769333,2.0
4,2.2608426204221623,2.0
5,2.953247985447282,2.0
6,3.048992651657893,3.0
7,3.2218906051294995,3.0
8,3.415270207543595,0.0
9,4.372378304125923,3.0
10,4.6864318589665634,2.0
11,4.838411459816246,0.0
12,4.867770670768975,2.0
13,5.116718457707761,2.0
14,5.190258546825984,3.0
15,5.325784167756662,2.0
16,5.4908678952575265,4.0
17,5.537847348021016,1.0
18,5.547299970294491,1.0
19,5.548256442135226,3.0
20,5.654110573215592,4.0
21,5.697290636279227,4.0
22,6.340599558484405,1.0
23,6.445978906123743,2.0
24,6.475446562513646,3.0
25,6.477092018542812,4.0
26,6.5721519226282865,1.0
27,6.87862853595395,3.0
28,6.935690475043344,4.0
29,7.135624526442431,3.0
30,7.233962413890715,3.0
31,7.277994317243322,2.0
32,7.348890302484487,3.0
33,7.362202894147913,3.0
34,7.401230684683689,2.0
35,7.597654355838303,1.0
36,7.630210416629127,3.0
37,7.725532331422169,4.0
38,7.733970658897439,1.0
39,7.744812854339293,3.0
40,7.778805493633866,4.0
41,7.797930466131048,0.0
42,7.800164260976645,4.0
43,7.948452217041699,4.0
44,7.955366572986907,0.0
45,7.982666296994658,2.0
46,8.351392634800412,4.0
47,8.520587915086361,2.0
48,8.622148929520776,4.0
49,8.689251030858953,4.0
50,8.726941689865138,1.0
51,8.744981228088257,2.0
52,8.759691967760103,4.0
53,8.781856590165967,0.0
54,8.802547362890985,3.0
55,8.818143693076529,0.0
56,9.000377586758884,1.0
57,9.325363495238761,4.0
58,9.366319947023815,0.0
59,9.375175388280775,3.0
60,9.396930916971362,4.0
61,9.459217386588545,4.0
62,9.514426466543236,3.0
63,9.63910613196969,2.0
64,9.653806341769952,4.0
65,9.65915059521698,1.0
66,9.686181109714243,2.0
67,9.702424329537562,2.0
68,9.766136356334174,4.0
69,9.782321948913921,2.0
70,9.826898275106096,1.0
71,9.83476849933333,2.0
72,9.852051396075712,3.0
73,9.944345354611508,1.0
74,9.954381784039382,3.0
75,9.978972326816587,4.0
76,9.994152033015958,4.0
