,time,event
0,1.0260811100111977,2.0
1,1.3886664901369796,1.0
2,2.0365690305044555,0.0
3,2.5621582648763215,4.0
4,2.925768182670257,3.0
5,2.973734865497609,2.0
6,3.025195455757813,2.0
7,3.230661026603355,4.0
8,3.3955979959124103,4.0
9,3.496574445804076,2.0
10,3.604000551449763,3.0
11,3.608169048686552,2.0
12,3.6985349666070655,4.0
13,4.2081186235790975,3.0
14,4.4743002647982255,2.0
15,4.497669224030071,4.0
16,4.7311688409348776,4.0
17,4.828535394272238,0.0
18,4.882877216543251,4.0
19,4.989492159510966,4.0
20,5.326890058091798,4.0
21,5.378249472609596,2.0
22,5.392293704634654,0.0
23,5.586618500680325,0.0
24,5.769252883507681,0.0
25,5.791224343793693,4.0
26,5.815270054666848,1.0
27,5.863635907614983,2.0
28,6.413778874766337,4.0
29,6.425927286812127,4.0
30,6.802609247279032,4.0
31,6.894415719432752,4.0
32,6.911409773802708,3.0
33,6.983780316936402,3.0
34,6.989015009223338,2.0
35,7.544009240117543,4.0
36,7.693657591223435,4.0
37,8.01054246145454,4.0
38,8.041805578860219,1.0
39,8.105391821634997,4.0
40,8.221782401049662,4.0
41,8.355447130905537,0.0
42,8.525900907002372,4.0
43,8.561515295081266,4.0
44,8.574196093328707,4.0
45,8.61356883201393,4.0
46,9.097464358372003,0.0
47,9.153403225889516,4.0
48,9.183858898539501,4.0
49,9.187964398628926,1.0
50,9.191253305392983,4.0
51,9.239973925086446,4.0
52,9.322000586912814,2.0
53,9.36848017394559,4.0
54,9.383549168368848,2.0
55,9.42892948076895,4.0
56,9.541974129035017,3.0
57,9.63489101640353,3.0
58,9.906899662455134,4.0
