,time,event
0,0.2655789164984834,3.0
1,0.27732150458670474,3.0
2,0.5627687868515285,0.0
3,0.6946253433339958,3.0
4,1.0631384679639257,0.0
5,1.1705699471485926,3.0
6,2.1916307856284885,2.0
7,2.772211279210072,3.0
8,2.9594863772362974,3.0
9,3.3105751947526425,3.0
10,3.3999121528500234,0.0
11,3.8651664807645845,2.0
12,4.489086194955225,3.0
13,4.641989710192799,2.0
14,5.102301183742471,4.0
15,5.369453915068655,0.0
16,5.41651160082224,3.0
17,5.529351834811732,3.0
18,5.5475113176008435,3.0
19,5.635965097830706,0.0
20,5.638553588796094,3.0
21,5.639481867128755,2.0
22,6.260706378765589,3.0
23,6.328076420895607,3.0
24,6.67794368829963,3.0
25,6.814477087662313,3.0
26,7.069419165409167,3.0
27,7.125489023986171,3.0
28,7.562868124990155,3.0
29,7.584118483479083,3.0
30,7.686103554292373,3.0
31,7.703637509672348,3.0
32,7.76047036425423,2.0
33,7.782212076122387,2.0
34,7.792355879091712,3.0
35,7.9217363037471955,3.0
36,8.019763713534738,0.0
37,8.023144588040918,0.0
38,8.062829337183405,3.0
39,8.071950608559813,3.0
40,8.118890084330596,3.0
41,8.122773570564048,2.0
42,8.651838325144196,3.0
43,8.904806644535793,4.0
44,9.019512263653775,3.0
45,9.094321021927444,2.0
46,9.162059058379523,3.0
47,9.32756800220131,3.0
48,9.38438492711981,3.0
49,9.890668684210837,0.0
50,9.892366368523263,3.0
51,9.952632260490262,3.0
