,time,event
0,0.09657461924463631,2.0
1,1.2072067495515852,0.0
2,1.2399633360416307,2.0
3,2.430980121472153,1.0
4,3.0928353278815512,2.0
5,3.1235244887605966,0.0
6,3.3166396257222823,1.0
7,3.334024326345564,1.0
8,3.454950499053558,4.0
9,3.5201400100868105,3.0
10,3.8858441635028735,3.0
11,4.179821656535104,3.0
12,4.671901762472714,3.0
13,4.888481412418209,4.0
14,5.730463787931896,4.0
15,5.740825063394675,2.0
16,5.783599303429165,2.0
17,5.91337743328908,1.0
18,5.937592125916159,1.0
19,5.996772732252306,4.0
20,6.110278661479177,4.0
21,6.361560666142568,1.0
22,6.683658544532639,2.0
23,7.0110520428626835,3.0
24,7.055420673304821,2.0
25,7.1564971548715794,4.0
26,7.257637507412794,2.0
27,7.38254827122925,2.0
28,7.750447079900065,3.0
29,7.85784142173186,3.0
30,8.183730194557725,1.0
31,8.294425954863943,2.0
32,8.339053476504303,1.0
33,8.376749809849718,3.0
34,8.440495798476784,3.0
35,8.466393065496979,1.0
36,8.527963551151588,1.0
37,8.566809731356384,1.0
38,8.98145299397106,4.0
39,9.302016367379341,2.0
40,9.460499488109294,3.0
41,9.500385657036068,3.0
42,9.586978934455376,3.0
43,9.81966518568891,2.0
44,9.960518256755313,4.0
