,time,event
0,0.042713048363802124,3.0
1,3.0758922637190307,4.0
2,3.510303469937223,2.0
3,4.481231397543015,3.0
4,4.710039533808324,0.0
5,4.744538164039134,2.0
6,4.946544498035764,2.0
7,5.507443225498679,1.0
8,5.5127589205570935,1.0
9,5.856503116783254,2.0
10,6.01201450831773,0.0
11,6.08610102868111,2.0
12,6.253688010165342,2.0
13,6.691468551369536,3.0
14,7.0051627920217,4.0
15,7.009905611411517,0.0
16,7.02860696661811,4.0
17,7.644765795791211,3.0
18,7.923962813429316,0.0
19,8.055924255247971,3.0
20,8.061777573986028,3.0
21,8.24160492649462,2.0
22,8.284990673412487,3.0
23,8.29245152213109,4.0
24,8.29819263256155,2.0
25,8.306132087233854,2.0
26,8.628764434550526,3.0
27,8.795276513136113,2.0
28,8.934413642375622,0.0
29,9.22278740350731,1.0
30,9.31753273371758,2.0
