,time,event
0,2.1918382701183754,0.0
1,3.116907816183068,2.0
2,3.3397363305434236,0.0
3,3.6073853521313004,2.0
4,3.818190737736293,1.0
5,3.9138908022313945,0.0
6,4.118636994336365,0.0
7,4.525892597178144,2.0
8,5.320380425380306,4.0
9,5.451194870129914,3.0
10,5.568831451216534,2.0
11,5.909072849220326,4.0
12,6.010768669524595,3.0
13,6.230675249233754,4.0
14,6.302491621573376,1.0
15,6.466318623081843,2.0
16,7.391641246488472,3.0
17,7.397556522113255,2.0
18,7.656778684743486,3.0
19,7.671444773249605,1.0
20,7.74165378744249,1.0
21,8.256982825012525,2.0
22,8.460343580422903,0.0
23,8.494744151348682,1.0
24,8.504480652010844,2.0
25,8.577189736459088,1.0
26,8.63575507131865,2.0
27,8.662498691506379,1.0
28,8.66637421508651,0.0
29,9.272253142294568,3.0
30,9.329017413072618,3.0
31,9.721459920617217,2.0
32,9.864661904357245,2.0
33,9.962796264548878,3.0
