,time,event
0,0.8245599964278655,2.0
1,0.9307103652314136,3.0
2,2.2083422165187407,2.0
3,2.459990439574467,3.0
4,2.6966059463502594,4.0
5,2.9236727372073426,3.0
6,3.263388628497646,0.0
7,3.8692313035568633,0.0
8,4.01225994582158,2.0
9,4.039439659233443,0.0
10,4.2223244456415046,3.0
11,4.589943592530367,3.0
12,4.608789249010429,0.0
13,4.682054474707847,0.0
14,4.7728687540866135,2.0
15,4.929194351925974,3.0
16,4.999355876402742,3.0
17,5.34326981437884,2.0
18,5.408604615485533,3.0
19,5.435888284140344,3.0
20,5.442653714359516,3.0
21,5.650442606539033,3.0
22,5.705256263179393,2.0
23,5.750795517572478,2.0
24,5.765008265511808,2.0
25,5.956459518185317,2.0
26,6.1470468941274135,4.0
27,6.222207799797598,3.0
28,6.410680589763975,0.0
29,6.452334289112308,2.0
30,6.456031406349062,3.0
31,6.696253038601335,3.0
32,7.351719356543604,4.0
33,7.432186061950827,3.0
34,7.477385474831357,3.0
35,7.5166066951361525,4.0
36,7.521548651353779,3.0
37,7.59634402780587,4.0
38,7.713636440417099,3.0
39,7.8094707836628094,3.0
40,7.830166063043465,3.0
41,7.877912665972377,0.0
42,7.882477159002971,3.0
43,7.902356083134345,0.0
44,7.989909998766969,4.0
45,8.136191654618946,2.0
46,8.183034383865504,0.0
47,8.184087597579625,3.0
48,8.303473348970018,2.0
49,8.328228369822297,3.0
50,8.448161839879091,3.0
51,8.50631473131959,3.0
52,8.854438837667233,0.0
53,8.901131604384233,3.0
54,8.932811778914227,3.0
55,8.95424511356371,0.0
56,9.492118173093758,2.0
57,9.663131920080396,3.0
58,9.780086257202543,3.0
59,9.85941687938724,0.0
60,9.871161867244219,2.0
61,9.937361178046329,2.0
62,9.94536043156939,0.0
63,9.960266732512224,3.0
64,9.981282857091882,0.0
65,9.991311262119453,3.0
