,time,event
0,0.57385088947605,3.0
1,1.2667937999055878,2.0
2,2.1795038614145628,2.0
3,2.224555398506722,2.0
4,2.35022454867137,3.0
5,2.5928640490246053,1.0
6,2.71625365430024,1.0
7,2.90179209561953,3.0
8,3.015603521687666,4.0
9,3.044747905652969,2.0
10,3.317755441050222,0.0
11,3.3204627840643033,4.0
12,3.537973931666397,0.0
13,4.188837246261692,3.0
14,4.669533984787095,1.0
15,4.701317677727435,2.0
16,4.841129311237901,2.0
17,4.882252541471185,0.0
18,4.896046524759949,1.0
19,5.050961498456521,0.0
20,5.187543214380296,4.0
21,5.311606491060553,3.0
22,5.346528892061045,1.0
23,5.415542065892505,0.0
24,5.506854594547597,0.0
25,5.575142452182482,2.0
26,5.583472260779283,3.0
27,5.771588984417027,3.0
28,5.780105921275001,3.0
29,6.0512369275670865,2.0
30,6.200808156187339,3.0
31,6.2444208451363705,3.0
32,6.569397270002415,3.0
33,6.742445853495311,0.0
34,6.7712264497594,0.0
35,6.897044057848447,2.0
36,7.013276851669265,0.0
37,7.08345241823205,0.0
38,7.105521295758969,2.0
39,7.133080120492576,0.0
40,7.159413888097439,1.0
41,7.298656539723145,0.0
42,7.371152043060887,4.0
43,7.593976951237663,2.0
44,7.825056608277599,2.0
45,7.905017444820267,3.0
46,7.980385338276663,3.0
47,7.987254552384571,2.0
48,7.993233695471604,1.0
49,8.013289199120733,4.0
50,8.084938028072937,2.0
51,8.116704381951898,2.0
52,8.623895020416855,3.0
53,8.789210172288707,3.0
54,8.793330511319297,4.0
55,8.844895678534822,2.0
56,8.86022235177671,3.0
57,8.89045958179623,0.0
58,9.035495507045125,2.0
59,9.037798193266072,2.0
60,9.128653915648863,1.0
61,9.129136205437828,3.0
62,9.19381935453217,1.0
63,9.247923004570385,0.0
64,9.296519278219382,3.0
65,9.360858720283913,0.0
66,9.473287844070125,3.0
67,9.486732352593135,3.0
68,9.490131951586017,0.0
69,9.538916606336967,0.0
70,9.559474581244354,1.0
71,9.559535403621625,1.0
72,9.613510904730964,1.0
73,9.626493847352501,2.0
74,9.651568733237768,3.0
75,9.688919777314315,1.0
76,9.717016122524047,3.0
77,9.749332357007482,4.0
78,9.93190804044419,1.0
