,time,event
0,0.9011747681103857,1.0
1,1.8097900615996232,2.0
2,2.0329963446345025,4.0
3,2.5190312776532253,3.0
4,2.6338730170256133,2.0
5,3.240035442708569,3.0
6,3.5825381681889974,2.0
7,3.6442222911033246,0.0
8,3.9801171506370507,4.0
9,3.995904093119048,4.0
10,4.307644861888641,2.0
11,4.402407139215606,1.0
12,4.446090852879898,3.0
13,4.4478416525195,4.0
14,4.527875652459278,1.0
15,4.53459863891181,2.0
16,4.741155834630458,3.0
17,4.763773194820157,3.0
18,4.767108854568156,4.0
19,4.816439670584037,4.0
20,4.860684930538747,3.0
21,4.989908498783433,0.0
22,5.124114907240553,0.0
23,5.395283056689428,0.0
24,5.400446668532477,0.0
25,5.445766115941398,3.0
26,5.544889082378393,2.0
27,5.680551645283689,2.0
28,5.691354303944219,3.0
29,5.939688324909386,2.0
30,6.090042892452828,1.0
31,6.211249021303818,2.0
32,6.260966363606532,4.0
33,6.304690282992418,1.0
34,6.361821526517985,1.0
35,6.479956981794328,4.0
36,6.714800508666623,0.0
37,6.752757998295672,3.0
38,6.763861446615087,1.0
39,6.8217719683207125,1.0
40,6.843447150184061,1.0
41,6.849322129447227,0.0
42,6.849866408918793,1.0
43,6.857557703184243,0.0
44,6.873672768478806,0.0
45,6.91745156165684,1.0
46,6.925499325391134,3.0
47,6.930770939422932,3.0
48,6.954787453912093,3.0
49,6.989983069933373,3.0
50,7.033580820454372,4.0
51,7.045068693149713,1.0
52,7.076757491925301,3.0
53,7.123359057325822,0.0
54,7.161299872199315,3.0
55,7.250132329393139,0.0
56,7.262854697268277,4.0
57,7.3881544621255175,3.0
58,7.4118393264120686,3.0
59,7.433562691497702,3.0
60,7.766963317810314,1.0
61,7.998561621631349,2.0
62,8.226377964706463,4.0
63,8.55185505834961,3.0
64,8.706897687311912,1.0
65,8.80972697189025,3.0
66,8.840819126070665,1.0
67,8.893804574417311,1.0
68,8.89917583724372,2.0
69,8.90415963636277,0.0
70,8.913291549004157,1.0
71,8.914540234989147,1.0
72,8.9335473065147,3.0
73,9.01648570737108,0.0
74,9.02028935043876,1.0
75,9.07368366190777,3.0
76,9.157563830794295,3.0
77,9.166880227341355,0.0
78,9.232812325426078,0.0
79,9.297745192382388,0.0
80,9.299734528667523,0.0
81,9.31484691155437,0.0
82,9.334907876407886,1.0
83,9.350694264744806,3.0
84,9.405040799756343,1.0
85,9.427632493767277,3.0
86,9.43323096999223,0.0
87,9.470019368283548,3.0
88,9.50728678424522,0.0
89,9.546939896736152,3.0
90,9.573724427398473,1.0
91,9.727646282635606,0.0
92,9.803565356790928,3.0
93,9.88154546406904,0.0
