,time,event
0,0.60009075954653,2.0
1,0.6471363762718431,1.0
2,1.0678418048636023,3.0
3,1.1747126819084648,1.0
4,1.8973380055511548,0.0
5,1.9414673256955084,1.0
6,2.50696559314771,2.0
7,3.127720965071925,1.0
8,3.1659557503082345,0.0
9,3.4184378930309864,3.0
10,3.4439650932275003,4.0
11,3.5715983863849736,0.0
12,3.67825705597194,1.0
13,3.7008076339950438,2.0
14,3.85480722364312,2.0
15,3.872821784731865,1.0
16,3.9256209522932783,0.0
17,4.130967410462659,0.0
18,4.35548928357213,0.0
19,4.859547069851597,1.0
20,5.519434735582174,4.0
21,5.613224268328894,4.0
22,5.660550352409976,3.0
23,5.808313090035815,0.0
24,5.817620987920719,4.0
25,5.885519732204398,1.0
26,5.887292579893518,3.0
27,5.956883554604005,3.0
28,5.9665317124340165,3.0
29,6.029258874896203,3.0
30,6.049075000854279,4.0
31,6.130710368667249,2.0
32,6.1784549899712,4.0
33,6.185476599796212,3.0
34,6.274883366117894,4.0
35,6.367801124094949,0.0
36,6.467576829276365,0.0
37,6.473107313662935,3.0
38,6.477139871792835,1.0
39,6.501279199374229,2.0
40,6.620187469868432,1.0
41,6.718570537162292,3.0
42,7.399478923276523,2.0
43,7.413402483984337,1.0
44,7.653106038810036,0.0
45,7.810959535273434,3.0
46,7.899231581117706,3.0
47,7.9128469277299365,2.0
48,8.020071963331043,2.0
49,8.03035735771079,2.0
50,8.067516738324985,0.0
51,8.115648118017585,3.0
52,8.194441368154177,4.0
53,8.200359607291823,4.0
54,8.263997937863259,1.0
55,8.29516512907781,4.0
56,8.340342162391934,3.0
57,8.365222171940193,2.0
58,8.374878337385395,0.0
59,8.376462211214879,4.0
60,8.381686300198211,4.0
61,8.411807265942373,3.0
62,8.494609287916363,0.0
63,8.510032804325338,3.0
64,8.520432188850899,2.0
65,8.546178229200523,3.0
66,8.577646565219592,3.0
67,8.582630250417434,3.0
68,8.610661197391613,3.0
69,8.632177946331492,1.0
70,8.682051330308694,1.0
71,8.707542282986115,4.0
72,8.742397807890425,0.0
73,8.818910622012181,1.0
74,8.856753055809342,1.0
75,8.906749300629318,0.0
76,8.931459105791015,0.0
77,8.95429485851937,2.0
78,9.069022763238397,3.0
79,9.196127667370881,2.0
80,9.342269039947485,0.0
81,9.544940756434519,4.0
82,9.564909602718656,0.0
83,9.68593555900819,4.0
84,9.717971339066345,3.0
85,9.747660714264178,0.0
86,9.823436261581234,4.0
87,9.823814937914301,4.0
88,9.85168575928738,1.0
89,9.87353818885821,1.0
90,9.875629689519563,4.0
91,9.877402000593083,3.0
92,9.881182497865314,4.0
93,9.910162718299993,3.0
94,9.919272499432594,4.0
95,9.928454034765581,3.0
96,9.976503239244932,3.0
