,time,event
0,0.12400309081709605,0.0
1,0.29045926211828715,1.0
2,0.31898060185018384,3.0
3,0.5417271508813922,1.0
4,2.08109098219404,3.0
5,2.442523818885848,0.0
6,2.4961933765239355,0.0
7,2.579841440416212,2.0
8,2.7536007614236535,1.0
9,2.795222290481185,3.0
10,2.9243544869634954,0.0
11,3.06251268594971,1.0
12,3.3946493612706505,2.0
13,3.8138504510190785,0.0
14,3.8770354616106855,3.0
15,3.9664933260269684,1.0
16,4.25337523683485,0.0
17,4.324712778533682,3.0
18,4.3813905380576,3.0
19,4.383539397670968,1.0
20,4.54301374078791,3.0
21,4.78623487448,2.0
22,4.842491355529871,2.0
23,4.9456203339482805,3.0
24,4.993993562719327,0.0
25,5.023316742873065,1.0
26,5.119186698974623,3.0
27,5.399375501169742,4.0
28,5.481853653996619,1.0
29,5.581448493059882,0.0
30,5.654556013925347,0.0
31,5.656694909327029,4.0
32,5.693917813928502,0.0
33,5.993976933532105,2.0
34,6.046101546084639,0.0
35,6.054510323792904,2.0
36,6.126396095217814,0.0
37,6.215941264912539,1.0
38,6.415440362737292,2.0
39,6.525773634747042,3.0
40,6.644667211137393,2.0
41,6.677338826632901,2.0
42,6.822522958993175,0.0
43,6.916995626947197,0.0
44,6.953200431649951,0.0
45,7.087556305859256,4.0
46,7.311267035823089,3.0
47,7.4127594473301395,2.0
48,7.474028223057344,0.0
49,7.479521730359056,2.0
50,7.514684960018594,4.0
51,7.534933372257021,0.0
52,7.555749857748896,0.0
53,7.5772289150738565,1.0
54,7.581891489409827,0.0
55,7.695652954401986,0.0
56,7.734105531870938,0.0
57,7.910469255415771,0.0
58,8.01817109633622,3.0
59,8.087636747919973,0.0
60,8.153876098780323,1.0
61,8.234223306334302,4.0
62,8.321235135530225,3.0
63,8.358598695547572,0.0
64,8.480970736597262,0.0
65,8.48682975190276,1.0
66,8.52047782864716,1.0
67,8.549721956744659,2.0
68,8.589903070493142,1.0
69,8.643720603873636,3.0
70,8.66108517110396,0.0
71,8.724766986381201,3.0
72,8.909700637359169,3.0
73,8.994999830200491,0.0
74,9.065858146624953,2.0
75,9.277606253022544,0.0
76,9.34816825889193,2.0
77,9.393632389515775,4.0
78,9.539324900542404,4.0
79,9.587145386071215,2.0
80,9.597182811787176,2.0
81,9.645268488381209,3.0
82,9.67509272687557,2.0
83,9.830722448985842,2.0
84,9.843024624425777,0.0
85,9.855449760825548,4.0
86,9.873356851235433,2.0
87,9.87589429942236,0.0
88,9.876695392646871,2.0
89,9.944781669975141,2.0
90,9.968845830216424,0.0
