,time,event
0,0.03868232635755131,3.0
1,0.14249967316167084,1.0
2,1.2618343392514877,3.0
3,1.3542268942795108,0.0
4,1.532262160094283,1.0
5,1.9498798975068838,0.0
6,1.992280662630792,3.0
7,2.2401387889399795,3.0
8,2.3965174986383153,2.0
9,2.684182586765661,1.0
10,3.0819686688316223,2.0
11,3.844961954195996,0.0
12,4.148469329073121,3.0
13,4.273311468840509,0.0
14,4.3067056801087205,2.0
15,4.434797434418062,2.0
16,4.522335835797113,3.0
17,4.555689055644291,3.0
18,4.593948859986423,2.0
19,4.697108305570866,2.0
20,4.854960902455251,3.0
21,4.974825067245697,3.0
22,4.997223641827331,2.0
23,5.05210840578849,3.0
24,5.56392572564076,0.0
25,5.788439800635538,1.0
26,5.954088959290153,3.0
27,6.214737615054062,2.0
28,6.341636470088591,2.0
29,6.388721119323696,0.0
30,6.492733450690614,3.0
31,6.732199139382396,4.0
32,6.79665432951606,1.0
33,6.86202986214518,3.0
34,6.893375788280212,3.0
35,7.068160015975223,0.0
36,7.085584448342137,3.0
37,7.2076986357551105,3.0
38,7.299053071916361,3.0
39,7.301326575650892,3.0
40,7.302496339423368,3.0
41,7.872813518365574,0.0
42,7.954966822980846,0.0
43,8.09667999437691,0.0
44,8.238014795699483,1.0
45,8.27526604607406,3.0
46,8.396649356249917,2.0
47,8.817521167035466,3.0
48,8.864825113984496,0.0
49,8.8802117509671,3.0
50,9.242552698508055,4.0
51,9.254095859935072,0.0
52,9.417221796037964,0.0
53,9.426824952342523,4.0
54,9.464809809142883,3.0
55,9.62725740846054,3.0
56,9.921469428143135,0.0
