,time,event
0,0.5353981560702988,0.0
1,0.5627431359704166,2.0
2,0.7657348816518699,0.0
3,0.8575886905309507,1.0
4,0.8725554716437236,0.0
5,1.5536957796966944,1.0
6,1.5692620109666044,0.0
7,1.5888276092083287,3.0
8,1.6834715483115685,3.0
9,1.808394458234434,3.0
10,1.8354561057732122,2.0
11,2.6189977823690596,1.0
12,2.8923764841339272,0.0
13,2.9790354934551524,4.0
14,3.1870588956330654,4.0
15,3.198223818938139,2.0
16,3.28347601027742,3.0
17,3.8558246333595294,3.0
18,3.944040423036095,2.0
19,3.9950416776901956,1.0
20,4.036823928621488,2.0
21,4.055539110162662,0.0
22,4.06746676731073,2.0
23,4.34848746238788,3.0
24,4.632852445662029,0.0
25,4.788645987979734,1.0
26,4.973191912882505,1.0
27,5.004637100582068,0.0
28,5.224908587258159,2.0
29,5.2422787231468195,1.0
30,5.295836139968677,3.0
31,5.30025713871335,0.0
32,6.249471613682304,4.0
33,6.379276546958517,4.0
34,6.447093515711043,4.0
35,6.49701141073185,2.0
36,6.591711500565184,0.0
37,6.876008218442312,1.0
38,6.918167115199251,0.0
39,7.1402782982397,2.0
40,7.2592502713436255,2.0
41,7.382492179378619,4.0
42,7.48117379893498,4.0
43,7.630691144459673,2.0
44,7.677088161985174,1.0
45,7.809975326563292,3.0
46,8.42217100535345,0.0
47,8.425329755511378,1.0
48,8.51284321548773,3.0
49,8.533094903387825,1.0
50,8.821594904069887,4.0
51,8.940496512508076,1.0
52,9.020585163930543,3.0
53,9.164915858725657,4.0
54,9.350549170156894,0.0
55,9.476929128996494,0.0
56,9.47694479848709,3.0
57,9.511512014060008,3.0
58,9.679879042588858,1.0
59,9.771588956216307,0.0
60,9.836854698404307,3.0
61,9.926166442599225,4.0
62,9.975636926884587,1.0
