,time,event
0,0.7377383078984358,0.0
1,0.8429060843061255,4.0
2,1.200719736169012,1.0
3,1.6528172993664372,3.0
4,2.8989599396408448,2.0
5,4.3295879592455915,3.0
6,5.279099565634198,0.0
7,5.331507912927822,1.0
8,5.633504254683375,0.0
9,5.885532463174062,4.0
10,6.195518751224704,1.0
11,6.973545127912777,2.0
12,6.9864260733181265,0.0
13,7.54328484482794,3.0
14,8.116127472454881,3.0
15,8.26572116965274,3.0
16,8.719421981189676,4.0
17,8.845539929865383,2.0
18,9.62629457350007,3.0
19,9.913857105212847,3.0
20,10.736453636657696,4.0
21,11.330828080585619,3.0
22,11.658052116107699,1.0
23,12.174635987321842,1.0
24,12.247382454070895,3.0
25,12.349138538855122,0.0
26,12.54000168550147,0.0
27,12.839641382665762,3.0
28,12.922970073516789,0.0
29,13.375392942388519,0.0
30,14.196250789008669,2.0
31,14.458076834701217,3.0
32,14.472041089482284,1.0
33,14.897918482754369,1.0
34,14.97663470785967,1.0
35,15.07296472331311,4.0
36,15.082586510752936,0.0
37,15.361845724315694,1.0
38,15.63995474187007,0.0
39,15.918297300012888,1.0
40,17.04751528213404,1.0
41,17.28745985611706,0.0
42,17.468738614028112,3.0
43,17.479104112791948,1.0
44,17.510647718962773,3.0
45,17.581447015536114,3.0
46,17.887278723471493,1.0
47,17.91910143597457,0.0
48,18.146898482015143,1.0
49,18.26228693434564,4.0
50,19.29485040828621,3.0
51,19.33639560156151,1.0
52,19.51605281702086,0.0
