,time,event
0,0.48287506570405586,3.0
1,1.0866243037103518,4.0
2,2.4834623934586424,4.0
3,3.178510264525536,0.0
4,3.897807331993783,0.0
5,4.1406391311193635,4.0
6,4.21890404099266,3.0
7,4.231675968121463,1.0
8,4.298064582831208,1.0
9,4.664971688107357,1.0
10,4.858921866160075,0.0
11,4.979688253080824,2.0
12,5.144520176383494,1.0
13,5.159176200229869,0.0
14,5.281490980822783,3.0
15,5.661002880354822,0.0
16,6.590478050620273,1.0
17,6.754049654393616,2.0
18,6.812032054811855,2.0
19,7.024013241837,1.0
20,7.419066949788369,4.0
21,7.529421697943096,4.0
22,7.569233799172513,2.0
23,8.469899186145563,1.0
24,9.381059247240321,2.0
25,9.689590778458914,2.0
26,10.677580800135319,4.0
27,10.8045129744567,4.0
28,11.28572893487374,4.0
29,12.128120026151441,0.0
30,12.581054162671622,0.0
31,12.67009062277467,3.0
32,12.84179065562686,1.0
33,12.907619207098785,0.0
34,14.037093034203135,0.0
35,14.11638552719601,0.0
36,14.810988811899804,3.0
37,15.02210198224967,2.0
38,15.092283099060248,3.0
39,15.221349660221037,1.0
40,15.626083656634409,4.0
41,15.85190042154204,0.0
42,16.043635092470833,4.0
43,16.39484485966646,4.0
44,17.34066999865677,0.0
45,18.203653936457137,0.0
46,18.246028458845764,1.0
47,18.57126763620125,1.0
48,19.108580346496783,1.0
49,19.490139841698536,4.0
50,19.527962875870813,1.0
