,time,event
0,0.1696715265455703,0.0
1,0.45786530179267393,0.0
2,1.6595709798813556,1.0
3,1.9894148091243813,4.0
4,2.640242869890345,1.0
5,2.732665604798727,1.0
6,2.758210259434721,2.0
7,3.1283244253493887,3.0
8,4.404795047497582,1.0
9,4.796447454739589,2.0
10,5.72593719228228,1.0
11,6.472080457344742,4.0
12,6.691875044338378,2.0
13,6.849033410920136,2.0
14,7.201935002722954,2.0
15,7.440803448407521,2.0
16,8.723664646168823,2.0
17,9.630689942654202,1.0
18,9.960174149672929,1.0
19,10.714265939118928,1.0
20,10.847750629357096,2.0
21,11.665197112565203,1.0
22,13.929519325832535,1.0
23,14.135692557693162,4.0
24,14.875100305805264,1.0
25,15.066201441241814,1.0
26,15.164806047821575,0.0
27,17.88716761914434,2.0
28,17.94881824043381,0.0
29,18.075571501771254,3.0
30,19.106327882201423,3.0
31,19.199627583466444,0.0
