,time,event
0,2.9799252846698248,0.0
1,3.2548194055483632,4.0
2,3.2816820392703234,2.0
3,3.9647978731740037,1.0
4,4.1613098470028795,2.0
5,5.19444022607182,2.0
6,5.755199607575258,2.0
7,5.8258503904048276,1.0
8,6.288348785261373,1.0
9,6.591430248283708,1.0
10,7.575029109734525,0.0
11,7.935406227172438,1.0
12,8.129506052411443,0.0
13,8.345335004780459,1.0
14,8.571630904966897,1.0
15,8.796789884740534,0.0
16,8.88889275187402,4.0
17,9.712872230327452,1.0
18,11.679976096764891,4.0
19,12.023161039296685,0.0
20,12.32827817332122,4.0
21,12.442119498456877,4.0
22,12.699632411779643,0.0
23,12.7015359570915,0.0
24,13.088712385604826,3.0
25,13.67307432901149,4.0
26,14.073827707742074,3.0
27,14.646447802387245,3.0
28,15.390125423068046,4.0
29,15.608716363442046,3.0
30,16.150372425516156,0.0
31,17.27897204703096,1.0
32,17.292276598343406,0.0
33,17.920763530852604,2.0
34,18.29796206861269,1.0
35,18.795868393332004,0.0
36,19.03848147259063,1.0
37,19.38147709225454,0.0
38,19.642433285159218,1.0
