,time,event
0,0.24112512930374516,3.0
1,0.39913626191105434,0.0
2,0.6182167503766063,1.0
3,2.0564697289785916,2.0
4,3.2027711041254383,4.0
5,3.7927895501679054,2.0
6,3.8055458168853042,3.0
7,3.882140919237985,2.0
8,3.913101074032156,3.0
9,4.302441306457886,0.0
10,4.329031637387188,3.0
11,4.823224444442084,2.0
12,7.1848347998449364,1.0
13,7.378430893266468,3.0
14,8.29239743333104,0.0
15,8.495189961566663,0.0
16,8.903798697919973,3.0
17,9.495828594216238,1.0
18,9.639591392048029,3.0
19,9.917928852531986,1.0
20,10.05614375914638,1.0
21,10.07931465471258,2.0
22,10.775496205020175,2.0
23,11.353638123222964,1.0
24,11.515610289055255,0.0
25,11.612237966360398,1.0
26,11.616723938277167,0.0
27,11.619727100305672,0.0
28,12.000744019501784,4.0
29,12.165988244598202,0.0
30,12.864103360620952,0.0
31,12.942229076668632,2.0
32,13.209569557865674,2.0
33,13.945451890501216,2.0
34,13.977848292379845,4.0
35,14.942737857765211,4.0
36,15.533166892300208,4.0
37,15.76944050241974,1.0
38,15.813927053634087,2.0
39,17.107425979674417,1.0
40,18.281671804552825,1.0
41,18.73693786320601,2.0
42,18.98361553416494,3.0
