,time,event
0,0.7415418074837309,3.0
1,0.9937467477599726,4.0
2,1.07064921971957,0.0
3,1.5649143656919353,1.0
4,2.233571335149241,3.0
5,2.7137640262994123,3.0
6,2.9310140650558973,3.0
7,3.7125575587657087,3.0
8,3.926874592575487,1.0
9,4.520014440287318,2.0
10,4.65483571192607,1.0
11,4.794307462287614,2.0
12,4.937264018567657,1.0
13,6.023433714321646,4.0
14,6.1204914092989755,3.0
15,6.409082078223117,2.0
16,7.24177856513136,2.0
17,7.639662524177187,0.0
18,8.720519740653897,3.0
19,8.91415316672166,3.0
20,9.174870946353305,1.0
21,9.476300912284014,2.0
22,9.626753365796171,4.0
23,10.86007800923795,3.0
24,11.005214751275542,3.0
25,11.298431473460834,4.0
26,12.310696528550814,4.0
27,13.741353776245708,0.0
28,14.424922121681403,3.0
29,14.939542523040522,4.0
30,15.147000319942402,1.0
31,15.573625462781443,0.0
32,16.821183640870288,0.0
33,18.120487041902585,1.0
34,18.709503898245043,1.0
35,19.04098611863375,2.0
36,19.08670064109837,0.0
37,19.615254341278778,4.0
