,time,event
0,0.38061287748789885,0.0
1,1.1392636310538602,4.0
2,1.2232013964034727,4.0
3,1.4211277547681305,2.0
4,2.192166793548701,1.0
5,2.3794231716112613,1.0
6,2.9865768948882474,3.0
7,3.01310769351266,2.0
8,3.452823238785118,2.0
9,3.878514555112289,1.0
10,4.415964822006391,2.0
11,4.831008329384563,0.0
12,5.00967252231967,0.0
13,5.0346356092151945,1.0
14,5.341494747743827,2.0
15,5.86634964645201,0.0
16,6.369165498703665,3.0
17,7.259779458101336,1.0
18,7.8014551824354905,0.0
19,8.179587997860613,1.0
20,8.25262024053889,2.0
21,8.639507871381898,2.0
22,8.664527033946866,3.0
23,9.00432880341751,1.0
24,9.081902993721483,1.0
25,9.09967998194695,3.0
26,9.921994843025852,2.0
27,10.205572686209315,3.0
28,10.927423955531813,4.0
29,11.01754478065426,3.0
30,11.1742753573776,0.0
31,11.447773901388471,3.0
32,12.621726174920692,1.0
33,12.77104181695246,1.0
34,13.222279128435481,0.0
35,13.359974715453976,3.0
36,13.417722140293256,1.0
37,14.389421900322159,1.0
38,14.47663585435107,1.0
39,15.12525754515973,3.0
40,15.237697440350003,3.0
41,15.76480155342897,0.0
42,15.9128094009961,4.0
43,16.129017377912138,0.0
44,16.77590134047561,3.0
45,17.517264799055855,0.0
46,17.80334311277612,2.0
47,18.336629372303396,3.0
48,18.516654413525654,1.0
49,19.382712798637023,0.0
50,19.50968100673188,4.0
51,19.571870936522284,1.0
52,19.956570330575605,0.0
