,time,event
0,0.23013088952247157,2.0
1,0.4172964600127442,0.0
2,0.9479588461818154,1.0
3,1.7463576104622245,2.0
4,1.998218483541535,0.0
5,2.050677253181804,0.0
6,2.192619439046762,3.0
7,2.6177637929529975,1.0
8,3.1365296328532857,0.0
9,3.6004540454293177,0.0
10,4.278987767586667,1.0
11,4.411745314545286,4.0
12,4.783933480972968,2.0
13,5.411529780055962,1.0
14,6.527191831602334,3.0
15,6.610165041807832,3.0
16,6.6511025542446145,1.0
17,6.911395675543224,3.0
18,7.359485093016001,3.0
19,7.469833242942645,4.0
20,7.480515963262262,0.0
21,7.512977440405686,2.0
22,8.174530948534873,3.0
23,9.338837864712245,4.0
24,9.373562981050691,1.0
25,9.713612095843986,0.0
26,9.975239144779005,1.0
27,10.243091353600159,0.0
28,10.367446188548952,2.0
29,10.415781504594053,3.0
30,10.441409026496922,4.0
31,11.156740052793445,0.0
32,11.340181975568568,1.0
33,11.37036542133592,4.0
34,11.374347383345935,1.0
35,12.156840252018327,2.0
36,12.828214644565662,1.0
37,12.83874928213067,0.0
38,13.46330297982195,2.0
39,15.405300483125409,2.0
40,15.665302337840869,4.0
41,15.958935817861542,1.0
42,16.26131334961652,2.0
43,16.63331758567385,0.0
44,17.303149346783623,1.0
45,17.585375958164263,2.0
46,17.71424130831212,2.0
47,17.756077915684994,0.0
48,18.904862889753755,2.0
49,19.371487864023386,1.0
