,time,event
0,0.1791441451048094,3.0
1,0.19139503431773228,2.0
2,0.19568870805335883,0.0
3,0.27434976641722536,2.0
4,0.7954317044097086,0.0
5,1.039867675773331,1.0
6,1.196286595397897,0.0
7,1.6464413850794144,0.0
8,2.481642020794993,0.0
9,2.498269667625243,3.0
10,2.5660397656496747,2.0
11,3.0257178675340857,4.0
12,3.1641443092321007,2.0
13,3.2384935582007057,2.0
14,3.2826133106359854,3.0
15,3.8507799618947143,0.0
16,4.628200577911453,3.0
17,4.9303776100514956,0.0
18,5.467060907155655,0.0
19,6.20159172664319,2.0
20,6.763216895301532,0.0
21,7.4487561584261295,1.0
22,7.947867530711982,4.0
23,8.351304722522054,0.0
24,8.726005159928608,1.0
25,9.256422829546384,2.0
26,9.666654619441843,2.0
27,9.823328102425567,1.0
28,10.331448821151863,1.0
29,11.061721271493429,4.0
30,11.896909686237667,2.0
31,12.966784148332739,1.0
32,14.29371751633989,4.0
33,14.727620451711296,2.0
34,15.226937974452738,3.0
35,15.40345493901587,1.0
36,15.744233880260044,1.0
37,16.083194356564924,1.0
38,16.34970126431725,0.0
39,17.308995702139615,2.0
40,17.397774994267838,2.0
41,18.242717630226217,3.0
42,19.20554145243015,2.0
43,19.25138474580925,3.0
44,19.730749097620965,3.0
