,time,event
0,0.1324913595493969,0.0
1,0.17045529408699525,2.0
2,0.5266307985410229,1.0
3,0.8959701515883697,3.0
4,0.9010614222423825,1.0
5,2.0301639318503337,2.0
6,2.0817807527619743,2.0
7,2.3035709349153617,0.0
8,2.7984380394477384,3.0
9,2.979766467840548,0.0
10,3.310199512668502,1.0
11,3.6386920616737766,4.0
12,3.854185982430156,3.0
13,4.473439494030891,4.0
14,4.690327612802201,3.0
15,5.617419898913629,4.0
16,6.040760101684069,3.0
17,6.104736971751527,2.0
18,6.701646822864635,3.0
19,6.827569192816391,4.0
20,6.868447877870813,0.0
21,7.921822876240762,1.0
22,8.024149076184223,0.0
23,8.192265370072937,1.0
24,8.321254858176566,1.0
25,8.347045018973423,0.0
26,9.7618860802155,3.0
27,10.584880847772412,2.0
28,10.876055113572642,2.0
29,11.116093143333796,4.0
30,11.316069650335395,1.0
31,11.594530356599924,0.0
32,11.654926991905336,3.0
33,12.096742541557091,0.0
34,12.761363196597046,4.0
35,12.887822275077893,4.0
36,13.223734115624525,1.0
37,13.628260357702725,1.0
38,13.697896194759604,2.0
39,13.805928817466294,0.0
40,14.34008612990402,4.0
41,14.717771692853638,3.0
42,15.315401405176537,2.0
43,15.832092624304247,1.0
44,16.084518037496803,2.0
45,16.41818084836977,3.0
46,17.32839642172127,3.0
47,18.710753724231285,4.0
48,18.972367269453652,1.0
49,19.267240351343922,2.0
50,19.63162650508778,1.0
51,19.940340221849706,0.0
