,time,event
0,0.257251189591181,0.0
1,0.6477130085925318,2.0
2,0.6983674874476451,2.0
3,0.8400381381637403,1.0
4,0.8451582860119095,2.0
5,1.1926495327601523,3.0
6,1.9136112390935573,0.0
7,2.707274527301773,0.0
8,2.8143558213802615,2.0
9,2.8299079497000066,2.0
10,4.323259842646147,4.0
11,4.367878516195697,1.0
12,5.319300595476874,2.0
13,5.5246247933015535,2.0
14,5.633003052757833,2.0
15,6.559467820771716,1.0
16,7.149188868729434,1.0
17,7.157900921996285,1.0
18,8.299136228830143,4.0
19,8.43824559366079,2.0
20,8.962058667782522,4.0
21,10.849385398312396,2.0
22,11.17889714637131,2.0
23,12.550526551646682,0.0
24,12.571048394459858,1.0
25,12.84779072239995,0.0
26,12.996212964975797,4.0
27,13.292486938443064,4.0
28,13.346190108059266,2.0
29,13.701953552678786,0.0
30,13.836120558639841,2.0
31,14.325170131226661,1.0
32,15.223529767340395,3.0
33,15.439259142680175,4.0
34,15.679516304195463,4.0
35,15.971828208736028,3.0
36,16.010886392453163,1.0
37,16.013195090518625,3.0
38,16.882279895753584,2.0
39,17.195123941499737,0.0
40,17.22303205278402,0.0
41,17.24613981439133,3.0
42,18.022371455123565,4.0
43,18.26825629952229,0.0
44,19.379651763138554,3.0
45,19.967382860544134,3.0
