,time,event
0,1.0790457456761764,0.0
1,1.1085653797061834,1.0
2,1.2530004623547715,4.0
3,1.3468644538450065,0.0
4,1.590942415404354,3.0
5,1.7181061695131854,1.0
6,1.8364931568451106,3.0
7,2.0934204914601424,3.0
8,2.6457672461567894,4.0
9,2.6783227268482093,4.0
10,3.187423218052225,0.0
11,3.2026925891853923,1.0
12,3.3047195558879974,0.0
13,3.384564449322239,1.0
14,3.5359637629732013,0.0
15,4.184825497033009,0.0
16,4.190300960372579,1.0
17,4.476396745656893,2.0
18,5.192429034883708,0.0
19,5.484276605474887,4.0
20,5.5236584797690345,3.0
21,5.79771331496437,2.0
22,6.92570810987047,1.0
23,7.834824481427902,2.0
24,8.055095965867176,3.0
25,8.220877218683203,1.0
26,8.283087162010979,4.0
27,8.349027660829599,2.0
28,8.808090824438075,3.0
29,9.068098467833117,3.0
30,9.705105575808252,1.0
31,9.72508478501455,0.0
32,10.262701387911328,2.0
33,10.375970030285792,1.0
34,10.746526931183476,0.0
35,10.988094648042702,3.0
36,11.458952735651794,2.0
37,11.505636984736508,2.0
38,12.835954476200685,1.0
39,12.942030031815511,2.0
40,12.959101851381622,1.0
41,13.00810502953875,1.0
42,13.114574412219595,3.0
43,13.650760565067403,2.0
44,14.055127703284695,0.0
45,14.53340907788733,3.0
46,15.035112178186614,4.0
47,15.770975271264716,3.0
48,15.81002598715103,4.0
49,16.026186730865163,1.0
50,17.55622839821806,3.0
51,17.55773913035943,1.0
52,17.571364501649278,1.0
53,17.786652595182325,4.0
54,17.98263375094251,0.0
55,18.530529595210762,4.0
56,18.669604811378825,0.0
57,19.091828418898302,0.0
58,19.318819076104006,3.0
59,19.506278207217694,0.0
60,19.589053134306276,2.0
61,19.77028661891825,2.0
