,time,event
0,0.4056893167622724,4.0
1,1.1263240890186639,3.0
2,2.4954424123470123,1.0
3,3.2560560821712863,1.0
4,4.160482924038626,3.0
5,5.250066421916493,3.0
6,5.347825069437397,1.0
7,5.507906044546287,3.0
8,6.282404491850491,0.0
9,6.577142416463808,0.0
10,7.193502819016223,0.0
11,7.4854836553084345,0.0
12,8.019475027009923,1.0
13,8.277576317537203,1.0
14,8.336000246509073,4.0
15,8.561268405735175,3.0
16,9.852789467114743,2.0
17,9.905336047092153,2.0
18,10.014581894920639,1.0
19,10.028434290462078,1.0
20,10.051571809494503,4.0
21,10.656268098677637,3.0
22,10.805521417869583,1.0
23,11.162115329425083,0.0
24,11.256912436917727,3.0
25,12.049840084332876,3.0
26,12.681505124533588,1.0
27,13.052259464500576,1.0
28,13.293680753244093,1.0
29,13.301775463015614,0.0
30,13.710224622325176,0.0
31,14.104429846515199,2.0
32,14.266699209895185,2.0
33,14.601913884640869,4.0
34,14.737850907613653,2.0
35,14.85652875739257,4.0
36,14.94827612079002,0.0
37,15.21289086923234,0.0
38,15.692834730216209,0.0
39,16.00434337680725,0.0
40,16.185708990965573,2.0
41,16.51705048951383,0.0
42,17.913056863540728,3.0
43,18.01718586278616,2.0
44,19.25787562803801,2.0
45,19.487911340160117,1.0
