,time,event
0,0.05432076191340722,4.0
1,0.7941765826577089,4.0
2,0.8962181245647828,0.0
3,1.8112895173246406,2.0
4,1.9092227635226984,1.0
5,1.929378585372727,0.0
6,2.5859612785064576,3.0
7,2.716370202674158,2.0
8,2.987678529434358,0.0
9,3.557225216736244,4.0
10,4.3159455204291195,0.0
11,5.902073459143396,1.0
12,6.113550216652177,2.0
13,6.279670824481442,2.0
14,7.2111534629989515,3.0
15,8.553810243012457,1.0
16,8.611390981517166,1.0
17,8.63971601305949,1.0
18,10.135421841776093,3.0
19,10.422238490568155,1.0
20,10.43085315432026,1.0
21,10.544243134925123,0.0
22,11.20098032229467,1.0
23,11.33825224325791,4.0
24,11.64929405352487,1.0
25,11.821335462153202,4.0
26,12.59931079569729,3.0
27,12.78478577986419,4.0
28,12.796668918476296,3.0
29,13.082234257361554,1.0
30,13.334214997789235,3.0
31,13.81406436249712,1.0
32,14.095853088383459,2.0
33,14.876214561802765,4.0
34,15.431525369230055,3.0
35,15.630007997927233,4.0
36,16.352274077554053,2.0
37,16.45227439012632,0.0
38,16.470709162142224,1.0
39,16.75682337554183,0.0
40,17.062687103349763,1.0
41,17.1095952308003,0.0
42,17.66314504799632,2.0
43,17.774856810025753,0.0
44,17.921835599845938,0.0
45,18.33642940252003,3.0
46,18.770469153549524,1.0
47,18.878919714597153,4.0
48,19.990352979011988,0.0
