,time,event
0,1.027762870278094,4.0
1,1.032942744414562,1.0
2,1.0858082854142281,4.0
3,1.657195663338201,2.0
4,4.34374765247653,1.0
5,5.283016102624345,3.0
6,5.603767829581855,2.0
7,6.025228976159845,4.0
8,6.111303022003886,3.0
9,6.334726007064159,4.0
10,6.77996042883168,3.0
11,6.966667641949444,1.0
12,7.0587085128334905,1.0
13,8.097108668422415,0.0
14,8.116997795775843,1.0
15,8.783960788227626,0.0
16,9.138188824043933,3.0
17,9.506072253581998,3.0
18,9.830186254921959,1.0
19,9.917979824281398,3.0
20,9.998528246936903,0.0
21,10.025892080484653,4.0
22,10.550082112230982,2.0
23,11.115427167358998,2.0
24,11.343591636091151,3.0
25,11.693311900263975,0.0
26,12.09115618540736,1.0
27,12.66236391654153,1.0
28,12.906732475204883,3.0
29,13.135026186605023,3.0
30,13.153294388850878,1.0
31,13.255816269893737,2.0
32,13.485947786646369,0.0
33,14.15438820010872,4.0
34,15.16845784952115,0.0
35,15.242743196655828,1.0
36,15.347088360721333,2.0
37,15.450003664109985,2.0
38,15.4635296554058,3.0
39,15.598052043253187,2.0
40,16.06642229711364,0.0
41,16.072845340740756,1.0
42,16.148240491409165,0.0
43,17.337739504216067,1.0
44,17.98598015005206,2.0
45,18.11142930662644,2.0
46,18.462652894888166,0.0
47,18.95343905578484,1.0
48,19.654333067237847,1.0
49,19.660077153916273,1.0
50,19.805529556543092,1.0
