,time,event
0,1.0442940638144005,0.0
1,1.1351238083439577,2.0
2,1.2494885822927126,1.0
3,2.0837726556531053,2.0
4,2.318513973735172,1.0
5,2.5235528425181464,4.0
6,2.6572390100739436,1.0
7,3.4558297855116527,4.0
8,3.489979746060009,0.0
9,3.9566375826874607,2.0
10,4.171647555743208,0.0
11,4.294783678219306,1.0
12,5.514201879965726,1.0
13,6.312754823714335,1.0
14,6.5556632875892475,1.0
15,6.614309284796117,1.0
16,6.622585687954138,2.0
17,6.631011769368599,1.0
18,6.642446165137818,0.0
19,6.657764967969525,4.0
20,7.508951641140858,4.0
21,8.08039316765983,0.0
22,8.417478313664803,3.0
23,9.309979611300653,1.0
24,9.347480368207544,3.0
25,9.542783008942674,2.0
26,11.48278812108367,4.0
27,12.019023279281672,4.0
28,12.340203016545177,3.0
29,12.585764407860731,0.0
30,12.755426132691243,4.0
31,14.179765833969697,0.0
32,14.392448924747317,4.0
33,14.795585813637562,0.0
34,15.349067563042572,2.0
35,15.5189423926982,0.0
36,15.78949638802134,4.0
37,16.05023849442907,2.0
38,16.31702098680661,3.0
39,16.679932731269766,3.0
40,16.79264464191709,4.0
41,17.141723236853256,1.0
42,17.547110730569873,0.0
43,17.672929425452928,1.0
44,18.402382483797158,3.0
45,18.65416088688051,3.0
46,18.66739968785831,4.0
47,18.801136063011906,1.0
48,18.87611149368681,1.0
49,19.003377557909594,2.0
50,19.081240638693348,3.0
51,19.480227667930947,2.0
52,19.545264946300207,0.0
53,19.675214238783603,2.0
54,19.773998305558717,1.0
