,time,event
0,0.6118191038773408,2.0
1,0.6428977279720739,0.0
2,0.6642875676941434,4.0
3,0.762953194066536,3.0
4,0.8280385778329566,0.0
5,1.1073626945652217,0.0
6,1.9735320741742477,2.0
7,2.4054846203623086,1.0
8,3.022868097897973,1.0
9,3.360143131601925,3.0
10,3.542909108460408,2.0
11,3.8429895555269775,1.0
12,3.8684869530042523,2.0
13,3.9808864395537933,0.0
14,4.299708852370063,1.0
15,4.505170957390364,1.0
16,4.582443617897372,1.0
17,4.8334062879133235,0.0
18,4.938814866101607,0.0
19,5.0432318378017325,1.0
20,5.045445179202501,4.0
21,5.424141946402231,2.0
22,5.453796765270037,4.0
23,5.689966198966847,0.0
24,5.7226295357171155,0.0
25,6.188317080141381,0.0
26,6.5713824656044135,0.0
27,6.585866817370965,4.0
28,7.142525844266589,0.0
29,7.19719739702233,3.0
30,7.355910844928798,4.0
31,7.5367639078503155,4.0
32,7.954605146900464,3.0
33,8.37845986259671,3.0
34,8.593873749977428,2.0
35,8.990704399531815,2.0
36,9.42593233146537,4.0
37,10.329918469042884,1.0
38,10.380212894684089,3.0
39,11.0509923892531,4.0
40,11.209124341593466,1.0
41,12.00415905959553,1.0
42,12.744278860593035,1.0
43,13.088236156674249,0.0
44,14.065361319038132,3.0
45,14.325335706628117,2.0
46,14.427043103826993,0.0
47,14.9309269282299,4.0
48,14.975641968099593,0.0
49,15.575090275052629,1.0
50,15.585707782037474,0.0
51,15.681347943053282,4.0
52,16.00865518172199,4.0
53,16.160736636336818,2.0
54,16.21643512028619,4.0
55,16.96754040987374,4.0
56,17.06969147876245,1.0
57,17.09716202155256,0.0
58,18.33387195220192,0.0
59,19.477612613975985,0.0
60,19.595446918648847,1.0
