,time,event
0,0.1736248848851439,0.0
1,0.7665280984730618,0.0
2,0.88994527875499,2.0
3,1.2202420812320554,0.0
4,1.224576835244534,0.0
5,1.597878901331441,4.0
6,1.7573002036359695,0.0
7,1.7710030862445925,0.0
8,2.1801943188731117,4.0
9,2.2141498977694116,1.0
10,2.5689214035805876,2.0
11,2.61279921561088,1.0
12,2.7051922760020286,1.0
13,2.8848812545876132,3.0
14,2.9651109971536838,0.0
15,3.4679378466560413,2.0
16,3.47733924358385,4.0
17,3.7242003452329753,2.0
18,4.45344259843446,0.0
19,4.832238750518578,3.0
20,5.233286407483754,4.0
21,5.451165187952773,1.0
22,5.459119268819927,0.0
23,5.469852943242703,4.0
24,5.806904490691643,4.0
25,6.445776965744248,2.0
26,6.564212433510755,0.0
27,7.514834138636429,1.0
28,7.771958632245591,0.0
29,7.895735245342282,4.0
30,7.930052767828995,1.0
31,8.650310443249575,3.0
32,9.092247978308128,1.0
33,9.1197697797729,4.0
34,9.271247973777523,1.0
35,9.406245776361883,1.0
36,9.598574553189422,4.0
37,9.737526502005064,4.0
38,9.821947755980057,4.0
39,10.161906728432394,0.0
40,10.442954407554351,3.0
41,10.520170295436383,3.0
42,11.228574426829319,0.0
43,11.75700685261643,2.0
44,11.806096726526485,1.0
45,11.922652929122233,1.0
46,12.214729279892687,1.0
47,12.465129057042349,2.0
48,12.78125334892891,1.0
49,12.866679189572237,4.0
50,13.22544989335282,2.0
51,13.464294746022325,3.0
52,13.541914061008077,0.0
53,14.634767765537738,0.0
54,15.120086628836772,1.0
55,15.210441049669498,1.0
56,15.838091844524737,1.0
57,16.288503255196822,2.0
58,17.01589478104619,2.0
59,17.059949234727963,0.0
60,17.411521466554497,4.0
61,17.598195405683175,0.0
62,17.93228805994419,0.0
63,17.98026011642626,4.0
64,18.23419520249814,0.0
65,19.003231572517905,2.0
66,19.199397023068965,1.0
67,19.346369415742554,4.0
68,19.390286820407383,0.0
69,19.660192967797073,1.0
