,time,event
0,0.17406786854033093,0.0
1,2.315327823871817,1.0
2,2.8173232069141276,3.0
3,3.2537023251529247,0.0
4,3.42086404774366,1.0
5,3.7970477826619478,0.0
6,3.9810761160435244,4.0
7,4.18218292445369,2.0
8,4.356525863759058,4.0
9,4.531875580351801,1.0
10,4.541170380824556,3.0
11,4.5441933806627,3.0
12,5.8018184434713955,1.0
13,6.8713987987794685,4.0
14,6.952115891750712,0.0
15,7.518925665486379,2.0
16,7.648434223985909,2.0
17,7.9482532282649245,1.0
18,8.035482802422525,1.0
19,9.08734459621298,0.0
20,9.106229964353693,1.0
21,9.141516576896512,4.0
22,9.325453108079248,1.0
23,9.849418884818098,3.0
24,10.095613062255687,1.0
25,10.221404525480724,1.0
26,10.505402243182278,3.0
27,11.035450660152176,1.0
28,11.173152708406755,3.0
29,11.322772346575537,1.0
30,11.593004105506177,3.0
31,11.763692001740324,3.0
32,11.779767641668087,0.0
33,11.914438939504628,3.0
34,12.483519526562214,0.0
35,13.108650519296656,1.0
36,13.227387271609132,3.0
37,13.24460488355742,2.0
38,13.360126603984263,3.0
39,13.670067208531986,0.0
40,13.854009530285524,1.0
41,13.859001388620399,2.0
42,13.976070906642377,0.0
43,14.690098740114301,0.0
44,14.864539360315108,0.0
45,14.894206109117022,1.0
46,16.277460706503092,1.0
47,16.685434008806094,3.0
48,16.685818080196576,3.0
49,17.71121029670851,1.0
50,17.838917274659618,3.0
51,19.348490781674673,1.0
52,19.619972586151963,0.0
53,19.734810100593894,2.0
