,time,event
0,0.023420290066036995,0.0
1,0.7275288103326785,4.0
2,1.3228267096454949,3.0
3,1.8358363981444081,1.0
4,2.3645585058180956,2.0
5,2.7762858430048794,3.0
6,2.7838911627701677,1.0
7,2.9714506267858893,1.0
8,3.0730598057124126,0.0
9,3.2453292865817573,2.0
10,3.3045390587439654,3.0
11,3.6829679926335084,3.0
12,4.116223962810734,3.0
13,4.150097630347157,3.0
14,5.56270113012308,1.0
15,6.413574296855341,0.0
16,7.192043525449089,2.0
17,7.375689057938205,0.0
18,7.641935332317542,1.0
19,8.130627297778064,3.0
20,8.820050332698505,1.0
21,8.83852602075102,0.0
22,9.053131185137005,4.0
23,9.568210514159178,0.0
24,9.70838689378302,0.0
25,9.872883426543492,1.0
26,10.86657985132964,2.0
27,11.03403175854257,4.0
28,11.658117661936627,0.0
29,11.690729383035446,0.0
30,12.42541924902684,1.0
31,12.77213823281384,4.0
32,12.947558330249503,4.0
33,13.627147866643021,1.0
34,14.067916635107506,1.0
35,14.077782304650055,2.0
36,14.22982013300628,3.0
37,14.408330873286078,2.0
38,14.991704014054577,0.0
39,15.144594460940302,2.0
40,16.675301804676636,0.0
41,16.701586689528476,1.0
42,16.818657946037117,0.0
43,18.34974222161239,4.0
44,19.142015480176802,2.0
