,time,event
0,0.33622695264017227,0.0
1,0.9371477700077084,3.0
2,1.6880883826344646,4.0
3,2.1979585473667047,1.0
4,2.5722872774427574,1.0
5,3.748465189888398,1.0
6,4.382772247730131,1.0
7,5.87262113089784,0.0
8,5.987634905432229,1.0
9,6.43573884937992,3.0
10,6.545097020692037,3.0
11,6.58472736456919,2.0
12,6.677194895538211,2.0
13,7.02823676008909,0.0
14,7.187240631057371,1.0
15,7.250073467590405,4.0
16,7.756215673335136,1.0
17,8.204510713548391,4.0
18,8.5912184008659,4.0
19,10.171342789690392,0.0
20,10.738002099801212,2.0
21,11.006732688755255,4.0
22,11.046016483824149,1.0
23,11.600215384968909,3.0
24,11.637719556998633,0.0
25,11.684825142815562,2.0
26,11.82369570400918,2.0
27,11.865971056077226,4.0
28,11.929723166213876,1.0
29,12.169571591365418,4.0
30,12.174222840277789,3.0
31,12.194328076731212,3.0
32,12.519473688488832,3.0
33,13.138790811065032,4.0
34,13.211573157374788,0.0
35,13.783169502266194,1.0
36,14.691199464298345,3.0
37,14.961814776139558,3.0
38,15.050834484099834,2.0
39,15.225154685641773,3.0
40,16.20278533299685,1.0
41,16.393832080584033,1.0
42,16.578480573440178,1.0
43,17.092680680555368,0.0
44,17.457225064623834,0.0
45,17.554452687776937,2.0
46,17.703890736353245,1.0
47,18.03643888488793,3.0
48,18.137728236872928,2.0
49,19.419082249732067,4.0
