,time,event
0,0.33871887372074827,1.0
1,1.0882296920917094,4.0
2,1.1499316534736017,4.0
3,1.216317508855105,2.0
4,1.236363076201218,1.0
5,1.4269914669670467,2.0
6,1.5582007315194366,4.0
7,2.2847558215168617,2.0
8,2.3692529440796033,3.0
9,2.5760371712481906,1.0
10,3.056504344279418,1.0
11,3.1728064369597235,4.0
12,3.2844650273099925,3.0
13,3.6495388889215397,0.0
14,3.926103816724202,0.0
15,4.692889897306365,0.0
16,5.20334745617409,4.0
17,5.415254290994215,0.0
18,6.7834113431050636,3.0
19,7.05452049578194,3.0
20,7.199378170265145,4.0
21,7.538527319789546,0.0
22,7.954567774819582,0.0
23,7.98783979056914,4.0
24,8.221801129919857,0.0
25,8.239320508167763,0.0
26,8.304640506074636,1.0
27,8.404048324581312,4.0
28,9.421734770933726,3.0
29,10.420575624654555,1.0
30,10.709551448399917,0.0
31,10.92744419194048,1.0
32,10.989377019221436,3.0
33,11.051727213681556,4.0
34,11.371843886654226,0.0
35,11.487805066924377,0.0
36,11.742146452461958,4.0
37,11.788462911425446,4.0
38,12.501126518540083,4.0
39,12.507404350043876,0.0
40,12.763243828449616,1.0
41,12.85280795904473,2.0
42,13.083840822999322,1.0
43,13.388153982105859,1.0
44,13.40031559057195,0.0
45,13.823124200237892,2.0
46,14.891629049402347,1.0
47,15.15514573585613,0.0
48,15.224386063185355,0.0
49,15.291191032230453,1.0
50,15.31028470052042,0.0
51,15.552938152894262,1.0
52,16.240579161736655,3.0
53,17.38589079380889,2.0
54,17.46690045032418,1.0
55,17.621310011205757,2.0
56,17.71278819941738,2.0
57,18.359817398531522,1.0
58,18.50544397019001,3.0
59,18.595334348973317,0.0
60,18.598211301975265,3.0
61,19.921317030310536,0.0
