,time,event
0,0.15823773916869524,4.0
1,0.2492821243346096,3.0
2,0.43348452466677506,2.0
3,0.4639325190991281,3.0
4,0.5326805562297775,3.0
5,0.8189525729252948,1.0
6,1.19056024012318,1.0
7,1.2326546555677163,3.0
8,1.6428971197295246,3.0
9,2.3778399691228342,3.0
10,2.972652841759507,1.0
11,3.8225679505040757,2.0
12,4.222507738958534,1.0
13,4.886486839625187,3.0
14,4.911453337557062,0.0
15,4.971843814890853,0.0
16,5.136916322842443,3.0
17,5.471004825397649,1.0
18,5.491576908245617,3.0
19,6.682235564712844,1.0
20,6.865425701924175,3.0
21,7.756476332199119,0.0
22,7.846202823036088,1.0
23,7.897487787166943,4.0
24,7.9730836796565265,0.0
25,8.31539069407072,2.0
26,9.028017418061783,2.0
27,9.878258147502859,0.0
28,9.917370347745198,1.0
29,10.144031447786043,1.0
30,10.651802202160237,3.0
31,10.728318513632972,1.0
32,11.078334692041155,1.0
33,11.35459981268876,4.0
34,11.488981776107366,3.0
35,11.878007634074033,4.0
36,12.620147599462133,0.0
37,12.871781562967545,4.0
38,13.141051476507768,4.0
39,13.29836331682771,0.0
40,13.832663608178786,1.0
41,14.073082543850317,1.0
42,15.711587168782895,0.0
43,15.805299355845278,0.0
44,16.168798473182672,4.0
45,16.347880980003016,1.0
46,17.280578663391246,0.0
47,17.95771389669628,4.0
48,18.106233230324715,0.0
49,18.406989716592832,3.0
50,18.42308353628118,0.0
51,18.445697434228702,0.0
52,18.86581876074422,3.0
53,19.19280151600611,2.0
