,time,event
0,0.3922012103525457,3.0
1,1.416234618027486,0.0
2,1.6930160852916039,0.0
3,2.0674898010750873,0.0
4,2.0724669019055932,1.0
5,2.5354773501872625,2.0
6,2.5973873426473357,1.0
7,3.0295605065649163,0.0
8,3.2942704981457043,2.0
9,3.2987941528045446,3.0
10,3.359923000484869,1.0
11,3.431068115308084,2.0
12,3.4554392880890443,2.0
13,3.484080842491877,3.0
14,3.487861182590796,1.0
15,3.7569966161688124,2.0
16,3.9938568490037816,4.0
17,4.013475493244398,3.0
18,4.023918523052795,4.0
19,4.160839175097887,1.0
20,6.44481482781314,2.0
21,6.464212119608575,0.0
22,6.68770369041571,1.0
23,6.693456582436078,0.0
24,7.154963928765126,1.0
25,7.259068448766444,3.0
26,7.281150268900021,1.0
27,7.450677427141816,3.0
28,7.454558945711197,0.0
29,7.5547300593009235,4.0
30,7.633219071626895,0.0
31,7.828484829000804,1.0
32,7.8517575747663235,1.0
33,7.908007380606618,2.0
34,8.155883195380191,0.0
35,10.013024411312934,2.0
36,10.476620387668838,3.0
37,11.102167637729744,1.0
38,11.214699628874039,0.0
39,11.76177626908631,3.0
40,11.798336925246513,1.0
41,12.257901873888535,3.0
42,12.431696505420403,3.0
43,12.495881706562423,2.0
44,12.770552458917972,0.0
45,12.95418567886924,1.0
46,13.146703544541616,1.0
47,13.569190660043395,0.0
48,13.949378186281221,0.0
49,14.53112565532437,3.0
50,14.75762748069389,3.0
51,14.877244633825748,2.0
52,15.053046939339087,4.0
53,16.003690186878583,3.0
54,16.440661469149326,1.0
55,16.55417708051923,0.0
56,16.636466696148997,3.0
57,17.020281551366793,4.0
58,18.911172307247927,0.0
59,19.080310956734714,1.0
60,19.32911955343377,1.0
61,19.680272337070726,0.0
62,19.859805724451448,1.0
