,time,event
0,0.694029274865406,1.0
1,1.1970952655680682,3.0
2,1.6064480882629995,0.0
3,1.852543473623321,0.0
4,2.805990692564068,1.0
5,3.1727679508728666,4.0
6,3.4757860243169256,3.0
7,3.786993322083421,2.0
8,4.289445325734263,0.0
9,4.450472801294111,1.0
10,5.024095772604993,3.0
11,5.094324772240846,1.0
12,5.572521168327001,0.0
13,5.811745748473754,4.0
14,5.880318793549362,2.0
15,6.138118794153295,3.0
16,6.673908858814535,0.0
17,7.006178869154783,4.0
18,7.28936544080205,1.0
19,7.321829492365864,3.0
20,7.52582281554976,0.0
21,8.01856152169634,3.0
22,8.114588213155976,1.0
23,8.259088670111014,0.0
24,9.788614434865135,1.0
25,10.12099191145484,2.0
26,10.17110036285929,2.0
27,11.41141084326422,1.0
28,11.881491788689363,3.0
29,11.906310040356084,2.0
30,12.0666746541929,2.0
31,12.364516296472516,0.0
32,13.144147243831737,1.0
33,13.41089722850129,0.0
34,13.522848363623211,1.0
35,13.57268160038329,1.0
36,13.993819116515027,0.0
37,14.037906068774015,1.0
38,14.571985438270906,1.0
39,14.74898633047297,3.0
40,14.833927765644015,2.0
41,14.997591743627757,1.0
42,15.127725127958785,4.0
43,15.25806106855997,1.0
44,15.815229118701497,1.0
45,15.85312199460144,0.0
46,16.416324195321547,1.0
47,16.440374141706787,1.0
48,16.477513768302902,4.0
49,16.55154465796127,2.0
50,16.69653008651244,3.0
51,16.812365415424157,0.0
52,17.762139649062707,1.0
53,17.795302455970265,0.0
54,17.80139887270166,0.0
55,18.037400082691693,0.0
56,18.680008591714888,1.0
57,18.736997261484554,4.0
58,19.2723576519644,2.0
