,time,event
0,0.08789849621000595,4.0
1,0.2961254651094366,1.0
2,0.37952052267342795,0.0
3,0.6973782078941404,2.0
4,1.6749566335357406,4.0
5,1.9831088799783876,1.0
6,2.166056716851291,0.0
7,2.405950253532439,1.0
8,3.56825403826194,2.0
9,3.630953699334228,0.0
10,3.7089619929277413,1.0
11,3.8272926452639155,0.0
12,3.8298537518350653,1.0
13,3.9286673726435866,0.0
14,4.3780902703361955,4.0
15,4.38794955867729,1.0
16,5.687297409715923,1.0
17,6.019124266716085,3.0
18,6.652065115540272,2.0
19,6.851115047334509,1.0
20,7.128696063308139,1.0
21,7.285695382896582,2.0
22,7.5230292577288465,2.0
23,7.528989249420053,3.0
24,7.66240078551356,1.0
25,7.816132375904928,1.0
26,8.22850550518155,1.0
27,8.517084607701607,1.0
28,9.401988956286301,3.0
29,9.950180542498213,0.0
30,10.19323428668229,0.0
31,10.414386743138177,4.0
32,10.498818342913802,1.0
33,10.70394327998026,1.0
34,11.545471058845235,3.0
35,12.402632484862062,1.0
36,12.59698717835786,1.0
37,12.66500509125156,0.0
38,13.149759892127587,1.0
39,13.185655109437143,3.0
40,13.471999240683395,3.0
41,13.72996018233074,2.0
42,13.770047240496439,1.0
43,14.009343042964089,2.0
44,14.166970254605674,1.0
45,14.899731629742021,1.0
46,15.120498868279812,1.0
47,15.664642878314625,1.0
48,15.887529291918353,4.0
49,15.899843704220388,0.0
50,16.100687588841044,1.0
51,16.119643363452287,0.0
52,16.94433578947726,0.0
53,17.26025822701438,4.0
54,18.530375495799383,4.0
55,19.040250432028195,4.0
56,19.063281039562423,1.0
