,time,event
0,0.6904240028692321,3.0
1,1.3798349710137106,4.0
2,1.4232351157102507,3.0
3,1.9619034549926417,3.0
4,2.3252020761539676,0.0
5,2.8060639626295063,4.0
6,3.1506753299309316,3.0
7,3.3719345000688157,1.0
8,4.437489322216847,4.0
9,4.603546587646322,1.0
10,4.664749383779439,3.0
11,5.422262200067681,1.0
12,6.208786188562938,0.0
13,6.299146399708224,3.0
14,6.384981324814147,3.0
15,6.84444012682242,2.0
16,7.344952309738368,0.0
17,8.173051387656399,2.0
18,8.279659459727325,1.0
19,9.0093799473862,1.0
20,9.847086975669844,1.0
21,9.94162125952266,0.0
22,9.957308348786311,0.0
23,10.554777611163052,0.0
24,10.688214210647494,4.0
25,12.20469039146544,2.0
26,13.030834913977396,0.0
27,13.63475784228768,1.0
28,14.420432530867293,4.0
29,15.463167216273835,0.0
30,15.825729198298076,0.0
31,16.07015371037406,0.0
32,16.265425555583107,0.0
33,16.76092697970713,4.0
34,18.152286759533617,3.0
35,18.399674176013377,2.0
36,18.577106592788915,2.0
37,18.880442159350483,0.0
38,19.11853024636605,1.0
39,19.45550532844069,1.0
