,time,event
0,0.5758652804784895,3.0
1,0.6122174882962956,3.0
2,1.1844936726172333,3.0
3,1.3541785151893337,3.0
4,1.5537199055282347,1.0
5,1.811370218258934,0.0
6,1.9693060936410334,2.0
7,2.132148033423877,1.0
8,2.4352886719857207,1.0
9,2.500891918485353,0.0
10,2.757561877761448,3.0
11,2.9558838815187105,0.0
12,3.1554518279059076,0.0
13,3.6530625754155497,1.0
14,4.428535941240412,0.0
15,5.678306968435621,1.0
16,7.0291050796924015,4.0
17,7.505778684559524,1.0
18,8.139437433682119,2.0
19,8.867841595382966,2.0
20,8.981613383560521,1.0
21,9.047320997944572,3.0
22,9.239522334241235,0.0
23,9.262508872866757,0.0
24,10.860309270372754,3.0
25,11.182252163421838,4.0
26,11.230507605379556,2.0
27,11.62333698498669,4.0
28,11.868500162849404,1.0
29,12.909451893639293,1.0
30,13.455895825320228,0.0
31,13.918959924358893,4.0
32,14.286588303397313,2.0
33,14.391400473285554,0.0
34,14.728513933017258,1.0
35,16.146859122702494,3.0
36,16.22944359897759,0.0
37,16.66967988356911,3.0
38,18.185267653047195,1.0
39,19.060439929356036,0.0
40,19.274982051791408,4.0
41,19.49539893232081,4.0
