,time,event
0,0.7722837186237911,0.0
1,0.8759748760064094,3.0
2,1.9737915473248036,2.0
3,2.1626936761175473,1.0
4,2.4797955484232608,0.0
5,3.2498675798220535,1.0
6,3.62114038732256,1.0
7,3.866774738551285,1.0
8,5.413688619285338,1.0
9,5.535785817585215,3.0
10,6.532483305026696,4.0
11,6.5862725874461105,0.0
12,7.998793561873448,1.0
13,8.343665559559913,4.0
14,8.46666091735377,1.0
15,8.682547845827516,0.0
16,9.80123994272462,0.0
17,10.318310357546908,1.0
18,10.420148687768942,4.0
19,10.868143326352568,3.0
20,10.882342369099117,1.0
21,11.153975811542903,1.0
22,11.443600130840869,1.0
23,12.017258234024045,0.0
24,12.14183458155378,1.0
25,12.761671950945797,3.0
26,13.255330810202489,1.0
27,13.522736654973595,1.0
28,13.661315602506637,2.0
29,14.08293185612583,4.0
30,14.209615971619906,0.0
31,14.330670970492443,1.0
32,15.611687524106104,0.0
33,16.40656968456146,0.0
34,17.100184858468275,4.0
35,17.418596655627372,0.0
36,18.104118936537127,4.0
37,18.253861452406785,1.0
38,18.58734857715176,3.0
39,19.1659143203779,2.0
40,19.250137788646352,0.0
41,19.712743791907222,0.0
42,19.852488174628977,0.0
