,time,event
0,0.36704322650465043,2.0
1,2.1453579193163734,0.0
2,2.423973107073446,2.0
3,2.4304504204057937,3.0
4,2.556967829832793,4.0
5,2.724945062861305,1.0
6,3.125111433042723,2.0
7,3.2437031900334614,3.0
8,3.381240556328939,2.0
9,3.4936690484792408,2.0
10,4.10090207569893,1.0
11,4.209546416070798,3.0
12,5.402885957772581,4.0
13,5.761438026103724,1.0
14,5.943657096990712,4.0
15,6.421750940872562,1.0
16,6.751820455478786,2.0
17,7.260010835045196,3.0
18,7.372166751714995,2.0
19,7.629937948276287,1.0
20,9.043899754576943,1.0
21,9.248078191420722,3.0
22,9.57993392701639,1.0
23,10.008460697009811,3.0
24,10.413325756258635,4.0
25,11.040403023942545,1.0
26,11.453877646275972,4.0
27,11.83654870473428,3.0
28,12.351137357208152,3.0
29,12.610747935425236,0.0
30,12.868758985066645,4.0
31,13.704517250603653,3.0
32,13.768663857865937,3.0
33,13.95734756541264,0.0
34,14.072593856335956,2.0
35,14.34202335475369,1.0
36,16.275951776746275,0.0
37,16.874261902199372,4.0
38,16.954636226058717,1.0
39,17.66071940061199,4.0
40,18.00213482163815,0.0
41,18.060238358712166,2.0
42,18.818654466159725,0.0
43,19.68349886883232,1.0
44,19.743073325643063,3.0
