,time,event
0,0.6313756910017443,0.0
1,0.660491091256164,1.0
2,1.2340755724758448,1.0
3,1.4642178279066753,1.0
4,1.499908674783012,2.0
5,1.816922983190956,0.0
6,2.1007346273684298,0.0
7,2.445745254467976,3.0
8,2.8531553435651587,1.0
9,3.3872954664313073,1.0
10,3.4726445763927027,2.0
11,4.249636708261978,1.0
12,4.343664322184286,1.0
13,5.444774414393099,4.0
14,6.6852854556288,4.0
15,6.777216438990695,1.0
16,7.18759843825593,3.0
17,7.540664684306042,2.0
18,7.70818511060647,4.0
19,8.43983922815574,3.0
20,8.715643740649798,2.0
21,8.720519803614085,4.0
22,8.947534633109404,1.0
23,9.300513582310849,3.0
24,9.423561599368568,4.0
25,9.433010630942606,4.0
26,9.53271088876836,1.0
27,9.822548836973233,4.0
28,10.152524081679925,1.0
29,10.25892895479981,0.0
30,10.338011359869517,0.0
31,10.364794161013817,4.0
32,10.42777199461102,0.0
33,10.647841890154169,0.0
34,11.040109543516005,0.0
35,11.044176848079832,4.0
36,11.06713544832105,3.0
37,11.160146511837205,1.0
38,11.851432361246657,3.0
39,12.096596929747292,2.0
40,12.940118180698699,2.0
41,13.27165175120841,1.0
42,13.689576561236565,0.0
43,13.895838468695848,0.0
44,14.158751726547248,0.0
45,14.163514844853418,0.0
46,14.295127321218768,0.0
47,14.670757660844439,1.0
48,14.917995281353283,4.0
49,14.948090520076564,0.0
50,15.089671286264796,1.0
51,15.130253635998542,0.0
52,15.181152681375998,1.0
53,15.407255551286841,1.0
54,15.641336327442609,2.0
55,16.00493956240731,1.0
56,16.03906533834054,1.0
57,16.141540820776452,1.0
58,16.30972406479554,1.0
59,16.350714907895274,1.0
60,17.242103194522926,1.0
61,17.408628010414738,1.0
62,17.46224017202645,1.0
63,18.333155916339596,4.0
64,18.526866489118248,2.0
65,18.963704530485803,0.0
66,19.079754424082427,1.0
67,19.104447444252674,1.0
