,time,event
0,0.9073433489700454,4.0
1,0.9972271513671298,1.0
2,1.0636451001841594,0.0
3,1.5732506415046656,4.0
4,2.4762071635719543,3.0
5,2.551665485833429,1.0
6,3.699063337341032,2.0
7,3.728825268013767,1.0
8,4.0785516239069874,3.0
9,4.878692076501043,4.0
10,5.052099112239468,0.0
11,5.595274806883157,0.0
12,5.8340760479125455,3.0
13,6.211604361753354,0.0
14,6.2132949647513325,4.0
15,6.974210223302472,1.0
16,7.263365961224878,0.0
17,7.359266319630372,2.0
18,7.619103053884037,0.0
19,7.785718398483852,1.0
20,7.947687162831464,3.0
21,8.212328896688634,3.0
22,8.363725040427088,1.0
23,9.019335473011049,1.0
24,9.593477276986285,0.0
25,9.693530363063772,1.0
26,9.889276968661992,2.0
27,10.619465695529314,1.0
28,10.840885479773133,1.0
29,11.901808005643282,1.0
30,11.996421573780152,1.0
31,12.159968095194078,1.0
32,12.615107541617594,0.0
33,12.771991097409657,4.0
34,12.869346620103308,1.0
35,13.030673735375109,1.0
36,13.181077635879939,0.0
37,13.295019454019373,3.0
38,13.535831346833088,1.0
39,13.865611969637776,1.0
40,13.942065462409063,0.0
41,14.217900106208479,3.0
42,14.590624351069184,1.0
43,15.019456542583452,1.0
44,15.149492721917039,1.0
45,15.457199865694445,2.0
46,15.578739566087224,1.0
47,16.029115405479534,1.0
48,17.034606924808244,1.0
49,17.2040253194571,3.0
50,17.476933608321964,2.0
51,17.805029050669027,1.0
52,17.939480166663415,2.0
53,18.1430927589919,4.0
54,18.349653047538443,1.0
55,18.87621007727567,0.0
56,19.118750871405023,0.0
57,19.18994923020837,0.0
58,19.747850521868298,4.0
