,time,event
0,0.5165072282627532,4.0
1,1.3219442326141047,1.0
2,1.6279904196970678,0.0
3,1.6313709265299265,1.0
4,1.6629837269965941,1.0
5,2.551845315521449,0.0
6,2.5676050008619047,0.0
7,3.0000996548391763,1.0
8,3.340887295456518,1.0
9,3.84936474827404,1.0
10,4.799632585378116,1.0
11,5.259282034385749,0.0
12,6.110030286980764,0.0
13,6.299262291724013,0.0
14,6.358571290617728,4.0
15,6.551210556182437,2.0
16,6.8563175940752075,2.0
17,6.874845616892587,3.0
18,7.225728040454928,0.0
19,7.406877713924839,4.0
20,7.42265332187276,4.0
21,7.478520022493743,1.0
22,7.539757403429406,3.0
23,7.6276277434889534,0.0
24,8.26930662904758,3.0
25,8.45383320804312,1.0
26,8.842093643268223,0.0
27,9.631486342126214,4.0
28,10.203746209859684,2.0
29,10.647577674564396,2.0
30,10.673243730261891,0.0
31,10.673335140961848,0.0
32,10.927155151841818,0.0
33,12.123005484022816,2.0
34,12.300998415380054,0.0
35,13.255277554242289,3.0
36,13.424224126380414,2.0
37,13.927533908085719,3.0
38,13.97209289386749,1.0
39,14.296877469275438,2.0
40,14.512566267609426,1.0
41,14.64283348080963,3.0
42,15.180458959171375,4.0
43,15.410786520547664,2.0
44,15.414251071883008,2.0
45,16.120398250113865,1.0
46,16.32592319525087,3.0
47,16.38933334208627,3.0
48,16.52733567027483,1.0
49,16.7348198280759,0.0
50,17.034704600238456,1.0
51,18.841433894488805,1.0
52,18.925069866343936,2.0
53,18.973074661109138,0.0
54,19.00332149120191,1.0
55,19.299865739570038,3.0
56,19.468234180588254,1.0
57,19.694513670370767,1.0
58,19.709202249553226,1.0
