,time,event
0,1.2128439840176963,1.0
1,1.6561330072114648,4.0
2,1.7802030754157288,3.0
3,2.1924804384039747,0.0
4,2.4512264007684266,0.0
5,2.759799809888126,1.0
6,2.7775619442724553,1.0
7,2.7803199468764266,0.0
8,2.9008567700621852,0.0
9,3.497767293993542,0.0
10,3.6012998738731885,2.0
11,3.72949417181781,3.0
12,5.088223954030258,3.0
13,5.345016031548096,1.0
14,5.469768510472366,1.0
15,5.638110592041415,1.0
16,6.432863215449147,3.0
17,7.9255948607912,3.0
18,8.901988254768495,0.0
19,9.289755019727467,0.0
20,9.426270797295754,4.0
21,9.54819607595429,4.0
22,9.722215442243181,1.0
23,10.080923416182817,1.0
24,10.236167572574997,3.0
25,10.63028782333699,4.0
26,11.03025727241449,2.0
27,11.406336299883092,4.0
28,11.418817204337854,3.0
29,12.583124646193982,0.0
30,12.609410802805217,1.0
31,12.708797114052294,4.0
32,12.820188735493529,3.0
33,12.987852151047539,0.0
34,13.178918953960698,0.0
35,13.792908805344018,2.0
36,13.873830965233537,0.0
37,13.937461592239098,1.0
38,14.147819198291515,4.0
39,14.217064799062117,2.0
40,14.348343149592544,1.0
41,14.470306618678096,0.0
42,15.124927085167805,1.0
43,15.28125190472974,2.0
44,16.54227979960443,0.0
45,16.66546847929503,0.0
46,17.479712988412977,0.0
47,18.28628120842991,0.0
48,19.44874917588471,2.0
49,19.94056496410766,1.0
