,time,event
0,0.2249118789233469,4.0
1,0.6884198660494514,3.0
2,1.0052637662757835,0.0
3,2.1270027411499317,1.0
4,2.459509093746199,0.0
5,2.5645048471642693,3.0
6,2.783395004830198,0.0
7,2.878532031866468,3.0
8,4.136112638495462,0.0
9,4.577612872742216,0.0
10,6.619940444861735,3.0
11,7.273634107173513,3.0
12,7.392023405533876,4.0
13,7.584913002398433,0.0
14,7.817443150767789,3.0
15,7.823373550736814,3.0
16,8.338142446578093,1.0
17,8.36395956658968,1.0
18,8.456589960177338,3.0
19,9.674269084986536,3.0
20,9.721080702095401,4.0
21,10.008281498327557,1.0
22,10.614715364413602,1.0
23,10.783945866910946,0.0
24,10.862092359731614,2.0
25,12.143252442171075,3.0
26,12.314827662029225,0.0
27,13.406164681546016,0.0
28,13.729621309495354,0.0
29,14.187775830505714,3.0
30,14.293556059079044,4.0
31,14.447930549366115,0.0
32,15.120397199873885,1.0
33,15.510956284265236,1.0
34,15.56298233485615,0.0
35,15.641838595723321,0.0
36,15.654498362056826,4.0
37,16.052189635767448,0.0
38,16.231763977975564,2.0
39,16.533761944380423,4.0
40,16.68067524887346,2.0
41,16.928674487566095,0.0
42,17.414373411170082,0.0
43,17.709668019751714,0.0
44,17.917878895081788,2.0
45,18.504149878809883,4.0
46,18.610316746165534,0.0
47,18.77835068935522,3.0
48,18.979670431880287,0.0
49,19.32293187073603,1.0
50,19.569231134838933,2.0
51,19.746382970519793,2.0
