,time,event
0,0.3727920898207689,2.0
1,0.488758676815221,4.0
2,1.43937844749543,1.0
3,3.3184345691497903,1.0
4,3.487911644733545,2.0
5,3.6421345662545668,2.0
6,4.902700540624785,1.0
7,5.847602332325315,1.0
8,6.08248540594776,1.0
9,6.213467116607318,1.0
10,6.629165535625824,2.0
11,6.7094809910202375,0.0
12,6.909094325280275,2.0
13,7.171186119041978,0.0
14,7.551320979939971,3.0
15,7.69970919738463,3.0
16,7.779038254348319,2.0
17,7.959516705729001,1.0
18,8.959997139604425,0.0
19,9.110036359593066,3.0
20,9.243621202094024,0.0
21,9.298938806368813,1.0
22,9.396891563838011,0.0
23,9.42527363531862,1.0
24,9.487799765729871,4.0
25,10.007482102952332,0.0
26,10.217096294901236,1.0
27,10.341247218942792,0.0
28,10.678012829659021,1.0
29,11.227919793985496,3.0
30,11.663496632801783,2.0
31,12.500743419767415,0.0
32,12.940042270917415,4.0
33,13.511229993275036,0.0
34,14.088539957983922,3.0
35,14.168795659571979,1.0
36,14.193274639802556,1.0
37,15.65471444823632,4.0
38,16.59808036387333,0.0
39,17.114821934192623,4.0
40,17.406836943719487,3.0
41,17.85528677828004,0.0
42,17.912379605282435,1.0
43,18.152577549729514,0.0
44,18.159308474814477,0.0
45,19.665892259690697,1.0
46,19.681554345894842,1.0
47,19.78088302536405,3.0
48,19.948729522662774,1.0
