,time,event
0,0.1539182181929599,1.0
1,0.22851816137018105,1.0
2,0.3279416137302635,2.0
3,0.8787252902503888,0.0
4,0.9574871722253573,2.0
5,1.3555278349078836,0.0
6,1.8950784151411755,1.0
7,1.9164811090554068,1.0
8,2.5771907482314838,1.0
9,3.197475035078296,0.0
10,3.7825590511469938,4.0
11,3.8014306830072884,4.0
12,3.8173089501433264,0.0
13,4.129258816689194,1.0
14,4.192600319836879,0.0
15,4.366120730954574,2.0
16,4.424502382573254,4.0
17,5.03961982141197,3.0
18,5.456382882908482,2.0
19,5.5176377508946155,1.0
20,5.7456289218018135,4.0
21,5.819775053478385,0.0
22,6.002774624696401,2.0
23,6.6806180967384385,1.0
24,6.732941249489867,2.0
25,6.927241202611811,1.0
26,7.302196428236445,1.0
27,7.337680371721806,2.0
28,7.579055475511898,1.0
29,7.6216956895179315,0.0
30,8.097693220798991,1.0
31,8.851335633949695,1.0
32,9.079834845888039,1.0
33,9.30675136127814,3.0
34,10.032765972692488,4.0
35,10.186902481219622,0.0
36,10.25250443179324,2.0
37,10.732948201026728,1.0
38,10.733555507247276,0.0
39,11.303201944113953,0.0
40,11.483885634589244,1.0
41,11.544229504248412,1.0
42,11.799927216199354,3.0
43,11.872517770739867,1.0
44,12.002831658992292,3.0
45,12.07515292449661,0.0
46,12.172461259650527,0.0
47,12.260197682218797,0.0
48,12.268261464961853,4.0
49,12.56256936879127,0.0
50,12.694053952049993,3.0
51,12.868561747006705,1.0
52,13.183458189514543,4.0
53,13.270398630757239,1.0
54,13.708552523475843,2.0
55,13.805209645392264,4.0
56,14.466118338184826,3.0
57,14.466957679518408,4.0
58,14.815467174396561,0.0
59,15.763003082250163,3.0
60,15.996994832803919,3.0
61,16.337679658447733,0.0
62,17.202846442189507,2.0
63,17.317990353028996,1.0
64,17.72948223112233,4.0
65,17.829001139451016,2.0
66,18.917904460082816,0.0
67,19.096787807223475,0.0
68,19.892198227996257,3.0
69,19.980436016492217,2.0
