,time,event
0,0.14652974161394597,1.0
1,1.2279235240242021,3.0
2,1.7389887016979955,1.0
3,2.023476794679549,2.0
4,2.2284269573981144,4.0
5,3.603067359770111,1.0
6,3.6113208379554993,3.0
7,3.6863165707876946,1.0
8,4.343412183128889,2.0
9,4.345798849305394,3.0
10,4.655674807146588,0.0
11,4.74911306014742,3.0
12,4.9907755996783605,0.0
13,5.156036365501251,0.0
14,5.702810016128281,4.0
15,5.8549901918042,1.0
16,5.926531699515867,1.0
17,6.0659848715335745,2.0
18,6.77070081523135,1.0
19,7.316594022448428,4.0
20,7.326932453364466,0.0
21,7.452967645320504,2.0
22,8.392343360211736,1.0
23,8.446342007261991,4.0
24,8.639730874279705,1.0
25,9.607390750407664,3.0
26,9.812685071210785,4.0
27,10.671605559134482,4.0
28,10.738966976008264,3.0
29,11.279053960914542,1.0
30,11.90488556528898,4.0
31,12.07220095268359,1.0
32,12.199244696076825,3.0
33,12.225799910340845,3.0
34,12.538346635341826,4.0
35,12.861870664923021,0.0
36,13.743317051510845,3.0
37,13.980686887597972,3.0
38,14.60047354933589,3.0
39,14.62088728377358,4.0
40,15.306649755920313,3.0
41,16.289728347233034,4.0
42,16.74456239000818,3.0
43,16.760781647321014,1.0
44,16.866646615619405,0.0
45,17.529934109648252,1.0
46,17.53741981418271,1.0
47,17.97413865106659,1.0
48,18.21773932075074,4.0
49,18.441165277177735,4.0
50,19.085596322800466,3.0
51,19.50250029182201,0.0
