,time,event
0,0.7149939333169171,4.0
1,0.8650188240941088,4.0
2,1.0062621614243232,2.0
3,1.1246031311607678,4.0
4,1.813910482780595,4.0
5,1.8525633004323416,2.0
6,2.8734416075011833,3.0
7,3.015578765506953,1.0
8,3.199401694267683,2.0
9,3.5565829100027235,1.0
10,3.8225945444992795,1.0
11,4.088822374630718,2.0
12,4.16856289589453,2.0
13,4.643636393804471,2.0
14,4.9369091192170105,1.0
15,6.397443556257718,2.0
16,6.411418128659542,2.0
17,7.031792472979748,1.0
18,7.51053673293454,3.0
19,7.9392966363815125,2.0
20,8.393613916955983,3.0
21,8.512815725702225,2.0
22,8.67585000588999,1.0
23,8.885105743911057,4.0
24,9.979952133572295,3.0
25,10.578069474904305,3.0
26,10.949366030959062,1.0
27,12.272833943658657,2.0
28,12.324837666423516,2.0
29,12.582971497000443,3.0
30,12.64396047267738,2.0
31,13.04984202100269,1.0
32,14.06969747266815,2.0
33,14.154215806832251,4.0
34,14.262577360919611,4.0
35,14.521932288904608,0.0
36,14.94677562632022,4.0
37,15.409505574701639,1.0
38,15.605158907244066,3.0
39,15.963940618459509,4.0
40,16.636547938745917,4.0
41,16.976360960674146,1.0
42,17.38480829703472,4.0
43,17.394149646760905,2.0
44,17.809905772555663,4.0
45,18.542981603150228,2.0
46,19.221951697692738,2.0
47,19.355847747169765,1.0
