,time,event
0,0.9419763889898136,4.0
1,0.9470426293272154,1.0
2,1.2493798405087029,4.0
3,1.7133251944483945,0.0
4,1.7928562070134986,2.0
5,2.6057901159409704,1.0
6,2.8273770456012772,2.0
7,2.8587671192236916,0.0
8,3.0197036965449406,4.0
9,3.762021797397921,1.0
10,4.113722199642774,4.0
11,4.583789077319491,3.0
12,5.2384320671410345,2.0
13,5.546432904916841,3.0
14,5.628505232056416,2.0
15,5.7409022371459955,0.0
16,5.781238652178854,1.0
17,6.15164158168936,1.0
18,6.662238640507954,4.0
19,8.376684211874593,0.0
20,8.995218292211725,1.0
21,9.190270961043439,4.0
22,10.202476155759117,2.0
23,10.422446221232427,2.0
24,10.690843470476269,4.0
25,10.976119554758025,1.0
26,11.75957079041052,1.0
27,12.4800901513354,4.0
28,12.579570825433478,0.0
29,12.73784980759994,1.0
30,13.00887515222036,4.0
31,13.096985499273579,0.0
32,13.314934006775752,1.0
33,13.705942114405802,1.0
34,14.181111498020599,2.0
35,14.425276800704085,3.0
36,14.963057734358792,0.0
37,15.384682781357395,4.0
38,15.57044207128807,3.0
39,16.11257191426417,1.0
40,16.71762127232346,0.0
41,17.149109940148044,4.0
42,17.191754493531587,3.0
43,17.374266791749537,4.0
44,17.731181721902395,0.0
45,18.239422486217258,4.0
46,18.390760043769962,3.0
47,18.998930524251943,4.0
48,19.0067051832813,0.0
