,time,event
0,0.13577608254445592,4.0
1,0.5728214385538155,3.0
2,0.7001702611940217,4.0
3,0.7337142050948865,0.0
4,0.7758374025554033,1.0
5,1.0133550462953336,4.0
6,2.2073812713980403,1.0
7,3.1361553097555683,2.0
8,3.190849429325873,2.0
9,3.223617243373166,2.0
10,3.307279384542555,1.0
11,3.4559233274778185,3.0
12,3.609189330918324,2.0
13,4.119619421602049,2.0
14,4.274449138749866,4.0
15,4.372291789491417,4.0
16,4.8156535138620535,4.0
17,4.8699844442589475,1.0
18,5.181104242231836,2.0
19,6.181420682933265,4.0
20,6.574733271976306,1.0
21,7.0375771112552,1.0
22,7.251202784706583,1.0
23,7.262192557794658,2.0
24,7.354010386939808,4.0
25,7.9342464451091566,1.0
26,8.769288296718543,2.0
27,8.879687020903583,2.0
28,8.930798788428937,1.0
29,9.008804508824259,3.0
30,9.416895841026532,4.0
31,9.579909822963533,1.0
32,10.00139259839884,2.0
33,10.240862708528805,2.0
34,10.425693393776134,3.0
35,10.610806542840303,4.0
36,10.951056767705357,4.0
37,11.031965011069307,4.0
38,11.363482988188466,0.0
39,11.739668502690295,4.0
40,11.923259853397836,1.0
41,12.442155780266374,1.0
42,12.663289683957377,2.0
43,13.273826534352244,2.0
44,13.606003306652418,1.0
45,14.041056675359798,2.0
46,14.581031563524038,4.0
47,14.6075049055912,2.0
48,15.013624049974164,4.0
49,15.819408235664703,2.0
50,16.337869693324052,2.0
51,16.43156552601353,2.0
52,17.18241037852538,4.0
53,17.35068617437226,0.0
54,17.382934269695266,2.0
55,17.993342038774422,4.0
56,18.02029985044434,1.0
57,18.04513633975645,2.0
58,18.072212841056693,2.0
59,18.712521260444472,2.0
