,time,event
0,0.34786892270728564,3.0
1,0.6944667761901842,2.0
2,1.9252728921948865,2.0
3,2.752565710763342,2.0
4,2.8057204359995027,0.0
5,2.8912001990367577,1.0
6,3.491395134787382,4.0
7,4.069048832755416,2.0
8,4.18475433690598,1.0
9,4.371965029013745,1.0
10,4.405888820176436,1.0
11,4.53782550089041,4.0
12,5.155318671144013,0.0
13,5.55429464363705,1.0
14,6.900097896737482,0.0
15,7.118960146287347,2.0
16,7.4207936515496655,3.0
17,7.658834604441623,4.0
18,8.812510180156345,1.0
19,9.396696529071322,0.0
20,9.602266538655849,1.0
21,9.892752956938057,0.0
22,10.426862839472797,1.0
23,10.474143848199734,4.0
24,10.850430310327353,0.0
25,11.339105160572792,1.0
26,11.463294306399737,4.0
27,11.816648602098361,4.0
28,12.292583204227796,4.0
29,12.691125218439565,3.0
30,13.203963064203535,4.0
31,13.355449203735308,4.0
32,13.837588791726573,1.0
33,14.814015548171154,0.0
34,15.943921422504681,4.0
35,16.34497965161966,0.0
36,16.618165963413652,2.0
37,17.60847530320524,4.0
38,17.71897772088413,1.0
39,19.142764778627264,1.0
40,19.424147072197666,3.0
41,19.709952994899794,4.0
