,time,event
0,1.6054936862107192,1.0
1,1.8241892533066544,1.0
2,2.101156490555022,4.0
3,2.470629657275622,1.0
4,3.294742076887961,4.0
5,4.972795937976676,1.0
6,5.2279620112210825,1.0
7,5.315666012445389,4.0
8,5.816444082897167,1.0
9,6.308836151163737,4.0
10,6.470614891311783,2.0
11,6.87498442001072,1.0
12,7.168457720867184,0.0
13,8.201593059437261,4.0
14,8.372667633076716,2.0
15,8.513617873451267,4.0
16,9.321026241592163,2.0
17,9.84245385663813,4.0
18,10.204287765726303,3.0
19,11.007979702701329,2.0
20,11.337913529574116,1.0
21,11.654820644334407,4.0
22,12.031537390258343,1.0
23,12.100003668074228,1.0
24,12.221296932665663,4.0
25,13.297812315580655,4.0
26,14.503035968920123,2.0
27,15.151227655439923,2.0
28,15.155591062282868,2.0
29,15.569089084907432,0.0
30,16.35857510411651,1.0
31,16.683584862490992,0.0
32,16.8389897655844,1.0
33,16.92963128337395,4.0
34,17.063947703352095,2.0
35,17.191304239492542,2.0
36,17.2641789548972,1.0
37,17.652281209189496,4.0
38,17.652489927065528,2.0
39,18.041118224535992,3.0
40,18.08033435270983,4.0
41,18.11008134453034,1.0
42,18.21431692133221,3.0
43,18.3588611842749,4.0
44,18.431739163811883,2.0
45,19.388001960260127,4.0
46,19.78339906611633,4.0
47,19.855961150330184,4.0
48,19.877994304634278,1.0
