,time,event
0,0.3674650208371372,4.0
1,1.1393379974243318,2.0
2,1.1614913807078033,2.0
3,1.1718267029498362,4.0
4,1.1944543188884493,4.0
5,1.4443839446387272,4.0
6,1.6963270335606584,4.0
7,1.8012659045405137,4.0
8,2.1301783187369443,3.0
9,2.2486992575658173,4.0
10,2.383275049600915,2.0
11,2.619678958134278,2.0
12,2.6952260138468453,2.0
13,2.9014960181711795,1.0
14,3.1749139885394255,2.0
15,3.3674798095915133,1.0
16,3.411837337865236,2.0
17,3.6570757033137515,2.0
18,4.9720555067046455,2.0
19,5.00750925017411,2.0
20,5.1793203876977945,4.0
21,5.223030543400396,1.0
22,5.75752732685656,4.0
23,6.1109420774144505,2.0
24,6.5794378764711325,0.0
25,6.959799871820191,4.0
26,7.20294710822298,1.0
27,7.528358822384985,4.0
28,8.701871024395048,4.0
29,8.949427446645092,2.0
30,8.951100468397597,2.0
31,9.261250935578827,2.0
32,9.602177646733344,2.0
33,10.086856081325665,1.0
34,10.196040662038367,1.0
35,10.33214422882282,2.0
36,10.390526947510216,0.0
37,10.517539764207415,3.0
38,11.338472176088452,2.0
39,11.8263030962462,4.0
40,11.903517474849169,4.0
41,12.502482852751214,4.0
42,12.894991120589827,0.0
43,12.975186056954879,2.0
44,13.167871358658134,1.0
45,14.071371078134586,2.0
46,14.252155090244536,1.0
47,14.622150202755718,4.0
48,14.902902242397271,3.0
49,15.712031162403633,2.0
50,15.989866073110942,2.0
51,16.090389299882023,4.0
52,16.18737506208428,4.0
53,16.319412766098075,4.0
54,16.72324153315373,2.0
55,16.970608849296227,4.0
56,17.01934517373957,2.0
57,17.831013623937746,4.0
58,17.837024029561682,4.0
59,18.11858911850715,2.0
60,18.397698432770696,4.0
61,18.869148680235806,0.0
62,19.30581793334014,2.0
63,19.570129691319917,4.0
