,time,event
0,0.09862730400535474,2.0
1,0.16932361046835265,2.0
2,0.21906464506927434,4.0
3,1.5365000090783079,2.0
4,1.6147957232304653,2.0
5,2.182325462112048,1.0
6,2.402011866650849,4.0
7,2.523507181543787,4.0
8,2.6346372165055882,1.0
9,3.4277089672119896,1.0
10,3.7468347820610624,4.0
11,4.197001594559228,1.0
12,4.635410079573048,4.0
13,5.792551654420803,4.0
14,6.3706882496970465,4.0
15,6.387988789839857,1.0
16,7.006408278151312,2.0
17,7.3132293924803955,2.0
18,7.4744093690575655,4.0
19,7.78404359741296,1.0
20,7.874454832481051,2.0
21,7.918512010839875,3.0
22,7.965768570994354,4.0
23,8.033268170680211,1.0
24,8.274556946353963,1.0
25,8.36923132135057,4.0
26,8.473042946859922,2.0
27,8.864502286412149,4.0
28,9.298029276493468,1.0
29,9.61491909123732,1.0
30,9.719594910602257,1.0
31,9.783176669583003,2.0
32,10.035458612964767,2.0
33,10.283454191902603,2.0
34,10.388298796198672,1.0
35,10.93744599005398,2.0
36,11.081785616266622,2.0
37,11.36895268356401,4.0
38,11.638052818598243,4.0
39,13.034778918481312,2.0
40,13.057540440604356,3.0
41,13.237141864145684,2.0
42,13.261327606933,3.0
43,13.467562488848783,4.0
44,13.711177734256268,1.0
45,14.381888012075736,1.0
46,14.469253194229347,1.0
47,15.183177531652177,4.0
48,16.002844397755428,3.0
49,16.010955745067157,2.0
50,16.336278842447516,2.0
51,17.301965199112665,1.0
52,18.246419992723187,4.0
53,18.28292794618013,2.0
54,18.329052416295653,0.0
55,18.44755591719005,1.0
56,19.178616096233718,2.0
57,19.184557442741873,1.0
58,19.27743826435936,2.0
59,19.497483866235942,4.0
60,19.659280145471552,4.0
