,time,event
0,0.5105159139684936,1.0
1,1.6217528930203875,3.0
2,2.0328014075034044,4.0
3,3.4699787737430374,2.0
4,3.7851187909633257,1.0
5,3.84985242502758,2.0
6,3.8852495000387504,2.0
7,3.959136213331113,1.0
8,4.076932307838928,3.0
9,5.232413070653017,3.0
10,5.357860033312087,2.0
11,5.8046064895320635,1.0
12,6.1040664543677545,1.0
13,6.115890674449027,2.0
14,6.40134071333351,2.0
15,6.625780697036945,2.0
16,7.635561247914484,1.0
17,7.896621052497527,2.0
18,8.238016073021148,1.0
19,8.605317356025889,2.0
20,9.097011340921362,4.0
21,10.055235041125192,4.0
22,10.079297002736263,1.0
23,11.725739711971684,4.0
24,11.920928371097435,4.0
25,12.553298895143854,1.0
26,13.163256577487504,4.0
27,13.324552351955909,2.0
28,13.62742724465086,2.0
29,14.502140764931676,2.0
30,14.851001513352545,4.0
31,15.381187679836511,1.0
32,15.406319245753382,1.0
33,16.081251917043687,0.0
34,16.31884092273117,2.0
35,17.42008132509133,1.0
36,17.77635592620022,4.0
37,18.24883824134714,0.0
38,18.257473310873763,1.0
39,18.750752187809614,4.0
40,18.754880183470604,1.0
41,19.42834624839254,4.0
42,19.608564935525525,3.0
43,19.863209685217893,2.0
