,time,event
0,0.6228397625702315,1.0
1,1.7511471851229619,2.0
2,1.8505899609770509,2.0
3,2.103133471054829,4.0
4,2.1850259156704452,2.0
5,2.338071998829513,3.0
6,2.7135869578477525,2.0
7,3.4755749169872505,1.0
8,3.5819727624590323,2.0
9,4.106058647754884,4.0
10,4.22348526564735,4.0
11,4.477099877901564,3.0
12,4.806532515968538,4.0
13,5.371727797708718,1.0
14,5.613326403522594,4.0
15,6.988890664974651,4.0
16,7.392674275974835,2.0
17,7.7618848520738615,4.0
18,7.819360380939232,2.0
19,8.049073146935223,2.0
20,9.838639927345866,1.0
21,9.94302614802144,0.0
22,11.139090292755188,1.0
23,11.177767593579032,2.0
24,11.407933338754226,4.0
25,11.85101929263053,4.0
26,12.074935837242688,2.0
27,12.778529201713372,4.0
28,13.413934242428342,1.0
29,13.431260260985582,4.0
30,13.758439025276067,1.0
31,14.069711768940516,1.0
32,14.162268401735972,1.0
33,14.799890011208886,2.0
34,15.100095913999505,4.0
35,15.224853627858412,0.0
36,15.63452503402029,2.0
37,15.724786613887357,1.0
38,15.855813574232268,1.0
39,16.171094908464816,4.0
40,16.315535091889338,4.0
41,17.205053187371746,1.0
42,17.207596812499304,4.0
43,17.74126579456477,4.0
44,17.894173258917057,0.0
45,18.287239612528992,4.0
46,19.03451446979629,1.0
47,19.1884421559743,2.0
