,time,event
0,0.4334872923802408,4.0
1,0.6420583032841274,1.0
2,1.0033884643015998,2.0
3,1.3627757315794604,4.0
4,1.942234514846735,1.0
5,2.1152758460816465,2.0
6,2.132181665991832,4.0
7,2.714074840209386,4.0
8,3.174424325465594,4.0
9,3.8996935467710205,2.0
10,4.18254293311519,1.0
11,4.3148445372963495,1.0
12,5.024007191889712,4.0
13,5.942756556918645,4.0
14,6.152325876927868,4.0
15,6.688334241482213,1.0
16,7.856820363516165,3.0
17,8.548534821024283,2.0
18,8.57807878540628,2.0
19,8.607811041557806,1.0
20,9.362791279755063,4.0
21,9.416895449377147,2.0
22,10.04023246500914,2.0
23,10.142843690499697,3.0
24,10.509625113240352,0.0
25,10.590782278352322,2.0
26,10.98712578740875,4.0
27,11.209571349039171,4.0
28,11.496531176899147,3.0
29,11.63481457697661,4.0
30,11.889040371140041,2.0
31,11.96580593162546,4.0
32,12.04690304201895,1.0
33,13.043857128891682,1.0
34,13.275835772523847,2.0
35,13.621052149195803,3.0
36,13.878416999775064,4.0
37,14.753123141222945,4.0
38,14.841462472231198,2.0
39,15.79815046495301,2.0
40,16.250808692947828,4.0
41,16.30702533328557,2.0
42,16.58923656481941,1.0
43,16.817760307979643,1.0
44,16.828699682767265,2.0
45,17.215379558855908,1.0
46,17.535970888947002,4.0
47,17.601663191708443,2.0
48,18.105951313279416,4.0
49,18.313919581954945,4.0
50,18.33765929123639,2.0
51,18.530164911737977,3.0
52,18.749310307416536,2.0
53,19.084185335496215,2.0
54,19.450837488671485,4.0
55,19.54352466965831,1.0
56,19.554077648351925,2.0
57,19.665695580040936,2.0
58,19.922602726357418,1.0
