,time,event
0,0.4179830824636316,4.0
1,1.6060295196099923,4.0
2,1.6371951812475125,4.0
3,1.9722342262089438,4.0
4,2.2415974631869386,4.0
5,3.277032193855352,2.0
6,3.4765242498669418,2.0
7,3.662528226503498,2.0
8,3.6926902092252822,2.0
9,3.7129001836148765,4.0
10,3.856704984005895,1.0
11,4.053638643841751,4.0
12,4.078989561665768,1.0
13,4.231606044369595,2.0
14,4.72794826694809,2.0
15,4.933221370557831,1.0
16,5.96118986550529,1.0
17,6.041031040042937,1.0
18,6.195859219984881,1.0
19,6.412201145107401,4.0
20,6.652581692561859,4.0
21,6.672327825893181,2.0
22,6.709577706128582,2.0
23,7.505470149688813,4.0
24,8.06182145443649,2.0
25,9.010139551637884,3.0
26,9.783909006577753,1.0
27,10.202918229992045,2.0
28,10.269637412245041,1.0
29,10.420988277834185,2.0
30,10.60401982003927,4.0
31,10.619097082668015,4.0
32,10.92749644800556,0.0
33,11.053435682776213,2.0
34,11.212393611457998,3.0
35,11.496491331325377,2.0
36,11.567165701530815,4.0
37,11.852716612187526,4.0
38,12.031064928592492,2.0
39,12.655552808599568,4.0
40,12.711581594483638,4.0
41,13.069290513575249,3.0
42,13.263651162777164,4.0
43,13.95721372298084,4.0
44,14.390321385935028,2.0
45,14.682937788333204,1.0
46,15.063864558860656,0.0
47,15.240844338339862,1.0
48,16.08631131427158,2.0
49,16.270514600932728,1.0
50,17.485580664848978,4.0
51,18.30881566102708,4.0
52,18.65534634805173,2.0
53,18.836694020129507,2.0
54,19.045202331217382,2.0
55,19.131335569953816,1.0
56,19.225611483620018,3.0
57,19.30260277850342,3.0
58,19.591396870453675,1.0
59,19.707367447682902,2.0
60,19.91050624564576,1.0
