,time,event
0,0.2508126298477497,3.0
1,0.5888662524047459,4.0
2,0.6810019746918679,4.0
3,1.2534300228808022,1.0
4,1.6490716503847929,1.0
5,1.8809331465675723,4.0
6,1.9672995815989,2.0
7,3.131953570756175,4.0
8,3.5405762641479614,1.0
9,3.790617459600203,4.0
10,4.111529249030644,4.0
11,4.29063271582282,1.0
12,4.894559725198097,2.0
13,4.971484462959718,1.0
14,5.270499805145147,2.0
15,5.628028160886215,1.0
16,6.294109642768339,4.0
17,6.613746978049949,4.0
18,7.033507277534158,0.0
19,7.963493838194885,2.0
20,8.272058952778323,1.0
21,8.677918837101956,1.0
22,8.9045180325025,1.0
23,9.254973984151603,1.0
24,9.348900855388166,4.0
25,9.408355253692406,4.0
26,9.924926551455956,2.0
27,10.619124184895053,4.0
28,11.874434101665491,4.0
29,12.847673987074517,3.0
30,13.140365834896231,2.0
31,14.273219341832569,0.0
32,14.27457650126501,2.0
33,14.936571832744333,0.0
34,15.298737015671854,4.0
35,15.330869545748033,4.0
36,15.421166970962998,4.0
37,15.839760208666403,2.0
38,15.93683685835978,2.0
39,16.05294289770204,1.0
40,16.181110433065648,2.0
41,16.78917980603248,4.0
42,17.424044245469318,4.0
43,17.829693624330254,2.0
44,18.342032626436566,4.0
45,19.222803327821094,4.0
46,19.582914866108954,1.0
47,19.970224694382903,4.0
