,time,event
0,0.08628130052450052,3.0
1,2.3302538998855233,2.0
2,2.8970142051967676,4.0
3,3.6316383456316648,4.0
4,4.398914734408406,4.0
5,5.127650566684893,4.0
6,5.362516660305877,1.0
7,5.594457554499256,1.0
8,5.629646153379348,2.0
9,5.724794774197023,1.0
10,5.9910799420783665,2.0
11,5.996804011042313,2.0
12,6.628077003470083,2.0
13,6.701764145691986,2.0
14,6.750432493475928,3.0
15,7.459736288048227,2.0
16,7.836909143560605,1.0
17,8.489794932746161,2.0
18,8.885326927782886,1.0
19,8.925436071542034,4.0
20,9.659954203225208,4.0
21,9.969333181004968,0.0
22,10.526053035401516,2.0
23,10.838433159167893,2.0
24,11.097022781757989,1.0
25,11.225643490792669,4.0
26,11.247133440473494,2.0
27,11.863824082600772,1.0
28,12.824029505446223,4.0
29,13.070886029324573,2.0
30,13.364715037015976,2.0
31,13.39065546059699,3.0
32,13.612652698961819,4.0
33,13.710143896551118,2.0
34,14.585248852164447,2.0
35,14.972344146679683,3.0
36,15.235963500729062,2.0
37,15.29855817290086,0.0
38,15.420394626967095,4.0
39,15.557312649872314,2.0
40,15.824894336265622,4.0
41,16.685904092892297,2.0
42,17.938026152065767,3.0
43,17.952946127982415,1.0
44,18.091456088953546,3.0
45,18.146011572595874,4.0
46,18.466788999647164,1.0
47,18.805289933909396,3.0
48,19.000264110679502,2.0
49,19.00963577404664,1.0
50,19.172798654813416,4.0
51,19.360438986757664,4.0
52,19.798240676784527,0.0
