,time,event
0,0.3929397278761931,4.0
1,1.1401175732306117,4.0
2,1.8442057362268112,1.0
3,2.518698754616292,4.0
4,2.569672718149216,1.0
5,2.716839135619993,1.0
6,3.1746800051155746,4.0
7,3.567241337775127,1.0
8,4.543395316492345,2.0
9,4.934214895239335,2.0
10,5.622992802864175,3.0
11,5.823078233740296,4.0
12,5.887393247816776,4.0
13,6.06125086574559,1.0
14,6.476103740160533,4.0
15,6.675082024637939,1.0
16,6.683621606365645,4.0
17,8.68174517270503,2.0
18,8.980067454638942,2.0
19,9.132484494585949,1.0
20,10.042976133663513,4.0
21,10.304797738948318,1.0
22,10.334879439610729,4.0
23,10.485263362230551,3.0
24,10.559855877332328,2.0
25,10.601050273758922,2.0
26,11.11609297047453,2.0
27,11.172184210383685,1.0
28,11.211295620083476,2.0
29,11.309927357958843,0.0
30,11.437648210473508,2.0
31,11.493490916018427,4.0
32,11.539088107122144,4.0
33,12.784200975657013,1.0
34,12.828455597556852,3.0
35,12.92863735208838,2.0
36,13.091117576164008,2.0
37,13.656094131236108,4.0
38,14.53476122294023,1.0
39,14.93757266543962,3.0
40,15.310295523809847,2.0
41,16.15802708113973,2.0
42,16.244424261305966,4.0
43,16.62757459624585,4.0
44,17.247199762251668,1.0
45,17.71590921132264,1.0
46,18.504648787585285,2.0
47,18.689042450763033,2.0
48,18.740671057623494,4.0
49,18.808895290077846,4.0
50,19.104648010002755,4.0
51,19.122474306947666,4.0
52,19.125515209894484,2.0
53,19.1951761840034,1.0
54,19.299802683827878,2.0
55,19.545750414692893,0.0
