,time,event
0,0.5261327159091779,4.0
1,0.7930687585931053,4.0
2,0.8947311238493666,2.0
3,1.2315211343338914,1.0
4,1.7336946518220133,2.0
5,2.431042133188696,3.0
6,2.827600827465928,2.0
7,2.839085916743286,1.0
8,3.0997196714854423,3.0
9,3.2112543276065333,1.0
10,4.094096158732441,4.0
11,4.09461832121499,4.0
12,4.844028682924717,1.0
13,5.073620381194459,2.0
14,5.804158688256556,3.0
15,6.370383036304287,4.0
16,6.370968219303377,2.0
17,6.776169536188858,2.0
18,6.871443196297626,4.0
19,6.980639779605294,4.0
20,7.125653410845704,2.0
21,7.1477658217926905,4.0
22,7.574351695911142,2.0
23,8.033892516776902,2.0
24,8.594966152223087,4.0
25,9.235478877143802,2.0
26,10.160389783154109,2.0
27,10.608577470582567,1.0
28,10.63790880303924,2.0
29,11.160798525680896,1.0
30,11.39206272360178,4.0
31,11.405107016502317,2.0
32,11.923122119684647,4.0
33,11.97602698226617,4.0
34,12.083036387491322,2.0
35,12.273777609481773,1.0
36,12.568493784921897,4.0
37,12.99340150202897,4.0
38,13.161882651659297,4.0
39,14.060132111808846,1.0
40,14.095264261850993,1.0
41,14.270315944906285,2.0
42,14.387781097100438,1.0
43,14.568073088044093,1.0
44,14.771569797298522,3.0
45,14.82911855937536,2.0
46,15.317422031781426,2.0
47,15.447865335520648,4.0
48,15.625148105004563,0.0
49,15.686780911241863,2.0
50,15.871351379217074,2.0
51,16.624174326405583,4.0
52,16.723187456495037,4.0
53,16.737693278491548,2.0
54,16.95838940622129,4.0
55,17.00416240497997,2.0
56,17.21459031244505,4.0
57,17.294680949039364,1.0
58,17.345877612567726,2.0
59,17.87773711382236,2.0
60,18.032816930308883,1.0
61,18.116386729431685,4.0
62,18.162377253585436,2.0
63,18.249587981322733,3.0
64,18.680730803302907,2.0
65,19.003288708696505,3.0
66,19.02534153536264,2.0
67,19.567726699311507,4.0
68,19.733707332278648,4.0
