,time,event
0,0.07672178025996512,1.0
1,0.1250705378231044,1.0
2,0.5596788704744948,1.0
3,1.6510553489564304,2.0
4,1.7667085380940548,4.0
5,1.85019149562172,1.0
6,2.1559735746003086,1.0
7,2.850216795352842,4.0
8,3.0361207108397243,1.0
9,3.1066426548064348,1.0
10,3.1407328959940135,3.0
11,3.3157698040070036,2.0
12,3.3393139054890235,4.0
13,3.7722031462403622,1.0
14,3.78949947845831,2.0
15,3.7969177031484183,4.0
16,4.014524532966193,2.0
17,4.234103901112081,3.0
18,4.30546936257268,2.0
19,4.367162667945107,3.0
20,4.710503928881048,1.0
21,5.169119838687542,2.0
22,5.1825881507842055,2.0
23,5.234328031116603,4.0
24,5.646943622830945,1.0
25,6.515158583375008,4.0
26,6.727640520058789,2.0
27,6.751955084093671,1.0
28,7.2272924870969115,4.0
29,7.463440178932395,4.0
30,7.889306805401117,2.0
31,8.323352821056563,4.0
32,9.073962364004515,1.0
33,9.21224134099831,4.0
34,9.462227674846394,2.0
35,9.783847290106872,4.0
36,10.116929590541277,2.0
37,10.893794996819404,1.0
38,11.393237462833307,4.0
39,11.53602686068802,2.0
40,11.728849359857957,2.0
41,13.122082694922632,1.0
42,13.143781530684999,1.0
43,13.235944355349638,0.0
44,13.474475473407264,0.0
45,13.532395973874246,0.0
46,13.721074928332639,2.0
47,13.914798172610869,0.0
48,14.143974987535035,2.0
49,14.791258876061177,1.0
50,14.951050202428682,4.0
51,15.09614707258845,2.0
52,15.235445066307298,2.0
53,15.797245537004132,2.0
54,16.32165249842344,2.0
55,16.35405584650187,4.0
56,16.649531047603787,4.0
57,16.73876443455149,4.0
58,16.740145545853302,2.0
59,17.65713721854785,2.0
60,17.860349781303817,1.0
61,17.905842876473752,2.0
62,18.246871181427665,0.0
63,18.79149678880433,1.0
64,19.94600930685785,3.0
