,time,event
0,0.6727826925180191,2.0
1,0.9821505090816363,4.0
2,1.1149648883081769,2.0
3,2.3128798186013215,4.0
4,3.2673003861187753,2.0
5,3.2861294572174464,1.0
6,4.049018394627217,4.0
7,4.159593803691953,2.0
8,4.276893065504341,4.0
9,5.3475804148331,1.0
10,6.265185942836283,4.0
11,6.486999536201201,4.0
12,6.84086337776598,2.0
13,6.8824331053401835,4.0
14,7.132498169275894,4.0
15,7.1346229453989265,4.0
16,7.4140319022896675,2.0
17,8.254591716488322,4.0
18,8.468678736519193,2.0
19,8.575536463996997,3.0
20,8.875791172783906,4.0
21,9.159105011775104,1.0
22,9.348274576600707,4.0
23,9.505270064087144,2.0
24,9.550561747673283,0.0
25,9.60554445418682,2.0
26,9.636624666588803,2.0
27,9.6511065142652,2.0
28,10.682381898616933,4.0
29,10.890555505142219,0.0
30,11.039739814546417,2.0
31,11.041613615506515,1.0
32,11.473621447414223,4.0
33,12.42116242058803,2.0
34,12.555324239173464,4.0
35,13.276921517026588,4.0
36,13.338755073541657,4.0
37,13.828062948218156,2.0
38,14.208397931276426,3.0
39,14.478267270237973,4.0
40,14.84115814869493,1.0
41,14.956992262270798,4.0
42,15.941354344234558,2.0
43,16.52960087682556,4.0
44,17.18268167197638,1.0
45,17.26961467070714,4.0
46,18.099878018480222,2.0
47,18.205484904619702,2.0
48,18.377907260653718,2.0
49,18.404363055970016,2.0
50,18.929143769367336,1.0
51,19.201255064023915,4.0
52,19.887993138415943,0.0
53,19.950952922560887,0.0
