,time,event
0,0.05163389746403383,4.0
1,0.4435046033436951,4.0
2,0.8906980430031137,1.0
3,1.3028369768235155,2.0
4,1.4989748176272135,2.0
5,1.5789254440555405,4.0
6,1.7707619660691711,1.0
7,2.0232733759859594,4.0
8,2.0270948832913906,4.0
9,2.4923133548993213,0.0
10,2.789460119489099,3.0
11,2.839562689122966,2.0
12,3.5083436310733616,4.0
13,4.176069993752259,4.0
14,4.203899143395887,1.0
15,4.6644239470369175,1.0
16,5.183981813695645,3.0
17,6.901413582007828,4.0
18,7.37040193342218,2.0
19,7.6896908282053955,1.0
20,7.822753765777659,2.0
21,9.282365465127452,2.0
22,10.066554925554566,1.0
23,10.13913884462399,4.0
24,10.184697539513515,4.0
25,10.38820343059293,4.0
26,10.520413336561727,1.0
27,11.582400626182297,4.0
28,12.35201229793029,4.0
29,12.440101826860749,4.0
30,12.60272780211794,4.0
31,12.772099828216449,4.0
32,13.481635760402245,1.0
33,13.589823122706033,2.0
34,13.858132572613547,4.0
35,13.930934132034057,1.0
36,14.009258499568633,4.0
37,15.400663572286323,2.0
38,15.448265156722089,4.0
39,15.598229061094884,4.0
40,15.733295368135833,2.0
41,15.839160682718743,1.0
42,16.01011092200282,2.0
43,16.148717536370437,2.0
44,16.370029795066667,2.0
45,16.78263018102348,4.0
46,16.97735843365989,2.0
47,17.627069872440412,1.0
48,17.924655948712953,4.0
49,18.504511446050678,4.0
50,18.684215280637545,2.0
51,19.08664392689939,2.0
