,time,event
0,0.6360304398514726,2.0
1,0.7320793383959325,3.0
2,1.6306650105545257,4.0
3,1.764620689695775,1.0
4,2.2972880410174157,4.0
5,2.4493867226126884,1.0
6,2.723966955818958,4.0
7,3.299089101826536,2.0
8,3.873385715413091,4.0
9,3.9506090399095894,3.0
10,4.39643703808437,4.0
11,4.963527559831017,2.0
12,5.156147831592235,0.0
13,5.455037512154661,1.0
14,5.91229484153321,0.0
15,6.188700925482058,4.0
16,7.66741193034248,0.0
17,7.793964070406771,2.0
18,7.852206890869222,1.0
19,8.384157857671706,3.0
20,8.497923868960918,4.0
21,8.58308641139737,4.0
22,8.930945460893508,3.0
23,8.957199643676367,1.0
24,9.399656566174222,2.0
25,10.071808671664053,3.0
26,10.440607042660693,4.0
27,10.602241839389402,4.0
28,10.860407393633693,1.0
29,10.961252370310445,1.0
30,11.711264904695716,0.0
31,12.465558854544335,4.0
32,12.85098825474343,2.0
33,13.18692626521597,1.0
34,13.315073148963924,2.0
35,14.027870316524991,2.0
36,14.137120117618847,2.0
37,14.680207297768312,1.0
38,14.693034738685004,4.0
39,15.01929410483778,2.0
40,15.414499307092596,4.0
41,15.606099345838452,2.0
42,16.137766729356972,2.0
43,16.300613692971293,2.0
44,17.12130308681532,0.0
45,17.61535438365105,2.0
46,18.468984174840724,2.0
47,18.856487301437046,1.0
