,time,event
0,0.016520979756954934,2.0
1,0.46989306884327714,4.0
2,0.6728611605905725,4.0
3,1.1317651022190203,2.0
4,1.2142475399844572,3.0
5,1.3780179456288386,2.0
6,3.860204027029436,1.0
7,4.271786696672321,2.0
8,4.856987755599535,2.0
9,6.398777651037059,1.0
10,7.2221940688539945,3.0
11,7.289018754466853,2.0
12,7.315369096626934,2.0
13,7.396556122380871,2.0
14,7.460882129422891,1.0
15,9.102718347683961,2.0
16,10.700159741416567,1.0
17,10.853154156426388,1.0
18,11.039930556259252,4.0
19,11.245630913415836,1.0
20,11.52546854967256,2.0
21,12.94586153308231,4.0
22,14.289090997722829,3.0
23,14.786177079528967,4.0
24,14.828922853706285,1.0
25,15.020712214592232,4.0
26,15.110381206055125,4.0
27,15.261668692413116,1.0
28,15.785893292432679,4.0
29,16.118573620967027,3.0
30,16.16587570148312,1.0
31,16.62611715545465,3.0
32,16.71951021952467,2.0
33,16.749645821815605,1.0
34,16.934215010396848,1.0
35,18.59603752517806,3.0
36,18.954273626699596,2.0
37,19.22708278420762,2.0
38,19.315447190231314,2.0
39,19.905050015720196,2.0
