,time,event
0,0.5137574915666658,2.0
1,0.7363647966290482,4.0
2,1.196174679098871,4.0
3,2.1875753696855442,1.0
4,2.189649838695436,3.0
5,2.2160587876185494,2.0
6,2.322931804341295,2.0
7,3.859828555135422,2.0
8,3.8704781597976963,2.0
9,4.213100308955093,4.0
10,4.308919102326861,2.0
11,4.500530433339824,2.0
12,4.918046253718234,3.0
13,5.565431261597151,4.0
14,5.591880236401873,4.0
15,5.909319921097853,2.0
16,5.968709374522117,2.0
17,6.0028016692345,2.0
18,6.334688318529571,4.0
19,7.400483913190909,4.0
20,7.736557366587311,1.0
21,8.02296976666343,2.0
22,8.072931810346866,4.0
23,8.664504646850446,1.0
24,9.372695469927834,1.0
25,9.595828440569415,1.0
26,10.096267925062818,2.0
27,10.709695526389183,2.0
28,10.96048896367199,4.0
29,11.956296064793754,2.0
30,12.049409373893361,3.0
31,13.061725161572,2.0
32,13.110902464894163,2.0
33,13.229166628117156,2.0
34,13.580851998202148,2.0
35,13.706331310782247,4.0
36,13.715673908823636,4.0
37,13.72841817645712,4.0
38,13.878506885228552,2.0
39,14.470447745639971,1.0
40,14.596229869781961,2.0
41,15.056558099417122,4.0
42,15.809505919717715,2.0
43,17.604087423343717,2.0
44,18.25763511211604,3.0
45,18.327637979618224,2.0
46,18.782335168847684,4.0
47,18.96684371670846,0.0
48,19.057095375159054,2.0
49,19.354821600738326,4.0
50,19.664409133268986,4.0
51,19.764130032250748,4.0
