,time,event
0,0.22135874316605167,2.0
1,0.673631046453834,1.0
2,1.2828383282743205,2.0
3,1.4184745327321875,1.0
4,1.5431035455098752,4.0
5,2.0266454436301222,1.0
6,2.812154046399404,2.0
7,3.046982463014685,4.0
8,3.766024331977217,3.0
9,4.973079957856987,3.0
10,5.641738386535739,4.0
11,5.666937911771327,2.0
12,5.6986078440259575,2.0
13,6.196675353461815,1.0
14,6.451725158242334,2.0
15,6.988423831541058,2.0
16,8.21752456637732,2.0
17,8.400162011378965,4.0
18,8.623434642119939,1.0
19,8.908460714818341,0.0
20,9.346601287967836,1.0
21,10.146770223372291,4.0
22,10.873056088365598,0.0
23,11.008794731034333,1.0
24,11.494552453316171,3.0
25,12.41604209117875,4.0
26,12.66634659359419,4.0
27,12.726322960095613,2.0
28,13.588485741661096,1.0
29,14.165339865729466,4.0
30,14.38660100821799,4.0
31,14.598042475102682,4.0
32,14.681942826466772,4.0
33,15.120834618540975,4.0
34,15.349269725225453,4.0
35,15.369813885067526,4.0
36,15.732021314406598,2.0
37,18.785184210875098,4.0
38,19.237397714432596,2.0
39,19.286016293636848,2.0
40,19.354932714927738,4.0
