,time,event
0,0.0012118675425857952,3.0
1,0.0819107944457324,1.0
2,0.4106944620369424,1.0
3,0.5022292569476838,4.0
4,0.6049274010198874,1.0
5,1.516502856155538,4.0
6,1.6123019895116557,2.0
7,1.8114429380017412,4.0
8,2.0470141540888145,2.0
9,2.190919610623377,1.0
10,2.27885376958831,2.0
11,2.374168658417158,2.0
12,2.3889335592022016,4.0
13,2.542988647330786,2.0
14,2.6164963917145534,2.0
15,4.397243413025498,4.0
16,4.973059578552541,3.0
17,5.240973287284117,1.0
18,5.939070953920323,4.0
19,5.990379472751287,1.0
20,6.364879387506963,1.0
21,6.677774958696218,4.0
22,7.377299599823676,4.0
23,7.751716506266998,1.0
24,7.869115703807516,1.0
25,8.166612585926547,4.0
26,8.310261681450433,2.0
27,8.3289329415712,4.0
28,9.005099019492453,1.0
29,9.404171096790481,2.0
30,9.56894291872675,2.0
31,9.926859080171841,1.0
32,10.750330268258807,2.0
33,11.150368660648882,2.0
34,11.22921760283023,4.0
35,11.482323604886757,2.0
36,11.56517502032761,2.0
37,11.638864965039467,2.0
38,11.65530820271109,2.0
39,12.256281295632231,3.0
40,12.792595468273873,2.0
41,12.828938463722189,4.0
42,13.33206223274641,1.0
43,13.472198212716918,4.0
44,13.618501332093631,2.0
45,14.49126981371461,2.0
46,14.698620581400817,1.0
47,14.90615280051384,0.0
48,15.6591575262394,2.0
49,15.906399431702093,4.0
50,16.343139531003334,1.0
51,16.68059773175783,2.0
52,16.689225485081856,3.0
53,17.038811638163597,2.0
54,17.927457677087904,2.0
55,18.147165607431145,2.0
56,18.463839692363333,3.0
57,19.01569401910792,4.0
