,time,event
0,0.49567327698874913,1.0
1,0.6119971350413015,3.0
2,0.6451691037352519,0.0
3,0.763418674284481,2.0
4,0.8639325925998487,3.0
5,1.866710008784835,4.0
6,2.658698914695306,0.0
7,2.743101465628914,2.0
8,4.324307343598171,1.0
9,4.352718426570919,1.0
10,4.698748907933711,3.0
11,4.9707727454201365,1.0
12,5.432260668131693,0.0
13,5.591153812698402,2.0
14,6.119236362407713,1.0
15,6.647409478438343,1.0
16,7.036903833860986,0.0
17,7.328950110147632,1.0
18,7.377794030050251,2.0
19,7.486102024340087,4.0
20,8.127784625568,2.0
21,8.205776161050085,0.0
22,8.91219664988558,4.0
23,8.94409576779315,1.0
24,9.081551587845924,0.0
25,10.472980991455538,2.0
26,10.607480037674744,1.0
27,11.4401253954216,3.0
28,11.48580951911576,1.0
29,12.054201571043757,1.0
30,12.379674052825553,1.0
31,12.849077368484474,1.0
32,12.852713187557367,3.0
33,13.978162176467624,3.0
34,14.260472132868994,1.0
35,15.15985258267621,4.0
36,15.427582783442961,1.0
37,15.977765953496597,2.0
38,16.500876304533183,0.0
39,16.556688183639444,4.0
40,16.82560449051086,3.0
41,17.47884658864318,4.0
42,17.549399676841645,1.0
43,17.634806626644725,4.0
44,17.76969324549872,2.0
45,17.7797643140561,1.0
46,17.88672679742245,1.0
47,18.182568290459393,4.0
48,18.368117175496792,0.0
49,18.47994393643487,1.0
50,18.568079001929615,4.0
51,18.639741528497733,4.0
52,18.97192200704254,0.0
53,19.059604767623842,2.0
54,19.15889461357412,2.0
55,19.844129103634554,0.0
