,time,event
0,0.15279672779169795,4.0
1,0.5426095188231224,4.0
2,0.5784307054536528,1.0
3,0.7419148872663507,2.0
4,1.078691004041046,4.0
5,1.4694455966620787,1.0
6,1.7010493327685723,4.0
7,1.7743773556700562,2.0
8,2.5030238991762603,2.0
9,2.536849627772358,3.0
10,3.122864959450001,1.0
11,3.7375043948358733,4.0
12,3.8152336311128057,2.0
13,4.838030412251708,4.0
14,5.157484038001401,3.0
15,5.327032137333202,0.0
16,5.69743101054901,4.0
17,6.003529296446435,4.0
18,6.700151073355874,3.0
19,7.708683909437897,4.0
20,7.774427873721107,2.0
21,8.589072401319177,2.0
22,8.710941127743109,4.0
23,8.853610900366187,0.0
24,8.881677496952861,4.0
25,9.857235615154256,2.0
26,9.861196473431427,1.0
27,10.329924479960773,1.0
28,10.559382144666074,1.0
29,10.684843177033656,2.0
30,11.098082171967219,4.0
31,11.415667317905912,1.0
32,11.504914971066897,4.0
33,11.651994484910565,4.0
34,12.047661502763939,1.0
35,12.288244334968635,3.0
36,12.620314523438566,3.0
37,12.81410981933038,1.0
38,13.051340324778458,0.0
39,13.387428925581037,3.0
40,13.925934202345129,3.0
41,14.4118561438125,1.0
42,14.47536297852284,4.0
43,14.9811118721485,4.0
44,15.234868287720657,4.0
45,15.31469583558676,0.0
46,15.459323871689994,1.0
47,15.52674688111159,4.0
48,15.674749401963771,4.0
49,15.850780190914103,4.0
50,16.150872959718583,1.0
51,16.38076015744986,1.0
52,16.503961732961308,2.0
53,16.54875186986787,2.0
54,16.57909949279398,2.0
55,16.926034591286488,1.0
56,17.844910686630524,4.0
57,18.382581377158264,4.0
58,18.451139532242625,2.0
59,18.672268609206874,4.0
60,18.985597825290533,4.0
61,19.447981837237343,4.0
