,time,event
0,0.041175793366445626,3.0
1,0.4560800678233703,2.0
2,0.6092135634087047,2.0
3,0.7251316758186491,2.0
4,1.0467102711214362,1.0
5,1.0600473326049293,0.0
6,1.0964698185912964,0.0
7,2.032974196150877,1.0
8,2.2808367326758705,2.0
9,2.832466182407681,4.0
10,2.954865845759167,4.0
11,3.0799398613403532,2.0
12,3.091535368703582,4.0
13,3.281760860337689,1.0
14,3.6170718027703614,2.0
15,4.039884492452732,2.0
16,4.593310460257169,4.0
17,4.693950721200964,4.0
18,4.969519843566605,2.0
19,4.990494684102179,2.0
20,5.439718897671182,1.0
21,6.712898670339658,4.0
22,6.821951915064483,1.0
23,6.847395466775194,4.0
24,7.826028652514874,0.0
25,8.228086720158265,3.0
26,8.418700304135665,4.0
27,8.969925030009737,1.0
28,9.149028214588368,2.0
29,9.358705892781938,4.0
30,10.167319170248856,1.0
31,11.899074786829985,1.0
32,12.103142415287468,3.0
33,12.115237783598156,3.0
34,12.436704596916845,2.0
35,12.71629001813748,4.0
36,13.68094328893795,2.0
37,13.73984238089512,4.0
38,13.811688007308616,1.0
39,13.967333701006933,4.0
40,14.148903220277582,2.0
41,14.36165003176946,4.0
42,14.428778415435458,4.0
43,14.602000416792475,2.0
44,14.708584672635277,2.0
45,15.507034633182178,2.0
46,16.34303360234155,4.0
47,17.322489270230847,0.0
48,17.785736929578114,4.0
49,17.817916839831987,2.0
50,18.166851813725444,4.0
51,18.51586649553765,4.0
52,18.518999974440224,4.0
53,18.68964674913265,4.0
54,18.759749081568582,4.0
55,19.373979008616477,1.0
56,19.381662737055873,1.0
57,19.421034301305845,2.0
