,time,event
0,1.5560153163888784,4.0
1,1.5702171755534522,4.0
2,2.3072136361256677,4.0
3,2.514275458007996,2.0
4,2.79350006126636,3.0
5,3.256818361768321,4.0
6,3.4154062424308593,2.0
7,3.9177922214397958,2.0
8,4.265285456437504,4.0
9,4.640657872217908,1.0
10,4.650536001125258,4.0
11,4.782586550202291,1.0
12,5.566914358530201,4.0
13,5.899147207130863,2.0
14,6.286205057399685,2.0
15,6.347210246174832,4.0
16,7.108240745182809,1.0
17,8.547695814747998,2.0
18,8.857504784456841,2.0
19,8.88554176808963,4.0
20,9.274891435710446,0.0
21,9.747556912414531,1.0
22,9.762223716035995,1.0
23,9.91639449458409,1.0
24,10.066669707562715,4.0
25,10.169647144878988,4.0
26,10.768155305515446,1.0
27,11.436948342497498,2.0
28,12.208144713096262,4.0
29,12.310005120866936,1.0
30,12.682392675422717,2.0
31,12.894556119567708,2.0
32,13.937186342093852,4.0
33,14.058258711875647,1.0
34,14.298520195372522,1.0
35,14.700872357417845,4.0
36,15.566953230670618,3.0
37,15.634289533548243,0.0
38,15.81110430149035,4.0
39,16.25061097271364,3.0
40,16.302176470567304,3.0
41,16.556890760465315,2.0
42,17.27100548494407,4.0
43,17.673544814961723,1.0
44,17.78479965985909,1.0
45,18.29544221649336,4.0
46,19.08823489517124,4.0
47,19.278411366029673,1.0
48,19.379802839518522,1.0
49,19.92324723878456,4.0
