,time,event
0,1.197205304246792,3.0
1,1.4894425025656586,4.0
2,1.8335183844325598,3.0
3,2.4006171385280224,1.0
4,2.931102348019263,3.0
5,3.0106775544550337,1.0
6,3.2219257749675516,1.0
7,3.5514517348429417,1.0
8,3.760044301026787,1.0
9,3.9680406208657546,4.0
10,4.7818775960720625,3.0
11,5.402994582544754,3.0
12,6.110822203986311,3.0
13,6.769394499812534,4.0
14,6.786026331559174,0.0
15,6.923808135164535,4.0
16,7.071679775681977,1.0
17,8.252435530360552,3.0
18,8.729569615077956,4.0
19,8.821463082801579,2.0
20,8.927144501097741,0.0
21,9.178170560116195,1.0
22,9.77540793633774,1.0
23,9.787020044946916,2.0
24,10.228931883327895,2.0
25,10.27812672197815,0.0
26,10.3700864080893,4.0
27,10.481369673827569,0.0
28,10.677156083139296,0.0
29,11.083359956799308,2.0
30,11.508579113999252,4.0
31,11.553968434575138,0.0
32,12.519942697771217,4.0
33,12.615748170845773,2.0
34,13.177349793136825,1.0
35,13.406013973702786,4.0
36,14.182710982389853,0.0
37,14.614422442448443,0.0
38,14.99112056768936,2.0
39,15.141181164593434,0.0
40,15.265424578873953,3.0
41,15.652013897791027,0.0
42,15.81470320513138,0.0
43,16.342787395558158,1.0
44,16.47963810519809,3.0
45,16.978544796710025,3.0
46,17.354796188223624,2.0
47,17.790005832868918,1.0
48,18.449246292541826,4.0
49,18.941179615416562,0.0
50,19.096408622210955,1.0
51,19.42278902864633,2.0
52,19.50284701256985,1.0
