,time,event
0,1.0869805513430886,3.0
1,1.163669175306239,1.0
2,1.196936502853626,1.0
3,2.7737818692768066,0.0
4,2.974961314196121,2.0
5,3.1915704128617906,0.0
6,3.2218433585168826,0.0
7,3.4968653725042453,0.0
8,3.905989462799147,3.0
9,4.400054648745826,2.0
10,4.450805362210511,1.0
11,4.7531196458369775,0.0
12,5.466084760221938,2.0
13,5.7293982803089945,3.0
14,5.98769236740242,4.0
15,6.816436347907626,4.0
16,7.207244191079391,0.0
17,9.156586970719243,3.0
18,9.390640119035208,2.0
19,9.407620675283498,3.0
20,9.673662436278795,3.0
21,9.997206501265026,0.0
22,10.365357125759619,0.0
23,10.439137189589344,0.0
24,10.973168696298258,2.0
25,11.388737902540704,4.0
26,12.339231709374271,0.0
27,12.768218402405125,0.0
28,13.68697308159998,0.0
29,14.216507517163883,3.0
30,14.350226979061462,1.0
31,14.603599261969626,0.0
32,14.979335037818933,0.0
33,15.360909491845147,0.0
34,15.645231975681488,3.0
35,15.656568359954857,3.0
36,15.82822374243476,0.0
37,16.15995996088115,2.0
38,17.237575762069074,0.0
39,18.1676184042253,0.0
40,18.203747001854598,0.0
41,18.348037570172423,0.0
42,18.663397618836814,1.0
43,19.552170337793928,1.0
