,time,event
0,0.09966454051645028,0.0
1,0.3485835225697396,0.0
2,0.5173879318463773,3.0
3,2.2707860974703933,4.0
4,2.629947211501806,1.0
5,2.7737324770036675,2.0
6,2.7868064182280783,0.0
7,3.6468672570057548,3.0
8,3.700611180221222,0.0
9,3.8141594898420736,3.0
10,3.8274569107756293,0.0
11,4.116635695599999,3.0
12,4.79913728585497,0.0
13,4.894133305556435,1.0
14,5.66765748632135,2.0
15,5.889324985027168,0.0
16,6.627167892004756,0.0
17,7.182861432159927,3.0
18,7.306750487667507,3.0
19,8.764879716138761,4.0
20,8.96885398719271,1.0
21,9.695278963938408,0.0
22,9.908689583685684,2.0
23,10.01545030339702,0.0
24,11.787744833836792,1.0
25,12.8904143434808,2.0
26,13.490752348111167,1.0
27,13.798209485141781,1.0
28,14.785946443347823,0.0
29,16.50239606416094,4.0
30,17.279483114147013,1.0
31,17.30273536047891,4.0
32,17.395983973148745,2.0
33,17.48950295786536,3.0
34,17.59089356050241,1.0
35,18.041896668763425,1.0
