,time,event
0,0.19046300962241663,0.0
1,0.34070473155508946,0.0
2,0.4125790412908241,4.0
3,0.4497994214024837,1.0
4,0.5656700372738541,1.0
5,0.6273924879337247,0.0
6,0.7000720742375224,1.0
7,1.799952415254895,3.0
8,1.8901400175262324,0.0
9,2.5773351396031927,1.0
10,2.662888112372821,1.0
11,3.46528692407157,0.0
12,3.8152889619795087,1.0
13,4.163906200684913,2.0
14,4.51016555431342,0.0
15,4.842095171621724,2.0
16,4.893500933556653,1.0
17,5.005238033752086,2.0
18,5.058121770194056,0.0
19,5.985026248183686,1.0
20,6.255355035423698,2.0
21,6.4138230626279205,2.0
22,6.976265276759509,0.0
23,7.466242878694807,0.0
24,7.731962817436333,0.0
25,8.094828919240976,0.0
26,9.072826804293106,0.0
27,9.269959440504142,3.0
28,9.724207323878318,0.0
29,9.780880465193519,3.0
30,10.327076565454345,2.0
31,10.548327650376093,4.0
32,10.799921492819095,3.0
33,11.15016111541209,1.0
34,11.211743085085862,2.0
35,11.99007848974783,1.0
36,13.5756446190632,3.0
37,15.22488391094462,0.0
38,15.272173843419191,1.0
39,15.876769005528896,4.0
40,16.799287250764902,0.0
41,17.459872584321182,4.0
42,17.94300949557103,0.0
43,17.9525061995709,4.0
44,18.076409197076014,3.0
45,18.515855525266524,1.0
46,18.847081735059867,1.0
47,18.892067254763067,3.0
48,19.078269723773154,0.0
49,19.770243348161603,1.0
50,19.84122198362569,1.0
51,19.93841782541039,4.0
