,time,event
0,1.1967049322666112,0.0
1,2.0144135630215763,2.0
2,2.168644030053363,3.0
3,2.745961999381856,1.0
4,3.180076195917966,0.0
5,3.8793482245843625,1.0
6,4.98491315466152,0.0
7,5.255905738747553,3.0
8,5.462570456559739,1.0
9,5.622603943283124,1.0
10,6.555668578226388,4.0
11,6.880882565476446,4.0
12,6.901210105796204,0.0
13,6.992040701488735,1.0
14,7.569062274387719,4.0
15,8.271972374200377,0.0
16,8.802427389351749,3.0
17,9.681395723324112,4.0
18,9.70649133193993,2.0
19,9.724992282789364,2.0
20,10.543978870899435,0.0
21,11.845808180571531,2.0
22,12.138306735104367,1.0
23,13.03917351821057,0.0
24,13.67641357529364,0.0
25,14.198717252985661,2.0
26,14.238454151158926,1.0
27,14.546631170452338,4.0
28,14.80902385176088,0.0
29,15.433390242111864,0.0
30,15.456632337607054,3.0
31,15.904668699028639,0.0
32,16.091808250746343,3.0
33,16.56782469175843,1.0
34,16.793207161815314,2.0
35,17.721501770474706,1.0
36,18.29427875435115,1.0
37,18.85406761804888,3.0
38,19.004951158107612,4.0
39,19.431839885403914,2.0
40,19.9155195191854,3.0
