,time,event
0,0.5589069342534179,0.0
1,0.763347569791718,4.0
2,1.0734240382116207,3.0
3,1.099907179328336,3.0
4,1.741425445361593,0.0
5,2.047736389663954,2.0
6,2.058282513700165,1.0
7,2.2713098252347836,1.0
8,2.2736299065441785,1.0
9,2.3805463066142085,1.0
10,2.4632627913458784,0.0
11,2.5383810308572707,3.0
12,2.5810499805465428,2.0
13,2.786639980008303,4.0
14,2.8810456708645393,0.0
15,3.35440680670784,1.0
16,4.624114892475427,1.0
17,5.3996343425983335,1.0
18,6.0901520569869225,1.0
19,6.173617872052336,2.0
20,6.4767852452453925,2.0
21,6.947842506335289,0.0
22,6.9783669250686655,0.0
23,7.11085271353919,1.0
24,7.19214963534331,3.0
25,7.645269149939159,3.0
26,8.045687982403718,1.0
27,8.809417082309288,1.0
28,9.060843873713399,0.0
29,9.316372473015933,0.0
30,10.429246360768962,0.0
31,11.23738619456283,3.0
32,11.399642647070278,2.0
33,12.113909056956647,2.0
34,12.256635270325788,3.0
35,12.375373771014752,0.0
36,12.683593322249273,4.0
37,12.873970092652586,1.0
38,13.006164135357526,0.0
39,13.260880681357962,0.0
40,13.60532553272042,2.0
41,14.129573846204003,3.0
42,14.304745504334232,1.0
43,15.181764276400482,1.0
44,15.187707628148273,0.0
45,15.193490354818213,4.0
46,15.300358969106519,1.0
47,15.969678251423257,4.0
48,16.060957453970705,4.0
49,16.524783658260066,0.0
50,17.48051856713669,0.0
51,17.968952329761873,1.0
52,18.368306032688395,1.0
53,19.508750750364968,3.0
54,19.64197888792768,0.0
55,19.68329352563912,2.0
