,time,event
0,1.308466492925568,0.0
1,1.6487650394836635,3.0
2,1.7781691579840504,0.0
3,2.384011288057855,2.0
4,3.1082978685168507,2.0
5,3.207389644599951,1.0
6,3.481807850140704,0.0
7,3.6805036560142868,4.0
8,3.985644520447792,3.0
9,4.251848609005522,0.0
10,6.077605859820834,1.0
11,6.489325341976234,0.0
12,7.397960912257206,1.0
13,8.387171574864336,2.0
14,8.406299424091284,0.0
15,8.457112742288285,0.0
16,8.761957553198114,3.0
17,8.90835230908119,2.0
18,9.437858896335406,0.0
19,9.648718855180187,2.0
20,9.86965899122437,1.0
21,10.421291099874882,0.0
22,10.596909878651871,0.0
23,11.283963892564223,0.0
24,11.31736127872244,1.0
25,11.344251429544489,2.0
26,11.494497353907562,2.0
27,13.35113552101933,1.0
28,13.469202771154153,3.0
29,14.389230064759802,4.0
30,14.624082929684976,1.0
31,14.953867826138055,1.0
32,15.400181182431385,1.0
33,15.852812162466842,1.0
34,16.431730777919427,2.0
35,16.738235929184327,3.0
36,17.336448988553094,3.0
37,17.570661972987413,0.0
38,17.61810288704466,0.0
39,18.036561646886938,2.0
40,18.105523878767357,4.0
41,18.830259468139623,3.0
42,18.858467815244307,0.0
43,19.250423128457196,3.0
44,19.580455200997875,0.0
