,time,event
0,0.21907708987043054,2.0
1,0.5078231780322829,0.0
2,0.7800350583511626,1.0
3,1.5177201902104414,2.0
4,1.5535918077401571,1.0
5,2.776118059707673,2.0
6,2.9838350729607654,0.0
7,3.0713339298878646,1.0
8,3.711072174230642,0.0
9,4.178327716555058,1.0
10,4.317520588279005,2.0
11,4.445978060784796,0.0
12,4.896401520455473,4.0
13,5.038080352239247,4.0
14,5.223694048648392,1.0
15,5.264797506441338,0.0
16,5.428178156968869,1.0
17,5.438715810338551,0.0
18,5.4967481450397955,4.0
19,5.908179743785166,3.0
20,6.08678972863979,2.0
21,6.497373516689894,3.0
22,7.771359039512658,4.0
23,7.916961517005325,0.0
24,8.506890938551381,0.0
25,9.363794760405016,3.0
26,9.522132293010735,0.0
27,9.62936648956058,1.0
28,9.803431928996437,0.0
29,10.211595514442898,2.0
30,10.849740105714256,1.0
31,10.882986113624822,4.0
32,11.080396833924091,3.0
33,11.519947836067113,3.0
34,11.748303212498419,3.0
35,11.826520223784062,1.0
36,11.925524983833228,0.0
37,12.776515340682977,1.0
38,12.785803192602474,3.0
39,13.00740433050867,1.0
40,14.734047474499498,4.0
41,14.932144002180785,0.0
42,14.956695945754166,2.0
43,15.365085259363644,1.0
44,16.111093205841428,1.0
45,16.195376928083018,1.0
46,18.77433145770699,3.0
47,18.810237290641645,1.0
48,18.849856358510944,1.0
49,19.521894383231082,2.0
50,19.64092810051975,3.0
51,19.84130541109529,1.0
52,19.98823184772301,0.0
