,time,event
0,0.04402831761310427,1.0
1,0.13307544815229932,3.0
2,0.2958425624521903,2.0
3,0.9300147208910498,1.0
4,0.9995055677604664,0.0
5,1.9249237054748942,1.0
6,2.011502533664243,0.0
7,2.38160763111295,4.0
8,2.69767180994426,1.0
9,2.8147357785072074,3.0
10,3.130551099281067,2.0
11,3.713535127925281,2.0
12,3.7820421515865283,0.0
13,4.449539485506003,4.0
14,4.643943266307226,3.0
15,5.302055156123327,1.0
16,5.501190932324965,3.0
17,6.12340256083176,2.0
18,6.3904161078211255,0.0
19,6.585149422872986,1.0
20,6.91522521994376,2.0
21,6.961055169755131,3.0
22,7.143816241788275,0.0
23,7.308353702732905,1.0
24,7.487591665482077,1.0
25,7.7532128216549125,3.0
26,7.905874858884548,3.0
27,8.315773109047074,2.0
28,9.729622154191663,4.0
29,9.767202238724042,1.0
30,9.806743487436393,1.0
31,10.791573440328081,0.0
32,10.853064694934451,1.0
33,11.428857393771894,4.0
34,11.861911345189196,2.0
35,11.92904277122931,0.0
36,12.443757162674455,0.0
37,12.456079900635912,1.0
38,12.739305072492309,4.0
39,12.849832495587183,4.0
40,12.94756378780351,2.0
41,13.035548933261508,1.0
42,13.855469582430946,3.0
43,13.965460103353239,2.0
44,14.019368388585043,1.0
45,14.2351298507569,2.0
46,14.610231195587756,4.0
47,14.761022106756979,3.0
48,15.107547446195461,1.0
49,15.21726633961253,3.0
50,15.3283528582952,0.0
51,15.369625817048494,0.0
52,15.676104948813151,3.0
53,15.985730490454063,2.0
54,16.71247227714313,0.0
55,17.18181995990755,1.0
56,17.201661554315034,4.0
57,17.594979828026,4.0
58,17.82959922380727,1.0
59,18.245577359523946,4.0
60,18.263619793043638,0.0
61,18.3690936940569,1.0
62,18.7202756238908,4.0
63,18.781152074116555,0.0
64,19.326721947358283,1.0
65,19.52358669090418,1.0
