,time,event
0,0.6159112718089222,0.0
1,1.0043490555641081,0.0
2,1.1110491387075667,2.0
3,1.9224102568928816,3.0
4,2.6009697674130865,4.0
5,3.065351423583603,2.0
6,3.968778671017552,0.0
7,5.0355460996569,1.0
8,5.112401615699103,3.0
9,5.88043538341178,0.0
10,6.365044313786622,4.0
11,6.876802672838354,1.0
12,7.0280762653565425,3.0
13,7.509422639569843,0.0
14,8.020099874682213,3.0
15,8.41854524647961,2.0
16,8.878881097395864,0.0
17,9.380880129009798,0.0
18,10.487929015891076,1.0
19,10.554791869636322,1.0
20,10.77837052869934,4.0
21,10.85088018361803,4.0
22,11.85687706049705,1.0
23,12.929334070693512,0.0
24,13.29547115181207,1.0
25,13.745800779208047,0.0
26,13.91356301087329,0.0
27,13.942345737677396,0.0
28,13.94531910055139,4.0
29,15.576321934505668,3.0
30,15.699405458377013,1.0
31,15.843817375232089,2.0
32,16.149841629299114,1.0
33,16.176543969571323,1.0
34,16.317576768344782,0.0
35,17.56627483328667,0.0
36,18.576507497602236,0.0
37,18.589886590786953,4.0
38,18.773984187009894,3.0
39,19.370315452850413,4.0
40,19.832458685820043,0.0
