,time,event
0,5.080745193100587,0.0
1,5.140577383372416,0.0
2,5.726225964076259,0.0
3,5.766886797034064,0.0
4,6.127372698433211,0.0
5,6.233051724248702,0.0
6,49.0024213479458,0.0
7,52.3914394542578,0.0
8,60.24352539196579,0.0
9,60.51117419069406,0.0
10,60.800111007677884,0.0
11,60.93367431015285,0.0
12,89.85000241218492,0.0
13,92.66842671636496,0.0
14,115.95864150282677,0.0
15,119.81294598990682,0.0
16,121.85793396437175,0.0
17,122.51365611574796,0.0
18,125.38620581098843,0.0
19,125.81532369417731,0.0
20,126.55884011015299,0.0
21,127.23340326027497,0.0
22,127.59061495451999,0.0
23,129.87882340145848,0.0
24,130.2282293321366,0.0
25,136.01932743857324,0.0
26,139.90544747406878,0.0
27,143.82214900086493,0.0
28,144.44877568944364,0.0
29,146.79744666060165,0.0
30,159.48779770528742,0.0
31,167.40915866938525,0.0
32,167.43707631345598,0.0
33,167.80002257435603,0.0
34,167.86968618332608,0.0
35,169.0480433219664,0.0
36,169.14506878209528,0.0
37,171.74094316052802,0.0
38,178.5472474841698,0.0
39,182.80556498957029,0.0
40,184.57769892457563,0.0
41,184.76436916013495,0.0
42,185.40198354743734,0.0
43,185.6776124093222,0.0
44,186.66744467835463,0.0
45,186.75976962685985,0.0
46,186.9503511520225,0.0
47,187.01395462339275,0.0
48,187.14491405087887,0.0
49,187.83648763457796,0.0
50,189.13606939862916,0.0
51,189.50477771543007,0.0
52,194.92610634419376,0.0
53,195.10808928359907,0.0
