,time,event
0,1.5854734353472189,2.0
1,1.9478385489989787,0.0
2,2.3081931905703272,0.0
3,2.5207839238247884,2.0
4,2.6127403950108885,0.0
5,2.920484732020367,3.0
6,3.1156380711853777,3.0
7,3.1729956329203013,0.0
8,3.429076789280089,3.0
9,4.021303738142703,2.0
10,5.170666174028497,2.0
11,5.4275927923920655,2.0
12,5.464733386771689,3.0
13,5.661834147918918,2.0
14,5.7163024489221215,0.0
15,6.067391764662201,2.0
16,6.236487675689814,0.0
17,6.418143791254066,2.0
18,6.445133993909369,3.0
19,6.519110148697584,0.0
20,6.56588351762219,0.0
21,6.724231878710397,2.0
22,6.941440032176401,3.0
23,6.981987564742771,2.0
24,7.153835569678864,2.0
25,7.361245082715283,0.0
26,7.550014586486989,0.0
27,7.76872052101768,2.0
28,7.813565016763475,3.0
29,7.936363216580735,1.0
30,7.9639518996932805,0.0
31,8.139415432442917,2.0
32,8.970360396665056,0.0
33,9.261294091593404,2.0
34,9.280116721261876,0.0
35,9.423153496591894,3.0
36,9.608212810532006,2.0
37,9.63916604073808,2.0
38,9.667281291893758,3.0
39,10.124073211853535,2.0
40,10.191372496078088,2.0
41,10.220238256370822,0.0
42,10.381586875786018,1.0
43,11.671628946679869,3.0
44,11.929105990177154,3.0
45,13.198517335528448,2.0
46,13.724127169584522,2.0
47,14.739546851109445,0.0
48,14.957191716754918,2.0
49,15.39096330393522,3.0
50,16.064962484204194,3.0
51,16.10845107874945,3.0
52,16.277846456294153,1.0
53,16.28058151342113,0.0
54,16.375713632750198,0.0
55,16.503077719391182,2.0
56,16.62308246034297,2.0
57,16.91577165346726,3.0
58,17.209409266989613,3.0
59,17.73043254942679,0.0
60,17.842724457793956,3.0
61,18.575919593557146,2.0
62,18.69090401467359,3.0
63,19.672501399364595,4.0
64,19.78603339133842,3.0
