,time,event
0,0.10896157262528557,0.0
1,0.15803212505547753,0.0
2,0.30389659966590854,2.0
3,0.38987480511669304,2.0
4,0.897281638597307,2.0
5,1.0986639294662628,2.0
6,1.30537600631864,3.0
7,1.3524882730606003,3.0
8,1.3543873606451529,3.0
9,1.7022928930458752,2.0
10,2.2993691301389774,0.0
11,2.49519280291533,1.0
12,2.8160928052333527,2.0
13,2.8297911642846336,0.0
14,3.76724241979203,3.0
15,5.00940653552583,3.0
16,5.456656711372968,3.0
17,5.7510067560802485,2.0
18,5.842980867461524,2.0
19,6.123884277273559,4.0
20,6.314337093406756,0.0
21,6.55311006713439,3.0
22,6.578949147286758,4.0
23,7.1908651356188535,3.0
24,7.642974147816455,4.0
25,7.938902782855642,0.0
26,8.748515957977206,0.0
27,8.870345201527192,3.0
28,9.07457567565368,3.0
29,9.275124916759063,4.0
30,9.303447492123077,3.0
31,9.358440553630894,0.0
32,9.961749011202006,3.0
33,10.319140141641775,3.0
34,10.609629648115957,2.0
35,10.622376099542615,0.0
36,11.178356560340228,4.0
37,11.211877374634529,3.0
38,11.244944912682126,2.0
39,11.452356899305117,1.0
40,11.602868890010791,0.0
41,11.715317907447215,2.0
42,11.73648558891809,3.0
43,12.442525453959234,0.0
44,12.688618397373103,4.0
45,12.99602272428131,0.0
46,13.539127945674167,2.0
47,14.015529888826567,0.0
48,15.049378369029752,3.0
49,15.209428685342463,2.0
50,15.418386449665428,2.0
51,15.694828484438812,2.0
52,16.16763151709206,2.0
53,16.222187193881762,0.0
54,16.86091096297645,3.0
55,16.93846545293642,3.0
56,16.95055106140433,2.0
57,17.617135432128627,3.0
58,17.789725074209585,0.0
59,17.824683364496636,3.0
60,17.99301652186213,3.0
61,18.253409084060706,3.0
62,18.26158937222725,2.0
63,18.437855722777527,2.0
64,18.603694976389864,2.0
65,18.907167357719672,2.0
66,19.896010199015063,3.0
