,time,event
0,0.1410776791883542,3.0
1,0.5178493374381011,4.0
2,0.7625337050139538,4.0
3,0.8969519826089898,0.0
4,2.0784846858588835,0.0
5,2.259892770612428,3.0
6,2.6047339672969163,2.0
7,3.0284401309982303,3.0
8,3.357461219572518,2.0
9,3.6891448183235562,1.0
10,3.736212267948678,3.0
11,3.882143622370848,2.0
12,4.244943790241378,3.0
13,4.979536408946916,2.0
14,5.107091900128308,4.0
15,5.148217331035107,2.0
16,5.393130150924724,2.0
17,5.491681368809865,0.0
18,5.584985736100524,2.0
19,6.178284131297872,2.0
20,6.271028103941355,0.0
21,7.765622066655347,3.0
22,8.035800729071362,3.0
23,8.585147546863107,3.0
24,8.875258050297289,0.0
25,9.729076393144586,2.0
26,10.455518087961314,2.0
27,10.592251451808405,0.0
28,10.909712795652652,3.0
29,11.063235600014409,3.0
30,11.36915926413145,0.0
31,11.710071747229344,2.0
32,11.798437762247769,0.0
33,11.832855679884428,3.0
34,11.85332283556792,4.0
35,11.890991316650195,2.0
36,12.482551548494333,0.0
37,12.547645325468842,3.0
38,12.947161752550002,0.0
39,13.234658474333143,3.0
40,13.636890247425972,3.0
41,13.80370970275607,3.0
42,13.963962215908234,2.0
43,14.544756800619922,3.0
44,14.648077020082921,0.0
45,14.925843726143546,3.0
46,15.097558307953577,2.0
47,15.966076124213785,2.0
48,16.054172588006065,3.0
49,16.630316178371622,3.0
50,16.926156550777158,3.0
51,16.981938524140126,3.0
52,17.075259198347815,2.0
53,17.083548810259078,0.0
54,17.32234912148674,2.0
55,17.436844003507048,2.0
56,17.806317719218036,2.0
57,17.975169892588614,3.0
58,18.216142912635014,3.0
59,18.275039070375286,2.0
60,18.51870345766804,2.0
61,18.75171665241765,4.0
62,18.77207879068293,2.0
63,19.48543867490804,1.0
64,19.933343614812074,4.0
65,19.973007083145,2.0
