,time,event
0,1.327862532292492,0.0
1,1.5380375508418778,0.0
2,1.6911067534954376,0.0
3,1.852098866608774,3.0
4,1.974792486239826,0.0
5,3.287827921645719,2.0
6,4.833105281796324,2.0
7,4.908394627204519,2.0
8,5.0340341303395535,4.0
9,5.107403260946632,2.0
10,5.178467665551218,3.0
11,5.332267968524641,4.0
12,5.394448760983841,0.0
13,5.507734754557053,3.0
14,5.949108222430447,0.0
15,6.425595552044354,3.0
16,6.840421936670193,2.0
17,6.849546313709731,2.0
18,8.226177437772169,1.0
19,8.335797631659453,3.0
20,8.718755608134522,2.0
21,10.31582018527095,0.0
22,10.967057723451877,2.0
23,11.100830362899474,2.0
24,11.646883632159454,2.0
25,12.019732454648148,3.0
26,12.307678069118824,3.0
27,12.790553159493337,2.0
28,12.8853125318067,3.0
29,13.03162538571805,2.0
30,13.177987019711853,2.0
31,13.884548147028536,3.0
32,13.888157817428166,3.0
33,13.932062646128406,0.0
34,14.53305249865932,2.0
35,14.917239009333468,0.0
36,16.085147693100517,2.0
37,16.09197767395084,2.0
38,16.300093381412157,3.0
39,16.807007754323983,3.0
40,16.848137990319994,0.0
41,17.31457127139857,3.0
42,17.40668703544482,3.0
43,17.612832817015416,4.0
44,17.714261137307982,2.0
45,18.53622066323215,4.0
46,18.881072431990262,2.0
47,19.617084941401536,3.0
48,19.787002233238724,3.0
