,time,event
0,0.05218047973095513,2.0
1,0.11713198164702707,2.0
2,0.5261399179347015,2.0
3,0.9203674658173199,2.0
4,1.8029988741840404,2.0
5,2.7241227200490137,0.0
6,4.396935057037718,3.0
7,4.44384429825844,1.0
8,4.7169107808452955,2.0
9,5.167647909635007,2.0
10,5.351839193702068,4.0
11,6.7065993637997,4.0
12,6.978255140451652,4.0
13,7.640443305364631,2.0
14,7.655548214412903,3.0
15,8.098099926578076,3.0
16,8.428413619302901,0.0
17,8.609895422126902,0.0
18,8.823486485190323,2.0
19,9.024873664831683,2.0
20,9.181851625922882,3.0
21,9.951029289650014,0.0
22,10.345536696777005,0.0
23,10.967616262002869,3.0
24,10.998171726663333,2.0
25,11.002091483128126,2.0
26,11.392158637200957,3.0
27,11.460765740360916,3.0
28,11.842691279761848,2.0
29,11.972838368052724,0.0
30,12.097230294651045,4.0
31,12.326192076103393,2.0
32,12.371890224836113,3.0
33,12.385576495025196,3.0
34,12.627674837232922,3.0
35,12.968133217527416,2.0
36,13.942912627099982,2.0
37,14.237408260534743,0.0
38,14.541426915821171,3.0
39,14.601471088441013,3.0
40,15.11474127359736,2.0
41,15.14469192565548,4.0
42,15.182879833604789,2.0
43,15.565447928008187,2.0
44,15.63586832074426,3.0
45,15.840762546695059,2.0
46,15.921596142149191,4.0
47,17.063549406381,4.0
48,17.07716006260581,4.0
49,17.386660519692924,0.0
50,17.830557885221197,0.0
51,18.020476944521075,0.0
52,18.462546756982842,0.0
53,18.97616030740593,2.0
