,time,event
0,0.07913235303798853,3.0
1,0.20215943497275085,2.0
2,0.3055940351253672,3.0
3,0.42440845831369645,3.0
4,1.1809040600770555,3.0
5,1.2991310412339718,4.0
6,2.1028241273726094,4.0
7,2.408833177328123,3.0
8,2.43759439257661,0.0
9,2.472617373560511,2.0
10,2.4923717739453384,4.0
11,2.5109490418091664,2.0
12,3.9915524394524287,3.0
13,4.083957565043725,2.0
14,5.1148791036046966,3.0
15,5.388274660439444,4.0
16,5.626162064557767,4.0
17,6.167683121488142,2.0
18,6.633811656614104,4.0
19,7.701487347499758,3.0
20,7.930243348815557,2.0
21,8.097440729718283,3.0
22,8.635702882758487,0.0
23,10.34105905646921,2.0
24,10.349998212446302,3.0
25,11.116894509484124,1.0
26,11.719624112739446,3.0
27,12.219221735344608,0.0
28,12.387561307064061,3.0
29,12.527051246061497,0.0
30,13.21313598063456,2.0
31,13.89477860403353,2.0
32,14.146110529864636,0.0
33,14.294493822680996,2.0
34,15.58287826040063,2.0
35,15.58583864595747,0.0
36,16.002644496136554,2.0
37,16.0807776693462,2.0
38,16.755765531086215,2.0
39,17.006795577473866,4.0
40,17.122130416289185,0.0
41,17.83637934164902,0.0
42,18.075656064982407,0.0
43,18.80452675558994,3.0
44,18.85080901731443,3.0
45,19.00532186375464,3.0
46,19.422987596541564,3.0
47,19.99958348820483,3.0
