,time,event
0,0.7116714803873458,2.0
1,1.6602919346253842,2.0
2,2.0192833659242853,3.0
3,2.6091214076651044,3.0
4,2.9226399797148526,2.0
5,2.96582977368135,0.0
6,3.206449487149034,2.0
7,3.508955395245966,0.0
8,3.571995161239228,4.0
9,3.8873659957012014,0.0
10,4.1014958075501715,0.0
11,4.401086506332668,2.0
12,5.050844268429242,2.0
13,5.181246392668668,3.0
14,5.821242076582877,3.0
15,6.346720566058614,3.0
16,6.844417586525981,2.0
17,7.208059411684556,3.0
18,7.294012933754018,4.0
19,7.3292889572884885,3.0
20,7.932234194978951,3.0
21,7.99393821153416,2.0
22,8.137793139039108,0.0
23,8.214619790288195,3.0
24,8.482609990217043,3.0
25,8.605334977978591,3.0
26,8.6840662274217,3.0
27,9.162869594410266,3.0
28,9.551932484309457,3.0
29,9.65347275922833,3.0
30,10.228182317953504,0.0
31,10.92436984933537,4.0
32,10.947946734297954,2.0
33,11.007180450405235,2.0
34,12.304713955272833,2.0
35,12.344400393241992,2.0
36,12.593793110453955,3.0
37,12.869166159531433,2.0
38,13.577392774326453,2.0
39,14.005051490712674,3.0
40,15.175038863076448,2.0
41,15.427851033408915,2.0
42,15.505398259538278,3.0
43,16.222769619234516,3.0
44,16.35918722397881,0.0
45,16.505170134996327,3.0
46,16.609344675727655,3.0
47,16.809044359431077,0.0
48,16.896787185414997,2.0
49,17.746556727198573,3.0
50,18.143739197925985,1.0
51,18.267897805262354,3.0
52,18.949207133972706,2.0
53,19.1174206448564,4.0
54,19.656409022398616,3.0
55,19.935668508083886,0.0
