,time,event
0,0.05042284363263092,4.0
1,0.6864294245335806,3.0
2,1.401992293599267,0.0
3,1.4769439511151532,3.0
4,1.5398615451569038,2.0
5,1.8683336450898342,2.0
6,2.023910338078262,0.0
7,2.5376221919991466,3.0
8,2.5854923443952402,2.0
9,3.6889037852635003,2.0
10,3.862541735223296,4.0
11,4.051412562594874,4.0
12,4.436004508409014,0.0
13,4.971415890748829,3.0
14,5.953447421237956,2.0
15,6.830624739244641,3.0
16,6.955906310468006,2.0
17,7.033056024024735,2.0
18,7.1120935978184985,3.0
19,7.429960730218078,3.0
20,7.6669273702224325,2.0
21,8.716648862145501,0.0
22,8.750012173526978,0.0
23,8.917463807883374,0.0
24,9.362160491564529,2.0
25,9.363006795503882,2.0
26,9.381332245203648,2.0
27,9.45088406345822,2.0
28,10.392514574602181,2.0
29,10.678359904625223,0.0
30,10.67955137495224,4.0
31,11.218926802212843,3.0
32,11.51507757814155,4.0
33,11.553774406913245,3.0
34,11.579212765872814,3.0
35,12.433220764250843,2.0
36,13.493987595460398,3.0
37,13.721376936312534,3.0
38,14.340613399969943,2.0
39,14.49274309560815,0.0
40,15.146859643904744,2.0
41,15.665757863609986,3.0
42,15.782209062068272,3.0
43,16.350006101352736,2.0
44,16.529434203227133,2.0
45,16.535814989856938,2.0
46,16.542699991801026,2.0
47,17.089109329897497,0.0
48,18.087174540231853,3.0
49,18.297368938124148,2.0
50,18.593389442528988,0.0
51,19.13238345100726,4.0
52,19.49032324805794,4.0
