,time,event
0,0.4295373454186527,0.0
1,0.4806237965150584,4.0
2,0.5191049515857146,4.0
3,0.5988409817941246,2.0
4,0.957480345425402,3.0
5,2.108871581215091,4.0
6,2.3802285376195527,0.0
7,2.743756369323683,2.0
8,2.922261311974582,2.0
9,3.0907151194608122,4.0
10,3.249928504910214,4.0
11,3.6673926824951097,0.0
12,4.01332640921353,2.0
13,4.11640211424908,1.0
14,4.723342298019788,3.0
15,4.744328490357204,3.0
16,5.729065126669947,2.0
17,6.309500695687431,3.0
18,6.8078524037552315,3.0
19,6.981362215900164,3.0
20,7.321167772095309,3.0
21,7.376780355465472,3.0
22,7.6188253578760285,3.0
23,7.886119786840405,2.0
24,7.929966642143839,3.0
25,8.12464686823053,2.0
26,8.32707999529686,0.0
27,8.783298539549797,0.0
28,9.240721331047153,3.0
29,9.272987302506907,4.0
30,9.347842617701556,0.0
31,10.034854631707622,4.0
32,10.398860787057838,3.0
33,10.814224852962644,0.0
34,10.974220536241615,4.0
35,11.114587798935235,2.0
36,11.650011570885102,2.0
37,11.83431211334489,3.0
38,12.168196530366318,0.0
39,12.39747781117908,2.0
40,12.400144902528458,4.0
41,12.747478464114378,3.0
42,12.971998606707713,2.0
43,13.715144573318701,2.0
44,13.839235506784757,2.0
45,14.697521294033189,4.0
46,15.07445714761355,2.0
47,15.780128057422179,0.0
48,15.982631126229442,0.0
49,16.870071227844303,3.0
50,16.93640229108123,2.0
51,17.416106348478696,2.0
52,17.540862354560865,3.0
53,17.545693546231053,0.0
54,18.33766839727946,2.0
55,18.619134519605847,2.0
56,18.629294701036013,4.0
57,19.752355607281128,4.0
58,19.850780374743383,0.0
59,19.91936079373195,4.0
60,19.92503085070628,4.0
