,time,event
0,0.1338107637183171,3.0
1,0.15237249951240947,3.0
2,0.23546399773992438,0.0
3,0.5951292979355676,0.0
4,0.7516603716610597,0.0
5,0.7537199447030734,2.0
6,1.562221321210505,3.0
7,1.7306070555902984,2.0
8,1.954258917379688,2.0
9,2.719348578667377,3.0
10,2.9930229335449003,4.0
11,3.7149503683048852,3.0
12,3.715270719070971,2.0
13,3.7530359056658313,2.0
14,3.8454345525748206,3.0
15,4.0011210195219,3.0
16,4.110000928238516,4.0
17,5.725909222826724,4.0
18,5.827987643058049,0.0
19,7.580037320676361,2.0
20,7.688635141574806,2.0
21,7.73952624067093,2.0
22,7.970138170394829,0.0
23,8.059124885125557,2.0
24,8.43840491059489,3.0
25,9.223653729543711,4.0
26,9.864291901082714,4.0
27,9.958889881097992,2.0
28,10.099741927912795,0.0
29,10.86109022763622,0.0
30,10.91134257722997,0.0
31,10.919913377129173,4.0
32,11.680964103304328,4.0
33,12.02871751434439,2.0
34,12.326096922392683,2.0
35,12.46774987248193,2.0
36,12.500550041308568,0.0
37,12.683376398437371,3.0
38,12.799620161682723,3.0
39,12.882783288376453,2.0
40,13.740547692398568,3.0
41,15.84776548242386,2.0
42,15.877537522447506,0.0
43,15.880936253178842,3.0
44,16.12211794204355,1.0
45,16.561448350343987,4.0
46,16.758368297880587,3.0
47,17.58998066972168,4.0
48,18.613258912995363,2.0
49,18.821353778035544,3.0
50,18.82317183020794,3.0
51,19.743382663445736,3.0
52,19.83125017529964,3.0
