,time,event
0,0.13945394241979897,3.0
1,0.1869733113322261,2.0
2,0.5000467223192626,2.0
3,0.5625106846734991,3.0
4,1.680871743423105,0.0
5,2.1930236417844866,2.0
6,2.2222441159107924,4.0
7,2.373126222918741,0.0
8,2.732976876414895,2.0
9,2.743647824806052,2.0
10,3.7232943442358755,3.0
11,3.762640287299535,3.0
12,3.922846146964098,2.0
13,4.142370725071422,1.0
14,5.3930073927745585,3.0
15,6.244934096810304,3.0
16,6.757563281639675,0.0
17,6.839740936226816,0.0
18,7.887069095027377,4.0
19,7.900007652961587,2.0
20,8.063774375132608,3.0
21,8.088025444188885,2.0
22,8.210206248261045,2.0
23,8.520281674471622,2.0
24,8.601589864781188,3.0
25,8.729694595939922,2.0
26,9.391167728479292,3.0
27,10.641902320738602,2.0
28,10.706071317962852,0.0
29,10.88600852619127,3.0
30,11.443095459344047,3.0
31,11.678733892859817,3.0
32,13.628673577491572,2.0
33,13.826217788945016,2.0
34,14.169079142324911,3.0
35,14.247542865737234,3.0
36,15.280186649920921,2.0
37,16.18715469041089,3.0
38,16.18968011460934,2.0
39,16.407344479386204,3.0
40,17.03482181648395,2.0
41,17.138396965840098,3.0
42,17.595018415960663,3.0
43,18.171508422776466,2.0
44,18.54493301888915,0.0
45,18.77739382090798,3.0
46,19.07759520372673,4.0
47,19.43987202966316,1.0
48,19.659234611876034,4.0
