,time,event
0,0.0063546756405723865,2.0
1,0.2859010973115188,3.0
2,0.6914825161453305,3.0
3,1.247820270737269,3.0
4,2.1021637212715305,3.0
5,2.622448452061149,2.0
6,3.7047802836592973,2.0
7,3.8467359783804813,3.0
8,4.6896374445195566,2.0
9,5.267334333772716,1.0
10,5.439039925523291,3.0
11,6.243796868976404,2.0
12,6.450533201835927,2.0
13,6.889321658312558,0.0
14,7.4213811982030915,0.0
15,7.998263017694039,2.0
16,8.509425888034702,0.0
17,9.507637240943321,0.0
18,9.850588801023818,3.0
19,10.023599534981111,3.0
20,11.560476488703937,3.0
21,11.561730975041218,2.0
22,12.036243096646157,3.0
23,12.042129172872091,3.0
24,12.318923137410803,0.0
25,12.91389151869337,3.0
26,12.981104430366164,3.0
27,13.297372359460395,4.0
28,13.343910478701778,3.0
29,14.359684729572411,3.0
30,14.689727295039056,4.0
31,15.171108401068613,0.0
32,15.236766974869111,3.0
33,15.573706098436805,3.0
34,15.730831907081368,4.0
35,15.932695177054589,4.0
36,15.984001151020205,3.0
37,16.366528969887828,3.0
38,16.37640935962925,2.0
39,17.218279513689318,2.0
40,17.434289121250927,2.0
41,17.76429457709383,0.0
42,18.456291277964688,3.0
43,18.75376641902544,0.0
44,18.807335282950348,3.0
45,18.85938919382596,3.0
46,19.073888079557122,4.0
