,time,event
0,0.009664935811506181,3.0
1,0.29084653285356454,3.0
2,0.6969079300929368,4.0
3,1.1782413300570664,2.0
4,1.820909240580217,3.0
5,2.5104667507615965,0.0
6,2.58388905431633,0.0
7,3.440822546446766,4.0
8,3.719327503985899,3.0
9,3.8538814664659675,3.0
10,3.914511372894639,2.0
11,4.5676029197793095,0.0
12,4.597455720704455,0.0
13,4.738276703963876,0.0
14,4.782287679245188,3.0
15,4.783597480894655,3.0
16,5.83672780843734,0.0
17,5.986500514671318,2.0
18,6.059844139946769,2.0
19,6.280222802732023,3.0
20,6.480972396189161,2.0
21,6.585432334380604,2.0
22,6.750373709487387,0.0
23,9.196080969510026,3.0
24,9.85581219258665,3.0
25,10.3483158518263,3.0
26,10.700071670506656,3.0
27,10.734640213722207,2.0
28,11.116752311810579,2.0
29,11.155234194363418,2.0
30,11.239813138376377,4.0
31,11.362994512971245,0.0
32,11.461831068245408,2.0
33,11.666893765742183,3.0
34,13.26001400368409,2.0
35,13.314239570042695,3.0
36,14.01584561791358,2.0
37,14.248052029084874,0.0
38,14.412887501051378,2.0
39,14.585139023234824,3.0
40,15.10714123334888,0.0
41,15.342049925235157,2.0
42,15.859781402747885,4.0
43,16.211680024507086,3.0
44,16.614766845318236,0.0
45,16.646292789751154,3.0
46,16.64791807552676,4.0
47,17.43521305081722,3.0
48,18.425533954957853,3.0
49,18.521469339686746,2.0
50,18.587157993090056,3.0
51,18.724378983326794,2.0
