,time,event
0,0.42014987151445793,3.0
1,0.49650918164192276,3.0
2,0.6624980862757064,3.0
3,0.9657800190620368,2.0
4,1.1018395738682834,2.0
5,1.4030248098120117,3.0
6,1.4167007804006042,2.0
7,1.5349034520236144,0.0
8,1.8110103019440174,0.0
9,2.6847771389120476,0.0
10,2.755284149676051,2.0
11,3.486228405605141,2.0
12,4.885386162883974,2.0
13,4.94449096377388,3.0
14,5.019821151221994,2.0
15,5.038511685939139,3.0
16,5.994692782929793,3.0
17,6.495438979139956,0.0
18,7.092493261407018,2.0
19,7.107476117898422,2.0
20,9.044417110041172,2.0
21,9.100017750362063,2.0
22,9.848816284570066,0.0
23,10.213419605479022,2.0
24,12.009118099795126,0.0
25,12.265873174800708,3.0
26,13.41456657983545,3.0
27,13.607118124881499,2.0
28,13.642888993348876,2.0
29,13.722288491527165,0.0
30,13.959755464344742,4.0
31,14.534116587074704,3.0
32,14.65503495430949,0.0
33,15.283724762461146,3.0
34,15.935606631657055,0.0
35,16.8735390242693,2.0
36,16.995995854569646,4.0
37,17.611926697663456,2.0
38,18.029215582240763,2.0
39,18.533059147956134,3.0
40,18.690021154932083,2.0
41,19.60062158903737,3.0
42,19.70431830227488,4.0
