,time,event
0,0.017903221026060873,3.0
1,0.7503174481682313,3.0
2,1.711589494474926,4.0
3,1.853676473613872,3.0
4,2.2473512483188967,2.0
5,2.5270182750889347,0.0
6,2.661277904030664,2.0
7,3.571053363499414,3.0
8,3.7999535341160025,3.0
9,3.9015019532464783,4.0
10,3.965837167408137,2.0
11,4.580451387399711,0.0
12,4.583304567721687,2.0
13,4.858209961798379,2.0
14,5.022501827750135,2.0
15,5.481551823847552,2.0
16,5.846408807392509,2.0
17,6.6950198044737075,2.0
18,6.871331551427199,3.0
19,6.941347757744686,3.0
20,6.996782682534432,3.0
21,7.342958161402662,3.0
22,7.913490117120793,3.0
23,7.950746474950949,2.0
24,7.985454400904263,3.0
25,8.21174171712718,3.0
26,9.256744697393,0.0
27,9.568532205182798,3.0
28,9.91874872194568,0.0
29,11.393537097637843,2.0
30,11.413396545656108,3.0
31,11.600929696313303,3.0
32,11.811213558785944,0.0
33,13.442774484975208,2.0
34,13.63901972993366,2.0
35,13.790651905588637,2.0
36,13.80707238407749,0.0
37,13.884947658636214,2.0
38,15.19605534146037,4.0
39,15.559337767091996,0.0
40,16.635702656570363,4.0
41,16.733873447338325,2.0
42,16.890286049573625,3.0
43,17.204288688316666,0.0
44,17.257691093567917,3.0
45,17.34423760282168,3.0
46,17.768180872494412,0.0
47,18.171532722253595,2.0
48,19.07080308073785,0.0
49,19.216586163501905,0.0
50,19.352698148561746,3.0
51,19.56760140641682,2.0
52,19.88972269235084,2.0
