,time,event
0,0.4946575184205598,3.0
1,1.0627614664633986,3.0
2,1.8154979577820751,2.0
3,2.2789426028290016,4.0
4,2.399730611962887,0.0
5,2.434894701150326,3.0
6,2.537138125135425,4.0
7,2.8409994706115027,4.0
8,3.017312127256043,3.0
9,3.295149320476255,3.0
10,3.3011146336508,4.0
11,3.5589209782383935,3.0
12,4.008694761295662,4.0
13,4.056252456668336,4.0
14,4.089893616944724,3.0
15,5.824749457639216,2.0
16,6.0303227316603225,3.0
17,6.080804802936675,2.0
18,6.32773484485593,2.0
19,6.539750097180993,2.0
20,7.190742364601344,3.0
21,7.863171001425711,2.0
22,7.904790401737838,3.0
23,8.073744333948305,2.0
24,8.121898197791081,0.0
25,8.201529675871633,3.0
26,8.595417097540777,0.0
27,8.748303695145857,0.0
28,9.268538260719463,4.0
29,9.494033894524772,2.0
30,10.080165734391429,4.0
31,10.221777034153355,3.0
32,10.226083015517965,2.0
33,10.2605591175032,3.0
34,11.017117001870943,0.0
35,11.517086090578685,2.0
36,12.3044772186333,4.0
37,12.484832601931691,3.0
38,12.75598836609422,3.0
39,13.320074063608491,2.0
40,13.367847063427677,3.0
41,13.473070775655287,4.0
42,14.673246466046932,3.0
43,15.038142824478793,2.0
44,15.06591110135986,4.0
45,15.268529677161625,0.0
46,15.605708992596934,2.0
47,15.860956519534312,2.0
48,16.281639881806207,2.0
49,17.627109240640003,0.0
50,19.09260999044178,0.0
