,time,event
0,0.034815210763878536,2.0
1,0.8654982547674753,0.0
2,1.559075961340932,3.0
3,1.6208360307105911,3.0
4,1.9751701091072997,2.0
5,2.1567341759099303,3.0
6,2.2145911851677975,4.0
7,2.223644487648691,2.0
8,2.578601521807915,4.0
9,2.7606329674029273,2.0
10,3.215059190509319,3.0
11,3.5779915868180434,3.0
12,3.872462492349969,2.0
13,3.9342827894672987,0.0
14,4.068073106847663,3.0
15,4.20798713554102,2.0
16,4.821366363482446,3.0
17,4.9124475952263165,3.0
18,4.9531507569393565,3.0
19,5.493213188842299,3.0
20,5.8614812929451,3.0
21,6.27691902892329,2.0
22,6.3363580268166375,3.0
23,8.268023106689652,0.0
24,8.514661798976432,0.0
25,8.518208576954653,3.0
26,8.628980680805622,3.0
27,8.743929994921341,2.0
28,9.22917573026568,0.0
29,9.327711979893223,0.0
30,9.5256181276218,3.0
31,9.96460616107544,3.0
32,10.152716781551327,0.0
33,10.977894754994756,3.0
34,11.330975040551552,2.0
35,11.927120395861456,2.0
36,13.028464227298555,2.0
37,13.341367577116236,2.0
38,13.477053884127036,2.0
39,13.545837604699225,3.0
40,14.173833739427408,2.0
41,14.188575541802082,2.0
42,14.19610522772483,3.0
43,14.499508280544873,2.0
44,14.979669616456393,2.0
45,15.27936824697535,3.0
46,15.486808548631423,0.0
47,16.756411861153374,3.0
48,16.927413736007345,3.0
49,17.330549065776896,2.0
50,17.361765869794706,0.0
51,17.365965177841908,0.0
52,17.892430173577548,1.0
53,17.9812602098841,3.0
54,18.404082067936542,3.0
55,18.541577565879805,2.0
56,18.624900141091498,3.0
57,19.523722235593578,4.0
