,time,event
0,0.1846535464703487,2.0
1,0.40011973479237195,2.0
2,0.5348557787925643,3.0
3,0.6434456491122205,0.0
4,0.7907821244767502,3.0
5,1.4380667363846875,0.0
6,1.4974253290076058,3.0
7,1.9927108169637944,0.0
8,2.06290390470712,3.0
9,2.38113220387676,2.0
10,2.5575927234957287,3.0
11,2.655570245495348,0.0
12,3.50071147631911,4.0
13,4.330476209741421,3.0
14,4.483096236545216,2.0
15,5.307302632064338,2.0
16,5.329970946578457,2.0
17,5.56380798297247,3.0
18,5.882073315118429,3.0
19,5.946087182732104,2.0
20,6.932218822612512,2.0
21,6.960140423366472,2.0
22,7.013742295585035,3.0
23,7.343642587941961,2.0
24,8.044201026349327,1.0
25,8.415955111287003,3.0
26,8.812886092667412,3.0
27,9.000145863137005,4.0
28,10.587755580282767,2.0
29,10.920365230192292,3.0
30,10.941500559192962,2.0
31,11.0676868925217,0.0
32,11.157442272307195,3.0
33,11.285699436053786,2.0
34,11.308919019833302,2.0
35,11.73443771584559,2.0
36,12.460124349885703,2.0
37,13.157127758223917,4.0
38,13.563494583016189,3.0
39,13.721038463788512,2.0
40,13.90022119560665,2.0
41,14.078573179146517,2.0
42,14.18275325883669,4.0
43,14.397315126769977,0.0
44,14.50926394093437,3.0
45,14.998533617311816,3.0
46,15.621305729198944,0.0
47,16.32004732297488,3.0
48,16.689818809530905,0.0
49,16.756083312236463,0.0
50,16.996434856572545,2.0
51,17.265530697935127,2.0
52,17.553820227529133,0.0
53,17.82030605148861,2.0
54,18.1263020243358,0.0
55,18.163848572247595,2.0
56,18.393515751656054,3.0
57,19.28647571007682,3.0
58,19.28667291007919,3.0
