,time,event
0,1.312359986980071,2.0
1,1.8877578602994336,3.0
2,2.3118650417248228,2.0
3,2.6839722080133317,3.0
4,2.7423321384418937,2.0
5,3.7654508745591446,3.0
6,4.604480204656351,0.0
7,5.003082704506253,0.0
8,5.008922362765317,0.0
9,5.176272162332784,0.0
10,5.306859191381975,3.0
11,6.011547187617129,2.0
12,6.0946333715104375,2.0
13,6.129977715107287,3.0
14,6.83470266289852,2.0
15,8.273964575827673,0.0
16,8.479623530734612,2.0
17,8.72645024384954,0.0
18,10.26505490077126,3.0
19,10.491340720800464,0.0
20,10.710197326545464,2.0
21,11.05465731597739,2.0
22,11.188121074074422,4.0
23,11.335619969703016,2.0
24,11.4241378608782,0.0
25,11.711771003740914,0.0
26,11.828858271405286,2.0
27,14.112907511711503,2.0
28,14.642752351207372,3.0
29,14.881769010984662,2.0
30,15.510640577494163,2.0
31,16.28459520701146,2.0
32,16.298143409289143,2.0
33,17.50994068526553,2.0
34,17.577323261396806,0.0
35,17.894257848573034,2.0
36,18.21569231193781,3.0
37,18.35674409835922,0.0
38,19.304992294075802,0.0
39,19.534386487102402,3.0
