,time,event
0,0.08932426257499955,3.0
1,0.748175359278343,2.0
2,1.515269027878512,3.0
3,1.6621303672100576,3.0
4,2.128340918131359,0.0
5,3.009822382503064,2.0
6,3.085094909595794,4.0
7,3.155881467115579,3.0
8,3.3540770172098004,0.0
9,3.497662193318426,2.0
10,3.6463249818351233,3.0
11,3.6781408786771475,3.0
12,3.9297220145775964,0.0
13,5.86866546315607,4.0
14,6.13589841132848,0.0
15,6.178208162599378,4.0
16,6.441712999535092,3.0
17,8.529268122249054,0.0
18,8.886414238404743,2.0
19,9.517393614035646,3.0
20,9.897757155197404,2.0
21,9.949793024199039,4.0
22,10.254194026981274,3.0
23,10.656668032569542,3.0
24,10.685814002757851,2.0
25,10.751662696514167,0.0
26,10.830995359186955,2.0
27,10.981252660916338,0.0
28,10.997938713418623,3.0
29,11.471579274724748,0.0
30,11.630063634278311,0.0
31,11.714288028610538,4.0
32,12.503517491396464,0.0
33,12.575790701073252,3.0
34,12.91948765197296,3.0
35,12.993770758746557,3.0
36,13.112082419488809,2.0
37,13.347207302269508,0.0
38,14.007865390496567,0.0
39,14.691250491128034,2.0
40,15.448760346607179,3.0
41,15.648971252218137,4.0
42,16.188273657077733,3.0
43,16.21888917073234,2.0
44,16.371127266274964,2.0
45,16.39175836022262,2.0
46,16.592125670025684,4.0
47,17.16747472787567,2.0
48,17.791602865574255,3.0
49,18.672258277911553,4.0
50,19.045652972465817,0.0
51,19.06120236760314,0.0
52,19.45367538964739,2.0
53,19.7289616326961,2.0
