,time,event
0,0.01832226814453356,3.0
1,0.0495017177892249,3.0
2,0.24994860760656953,2.0
3,0.35991796176772556,3.0
4,0.9451734832898067,4.0
5,1.1930972332351486,3.0
6,1.492154945258878,4.0
7,1.549369433335886,2.0
8,1.8515282784341265,2.0
9,2.2510455808152248,2.0
10,2.2663181889990867,2.0
11,2.5326781421063456,3.0
12,2.7085495156663826,3.0
13,2.834599943784724,3.0
14,3.198887923369601,2.0
15,3.430336163929147,0.0
16,3.903533487191652,0.0
17,4.201292082959454,4.0
18,4.483980214692231,3.0
19,4.61542530334044,0.0
20,5.966698538272368,3.0
21,6.1650630537022995,3.0
22,6.168951223947672,0.0
23,6.2699979529525836,3.0
24,6.284035073199775,3.0
25,6.328424137384399,2.0
26,6.349838662890245,3.0
27,6.464824769411315,2.0
28,6.473470506647492,0.0
29,7.08254526866381,3.0
30,7.106767828375104,2.0
31,7.726041982465558,3.0
32,7.74246922823148,4.0
33,7.934340541293941,3.0
34,8.240263590112674,2.0
35,8.29763552643966,0.0
36,8.628139017430309,3.0
37,8.706992603072207,0.0
38,8.772365879925088,2.0
39,9.065871684741811,4.0
40,9.820386952843682,3.0
41,9.832526121330154,0.0
42,10.054609590594227,2.0
43,10.331341225839092,3.0
44,11.025230365881912,3.0
45,11.838210910847314,2.0
46,12.072585646665832,2.0
47,12.683558486076443,4.0
48,12.875557373334903,3.0
49,12.953293415833635,2.0
50,13.278941504598105,3.0
51,13.463481939951883,2.0
52,13.597348039175976,0.0
53,13.872482349270513,3.0
54,14.073425353540191,2.0
55,14.289887507239797,2.0
56,14.63283085402566,2.0
57,15.733643619114416,2.0
58,16.131733421942943,4.0
59,16.68656859143488,0.0
60,16.897746607894767,2.0
61,16.999931736122242,3.0
62,17.145192492610413,2.0
63,18.04198412837237,4.0
64,19.798294812719167,0.0
