,time,event
0,0.293070953978876,3.0
1,1.0040641040168432,1.0
2,1.5554083298205044,3.0
3,1.8370908231580036,2.0
4,2.289101716854159,3.0
5,2.3450078307125253,2.0
6,2.366097819995116,0.0
7,2.4060077912335487,3.0
8,2.4444131556579003,4.0
9,2.5205898576163186,0.0
10,2.608146339836055,0.0
11,3.830927501814301,2.0
12,4.250320390534127,0.0
13,4.386137246082933,2.0
14,4.401502071496357,3.0
15,4.5957783374523355,2.0
16,4.879216056974572,0.0
17,4.934419239101517,2.0
18,5.22202121475018,2.0
19,5.343707079843391,0.0
20,6.238654388424587,2.0
21,7.2448239804864905,3.0
22,7.703206483053968,2.0
23,7.915966927122456,2.0
24,8.146686011600417,0.0
25,8.32434645111015,3.0
26,8.541243619618319,3.0
27,8.7837904236038,3.0
28,10.334209022327274,0.0
29,10.911419464705672,3.0
30,11.452063667079857,3.0
31,11.987948326205748,4.0
32,12.00827480993448,4.0
33,12.104052134264524,0.0
34,12.201998238356179,2.0
35,12.569501977242036,2.0
36,12.71584671911739,2.0
37,12.825599956428675,3.0
38,12.906585002396737,2.0
39,13.24324538927383,0.0
40,13.392081742986289,0.0
41,13.721163736608599,2.0
42,13.978124634286603,3.0
43,14.06634429199788,2.0
44,14.216435613168013,2.0
45,14.403673735591944,3.0
46,14.42447706459063,2.0
47,14.850913522645417,0.0
48,14.8954571780737,2.0
49,15.08459991457111,2.0
50,15.58983763112777,3.0
51,16.121014991088533,0.0
52,16.229999996312454,2.0
53,18.12333506683057,0.0
54,18.174306211479934,0.0
55,18.6161843748649,3.0
56,18.670078943110276,2.0
57,19.043838346389673,0.0
58,19.080929151839243,3.0
59,19.497404115616867,0.0
60,19.888431386767234,2.0
61,19.899974568885774,3.0
