,time,event
0,0.01595770791538946,4.0
1,0.037648662455959686,3.0
2,0.136569589555081,3.0
3,0.9808345165340421,3.0
4,1.1906151759524732,3.0
5,2.2677728983061987,0.0
6,2.34732818434243,4.0
7,2.7511905042321287,3.0
8,2.8590148167101472,4.0
9,3.252343356256869,1.0
10,3.260989854002641,4.0
11,3.744581855063685,0.0
12,3.884568414097292,0.0
13,4.060254200049716,1.0
14,4.295350759300815,0.0
15,4.980008467476943,4.0
16,5.082487284842877,0.0
17,5.147805770802616,2.0
18,5.184116425173209,3.0
19,5.307007525128883,0.0
20,6.311608482227685,3.0
21,6.513494398612146,1.0
22,7.225500394994106,3.0
23,7.263472979587062,4.0
24,9.604305101793406,1.0
25,9.801388332629937,0.0
26,10.167869456031202,3.0
27,10.835516357750508,2.0
28,11.253360038366303,4.0
29,11.878796261166721,3.0
30,11.990008078132991,3.0
31,12.260853554234224,4.0
32,13.415579012597174,3.0
33,13.51076390066933,4.0
34,13.741317579823455,0.0
35,13.79651597283907,3.0
36,13.995828141496858,2.0
37,14.003765581700156,1.0
38,15.166662754571497,1.0
39,15.226422990649157,0.0
40,15.348384551656771,3.0
41,15.598872991997611,3.0
42,15.648730882892696,4.0
43,15.812360209748139,3.0
44,16.020381034549654,0.0
45,16.07202438322702,4.0
46,16.627434996424903,1.0
47,16.692112327640967,3.0
48,16.879086394485704,1.0
49,17.27211326814348,0.0
50,17.58790766788222,0.0
51,17.61574560430646,0.0
52,17.959567840978806,1.0
53,18.463220288447467,0.0
54,18.817198393321668,0.0
55,19.3580104920744,0.0
56,19.75584368182436,1.0
