,time,event
0,0.02072195755949908,1.0
1,0.2990926923721547,4.0
2,0.3400062610714512,0.0
3,0.7088696262283862,4.0
4,0.8792907815166279,0.0
5,0.8993805698951269,4.0
6,0.9047771114916944,3.0
7,1.0252023227338736,4.0
8,1.03949332635127,4.0
9,1.2708880476037745,0.0
10,1.3170410959772443,0.0
11,1.4913406587476332,0.0
12,1.7288087365813152,0.0
13,2.1675421700987414,4.0
14,2.698345844772505,1.0
15,2.892373849682347,3.0
16,3.30426550428114,0.0
17,3.3297679666825406,4.0
18,4.5539242041374814,0.0
19,4.6116739860323985,4.0
20,4.676552662418131,0.0
21,4.8849424522427185,3.0
22,4.8850051521789,3.0
23,5.73376163089366,1.0
24,6.320590395065321,3.0
25,6.606046851502999,4.0
26,6.662149008885196,0.0
27,6.680138770288616,0.0
28,6.98591560258558,4.0
29,7.2473735558624215,4.0
30,7.425043837106819,3.0
31,7.594589097712095,0.0
32,8.107780943570544,3.0
33,8.229100909376712,0.0
34,8.99171089152051,3.0
35,9.90211379205449,1.0
36,10.28959123726283,4.0
37,10.33956093626647,3.0
38,10.350509272013328,4.0
39,11.269732580705895,1.0
40,11.36218298211768,3.0
41,12.003273567037994,0.0
42,12.026945439681944,1.0
43,12.37840860320513,4.0
44,12.482880467560852,1.0
45,13.088513138553354,3.0
46,13.591315661659173,4.0
47,14.278060365452056,3.0
48,14.316782344757858,0.0
49,14.519886439454565,3.0
50,14.770823600224654,1.0
51,15.013702594941117,4.0
52,15.92705571215578,4.0
53,16.53116750839744,1.0
54,16.983802230726315,1.0
55,17.29267411941326,1.0
56,18.07155727408723,3.0
57,18.29070429128186,0.0
58,19.364051992045315,3.0
59,19.505180305724895,3.0
