,time,event
0,0.02521285015757619,3.0
1,0.1408579476985033,3.0
2,0.38172556926537177,4.0
3,0.6701389113911635,0.0
4,1.2393013563344133,0.0
5,1.5976598662560728,3.0
6,1.6407293605533253,4.0
7,1.8485683945464784,3.0
8,2.3811385873175688,0.0
9,2.477594657519529,1.0
10,2.6030794601337406,4.0
11,4.639448109653382,0.0
12,5.198692805401896,0.0
13,5.352719550734771,3.0
14,5.35747888542065,1.0
15,5.568781062497776,1.0
16,6.636629664811068,2.0
17,7.416950864762237,3.0
18,7.514378141539567,3.0
19,7.701501318970622,0.0
20,7.951940249507405,1.0
21,8.402228026311686,4.0
22,8.617047705150027,3.0
23,9.972804577550576,3.0
24,10.084566124115375,3.0
25,10.315773433737357,1.0
26,11.081507356365302,0.0
27,11.414243080812934,0.0
28,11.419314909072893,3.0
29,11.543316850710259,1.0
30,11.741796660414133,4.0
31,12.617075007436705,1.0
32,12.938118811710233,3.0
33,12.959461055346472,4.0
34,13.293625347617398,3.0
35,13.414015359076402,0.0
36,13.543716974276702,3.0
37,13.724101438242299,4.0
38,13.991171240927352,4.0
39,14.668061295191018,0.0
40,15.00604017043987,0.0
41,15.109328798505288,3.0
42,15.249458550874216,0.0
43,15.54907565032352,4.0
44,16.208365584853226,3.0
45,16.307505845849345,1.0
46,16.466034563579516,3.0
47,16.674984458772435,0.0
48,17.054406431274472,0.0
49,18.834158286087288,4.0
50,19.083244911062714,0.0
51,19.239371136351945,3.0
52,19.489784146647676,1.0
53,19.70750631047724,3.0
