,time,event
0,0.5676496534297099,0.0
1,0.9934125721076752,1.0
2,1.0520011157072715,0.0
3,1.2713633520455048,4.0
4,1.5843516275672032,4.0
5,1.5935102605987557,0.0
6,2.21429810496988,0.0
7,2.227737673977126,3.0
8,2.2925022726284623,1.0
9,3.416962583982845,0.0
10,4.205900681920135,4.0
11,4.692401494654758,0.0
12,5.5019704432495455,4.0
13,5.525052631637285,3.0
14,5.772342753771768,0.0
15,5.7835281594622305,1.0
16,5.783686779694766,3.0
17,5.87111935947757,2.0
18,6.220648826652468,3.0
19,6.27242311783047,0.0
20,7.049365317754715,0.0
21,7.922734974417171,0.0
22,8.557104860814528,1.0
23,8.824455457117768,0.0
24,9.252604800045003,0.0
25,9.566901097789914,4.0
26,9.670939740100398,3.0
27,9.762466284673023,0.0
28,11.369385767896967,0.0
29,12.058459550111442,1.0
30,12.06060696091795,3.0
31,12.091850165535105,3.0
32,12.111901550893842,3.0
33,12.282571042110288,1.0
34,12.376933500124808,1.0
35,12.624139158744528,1.0
36,12.705205365561403,3.0
37,12.9217675187901,4.0
38,12.925481314041201,4.0
39,13.206630889148393,3.0
40,13.587481148857137,3.0
41,13.821799537883011,4.0
42,13.947475755381285,3.0
43,14.538015884535316,4.0
44,15.141916137817976,0.0
45,15.295653972589454,3.0
46,15.558832238302141,1.0
47,15.573325555815845,4.0
48,16.565330833278455,0.0
49,16.593942978446986,4.0
50,16.69997435444151,4.0
51,16.964397041547862,1.0
52,17.26885788688717,0.0
53,17.512140309199108,4.0
54,17.763707700859584,3.0
55,18.073388049018895,1.0
56,18.58361710801199,0.0
57,18.741276704529803,0.0
58,18.870877059278634,3.0
59,18.89985039574669,0.0
60,19.00265761606895,0.0
61,19.281381430409006,1.0
62,19.716398533551036,1.0
63,19.97183248049848,3.0
