,time,event
0,0.5229159721726977,0.0
1,0.6714928183960418,3.0
2,0.7189410441615384,3.0
3,1.0569828247604647,0.0
4,1.25125275673594,3.0
5,1.5040000715600226,3.0
6,2.3484766240938573,2.0
7,2.5338960586819903,3.0
8,2.625768884536828,2.0
9,3.7230148539333845,1.0
10,4.029707833580278,1.0
11,4.188378147603398,3.0
12,4.559533542932072,3.0
13,4.611542562866722,2.0
14,4.867725911576584,0.0
15,5.1054035545118435,2.0
16,5.411225130025524,0.0
17,5.42777488701302,0.0
18,5.808782048918844,2.0
19,7.081399286184255,3.0
20,7.1529236054291925,4.0
21,7.762789030014731,0.0
22,7.811858533031718,3.0
23,8.90160220448214,3.0
24,9.376137926524992,2.0
25,9.39778366049314,2.0
26,10.540028675123633,3.0
27,10.556527994035461,0.0
28,11.499794982425891,2.0
29,11.97179734993722,0.0
30,14.626452311150976,4.0
31,14.711801083707988,2.0
32,15.631277211424472,2.0
33,15.965049827687423,2.0
34,16.069601287537054,0.0
35,16.727482492807503,2.0
36,17.29765491570136,3.0
37,17.62510409805074,3.0
38,18.12322044821019,0.0
39,18.485490111552707,1.0
40,18.704093758292878,3.0
41,19.657714279783168,4.0
