,time,event
0,0.06270616944775079,4.0
1,0.2720405890345339,0.0
2,0.8557793979123277,3.0
3,1.0656798335933184,4.0
4,1.611041423448626,1.0
5,2.0767959335392274,1.0
6,2.457788990379324,0.0
7,2.966417497352731,0.0
8,3.011497735908948,1.0
9,3.7979070503579866,0.0
10,4.651611661646111,3.0
11,4.66783927461421,1.0
12,4.8733107647173295,1.0
13,5.217932422782545,0.0
14,5.327717968116934,3.0
15,5.345391566905358,0.0
16,5.459152957097303,0.0
17,5.884633752874455,1.0
18,6.771536152819252,0.0
19,7.135546991986458,4.0
20,7.1875519107042525,1.0
21,7.354960217914224,0.0
22,8.268818585435724,1.0
23,8.417748933583871,3.0
24,8.551806885689022,2.0
25,8.564753133788125,4.0
26,8.822092015813572,3.0
27,8.931596837280544,0.0
28,9.272256400034745,0.0
29,9.569316893496566,0.0
30,10.546693582688212,3.0
31,10.613649392121776,0.0
32,11.048897351998676,1.0
33,11.679818255255892,1.0
34,12.261696994141092,4.0
35,12.389285110386178,3.0
36,12.53106066917975,4.0
37,12.640160112491792,4.0
38,12.875568094722116,1.0
39,13.522877628395833,3.0
40,13.643272110632191,1.0
41,13.764495398778434,4.0
42,14.172862221999118,4.0
43,14.65282581361819,3.0
44,14.962513695095504,4.0
45,15.169486682337153,0.0
46,15.401887957935399,1.0
47,15.66581474940437,1.0
48,15.81810435776918,1.0
49,15.930276295577432,0.0
50,16.162899154358914,0.0
51,16.42320005472309,3.0
52,16.61495937841152,0.0
53,17.136630633805357,4.0
54,17.859726738699635,4.0
55,17.88517972437606,3.0
56,17.98199023272488,0.0
57,17.992472544940917,1.0
58,18.618236090575117,4.0
59,18.79942505437211,0.0
60,18.874942889146244,3.0
61,19.982662393257673,2.0
