,time,event
0,0.4087179089066079,0.0
1,0.6184913670615249,0.0
2,0.7013543127460719,0.0
3,0.8126932824353078,0.0
4,0.9888452935697793,3.0
5,1.2324128665847713,1.0
6,1.2847030707908418,0.0
7,1.340841374326515,0.0
8,2.591065814529801,3.0
9,2.8092258125693816,4.0
10,3.230953592219295,0.0
11,3.554165388343809,3.0
12,3.6491106383660283,3.0
13,3.702428630339877,0.0
14,4.100225676316475,4.0
15,4.353393347907906,0.0
16,4.393774770783677,4.0
17,4.937046096998492,3.0
18,5.787635866730755,1.0
19,6.136290591325637,3.0
20,6.4995333298495,4.0
21,6.903184399635914,3.0
22,6.914741668217551,4.0
23,7.0055006670594,4.0
24,7.0829447605301175,2.0
25,7.156392432054323,0.0
26,7.882230074603293,1.0
27,8.070459113070672,1.0
28,8.071497301509705,4.0
29,8.72372876129998,4.0
30,8.942172601316052,0.0
31,9.44126909660266,0.0
32,9.777254577704163,3.0
33,9.8651511348747,4.0
34,10.285296609430167,0.0
35,10.339549091283006,0.0
36,10.602841871352132,0.0
37,10.759577800086314,0.0
38,10.860017086110686,4.0
39,10.869211220989955,1.0
40,11.403895834051138,4.0
41,12.200794469505327,3.0
42,12.496264121404302,0.0
43,13.105781804815571,4.0
44,13.955783358713669,3.0
45,14.173172862755129,4.0
46,14.401515373926584,4.0
47,14.969905451376743,1.0
48,15.121618533918978,1.0
49,15.127569651536792,0.0
50,15.200356783134641,0.0
51,15.201109973242913,4.0
52,15.247066666022997,1.0
53,15.617160782670501,3.0
54,16.25040521223918,4.0
55,16.379089488224693,1.0
56,16.731190626251742,4.0
57,17.040358420603287,1.0
58,17.148411842449306,3.0
59,17.54326326187462,0.0
60,17.75621988940978,4.0
61,18.223633052333337,0.0
62,18.499998473733854,1.0
63,18.60867204166204,0.0
64,18.988335685603342,1.0
65,19.019628632024883,0.0
66,19.19282445754095,4.0
67,19.317009783487727,0.0
68,19.4968485603313,4.0
69,19.573525579214895,0.0
