,time,event
0,0.48094118426261373,3.0
1,0.7947248381081352,4.0
2,1.6861519442643762,3.0
3,2.369275538162438,4.0
4,2.4076597342684454,4.0
5,2.43058570012776,1.0
6,2.7080434195961605,2.0
7,2.8240615724740805,2.0
8,3.0877706745398195,3.0
9,3.3669931559856954,3.0
10,3.489616774939997,4.0
11,4.123104890177428,1.0
12,4.874960907189403,0.0
13,4.946844100107375,0.0
14,5.342989907931874,3.0
15,6.033310846130528,1.0
16,6.155678210450872,4.0
17,7.082962851179589,4.0
18,7.377781286253535,4.0
19,7.4713087679521895,4.0
20,7.49548499149926,3.0
21,7.791967779369159,3.0
22,7.82771715396013,4.0
23,8.031179047369365,4.0
24,9.064686781696135,3.0
25,9.220252066323587,4.0
26,9.25317067197067,0.0
27,9.428048877356344,4.0
28,9.517662153244022,4.0
29,10.367043001613666,3.0
30,10.75141970122534,1.0
31,11.266699306086768,1.0
32,12.119663616920876,3.0
33,12.142601131678598,0.0
34,12.615484809339717,4.0
35,12.73474459311697,0.0
36,12.770816185166662,3.0
37,13.630575764117912,4.0
38,14.408787868992341,4.0
39,14.77091364759378,4.0
40,15.014184435543193,0.0
41,15.323996400324344,0.0
42,15.56700032740253,1.0
43,15.919419437867717,0.0
44,15.963567277313238,3.0
45,16.094615500566185,3.0
46,16.608150610729314,0.0
47,16.639946579662166,3.0
48,17.807269001779247,1.0
49,17.82037786588316,3.0
50,18.89246799652544,1.0
51,19.613124952739234,0.0
52,19.99851329961598,3.0
