,time,event
0,0.1911425093762472,0.0
1,0.25948637050850853,4.0
2,0.3452927193731269,1.0
3,0.4167139840840067,3.0
4,0.43636886269146835,3.0
5,0.45811687977443777,1.0
6,0.8410949171819837,0.0
7,1.2942281422588087,4.0
8,1.3173942869198119,1.0
9,1.5581901791036257,0.0
10,2.070981828622976,4.0
11,2.298311760462681,0.0
12,3.3012482261809595,1.0
13,3.381716466862069,0.0
14,3.61465301564076,4.0
15,3.8100438650055253,0.0
16,4.017166470580756,4.0
17,4.151363704924419,1.0
18,4.179857002801658,3.0
19,4.386406993584757,1.0
20,4.429359640395077,0.0
21,4.536047074455002,1.0
22,5.923588506135408,0.0
23,6.236132331977634,4.0
24,7.947670609951846,1.0
25,8.064438083624871,4.0
26,8.288843481651913,1.0
27,8.377911851422615,0.0
28,8.528044017401253,4.0
29,8.781300339582923,0.0
30,8.890140818896475,0.0
31,9.308358941841608,0.0
32,9.369155427602083,0.0
33,9.75599167179841,0.0
34,9.891044564740795,0.0
35,9.915817207799051,3.0
36,10.06848093060987,4.0
37,10.779722209216985,0.0
38,10.84212848542121,0.0
39,10.868704196859373,1.0
40,11.536384089132081,4.0
41,11.778618569224273,0.0
42,12.293166535002728,0.0
43,12.733432543342087,0.0
44,12.848827308354153,1.0
45,13.55115203396385,1.0
46,13.738409703751074,4.0
47,14.10043308862141,3.0
48,14.316630264204461,1.0
49,14.705797750936334,4.0
50,15.350999616170027,0.0
51,15.44185702827804,1.0
52,15.713424484573153,4.0
53,15.769482397495624,4.0
54,15.863945129181996,4.0
55,15.89337469316652,4.0
56,16.281656747645375,0.0
57,16.617286941634557,1.0
58,16.684572117894085,3.0
59,16.722596810188467,0.0
60,16.90984580050067,0.0
61,17.272033863847728,4.0
62,17.28279942939454,3.0
63,17.327904350040388,0.0
64,17.478084228067516,4.0
65,17.50675085194978,3.0
66,17.67952841393796,1.0
67,17.86677924543211,4.0
68,18.312714632001104,4.0
69,18.596053039675116,4.0
70,18.8374248801846,1.0
