,time,event
0,0.02164708550875593,0.0
1,0.38277957902412646,2.0
2,0.4724227000837019,3.0
3,0.5417210379456588,2.0
4,0.9432504396120762,0.0
5,1.3166425037018679,2.0
6,1.3913062708401427,2.0
7,1.4635418009793282,4.0
8,2.389770957019277,2.0
9,2.7174013547239864,2.0
10,3.492123842912193,3.0
11,3.564274858198256,0.0
12,3.6088842567190036,3.0
13,4.024957071848968,0.0
14,4.2880945484939925,3.0
15,4.993302340086417,0.0
16,4.998275376742634,4.0
17,4.999798038195721,0.0
18,5.489261240932692,0.0
19,5.506138771744834,3.0
20,5.514444181222982,3.0
21,7.0467388937934885,3.0
22,8.065135069713264,3.0
23,8.396955344323954,3.0
24,8.643868388414997,3.0
25,9.486481573483754,2.0
26,10.720659367720033,0.0
27,10.83676220219973,3.0
28,11.088535253040018,2.0
29,11.343049231100487,2.0
30,11.588470646992837,3.0
31,11.764347036461025,2.0
32,11.905779680421963,4.0
33,12.097626284582468,2.0
34,12.518654674492733,0.0
35,12.922584038078375,0.0
36,13.090617079010645,0.0
37,13.523619969131339,3.0
38,13.662196669724128,2.0
39,14.60686789939144,3.0
40,14.717626229919743,2.0
41,14.815805817265892,2.0
42,15.043692678667696,0.0
43,15.212458292771844,0.0
44,15.335742704561252,2.0
45,15.756052152123713,2.0
46,16.232239857258225,2.0
47,16.412480708135394,2.0
48,16.439086817511487,3.0
49,16.48219813545231,2.0
50,16.62502557961495,2.0
51,17.678768265074922,3.0
52,17.833970218961486,0.0
53,17.95982088170306,2.0
54,18.14205164502661,3.0
55,18.2697986338103,3.0
56,18.379164443958057,3.0
57,18.390935380459982,2.0
58,19.711439210277206,3.0
