,time,event
0,0.39897682739668083,4.0
1,0.7780314157480507,1.0
2,0.9369420934154022,4.0
3,1.6362921627707419,1.0
4,1.6986070772232897,0.0
5,2.7422466478459304,4.0
6,3.4283110497056333,0.0
7,3.8142284188892677,1.0
8,3.877899786332609,0.0
9,4.093205162916271,3.0
10,4.247775991453155,4.0
11,4.30543894885414,0.0
12,4.331099109860803,0.0
13,4.491998196661025,3.0
14,4.54074152204791,0.0
15,4.8245577607072265,0.0
16,5.093679839599159,0.0
17,5.275557482271703,4.0
18,6.073490512791721,1.0
19,6.482155361960936,4.0
20,8.482078911635677,4.0
21,8.64320130986697,0.0
22,9.050026753043737,4.0
23,9.513510394156029,0.0
24,9.748055917031415,1.0
25,9.768468180882628,3.0
26,10.052656382550532,4.0
27,10.837391747668272,0.0
28,11.286365874681893,4.0
29,11.594211547695842,4.0
30,11.762105821468388,4.0
31,12.098064322720228,0.0
32,12.307024796373147,4.0
33,13.22166542090684,4.0
34,14.445227535444829,1.0
35,14.469236087512456,0.0
36,14.848193470210186,0.0
37,14.896123977601784,0.0
38,15.051901705177844,1.0
39,15.750033700739063,0.0
40,17.001372926018774,1.0
41,17.100022222057895,3.0
42,17.28741485340641,0.0
43,17.550108332885802,1.0
44,17.6246782278165,0.0
45,17.83280415014024,0.0
46,18.748979993620242,4.0
47,18.8860153363426,4.0
48,19.281521582777696,4.0
49,19.767528522425323,0.0
