,time,event
0,0.08061039628604191,2.0
1,0.3433546142292385,3.0
2,0.3976771510196389,0.0
3,0.8048221990154774,3.0
4,0.9604678576834162,0.0
5,1.0026754801483087,1.0
6,1.4545841098272982,0.0
7,1.8519422657791946,0.0
8,2.5255596449895963,0.0
9,2.7433235587330222,1.0
10,3.1125534352015958,3.0
11,3.594203079419029,0.0
12,3.7260721089133124,3.0
13,4.398458891190765,4.0
14,5.601448735691015,1.0
15,5.634051293849044,4.0
16,5.73781200733573,3.0
17,5.861011336892252,4.0
18,6.427100256695269,3.0
19,6.906312433706765,4.0
20,6.97266354010669,1.0
21,7.154884743090275,3.0
22,7.394720696143031,3.0
23,7.710226436985237,0.0
24,7.978216017120848,4.0
25,9.169526004064288,3.0
26,9.496986859704945,0.0
27,9.674328742290735,3.0
28,9.705098680498422,3.0
29,9.886988201113146,3.0
30,9.896900345830751,0.0
31,10.649654171149471,3.0
32,10.76815344573952,0.0
33,11.325009182632051,1.0
34,11.482070439988918,3.0
35,11.693772066744048,3.0
36,11.738161473344869,4.0
37,12.12457936262416,4.0
38,12.265939845916296,3.0
39,13.146925703818205,4.0
40,13.336838391854728,4.0
41,14.112155923655921,4.0
42,14.299142649265237,1.0
43,14.321115054846368,1.0
44,14.756124820003375,3.0
45,14.87090808830929,0.0
46,14.960825329439556,3.0
47,15.189840547828899,1.0
48,15.351814347088435,0.0
49,16.848458010873383,1.0
50,16.956145461018888,0.0
51,17.063059209850966,1.0
52,17.16406944404934,1.0
53,17.176623697712362,1.0
54,17.818938228370268,0.0
55,18.012254398902186,0.0
56,18.497904259100352,3.0
57,18.712672550672973,0.0
58,19.058648615615787,3.0
59,19.252211248771847,1.0
60,19.472234601997,0.0
61,19.626229365072213,4.0
