,time,event
0,0.4766836587459725,1.0
1,0.511284774197564,0.0
2,1.6515735705781731,3.0
3,1.690002466047697,0.0
4,1.8167457140937915,1.0
5,2.5521816864666063,4.0
6,2.9696008317840645,3.0
7,3.141017110641759,0.0
8,3.184390741920037,0.0
9,3.2983895299747843,0.0
10,3.570555665951452,4.0
11,3.6633286797690947,3.0
12,3.846290553311119,1.0
13,4.148434703926232,4.0
14,4.493172577905623,1.0
15,4.503365912355374,1.0
16,4.668629668401429,4.0
17,4.75874872723863,0.0
18,5.106764370318042,0.0
19,5.306408358075296,3.0
20,5.534237188549147,3.0
21,5.557818170556229,3.0
22,6.040215774850705,3.0
23,7.030189731985329,4.0
24,8.18482116379963,4.0
25,8.900375671948426,3.0
26,9.394193004674104,4.0
27,9.409280353609514,0.0
28,9.50679106143291,0.0
29,9.62653493199628,3.0
30,10.05905096839712,3.0
31,10.200355286485472,3.0
32,10.260075535056176,3.0
33,10.822745687092208,3.0
34,10.97851483442321,0.0
35,11.23735910786814,4.0
36,11.980017598015657,4.0
37,13.08407989033172,4.0
38,13.286707205692261,0.0
39,14.432995848123895,4.0
40,14.479383356605977,4.0
41,14.559045266011188,1.0
42,14.572616120966918,4.0
43,14.707790463003224,4.0
44,15.092263694648777,0.0
45,15.203740651192941,3.0
46,15.546789951601717,1.0
47,15.908586767042467,0.0
48,15.933681980810253,0.0
49,16.168238496024365,1.0
50,16.197558940427445,0.0
51,16.53959560550408,1.0
52,16.61486974009979,4.0
53,16.708766161001304,0.0
54,16.72266785546291,3.0
55,17.043880717598746,4.0
56,17.25945529079247,3.0
57,17.565652491141567,3.0
58,17.6476073519801,0.0
59,17.954199375981624,1.0
60,18.46383460435,4.0
61,18.77217793323059,1.0
62,18.859092277132607,4.0
63,19.419668720762775,0.0
