,time,event
0,0.2621495162341862,3.0
1,0.30938253937908866,3.0
2,0.3361276851897405,0.0
3,0.8138387972945219,4.0
4,3.15779781815484,1.0
5,3.2477418390426775,1.0
6,3.3711934198713056,4.0
7,3.4810980321691787,3.0
8,4.491198688616443,0.0
9,5.6409257062334754,1.0
10,6.20964370754914,1.0
11,6.2944676677449,4.0
12,6.3608338105724735,4.0
13,6.5246195561840175,4.0
14,6.816031587097492,1.0
15,7.1569912805557365,1.0
16,7.391040805372602,0.0
17,7.536807604723767,4.0
18,7.5420232992424925,4.0
19,8.968879884513658,3.0
20,9.243912646885011,3.0
21,9.476786444143938,0.0
22,11.512029562939906,3.0
23,12.027828676332843,3.0
24,12.095267825602424,1.0
25,12.19818325674454,4.0
26,12.826462948706146,0.0
27,13.085389552133401,3.0
28,13.190093114504501,4.0
29,13.527021962091313,1.0
30,14.000996433554505,3.0
31,14.280579398793929,4.0
32,14.545053853349616,0.0
33,15.033165893509388,1.0
34,15.059263182800363,0.0
35,15.72741129290845,4.0
36,16.166469506973804,1.0
37,16.71179765366914,1.0
38,17.374558095704582,0.0
39,17.719542028775592,3.0
40,17.95588147632136,1.0
41,18.40597085448515,0.0
42,18.541607066935207,4.0
43,18.64116547760305,0.0
44,18.768257930620802,3.0
45,18.85670342680263,3.0
46,19.1191012385616,1.0
