,time,event
0,0.13881550984989763,2.0
1,0.20004003917433927,0.0
2,0.38769305898724593,3.0
3,1.0418725501675108,2.0
4,1.3688641033719262,3.0
5,1.5096306816362177,3.0
6,2.154387271366826,3.0
7,2.4698328213902974,3.0
8,3.04582581450793,3.0
9,3.289227550814995,4.0
10,3.3685138477734182,1.0
11,3.421802829237138,0.0
12,3.541379910540846,0.0
13,4.2932826830359065,2.0
14,5.049911862855278,2.0
15,5.635216980574493,0.0
16,6.403034121282863,2.0
17,6.408897471449097,0.0
18,6.72210711169772,3.0
19,7.260243833700447,3.0
20,7.435156090354253,4.0
21,7.565419819194912,3.0
22,8.924948151583576,2.0
23,9.36469444075873,1.0
24,9.527294977371833,4.0
25,9.597613619932035,0.0
26,9.75341211378155,0.0
27,9.762699568713492,2.0
28,10.49072420523847,2.0
29,10.511790000801078,4.0
30,10.886152889626638,3.0
31,11.028566507355288,2.0
32,11.782673597249644,0.0
33,12.027408820940344,4.0
34,12.752827527975123,0.0
35,12.81753637315258,2.0
36,13.024538982188616,0.0
37,13.147979784317702,2.0
38,14.130360290484008,3.0
39,14.311825048599719,3.0
40,14.588645289930101,3.0
41,16.127277676639913,0.0
42,16.22244268771918,3.0
43,16.843842651390815,3.0
44,17.059250702176936,0.0
45,17.078878252160887,0.0
46,17.096628786584663,4.0
47,17.23444813949866,2.0
48,17.284550332763093,3.0
49,17.901638085255975,3.0
50,18.155803247244243,3.0
51,18.343210085350766,3.0
52,18.87466920063959,3.0
53,19.018402509843984,2.0
54,19.12078548756012,4.0
55,19.160751995111497,2.0
56,19.27726679504408,4.0
57,19.694545786090465,2.0
