,time,event
0,0.22099889783620727,0.0
1,0.23718534324083812,0.0
2,1.9595451036264022,4.0
3,2.053541580161783,0.0
4,2.487703874165594,1.0
5,2.8784004258792923,1.0
6,3.840618955830134,0.0
7,4.032489873987487,0.0
8,4.82518958900763,3.0
9,5.452670399409619,0.0
10,5.768633635926176,0.0
11,5.823603446310324,1.0
12,5.872260184218681,4.0
13,5.92114055183189,1.0
14,6.048091473766955,1.0
15,6.0844324398895475,4.0
16,6.580798454129838,0.0
17,6.831154517968828,2.0
18,7.186052242092951,4.0
19,7.404731364733401,1.0
20,7.537986581254334,4.0
21,7.94756310982067,1.0
22,8.244032998554129,0.0
23,8.672690079939699,3.0
24,9.302695099998392,3.0
25,10.628162039558909,1.0
26,10.760847033990512,2.0
27,11.13735078724092,4.0
28,11.453111284090628,4.0
29,11.992424852825517,1.0
30,12.328703749753032,4.0
31,12.676247774917476,1.0
32,12.778157183830974,4.0
33,12.819323134746918,3.0
34,13.644487513528698,0.0
35,13.679036451683173,4.0
36,13.843016590740385,1.0
37,14.23148753531477,1.0
38,14.266721957807821,1.0
39,14.830889824939376,1.0
40,14.83785491790395,3.0
41,15.901359995677792,1.0
42,16.936559855666573,3.0
43,17.512075812037356,4.0
44,17.854694916927144,1.0
45,18.024611591283534,0.0
46,18.031914620325843,1.0
47,18.070976546862923,0.0
48,18.07693264449492,0.0
49,18.98505753754454,4.0
50,19.222424504660584,1.0
51,19.238156586689154,4.0
52,19.274595350117224,4.0
53,19.992593627438175,0.0
