,time,event
0,0.23918351308213656,0.0
1,0.2656438672623019,0.0
2,1.6715787540177887,1.0
3,2.2318201578592456,3.0
4,2.5837839482353764,4.0
5,2.855832562510546,0.0
6,3.853556714872069,1.0
7,4.0594833279883895,0.0
8,4.105110289436941,4.0
9,4.522847157538991,0.0
10,4.530106122851632,1.0
11,4.861001095523013,3.0
12,5.876599362826647,3.0
13,5.911114396146601,1.0
14,6.267779022497938,1.0
15,6.937012001185773,3.0
16,7.564600416213984,0.0
17,8.445439228635538,1.0
18,8.630169501580594,0.0
19,8.787784812587127,4.0
20,8.81129565056265,1.0
21,9.253484876318659,1.0
22,9.962023766566181,1.0
23,10.0047970598969,1.0
24,10.08570036463474,1.0
25,10.233408818591439,1.0
26,10.62441407714841,1.0
27,10.83889987372783,1.0
28,11.72640010380435,4.0
29,11.942339396018042,3.0
30,11.952691532997894,0.0
31,12.077735582812725,0.0
32,12.179923678098897,3.0
33,12.26864537153095,3.0
34,12.382545817059803,4.0
35,12.787168569142281,0.0
36,12.814786361327512,1.0
37,13.108918987405684,0.0
38,14.228614355854997,0.0
39,14.23366501241133,4.0
40,14.252582368800628,3.0
41,15.45133720994292,4.0
42,15.685956436085476,0.0
43,16.118371338482966,0.0
44,16.439746965139474,0.0
45,16.49213937875758,0.0
46,16.804652065947472,3.0
47,17.46546703396154,3.0
48,17.750179346206163,4.0
49,18.120668326955876,3.0
50,18.993122233083717,1.0
51,19.28557604629973,4.0
52,19.419691790253335,3.0
53,19.71255744344015,4.0
