,time,event
0,0.050697676263965985,1.0
1,0.5057162715737454,3.0
2,0.622051647795041,4.0
3,1.0252220093835795,3.0
4,1.1340574141559632,0.0
5,1.5030868957524344,0.0
6,1.6894328057398422,3.0
7,1.9997380501428343,3.0
8,2.1956778735977047,4.0
9,2.3625892700413345,0.0
10,2.6613935167560427,0.0
11,2.7222027609961414,0.0
12,2.9234024693301346,0.0
13,3.11429874605708,3.0
14,3.2853745862525727,3.0
15,4.326138248867393,0.0
16,4.469489528051458,4.0
17,5.253426600672474,4.0
18,5.515213500362244,3.0
19,5.901996065285487,0.0
20,6.11227810482358,4.0
21,6.690052418297907,1.0
22,6.753674733433886,1.0
23,6.888644782674779,3.0
24,7.006240519810719,1.0
25,7.123322061686348,1.0
26,7.327073899986307,4.0
27,8.208352280033111,0.0
28,8.279740058495905,4.0
29,8.728167066428117,4.0
30,9.387193054192686,0.0
31,9.698385243963262,1.0
32,9.75277665610669,3.0
33,9.820190984817765,0.0
34,10.309887021846869,3.0
35,10.95078467776757,0.0
36,11.83198566723047,1.0
37,11.998215969706115,0.0
38,12.402864294725052,4.0
39,12.458400537953258,3.0
40,12.786346815657764,0.0
41,13.55517588593459,3.0
42,13.570437499676673,0.0
43,14.058537950370397,1.0
44,15.258279674584461,1.0
45,15.42995965565012,0.0
46,15.86046715723187,3.0
47,15.949462853514778,0.0
48,16.282012733401213,3.0
49,16.42438089236066,3.0
50,17.151723383396273,0.0
51,18.614187768681983,3.0
52,19.79206623570694,0.0
53,19.92226911846138,3.0
