,time,event
0,0.0702206094159844,0.0
1,0.7966170787187012,0.0
2,0.8990327484664665,0.0
3,1.2909348733589554,1.0
4,2.030602856595735,4.0
5,2.329042639047449,0.0
6,2.42689617981288,0.0
7,2.5664425917965397,0.0
8,3.0374645781345593,3.0
9,4.124259789340934,3.0
10,4.393027761651849,0.0
11,4.421648897953258,0.0
12,4.504716166220357,0.0
13,4.61980765720737,1.0
14,4.732664094380521,1.0
15,5.05310207174074,0.0
16,5.917173870842799,4.0
17,5.96953034345189,3.0
18,6.617432966211732,4.0
19,7.2743001001919225,4.0
20,8.331121299349155,3.0
21,9.454225579072048,1.0
22,10.26332194918103,0.0
23,10.811579980839072,4.0
24,10.929230515075655,4.0
25,11.468958467149978,4.0
26,11.67932591204681,0.0
27,11.690955514151494,4.0
28,13.002300143587387,1.0
29,13.72691434683778,0.0
30,13.91454122732884,3.0
31,14.161734808077851,3.0
32,14.887564551799944,3.0
33,15.339362231726426,1.0
34,15.500071466141216,2.0
35,15.626198875575787,3.0
36,16.137652302656562,1.0
37,17.09945917619999,3.0
38,17.553403914955535,3.0
39,17.56159002985636,3.0
40,17.78944004433965,3.0
41,17.873966167307003,3.0
42,17.942930731362924,1.0
43,18.635859561361137,4.0
44,18.843846699946514,1.0
45,19.029461663904716,4.0
46,19.17090784042249,3.0
47,19.649467595038818,4.0
48,19.771766754537758,1.0
