,time,event
0,0.07292072035156129,0.0
1,0.881635102396857,4.0
2,1.1866948467216107,4.0
3,1.8616900429103498,0.0
4,1.9779384585936062,4.0
5,2.5063461532714966,1.0
6,3.842212914680978,4.0
7,4.335253821445543,0.0
8,4.714850828637096,1.0
9,5.046923908829759,3.0
10,5.684695160307413,0.0
11,7.639905487989026,1.0
12,7.6796710316514405,4.0
13,7.737086747192041,0.0
14,7.8005169532027185,1.0
15,8.008986959788245,1.0
16,8.479770067135787,0.0
17,8.582210136051595,4.0
18,9.437712985099152,3.0
19,10.03916789764875,4.0
20,10.43387403496726,0.0
21,11.009104622777365,1.0
22,11.506913563445073,0.0
23,11.744348108927914,1.0
24,12.056249143685902,3.0
25,12.57097423812609,4.0
26,14.592498578969554,0.0
27,14.83665372795711,4.0
28,14.856997037628545,0.0
29,15.228502558677022,3.0
30,15.243761528296071,4.0
31,15.514623744399913,3.0
32,15.899320059119948,3.0
33,15.951732119044845,4.0
34,16.131629112376835,0.0
35,16.737381086723254,4.0
36,16.814634820198826,1.0
37,17.509240820763644,0.0
38,18.047254852147258,4.0
39,18.98850537748719,1.0
40,19.131632100442435,0.0
41,19.158978250714554,3.0
42,19.667329840650932,4.0
43,19.91180177464252,3.0
44,19.931932335133194,1.0
