,time,event
0,0.2539259218257002,2.0
1,0.4087993233280953,3.0
2,0.5160129837158628,3.0
3,0.5357467115987852,3.0
4,0.8538904726218878,3.0
5,1.3865265774532647,2.0
6,1.5230481705707295,4.0
7,2.121189243502571,3.0
8,2.412170432121091,2.0
9,2.447405621517322,0.0
10,3.2814371510664104,3.0
11,3.621259116725012,3.0
12,3.637085547095114,4.0
13,3.6450197845790178,3.0
14,4.014886140846012,2.0
15,4.244305034510138,2.0
16,4.405222434715191,2.0
17,5.234567284288566,3.0
18,5.678859481454657,2.0
19,6.108068488867421,4.0
20,6.810917853190048,2.0
21,7.34145852688434,4.0
22,7.527719003066413,3.0
23,8.116284962491369,0.0
24,8.501101224967226,3.0
25,8.832835850362262,0.0
26,8.97696067096516,2.0
27,10.59244967979906,2.0
28,11.36128155916063,4.0
29,11.41605109290039,1.0
30,12.04813209576924,3.0
31,12.127373431090149,1.0
32,13.269031926292916,0.0
33,15.180127713116683,3.0
34,15.284656086271523,2.0
35,16.757217292463324,3.0
36,16.895987145713534,3.0
37,16.917413234441714,2.0
38,17.07944234510086,2.0
39,17.24443488912208,2.0
40,17.339777619218122,3.0
41,17.760588522228495,3.0
42,18.819980231083854,3.0
43,19.42652622180793,3.0
44,19.506482273372747,3.0
