,time,event
0,1.0902190881878424,1.0
1,1.1449447750207153,0.0
2,1.6710753033584584,0.0
3,1.6812360762981693,1.0
4,1.7449330582177986,3.0
5,1.9290543310789559,0.0
6,2.9287313710548957,1.0
7,3.2001753396088803,4.0
8,3.296392692109277,3.0
9,4.524357838012816,3.0
10,4.566789145151568,3.0
11,5.055574396216951,3.0
12,5.293399580714323,0.0
13,5.873025435875722,0.0
14,6.387631169285537,4.0
15,6.942609639888081,3.0
16,7.237890959734339,0.0
17,7.313758573662856,1.0
18,7.4295259319523765,0.0
19,8.068665002585705,4.0
20,8.942742356670639,3.0
21,8.952962752129945,4.0
22,9.120526969688449,4.0
23,9.704070496410198,1.0
24,9.714527139477669,0.0
25,9.716074869313584,0.0
26,10.063446345297967,1.0
27,10.598183159832375,0.0
28,11.038648821792554,0.0
29,11.839241683639203,4.0
30,12.479819351580034,1.0
31,12.695969104249837,3.0
32,12.809948883679564,0.0
33,13.075634349466256,0.0
34,13.191010097966219,0.0
35,13.341093048583758,1.0
36,13.40275789147579,4.0
37,13.41640141127513,4.0
38,14.038596742801499,0.0
39,14.374281980568398,4.0
40,14.400348695675662,0.0
41,14.745947146330929,0.0
42,15.305606560088819,1.0
43,15.691972382265526,1.0
44,16.318575009551644,0.0
45,16.791418532471845,4.0
46,17.089956223561376,0.0
47,17.195027643622616,0.0
48,18.270777276480484,1.0
49,19.00672506350547,4.0
50,19.350837409732407,1.0
51,19.52390654698076,3.0
52,19.733376741113233,1.0
