,time,event
0,0.15763914283228844,3.0
1,0.23923761145081845,3.0
2,0.4054583059191615,4.0
3,0.5002127449233519,2.0
4,1.317670709345458,0.0
5,1.508433776212175,2.0
6,1.8999232280984613,4.0
7,1.9531266403151337,3.0
8,2.0038945470394687,3.0
9,2.285713940861618,3.0
10,2.358793475621803,3.0
11,3.278481897201744,2.0
12,3.3684224169068524,2.0
13,3.482065849708731,3.0
14,3.496031228108802,3.0
15,3.8294551867220643,4.0
16,4.226907698857131,3.0
17,6.143229501471082,3.0
18,7.0290841731365585,3.0
19,7.2900413111974744,0.0
20,7.384722148277099,3.0
21,7.837177612601481,2.0
22,7.918577330376246,3.0
23,7.921416957591033,2.0
24,7.964419825852466,3.0
25,8.106626268015784,3.0
26,8.941035259553969,0.0
27,9.537908551478962,2.0
28,10.536736658992064,0.0
29,10.962376857058269,3.0
30,11.221339183472955,2.0
31,11.271635477539407,2.0
32,11.824200304917996,3.0
33,12.33267086999737,2.0
34,12.407620317003175,3.0
35,12.491925381434612,2.0
36,13.583580099082225,2.0
37,13.602151600777132,0.0
38,14.404068952105845,2.0
39,14.639572173807725,3.0
40,14.849269267818293,0.0
41,14.89618410638253,3.0
42,15.980850401055154,3.0
43,16.854912569548315,4.0
44,17.766540341088135,0.0
45,18.0489610496918,2.0
46,18.490214495955275,4.0
47,18.761911588593122,2.0
