,time,event
0,0.011009326744277795,4.0
1,0.04189215248615705,3.0
2,0.4943504419431173,3.0
3,0.530324757616529,3.0
4,1.0255538306851553,3.0
5,1.18119722529973,4.0
6,1.3869232346408242,0.0
7,1.8973615491972886,0.0
8,2.101418089657341,3.0
9,2.4647296052546714,0.0
10,2.5258596985096107,3.0
11,2.6786461929023035,4.0
12,2.86754175524238,4.0
13,2.9239277305328324,0.0
14,3.6610769442383098,3.0
15,3.8903133120215143,4.0
16,4.026389590601636,1.0
17,4.448822115533231,1.0
18,4.493747276249804,4.0
19,5.553862528769448,4.0
20,5.593168551299095,2.0
21,5.594228918281747,3.0
22,5.660581965974081,4.0
23,5.917148575987076,3.0
24,6.123499048341616,4.0
25,6.223396083337691,0.0
26,6.472532763303765,3.0
27,6.481069335164163,3.0
28,6.989392441219835,3.0
29,7.11111204919334,3.0
30,7.28407270078157,3.0
31,7.3252434881888355,4.0
32,7.380607634434646,1.0
33,7.430887274149781,3.0
34,7.4551045282740755,4.0
35,8.277523797236766,1.0
36,8.279149755380399,4.0
37,8.2838484821778,0.0
38,8.323842131582051,3.0
39,8.509724389741216,0.0
40,9.27157372242098,3.0
41,9.312646426291925,3.0
42,9.602985699423675,3.0
43,9.63803488578533,0.0
44,10.204087313023933,1.0
45,10.750982216224163,1.0
46,11.67798731606849,0.0
47,11.797663493743405,3.0
48,11.875302998548978,0.0
49,11.935082099134965,1.0
50,12.062546586636598,2.0
51,13.236619104558478,3.0
52,13.435396217103564,4.0
53,13.846829289185953,2.0
54,14.038379534398231,3.0
55,14.071516483703862,3.0
56,14.160905404250782,2.0
57,14.321193580958067,3.0
58,14.572533902383238,3.0
59,15.118424437699801,3.0
60,15.315786181537993,3.0
61,15.467113131809478,0.0
62,15.565726578059742,0.0
63,15.661548263420805,3.0
64,15.75937087243296,3.0
65,16.70711298438632,0.0
66,16.80606721314534,0.0
67,16.963687895391942,4.0
68,17.25361314776658,3.0
69,17.381292024340375,4.0
70,17.997156391003625,3.0
71,17.997496895186806,1.0
72,18.097114846163976,0.0
73,18.625919236899545,4.0
74,18.786901297143338,3.0
75,19.20462341553875,1.0
76,19.371983615751386,3.0
77,19.778921819098578,0.0
