,time,event
0,0.08956937896342879,3.0
1,0.34103465859397863,4.0
2,0.43360288880727904,4.0
3,1.0488196395828022,0.0
4,1.5067126278742147,4.0
5,1.640242356060574,1.0
6,1.7007464928961924,1.0
7,1.8519045378872394,1.0
8,1.8559588923006096,0.0
9,1.9108080810202739,4.0
10,2.313409689033636,0.0
11,2.415666033580877,3.0
12,2.701968515539038,4.0
13,2.921675098136542,0.0
14,3.3755937098657345,3.0
15,3.7188893876860085,3.0
16,3.7714186753174896,4.0
17,3.8265664436336904,3.0
18,3.878462495665764,0.0
19,4.091458456155298,0.0
20,4.184814377691945,0.0
21,4.279686868851274,3.0
22,4.473626231239012,3.0
23,4.551708020262689,3.0
24,4.985722233806539,3.0
25,5.370492791416859,1.0
26,5.88086623951083,4.0
27,6.085619110136854,1.0
28,6.213055757692735,0.0
29,6.681465047038714,4.0
30,6.691478598987357,3.0
31,7.039164732993845,4.0
32,7.166157190064267,0.0
33,7.214261540169299,1.0
34,8.029257474509139,1.0
35,8.468950703243136,1.0
36,8.626076132107618,0.0
37,9.142162565430308,1.0
38,9.296855424587067,3.0
39,9.927203811331811,3.0
40,10.285541172509713,1.0
41,10.326199165462322,0.0
42,10.353908439262447,1.0
43,10.624959476249293,3.0
44,10.677192470430791,4.0
45,11.222317271857598,4.0
46,11.60207712122252,4.0
47,11.644086292838452,0.0
48,13.071362352289736,1.0
49,13.204179963567054,3.0
50,14.09170919132146,1.0
51,14.168459015021707,1.0
52,14.34648993210209,1.0
53,14.637044014651268,4.0
54,14.894358242380559,0.0
55,14.954389047877344,4.0
56,15.24037287094057,0.0
57,15.744433055591184,1.0
58,16.130404924708994,1.0
59,16.377665045858134,4.0
60,16.40851881794377,1.0
61,16.78958259824496,4.0
62,16.95021326531093,0.0
63,16.977269567204072,0.0
64,17.011123904493974,3.0
65,17.967197840824337,3.0
66,18.152888470879308,3.0
67,18.339255695507543,3.0
68,18.551275763886768,4.0
69,18.59441439632417,1.0
70,18.827348220744604,3.0
71,18.977687027329708,4.0
72,19.014572692171683,1.0
73,19.078992415221617,0.0
74,19.374567147824457,3.0
75,19.58991632266275,4.0
76,19.642428360969454,4.0
