,time,event
0,0.24804206447607305,3.0
1,0.6974584722012924,2.0
2,1.07923343604253,3.0
3,1.2578634518739482,2.0
4,1.6984252857597086,4.0
5,3.0139236314434603,3.0
6,3.330973715235323,3.0
7,3.6515761128728297,0.0
8,3.8183785580874674,2.0
9,4.035461522749507,4.0
10,4.188793248435578,1.0
11,4.6985540284011496,2.0
12,5.3352803045186645,0.0
13,6.286339230965575,2.0
14,6.692097445059664,3.0
15,8.144053953978943,2.0
16,8.51752593125093,2.0
17,9.042029763435274,3.0
18,9.505379530383848,2.0
19,9.56880224135134,0.0
20,9.772050029155874,3.0
21,10.315591118883724,3.0
22,10.420494597212844,0.0
23,10.426143824242752,3.0
24,11.293751236198274,4.0
25,11.923274493690121,2.0
26,12.005347827912534,2.0
27,12.539165408906543,2.0
28,12.578494676848427,3.0
29,12.690668199932032,3.0
30,13.012149102716563,3.0
31,14.008684098602895,2.0
32,14.098793240158903,4.0
33,14.35878635267403,2.0
34,14.684201308498396,0.0
35,14.847709574203384,0.0
36,14.92658615695973,2.0
37,15.850184621681178,3.0
38,15.87829103558621,2.0
39,15.918680518484617,2.0
40,16.264742298507873,2.0
41,16.679007980868334,0.0
42,17.14726825806111,3.0
43,17.87793754246481,2.0
44,17.89781184904034,4.0
45,19.320892190427674,3.0
