,time,event
0,0.2010031046577144,3.0
1,0.4034686962666479,4.0
2,1.1296382336375685,4.0
3,1.5884703527438524,0.0
4,1.6208409702483288,3.0
5,1.704467364931226,4.0
6,1.7714609749169028,3.0
7,1.8605485936755481,3.0
8,2.1431561183057437,0.0
9,2.229023787401677,3.0
10,2.5072453366069034,3.0
11,2.5092833019023497,4.0
12,2.852116717036318,3.0
13,3.0423935736893473,0.0
14,3.1483820521838317,3.0
15,3.689984168485856,4.0
16,3.77707776852978,4.0
17,3.8324605418298923,4.0
18,3.9732855811579704,1.0
19,3.9862031201936134,3.0
20,4.1905990688915224,4.0
21,5.119153904413644,3.0
22,5.259453590877233,3.0
23,5.41042252829724,0.0
24,5.424738690082164,0.0
25,5.455242938644283,1.0
26,5.61682884019773,0.0
27,6.13521404930637,1.0
28,6.330047692636971,1.0
29,6.377434320064981,4.0
30,6.43027097807025,0.0
31,6.5359480141605735,3.0
32,6.57617542961017,3.0
33,7.294428578821624,1.0
34,8.77473769724539,4.0
35,8.91050099004911,0.0
36,9.532134248299869,0.0
37,9.546538864802631,0.0
38,9.74292615108671,3.0
39,9.754794405705747,0.0
40,10.396378934660062,1.0
41,11.974153910356241,4.0
42,12.099620104589265,0.0
43,12.113443725214228,4.0
44,12.770283847502208,3.0
45,13.549723253871749,4.0
46,13.823659892857506,1.0
47,13.93377717804713,0.0
48,14.049777253973295,4.0
49,14.390346145691836,0.0
50,14.45874603409918,0.0
51,14.862945942226093,3.0
52,15.100462801777303,4.0
53,15.168821198072509,3.0
54,15.279921414957517,0.0
55,15.453871402498544,4.0
56,15.503651372751646,4.0
57,15.629643222233055,0.0
58,15.756388858190219,0.0
59,15.891732686291757,1.0
60,16.196937928010072,1.0
61,16.360247326223224,4.0
62,16.94778921672339,0.0
63,17.351125952975764,4.0
64,17.630274946703338,0.0
65,17.788608645638693,4.0
66,17.896158901363656,3.0
67,17.943121001969594,4.0
68,18.1531388105724,4.0
69,18.259848770610322,1.0
70,18.320265205878638,3.0
71,18.39680292473383,1.0
72,18.67095844055597,1.0
73,18.792788547000402,3.0
74,18.801461818826855,3.0
75,19.978227635220083,0.0
