,time,event
0,0.5035500089989005,0.0
1,0.9977862300751592,3.0
2,1.2711139151112119,1.0
3,1.4860432417004055,1.0
4,1.6229788253620816,1.0
5,2.6853356253396736,3.0
6,2.8443876840496047,0.0
7,2.845775316720202,0.0
8,3.019586864303954,0.0
9,3.288290856153728,0.0
10,3.518652039421469,3.0
11,3.620594539583891,2.0
12,3.836269540699462,1.0
13,4.103756943350185,0.0
14,4.382261456174115,4.0
15,4.726862885148237,4.0
16,5.078040914989686,3.0
17,5.417462130091083,1.0
18,5.861555232969964,4.0
19,5.8665434767041615,4.0
20,5.993533819516811,3.0
21,6.101492335298385,1.0
22,6.6246854528152905,1.0
23,6.638377001663923,3.0
24,6.790829276167374,0.0
25,6.9761086508662,0.0
26,7.048400927051874,1.0
27,7.936602870541343,3.0
28,8.029578032217247,2.0
29,8.62356306524769,4.0
30,8.774398917859918,4.0
31,9.503607365393824,1.0
32,10.106417175046538,0.0
33,10.403070668827539,1.0
34,10.46501667031106,1.0
35,10.582804835705852,3.0
36,11.074080081955413,0.0
37,12.48828220146828,1.0
38,12.780625789100949,0.0
39,13.3194208842183,0.0
40,13.428188989566959,3.0
41,13.78454373498441,4.0
42,14.161122638514556,0.0
43,16.545755577922886,3.0
44,16.610181058935574,3.0
45,16.659549649020246,0.0
46,17.06576316150756,3.0
47,17.262006416668783,4.0
48,17.475924502071003,4.0
49,17.491552228227814,4.0
50,17.506172149539847,4.0
51,17.51579504868866,1.0
52,17.547495673485827,3.0
53,17.618432210988836,0.0
54,17.62080153466823,1.0
55,17.803729055069283,3.0
56,18.11816796537038,0.0
57,18.247578079483155,3.0
58,18.859796711835628,3.0
59,19.197134585700606,3.0
60,19.26638649430114,3.0
61,19.655439396235295,3.0
62,19.714248558513273,3.0
