,time,event
0,0.5623565256201726,4.0
1,0.7867901330959015,4.0
2,0.9013448249527353,0.0
3,1.1198382999217227,3.0
4,1.8307559853514144,0.0
5,1.8375207620650205,4.0
6,2.950316353887257,3.0
7,3.5165940847331574,3.0
8,3.553580304072199,3.0
9,3.9623182711896696,0.0
10,4.062728809925789,4.0
11,4.1806887563975295,1.0
12,4.587430289055228,3.0
13,5.67590911737287,1.0
14,5.763435196141824,3.0
15,5.795441521033302,4.0
16,6.323300516056024,4.0
17,6.344076764020988,1.0
18,6.792986531987415,1.0
19,7.002904767480387,0.0
20,7.13399238526153,0.0
21,7.912105548860807,3.0
22,8.232032062800872,4.0
23,8.454713752780608,4.0
24,8.691958064359364,4.0
25,9.80224923348183,3.0
26,10.122934984993494,1.0
27,10.602599485264934,3.0
28,10.876533727607331,0.0
29,11.792753716722974,3.0
30,12.619132113855668,4.0
31,15.131947297916692,3.0
32,15.435897085235675,0.0
33,15.690149345185445,0.0
34,15.854053245634242,3.0
35,16.112700955700255,0.0
36,16.127436627970095,3.0
37,17.380293715824095,0.0
38,17.95817075839332,0.0
39,19.63189445552283,4.0
40,19.750388186831326,3.0
41,19.931765211709468,1.0
