,time,event
0,1.0029951517814368,4.0
1,1.242458263400362,0.0
2,1.6247100776996455,0.0
3,1.6719099751226407,3.0
4,2.042177099332326,1.0
5,2.478098535032634,0.0
6,2.7219786361485396,4.0
7,2.9131013637992074,4.0
8,3.1866042787600897,4.0
9,4.139662103624888,0.0
10,4.148592346356691,4.0
11,4.488054020364031,0.0
12,4.802426110650103,1.0
13,5.633216652363069,4.0
14,6.71376928112478,3.0
15,7.334411770833953,0.0
16,7.584585227839656,1.0
17,8.196594334704102,0.0
18,8.464469615934068,0.0
19,8.904383938882553,4.0
20,9.461811684009724,4.0
21,9.489281282561713,4.0
22,9.693439761350445,0.0
23,9.877070868939633,3.0
24,9.879995059049241,1.0
25,10.744766390383862,4.0
26,10.98378181527548,4.0
27,11.403544845609547,3.0
28,11.521520075394696,0.0
29,11.966380399800851,4.0
30,11.996351999381169,4.0
31,13.270301418468453,1.0
32,14.225765599318956,0.0
33,14.837011943787074,0.0
34,14.991192855481811,3.0
35,15.41964591934797,0.0
36,15.585108057465565,3.0
37,16.336585340694604,1.0
38,16.626966164510556,0.0
39,17.127141293673084,1.0
40,17.667492617552664,4.0
41,17.784247728246076,3.0
42,17.93885839173635,0.0
43,18.483874793669994,1.0
44,19.889789001865115,3.0
