,time,event
0,0.02327328724971901,0.0
1,0.07764110847733564,3.0
2,0.7518110303174035,4.0
3,1.5782320878893674,4.0
4,1.8931933782848895,0.0
5,2.1388102941362743,3.0
6,2.5724649233123147,4.0
7,2.6860329801518463,1.0
8,3.5497530479758828,4.0
9,4.018442453060555,0.0
10,4.3158875915095685,3.0
11,6.363102958389293,3.0
12,6.616415681834128,0.0
13,6.642917285535906,1.0
14,7.245099720297877,3.0
15,7.527500685968371,0.0
16,7.540626146158025,0.0
17,7.621762381530603,0.0
18,7.894122353293691,4.0
19,7.91867275155371,0.0
20,8.150918376649335,4.0
21,8.52279973029942,0.0
22,9.098714003774553,3.0
23,9.315986436470261,0.0
24,9.410472218016361,1.0
25,9.429267156076136,4.0
26,9.447227062141708,4.0
27,9.449471623792554,3.0
28,9.462173765509613,2.0
29,10.04085048261345,4.0
30,10.055903515614839,1.0
31,10.467695268793937,1.0
32,10.49918280131806,2.0
33,10.669454248681355,0.0
34,10.83772693486582,3.0
35,11.121079534550336,4.0
36,11.184443774819623,4.0
37,11.300952105311774,0.0
38,11.882462696854004,3.0
39,12.051983879031773,4.0
40,12.428738140034026,3.0
41,12.522017863499851,1.0
42,12.56668829283686,0.0
43,12.95505589377263,2.0
44,15.05952919550035,2.0
45,15.084675448243418,0.0
46,15.530534785946612,3.0
47,15.555962630994854,3.0
48,15.78623982068043,3.0
49,15.823782149984588,3.0
50,15.954665920666544,0.0
51,16.15404224372426,4.0
52,16.174875487990136,0.0
53,16.202962093240952,0.0
54,16.69758461669295,3.0
55,16.943119532320868,4.0
56,17.301315052149693,1.0
57,17.463736187136707,4.0
58,17.789255754673423,4.0
59,17.80004437097308,1.0
60,18.204770752924606,0.0
61,18.25774104126558,3.0
62,18.299401163364188,0.0
63,18.846380684872123,3.0
64,18.927073488182057,4.0
65,19.056513650595708,1.0
66,19.205639525816117,4.0
67,19.522324846586105,3.0
68,19.5485972618828,4.0
69,19.661866545127452,3.0
70,19.971321909126157,4.0
