,time,event
0,0.6597557614126849,3.0
1,0.6718704894134632,4.0
2,1.6795182665248305,0.0
3,1.7975882773336285,4.0
4,2.1075488649612155,2.0
5,2.9657491851829234,4.0
6,2.9665459982890985,2.0
7,3.288607622735797,0.0
8,3.384779838095775,2.0
9,3.421215835948836,3.0
10,3.8829389744203477,3.0
11,3.891619238814434,0.0
12,4.852548858308901,4.0
13,5.341780632891339,4.0
14,5.795242708468138,4.0
15,5.900267216284943,0.0
16,6.613689179453546,2.0
17,6.682001545588441,2.0
18,7.1179234464232275,3.0
19,7.174919125529707,3.0
20,7.71080743875396,3.0
21,7.7246735075109285,4.0
22,7.963198852104287,3.0
23,8.391881055612153,3.0
24,8.51552442151631,0.0
25,8.89233897941827,3.0
26,8.896159574250184,3.0
27,10.398817812798221,3.0
28,10.930742033289985,2.0
29,11.544943645447715,2.0
30,11.837126859090894,2.0
31,11.944952715246206,0.0
32,12.250846786999544,3.0
33,12.53139068401424,4.0
34,13.39138209568675,3.0
35,13.49650908906545,2.0
36,13.56409536287483,3.0
37,14.059967216351579,4.0
38,14.176834438023874,3.0
39,14.315939671213137,0.0
40,14.564813354595593,3.0
41,14.638352428918319,0.0
42,14.822385699981602,3.0
43,15.102457309574826,2.0
44,15.235076457697032,2.0
45,15.604789918314161,0.0
46,15.939805518904494,2.0
47,16.136128602620882,3.0
48,16.413117471896477,4.0
49,16.778452414749896,4.0
50,16.86686850104731,0.0
51,17.96332348714298,3.0
52,18.267577507822544,3.0
53,18.39196549017627,3.0
54,18.514392786986548,2.0
55,18.82759814935331,3.0
