,time,event
0,0.721667351816153,0.0
1,0.7804550844447665,1.0
2,0.8419152436702033,2.0
3,0.9681398381072301,0.0
4,1.6958388157568072,4.0
5,1.7081685252129124,2.0
6,2.0200483550668307,1.0
7,2.028208942697799,0.0
8,3.5929581558418624,1.0
9,5.01092855738616,4.0
10,5.048805340653546,1.0
11,5.070840060227448,4.0
12,5.248759275163992,2.0
13,5.964860133621958,2.0
14,6.067156691645872,0.0
15,6.153004705706254,1.0
16,6.339613141748086,1.0
17,7.376835039751895,4.0
18,7.4181803047001384,2.0
19,7.991884421545973,0.0
20,8.018416354550617,4.0
21,8.157923671238828,0.0
22,8.263535159343936,2.0
23,8.315544050935504,0.0
24,8.35728384545569,2.0
25,8.38954106362103,2.0
26,8.699636580552264,0.0
27,9.011572385643985,0.0
28,9.326268487016131,4.0
29,9.665795575304124,2.0
30,9.668792048086676,2.0
31,9.877717530048747,2.0
32,9.95723581506753,3.0
