,time,event
0,2.333972987838935,2.0
1,2.3590674214913765,4.0
2,2.691814169096725,1.0
3,3.8989752372852453,3.0
4,4.1400058262648525,3.0
5,4.217190298719358,3.0
6,4.414545546740504,1.0
7,4.822389433064727,2.0
8,4.825318846930393,2.0
9,4.885017379864321,4.0
10,4.897075382970138,3.0
11,4.924677330480296,3.0
12,4.932091657830013,3.0
13,5.260209666053448,1.0
14,5.551033798193118,1.0
15,5.890101385787494,1.0
16,6.076670689435763,2.0
17,6.378584051527506,2.0
18,6.387282268943878,2.0
19,6.812083327975173,1.0
20,6.84611005437589,4.0
21,7.325714820864559,2.0
22,7.362210373859751,4.0
23,7.410575775260794,1.0
24,7.542035942701352,3.0
25,7.901929958325477,3.0
26,7.953234008617871,4.0
27,8.098653172125406,1.0
28,8.47543804925963,2.0
29,8.668088256193407,3.0
30,8.894979218631269,2.0
31,8.897568313057263,1.0
32,9.112855561394271,3.0
33,9.306478701553358,3.0
34,9.39824235307041,4.0
35,9.451624656410905,2.0
36,9.56275222070342,4.0
37,9.594235391697667,3.0
38,9.714347580589829,3.0
39,9.784237259483755,3.0
40,9.784925675954192,3.0
41,9.84067879566862,3.0
42,9.969476966698192,2.0
43,9.983758694839201,3.0
