,time,event
0,0.831001873310464,1.0
1,1.0822149681145248,3.0
2,1.5605971961803933,3.0
3,2.019520524479774,2.0
4,2.0826756513173392,3.0
5,2.3517807013068026,3.0
6,2.436374695772103,1.0
7,3.2287104325415723,3.0
8,3.4804800740854245,1.0
9,3.5444375719426495,1.0
10,3.5653426046315104,3.0
11,3.9271410127752104,2.0
12,4.262028247276229,2.0
13,4.290733909860125,4.0
14,4.697756184864432,3.0
15,4.736103400288978,3.0
16,4.774261132444271,0.0
17,4.859739778070137,0.0
18,5.059843948334166,2.0
19,5.408671734688194,1.0
20,6.203504548186008,0.0
21,6.269582406536493,1.0
22,6.456569706426651,4.0
23,6.562823767893348,0.0
24,6.676031553366457,4.0
25,6.684567544210137,4.0
26,6.735881560593891,1.0
27,6.742515785049943,3.0
28,6.935447660454131,1.0
29,7.008306313647735,3.0
30,7.045143534154942,1.0
31,7.25414680612496,3.0
32,7.3560000401262515,3.0
33,8.060226983599224,3.0
34,8.340891546958973,1.0
35,8.637783503432287,0.0
36,8.778155594047655,1.0
37,8.785939934092859,4.0
38,8.812534875682509,4.0
39,8.820451979797129,0.0
40,8.892952568010235,0.0
41,8.903380251802407,3.0
42,8.912908978899944,3.0
43,8.91294020915936,4.0
44,8.933149100471928,4.0
45,8.981336488315181,3.0
46,9.038037511225953,0.0
47,9.058703036732954,4.0
48,9.0623080365023,4.0
49,9.085129453986642,0.0
50,9.139650366531189,0.0
51,9.171383965584909,1.0
52,9.191694405541819,0.0
53,9.244974548156728,0.0
54,9.27062139208158,3.0
55,9.333980643172582,3.0
56,9.42501994044648,0.0
