,time,event
0,0.32893094981575466,3.0
1,1.1148314885261013,3.0
2,1.283426847613595,3.0
3,1.5240348249179612,3.0
4,2.534399577661221,2.0
5,2.558410562586224,2.0
6,2.605610947221936,1.0
7,3.2115130603519404,4.0
8,3.4549146480296624,2.0
9,3.4894388082043317,2.0
10,3.5039033558081583,2.0
11,3.610367867999489,0.0
12,3.677286158236082,1.0
13,4.694941688710035,1.0
14,4.777608555419845,3.0
15,4.989559105829421,0.0
16,5.565598684487256,2.0
17,5.613115174151555,2.0
18,5.62778675452913,1.0
19,5.633140015225196,3.0
20,5.636696464095949,2.0
21,5.68206169273495,1.0
22,5.698914499807333,2.0
23,5.714521090001131,2.0
24,5.863767148381684,2.0
25,5.864259386689849,3.0
26,5.945213113399147,3.0
27,6.04550044097642,1.0
28,6.573875670094829,2.0
29,6.816334903538115,2.0
30,7.004910579028773,1.0
31,7.15027305817349,2.0
32,7.163199456208282,2.0
33,7.196044990761117,2.0
34,7.829526402019476,1.0
35,7.898864138289805,2.0
36,7.908289475898752,2.0
37,7.911074424968384,3.0
38,7.918639607559057,2.0
39,8.016315215020004,2.0
40,8.049536503300162,2.0
41,8.096409784383955,2.0
42,8.196642632457243,2.0
43,8.65322783169337,2.0
44,8.801847501607629,2.0
45,9.085200027263152,1.0
46,9.180363606119265,3.0
47,9.195038476964594,2.0
48,9.298663074962,3.0
49,9.46636792006875,1.0
50,9.494273280604121,2.0
51,9.57126807005448,4.0
52,9.677104091288793,3.0
53,9.69654651961702,0.0
