,time,event
0,2.1155099743195938,1.0
1,2.136128795446433,2.0
2,2.1941524494813045,0.0
3,2.255846478843694,4.0
4,2.2721085189434254,2.0
5,4.182968192912048,1.0
6,4.259564634269015,0.0
7,4.2683146124407285,3.0
8,4.286027233479425,1.0
9,4.398674971587033,2.0
10,4.573403271522035,3.0
11,4.698206058496128,2.0
12,4.874788676110009,3.0
13,5.218030324302909,2.0
14,5.40690647715596,3.0
15,5.5068262431312025,3.0
16,6.086225170059154,3.0
17,6.642544208627763,4.0
18,6.740004633591578,2.0
19,7.052891319943179,0.0
20,7.080842627050565,2.0
21,7.141379749279742,1.0
22,7.175285187849166,4.0
23,7.20902856430721,3.0
24,7.532761803505867,4.0
25,7.666027036390287,4.0
26,7.68675090410636,3.0
27,7.900090122778299,4.0
28,8.003837577591668,3.0
29,8.0177214914729,1.0
30,8.490935670562543,1.0
31,8.72961822794546,3.0
32,8.942179368747894,0.0
33,8.959899857983336,3.0
34,9.466054991308845,3.0
35,9.480281207221413,2.0
36,9.559636491539205,3.0
37,9.617385742504576,2.0
38,9.704969701732045,3.0
39,9.831791596892073,1.0
40,9.842363146951898,1.0
41,9.870938737760225,0.0
42,9.948162376792682,4.0
