,time,event
0,1.2602854656708506,4.0
1,1.875699163762873,2.0
2,2.095344691279897,2.0
3,2.470961061391392,1.0
4,2.9487525167931703,1.0
5,3.212592840789248,3.0
6,3.554602755025674,1.0
7,3.9372848140116177,3.0
8,4.036474289082702,3.0
9,4.297030133712983,4.0
10,4.39153265625397,0.0
11,4.6020117237018106,1.0
12,4.771920455376039,2.0
13,4.960771271205945,1.0
14,5.1228387762635865,1.0
15,5.151875126796076,2.0
16,5.283880744146077,1.0
17,5.345290746918534,1.0
18,5.381794751857384,2.0
19,5.401183137633147,1.0
20,5.549581904127758,1.0
21,5.586738655809999,1.0
22,5.600969760263881,2.0
23,5.620251536981724,0.0
24,5.675283989292925,2.0
25,6.068434835645425,1.0
26,6.231242460948184,1.0
27,6.356601662829667,2.0
28,6.367169766305621,3.0
29,6.6062716777926775,3.0
30,6.633811232594075,2.0
31,6.689810583278947,0.0
32,6.698223842180458,0.0
33,6.988090236958384,2.0
34,7.008411546445485,4.0
35,7.276428848026807,1.0
36,7.299569877442923,1.0
37,7.37915576401554,0.0
38,7.415677384511103,1.0
39,7.419325525046879,4.0
40,7.426544585918882,1.0
41,7.5353741618751355,0.0
42,7.56793253139316,4.0
43,7.577446838526394,2.0
44,7.6096218975518255,1.0
45,7.6535501058285025,4.0
46,7.6590696357794394,2.0
47,7.705414639408748,0.0
48,7.7677079782388345,1.0
49,7.771655655602209,2.0
50,7.774136028893127,0.0
51,7.823619249101359,4.0
52,7.842673986727613,4.0
53,7.988447728779023,0.0
54,8.370711732011069,2.0
55,8.527156674542287,2.0
56,9.007924462174017,1.0
57,9.028197645212165,1.0
58,9.050279467196214,3.0
59,9.123534292681104,2.0
60,9.286738754392088,0.0
61,9.296163986756776,2.0
62,9.498731209958699,4.0
63,9.646790970263655,1.0
64,9.660068491073673,4.0
65,9.705947040226087,4.0
66,9.72384266225524,0.0
67,9.759805311764707,1.0
68,9.771166253427888,1.0
69,9.776588681383593,4.0
70,9.777305616253686,3.0
71,9.785533172762987,4.0
72,9.790198062128571,1.0
73,9.866731028406264,3.0
74,9.880173073212648,1.0
75,9.882260381169232,0.0
76,9.899378702399982,1.0
77,9.923042917343594,0.0
78,9.971678633054104,0.0
79,9.97679192140221,2.0
80,9.990174042712589,1.0
81,9.992944103488568,3.0
