,time,event
0,0.15194819277884145,4.0
1,0.46788599233401384,2.0
2,0.8025585903186134,2.0
3,2.162618349578596,3.0
4,2.434818314389853,3.0
5,3.5393535115841885,3.0
6,4.34838748581176,4.0
7,4.377252423778627,4.0
8,4.421712602217508,2.0
9,4.817929684974357,2.0
10,4.957018946563525,3.0
11,5.572534130620112,2.0
12,5.939892340138351,2.0
13,6.191556868256142,4.0
14,6.5048801560136695,4.0
15,6.889160719872487,3.0
16,7.159503548747452,0.0
17,7.223254618801794,2.0
18,7.411346774688028,4.0
19,7.727707468244479,4.0
20,7.983191061362084,0.0
21,8.370663496031423,4.0
22,8.705665722209996,3.0
23,9.012052571760767,0.0
24,9.07760639790646,0.0
25,9.342018860407114,3.0
26,9.374655155825238,4.0
27,9.466627865113766,1.0
