,time,event
0,0.42423153244415013,1.0
1,0.9066196572247985,3.0
2,2.397706454480202,0.0
3,2.680365803521708,1.0
4,2.7529526982619967,3.0
5,2.9574640878214096,0.0
6,3.2903579423961125,1.0
7,3.668207107794722,1.0
8,4.561314762198226,1.0
9,4.692651515191337,4.0
10,4.804350077701684,3.0
11,4.836470492450715,2.0
12,4.843760936075803,3.0
13,5.132859876443991,1.0
14,5.175740279688593,2.0
15,5.184298037472641,1.0
16,5.263361547273864,0.0
17,5.272451409669373,4.0
18,5.399763034231274,4.0
19,5.427978228189187,2.0
20,5.431924253767684,3.0
21,5.445859885172055,1.0
22,5.53815708291755,0.0
23,5.552063905208855,4.0
24,5.9821998067028614,0.0
25,6.874002556975962,3.0
26,7.012813725295611,4.0
27,7.061156808405813,1.0
28,7.250063035189441,1.0
29,7.381775026193711,2.0
30,7.437853981924631,2.0
31,7.49334103580843,3.0
32,7.560044767326085,2.0
33,7.585107239193305,3.0
34,7.635998620655434,3.0
35,7.653230827112821,2.0
36,7.735897802838699,1.0
37,7.796807713431362,0.0
38,7.834400054045147,4.0
39,7.8489003227898735,0.0
40,7.995447664193025,3.0
41,8.009084002279112,2.0
42,8.014612638377017,1.0
43,8.400264539269367,1.0
44,8.463289347880906,3.0
45,8.685776618315229,3.0
46,9.083756740195012,0.0
47,9.150136901922657,4.0
48,9.413589243233044,1.0
49,9.435804001763557,2.0
50,9.494779318598138,2.0
51,9.50533795483384,1.0
52,9.548800208351539,0.0
53,9.646203100079614,0.0
54,9.668878554142363,1.0
55,9.81175642919328,3.0
56,9.829768189572308,2.0
57,9.856593625824795,0.0
58,9.869320729924208,3.0
59,9.872148538646869,3.0
60,9.90402900538152,4.0
61,9.91330269486173,1.0
62,9.9847360091735,3.0
63,9.984987266137276,0.0
64,9.985078933974323,1.0
65,9.99030533628163,3.0
