,time,event
0,0.19533626796432607,3.0
1,1.3440507691099794,3.0
2,1.6334778146263673,1.0
3,1.7587004696825952,3.0
4,1.9527994044265122,3.0
5,2.2145065029188267,3.0
6,2.496712750995787,4.0
7,3.253431133769724,3.0
8,3.3610127669645746,1.0
9,3.6521278564282227,1.0
10,3.864974913659031,1.0
11,3.9365650167460227,0.0
12,3.9721986911165303,3.0
13,3.9790443075630675,4.0
14,3.9872635602911557,4.0
15,4.046226183027267,3.0
16,4.2746687334113584,4.0
17,4.277929859221552,2.0
18,4.61378509368567,1.0
19,4.704220194204279,4.0
20,4.751296118116098,3.0
21,5.2153629302911595,2.0
22,5.548624634458403,4.0
23,5.6415526931309765,4.0
24,5.768596526399942,1.0
25,5.798200038120925,2.0
26,5.8858921050669215,0.0
27,5.91426399981018,4.0
28,5.95818399220747,4.0
29,5.982659935428237,3.0
30,6.2211715332605575,3.0
31,6.317694872696836,4.0
32,6.318991181415226,4.0
33,6.415869231362053,3.0
34,6.492757107539505,3.0
35,6.498967710815144,4.0
36,6.7353263160718475,3.0
37,6.8171492754842475,3.0
38,6.933599828771273,3.0
39,6.949760077342477,4.0
40,7.09949993093104,3.0
41,7.106857561902209,1.0
42,7.572025692138148,3.0
43,7.606377512633707,3.0
44,7.7021487861944085,2.0
45,7.790690297652407,2.0
46,7.848021530264616,1.0
47,7.866934368092749,4.0
48,7.880556476100498,3.0
49,7.924023919326246,3.0
50,8.259929379173409,1.0
51,8.377759933826747,3.0
52,8.432557128270892,3.0
53,8.702744622482582,3.0
54,8.738284805460513,3.0
55,8.756118260507742,1.0
56,8.789446153979203,4.0
57,9.07747139250805,4.0
58,9.133245233093637,1.0
59,9.304717187145766,3.0
60,9.333456286391526,3.0
61,9.373349562670015,4.0
62,9.415172762734414,3.0
63,9.556127279100492,1.0
64,9.831112464623063,1.0
