,time,event
0,0.07064471010763734,2.0
1,1.0511899746743725,2.0
2,1.678385139937311,2.0
3,2.256664604287321,2.0
4,2.323306115000796,2.0
5,2.5043434063486454,2.0
6,3.0256864071951703,1.0
7,3.4049759456067465,2.0
8,3.5243619808136315,2.0
9,4.438421067071205,0.0
10,4.689865598585536,1.0
11,4.796704063090779,3.0
12,4.8011117612096195,0.0
13,4.933759635010609,2.0
14,5.528909013812063,2.0
15,6.119131222197715,2.0
16,6.487994205912887,2.0
17,6.654543158715511,3.0
18,6.746678298034465,2.0
19,6.81894776340463,0.0
20,6.972454079792281,0.0
21,7.016124298226778,1.0
22,7.029658926021439,0.0
23,7.086214460173689,0.0
24,7.170917859237751,0.0
25,7.173674513971618,0.0
26,7.193182907768981,2.0
27,7.206849703940213,4.0
28,7.2524020999033185,1.0
29,7.47211264218493,1.0
30,7.6526649446835675,0.0
31,7.993036389468413,0.0
32,8.295212479386683,3.0
33,8.511730208608876,3.0
34,8.74597039701328,2.0
35,8.902700971550916,0.0
36,8.982595577372647,0.0
37,8.992403927408215,2.0
38,8.993737234084097,1.0
39,8.995148974295562,2.0
40,9.00638304081091,0.0
41,9.110383761231336,3.0
42,9.164116815409779,2.0
43,9.253182773310051,4.0
44,9.287960876567494,3.0
45,9.299982954276295,0.0
46,9.304258938740237,2.0
47,9.312893076150827,1.0
48,9.353046812505735,1.0
49,9.35491947262253,3.0
50,9.427506827897655,1.0
51,9.428853215544356,3.0
52,9.441056096476494,2.0
53,9.45957526873839,3.0
54,9.480475895227574,3.0
55,9.510210446118304,3.0
56,9.53995175299374,2.0
57,9.595774414827007,4.0
58,9.63536044815306,1.0
59,9.6633635089896,4.0
60,9.702917302350983,0.0
61,9.72701851363088,1.0
62,9.915658647432958,0.0
63,9.968275917109663,1.0
64,9.980152962338822,3.0
