,time,event
0,1.0972946475896834,3.0
1,1.5546539287022896,2.0
2,1.6967462734655818,3.0
3,3.326527025984979,1.0
4,3.408156506012355,1.0
5,3.491305782661049,1.0
6,3.9522983925867514,2.0
7,4.001617900927645,0.0
8,4.070878313871478,0.0
9,4.08981505144901,2.0
10,4.672349459050022,2.0
11,4.831106639279313,1.0
12,5.59132314604227,3.0
13,6.0298430552498266,1.0
14,6.087520840593055,2.0
15,6.145803843653164,3.0
16,6.191769073488571,2.0
17,6.242749825077383,3.0
18,6.260143862094463,2.0
19,6.267236785751131,3.0
20,6.274203459386254,1.0
21,6.391481357344658,2.0
22,6.485197290971387,3.0
23,6.492172787274063,2.0
24,6.714341294180752,1.0
25,6.9527414876746265,3.0
26,6.970041941093171,3.0
27,7.198016213526803,4.0
28,7.564330481992074,3.0
29,7.781713670747228,0.0
30,7.833572058343497,1.0
31,8.006399926737698,1.0
32,8.283771608468685,2.0
33,8.359077804743189,1.0
34,8.42502358702729,2.0
35,8.501708542658664,3.0
36,8.521180492164602,3.0
37,8.521783149935402,0.0
38,8.56966033439961,2.0
39,8.594176880701013,1.0
40,8.599824700463968,1.0
41,8.60749855344865,3.0
42,8.610949987895669,3.0
43,8.6212730354589,2.0
44,8.705583519010691,1.0
45,8.707671996689529,1.0
46,8.73106344472254,0.0
47,8.733164366532991,2.0
48,8.743019086481995,0.0
49,8.752860919964677,3.0
50,8.780526047689062,1.0
51,8.855464012617524,1.0
52,8.939450046130524,3.0
53,8.990687391235724,2.0
54,9.010859166894742,1.0
55,9.349364181165745,1.0
56,9.39797588421315,2.0
57,9.494479859617384,0.0
58,9.514906130189352,0.0
59,9.770057976622123,4.0
60,9.781287432545742,0.0
