,time,event
0,0.36057274004993745,3.0
1,1.0081744137454272,2.0
2,2.3597794184624266,3.0
3,2.4215710232593137,4.0
4,3.3014553782479585,0.0
5,3.328698583330496,2.0
6,3.4905592305910367,2.0
7,3.9850562059760475,3.0
8,4.237939668971463,2.0
9,4.776434154825173,3.0
10,4.814849716171101,4.0
11,4.914791810045784,0.0
12,5.426275087423776,2.0
13,5.450978217678415,1.0
14,5.532147998582833,0.0
15,5.664082294841019,2.0
16,5.712238486736317,4.0
17,6.475323520267347,2.0
18,6.4775636595126125,4.0
19,6.5812669969903625,0.0
20,6.646974972593091,2.0
21,6.768005771638202,2.0
22,7.114921791715022,4.0
23,7.240619546418037,0.0
24,7.414183902111689,3.0
25,7.719408668794633,1.0
26,7.750220268250741,0.0
27,7.755072021285789,0.0
28,7.835471937974033,0.0
29,7.854078281778179,0.0
30,7.876099418303152,0.0
31,7.9920399939540845,0.0
32,8.48066972991469,2.0
33,8.487701818181701,0.0
34,8.652203026090477,2.0
35,8.942655339719693,2.0
36,8.997527985991201,3.0
37,9.032859521796414,0.0
38,9.097240556612068,2.0
39,9.168750489878102,0.0
40,9.184218830229907,4.0
41,9.253282701644679,2.0
42,9.671000768007781,3.0
43,9.755083714126133,4.0
44,9.77968133549611,0.0
45,9.782372109918262,1.0
46,9.931264378152745,3.0
47,9.946653139118585,3.0
48,9.984570457103091,1.0
