,time,event
0,0.9678971948828423,3.0
1,2.0063964984395337,3.0
2,4.239234988997577,2.0
3,4.351199734844639,2.0
4,4.823844581322747,2.0
5,5.110193028420158,1.0
6,5.502232805623267,3.0
7,5.955725533693731,3.0
8,6.25213141037941,1.0
9,6.299488076618013,2.0
10,6.373211218986986,2.0
11,6.4423438496026115,1.0
12,6.507670225758607,2.0
13,6.592580774193,4.0
14,6.721623018560374,1.0
15,6.832162264725228,2.0
16,6.918547034448889,2.0
17,7.087110167912022,3.0
18,7.1021634817125125,2.0
19,7.147062380796126,2.0
20,7.603199472972252,2.0
21,7.827293332999428,3.0
22,8.18675568906229,0.0
23,8.360942673184505,4.0
24,8.383185143704216,2.0
25,8.466922442870592,0.0
26,8.481213149145974,1.0
27,8.503961103682824,4.0
28,8.556185978709562,1.0
29,8.569504328793215,4.0
30,8.589578740279693,4.0
31,8.668583514631477,3.0
32,8.703928473472269,1.0
33,8.704225435273166,4.0
34,8.74078365278325,0.0
35,8.766972833743784,2.0
36,8.77067557916757,2.0
37,8.800624775661749,1.0
38,8.808721845076212,4.0
39,8.816083174602555,4.0
40,8.816612562034342,3.0
41,8.846824450571871,2.0
42,8.898782071407243,2.0
43,8.907158736967451,4.0
44,9.045352473807256,0.0
45,9.089691365808338,4.0
46,9.092523677764182,3.0
47,9.093652191514934,2.0
48,9.12179195365688,2.0
49,9.144533945973276,1.0
50,9.173031099441136,2.0
51,9.229648016081633,4.0
52,9.29428843056936,1.0
53,9.388688180332393,4.0
54,9.542473928228954,1.0
55,9.559564881757016,4.0
56,9.621020227432894,3.0
57,9.63930913511684,2.0
58,9.692420114299157,2.0
59,9.8729821599566,2.0
60,9.923329430917644,0.0
61,9.97887985588955,1.0
