,time,event
0,0.5232968191612111,3.0
1,0.5733348314942611,2.0
2,3.0246191713374047,2.0
3,3.823649845871964,3.0
4,4.422473788478642,2.0
5,4.742747058184237,3.0
6,5.849983935591249,3.0
7,6.246410757218209,2.0
8,6.89078686149062,2.0
9,7.114926751416079,2.0
10,8.452521544486869,2.0
11,9.131793234568418,2.0
12,9.164293152775313,4.0
13,9.5668246626454,2.0
