,time,event
0,1.1716857389236313,1.0
1,3.173829821391194,1.0
2,3.3554370550038555,4.0
3,6.421416759932907,4.0
4,6.578204203712899,1.0
5,7.0042039111287435,2.0
6,7.619222130948922,2.0
7,8.64533427396984,3.0
8,8.817182176546424,3.0
