,time,event
0,4.346646486843767,4.0
1,5.371415548256523,4.0
2,5.673714890177426,2.0
3,5.845142504143172,3.0
4,6.525656334558962,0.0
5,6.590490267059592,3.0
6,6.638151997001667,1.0
7,6.689223460392506,0.0
8,7.066499495666247,4.0
9,7.597133471819788,3.0
10,7.845578347909078,3.0
11,7.9959736362074025,3.0
12,8.108849321024058,4.0
13,8.138387698715539,1.0
14,8.479432675108011,2.0
15,8.589599466857871,0.0
16,8.61501228232068,1.0
17,8.734046425513876,3.0
18,8.757998230141034,0.0
19,8.875868659792118,1.0
20,8.95596341733819,0.0
21,8.96632734216002,2.0
22,9.082401435817928,1.0
23,9.082516477209808,3.0
24,9.203659304955771,2.0
25,9.44585392402064,0.0
26,9.513837950265604,0.0
27,9.742753233455131,1.0
28,9.901586155697188,3.0
29,9.902065949615068,2.0
30,9.903870547559325,0.0
