,time,event
0,0.8860388768225568,4.0
1,1.0511763968449774,3.0
2,2.850688203946821,4.0
3,3.051908468690126,0.0
4,3.224845461363626,1.0
5,3.771105356777255,3.0
6,3.9973247682270916,2.0
7,4.072195928405898,4.0
8,4.161885045978159,1.0
9,5.205561447498673,4.0
10,5.511164131112998,3.0
11,5.853409526509053,1.0
12,6.03082430958712,3.0
13,6.079867299676427,3.0
14,6.0815239727842725,2.0
15,6.094471808779965,3.0
16,6.181113547400282,2.0
17,6.18282473936581,1.0
18,6.4582382906663,4.0
19,6.463132719040527,3.0
20,6.813150726595173,3.0
21,6.979812437055868,1.0
22,7.620191133252618,4.0
23,7.863099571509292,0.0
24,7.888080558209355,1.0
25,8.19411576493121,1.0
26,8.294505069751459,3.0
27,8.32634007443702,1.0
28,8.374227511206461,1.0
29,8.389723417810563,4.0
30,8.419683018331394,0.0
31,8.450911695576945,1.0
32,8.508961503687209,3.0
33,8.580489459817832,0.0
34,8.599129981784458,1.0
35,8.623848645217757,2.0
36,8.866134787369576,3.0
37,8.921187514393537,0.0
38,9.017746707450257,0.0
39,9.042728399995424,3.0
40,9.123219917249767,0.0
41,9.147337766819486,0.0
42,9.248216185753254,3.0
43,9.700913920498426,1.0
44,9.955207927626136,4.0
