,time,event
0,0.361174420367635,1.0
1,0.7599006507590118,1.0
2,0.9009251164181935,3.0
3,0.9834267838549291,1.0
4,1.3871700567344212,3.0
5,1.431416935956001,3.0
6,1.709330293106804,2.0
7,2.3755886231048517,3.0
8,2.5564988204599577,0.0
9,3.0937315081161048,0.0
10,3.1945310073533792,3.0
11,3.514547553936505,2.0
12,3.8476694948748005,3.0
13,3.901909770514677,1.0
14,4.203530150588248,1.0
15,4.651688555820645,0.0
16,4.756123533674287,4.0
17,5.708903620360349,4.0
18,5.751667947516041,1.0
19,6.242558708602861,3.0
20,6.259875951910055,2.0
21,6.756432173451343,4.0
22,6.787324126972068,1.0
23,6.990725536054981,2.0
24,7.0422728068415985,2.0
25,8.074683639854289,0.0
26,8.1817841912488,1.0
27,8.669894554648849,3.0
28,9.332066273418114,2.0
29,9.429465338625619,1.0
