,time,event
0,3.417228767843422,3.0
1,5.627560806149362,1.0
2,5.665740059906765,4.0
3,5.749271967315926,0.0
4,5.765512157893058,0.0
5,5.87969050498865,0.0
6,6.763921767929565,3.0
7,6.764759858356684,1.0
8,7.919007405735258,3.0
9,7.990914618116634,4.0
10,8.129858467372022,3.0
11,8.243792540933695,2.0
12,8.838731573828362,0.0
13,9.085362945060622,4.0
14,9.12132353717942,1.0
15,9.249693424892035,3.0
16,9.360080763495047,1.0
17,9.788518835147423,3.0
