,time,event
0,0.16566433786269105,2.0
1,0.2379238223904461,3.0
2,0.6265890593315636,1.0
3,2.2241702624840975,3.0
4,2.4928892635786895,1.0
5,2.534067379513079,1.0
6,3.331075027817354,1.0
7,3.5855920972748736,1.0
8,4.922349519038466,1.0
9,5.422587837497136,2.0
10,5.490644815256927,1.0
11,5.699433322516539,3.0
12,5.981719448433337,2.0
13,6.709042911837066,1.0
14,7.738043809391316,2.0
15,7.771703624447811,1.0
16,8.00432712050373,1.0
17,8.025213507978043,2.0
18,8.049972582619997,1.0
19,8.064609509041345,1.0
20,9.170237345714995,1.0
21,9.552222007236947,3.0
22,9.959210329219957,2.0
