,time,event
0,0.7932508035853361,2.0
1,2.606100458504156,4.0
2,3.0204028264454137,3.0
3,3.278614734106969,4.0
4,4.797709617344587,0.0
5,4.917268236685584,1.0
6,5.0362700599410735,2.0
7,5.070484695201279,2.0
8,5.155405010678969,3.0
9,5.165998582642407,3.0
10,5.371047262949109,0.0
11,5.409735477954759,3.0
12,5.595626518072623,0.0
13,6.474527307574303,3.0
14,7.136358055829124,2.0
15,7.231725747638949,3.0
16,7.285909318377171,3.0
17,7.29307710289001,0.0
18,7.3091243535013355,0.0
19,7.4463800494363594,0.0
20,7.449990391664701,3.0
21,7.534833839308717,3.0
22,7.652496592285834,3.0
23,7.786532088664984,2.0
24,7.842041408218961,0.0
25,8.694403758419675,0.0
26,8.825629709068581,0.0
27,8.841376553094827,0.0
28,8.963249952923658,0.0
29,9.214216067075386,3.0
30,9.329965626559028,2.0
31,9.346303204793813,3.0
32,9.378849721784466,0.0
33,9.567227511556919,0.0
34,9.586429413695535,3.0
35,9.656636514740221,3.0
36,9.682662317005377,3.0
37,9.701045378009011,2.0
38,9.72774025768683,0.0
39,9.781486152554036,3.0
40,9.906097105154256,3.0
41,9.93633793521628,3.0
