,time,event
0,0.8856615646566853,1.0
1,2.561183457234432,1.0
2,3.361796449910289,0.0
3,3.408543051109216,4.0
4,3.7428750607482932,2.0
5,4.689759973335667,4.0
6,4.787910042642679,3.0
7,4.929779543157832,0.0
8,5.618449991410655,2.0
9,5.700983284204523,2.0
10,6.86241674037749,2.0
11,7.015045547209284,4.0
12,7.031292976111853,1.0
13,7.166464379801348,4.0
14,7.200493670435431,3.0
15,7.396950697768801,4.0
16,8.012558967373685,2.0
17,8.631992884718965,1.0
18,9.047824666913996,1.0
19,9.394102944443748,4.0
20,9.434573146046842,4.0
21,9.449447357762137,3.0
22,9.498854392854064,0.0
23,9.839048356072983,2.0
