,time,event
0,2.818721620615644,1.0
1,2.9594633398112746,2.0
2,3.335506783516703,2.0
3,3.5225164792061037,2.0
4,3.922865754607152,3.0
5,4.328946152970155,1.0
6,4.416864943644093,2.0
7,5.256934740465407,3.0
8,5.385570145941394,4.0
9,5.816923380584264,4.0
10,5.9538933654701465,2.0
11,6.212083870748469,2.0
12,6.317002783332762,1.0
13,6.3820326878078175,2.0
14,7.395776477138874,3.0
15,7.596273010220601,2.0
16,7.633100635826865,1.0
17,7.6761730053681125,2.0
18,7.79110757109696,1.0
19,9.020873405666645,1.0
20,9.484815078282658,2.0
21,9.51077933330106,2.0
22,9.57558064449367,2.0
23,9.639635556815417,3.0
24,9.894082294817613,3.0
25,9.993993226072943,2.0
