,time,event
0,0.3883917637043149,1.0
1,0.5525270154238084,2.0
2,1.0416586209487129,2.0
3,1.466410847233596,3.0
4,1.6093905042051586,3.0
5,2.5814715489636804,0.0
6,2.6723635886316486,0.0
7,3.0079057377800953,1.0
8,3.011531775200807,2.0
9,3.354029230553926,1.0
10,3.548602013028228,2.0
11,3.721635410282536,1.0
12,3.7283424696787746,1.0
13,4.038925075789247,4.0
14,4.236127887107321,3.0
15,4.86155397651668,2.0
16,5.172571001495052,4.0
17,5.374980757993035,4.0
18,5.4642231109982315,1.0
19,5.483144096893681,1.0
20,5.4961587521675765,4.0
21,5.533637351903979,1.0
22,5.6678344078911245,2.0
23,5.7274891839568625,0.0
24,5.768272945773402,4.0
25,5.798518598521186,4.0
26,5.95480939213161,2.0
27,6.0213510342966705,1.0
28,6.0914699568167165,1.0
29,6.153866986184981,1.0
30,6.183686421086509,1.0
31,6.210353529648126,0.0
32,6.22520537911236,1.0
33,6.567357527457938,1.0
34,6.641676377603583,1.0
35,6.643329167661509,1.0
36,7.029780739154925,0.0
37,7.237637923041999,3.0
38,7.343508437222362,1.0
39,7.363465502209357,1.0
40,7.493320061024666,3.0
41,7.547047077647586,4.0
42,7.667432185655392,1.0
43,7.690144694989482,4.0
44,7.7734683096837935,4.0
45,7.869066619036139,0.0
46,7.881706720632707,4.0
47,7.885379337733142,1.0
48,7.997501755823557,0.0
49,8.055708798814894,4.0
50,8.06832249395725,2.0
51,8.072047214192741,3.0
52,8.114462220507354,4.0
53,8.13528069902029,0.0
54,8.166094891063343,2.0
55,8.260967759999975,3.0
56,8.262106422070076,0.0
57,8.273774072959139,1.0
58,8.357629514443426,4.0
59,8.395594682068541,4.0
60,8.431335758812093,1.0
61,8.603278430036465,1.0
62,8.652792469187451,3.0
63,8.74486292253273,4.0
64,8.856312782841337,0.0
65,8.857797988174656,1.0
66,9.00322658680829,1.0
67,9.011455967052083,3.0
68,9.349913825157424,2.0
69,9.390068470008849,1.0
70,9.481027893968884,2.0
71,9.533565278131848,0.0
72,9.713633957069675,0.0
73,9.729820099618484,1.0
74,9.760441886818189,0.0
75,9.801199417132153,1.0
76,9.883339009883437,4.0
77,9.89896608931747,3.0
78,9.944715748129697,3.0
79,9.956019583759309,2.0
