,time,event
0,0.557643241585084,2.0
1,0.8658582342479099,3.0
2,1.0541421677660003,2.0
3,2.0651503262511057,1.0
4,2.0810935728934723,2.0
5,2.8760047822232266,3.0
6,3.0111613757651017,3.0
7,3.101374436031888,3.0
8,3.4185031314707612,3.0
9,3.4700780830132927,3.0
10,4.172639145759068,1.0
11,4.320444764489357,2.0
12,4.326241715935469,4.0
13,4.473417634248458,2.0
14,4.71125083453022,2.0
15,5.002357128378922,2.0
16,5.227532057084095,4.0
17,5.260547526929777,4.0
18,5.312474648807815,4.0
19,5.583319351742149,3.0
20,5.753313790940523,4.0
21,5.853908727031178,4.0
22,6.235922828958671,1.0
23,6.352674949419908,1.0
24,6.451597331882716,0.0
25,6.461929239317725,3.0
26,6.608650309019855,2.0
27,6.650005201338331,4.0
28,6.665348885108271,2.0
29,6.7596597898707405,1.0
30,6.981270795736116,3.0
31,7.026298013831151,4.0
32,7.084332260006893,3.0
33,7.28362924883807,0.0
34,7.447600995266026,1.0
35,7.635280924044842,0.0
36,7.664769098621371,0.0
37,8.412510228511694,4.0
38,8.529685018822176,0.0
39,8.641710518793785,0.0
40,8.886016128891434,4.0
41,9.000919702793812,1.0
42,9.00642427351623,1.0
43,9.02222755148932,2.0
44,9.022241939668994,2.0
45,9.060765298359971,1.0
46,9.132155623511625,2.0
47,9.424728701792821,4.0
48,9.437625058923983,0.0
49,9.818906994232325,1.0
50,9.897927823116438,2.0
51,9.979214391463419,4.0
