,time,event
0,0.3522087895671566,3.0
1,0.9492174753888487,4.0
2,0.9616398664601074,3.0
3,2.885523851858597,2.0
4,3.215483678584868,1.0
5,3.218603151986058,3.0
6,3.4132791467214374,3.0
7,3.722319643263055,4.0
8,4.9233093335506775,0.0
9,5.070715699952474,0.0
10,5.087569785526174,1.0
11,5.575846108627862,1.0
12,5.695689842471056,1.0
13,5.723221763067121,2.0
14,5.777972830345364,1.0
15,6.746610655860485,1.0
16,6.8953510673936975,3.0
17,7.168396519197246,0.0
18,7.26937530025854,3.0
19,7.397646706532973,1.0
20,7.409527747864808,1.0
21,7.41372400359671,0.0
22,7.527380363929216,4.0
23,7.551591006686373,0.0
24,7.607882788978612,3.0
25,7.9030760433040115,2.0
26,8.0753998971325,1.0
27,8.081263753855005,1.0
28,8.267059416274982,4.0
29,8.89079073170533,3.0
30,9.183922782199277,4.0
31,9.291726665434432,1.0
32,9.326252646192009,0.0
33,9.484434296421668,0.0
34,9.51583556075847,0.0
35,9.52916293238508,2.0
36,9.565602658363971,2.0
37,9.601050328597266,0.0
38,9.697413678446972,0.0
39,9.843007846438368,2.0
40,9.910161689565152,0.0
41,9.921090561994363,0.0
