,time,event
0,0.40224811569032637,1.0
1,1.6372503211101028,2.0
2,1.8063013696976593,4.0
3,2.4553101556482977,3.0
4,2.6831297914342565,3.0
5,3.7697541443401663,4.0
6,3.9833704158412613,3.0
7,4.025457893126745,3.0
8,4.114533516490979,3.0
9,4.243766326221845,0.0
10,4.6182505785898815,1.0
11,4.959018936760111,0.0
12,5.000295723808336,3.0
13,5.449412884476175,2.0
14,5.563009436882945,1.0
15,5.600412251029446,2.0
16,5.93285791204425,0.0
17,6.0263662545798296,0.0
18,6.044728436075183,0.0
19,6.229858861503161,0.0
20,6.2328016631909575,0.0
21,6.350475710659837,0.0
22,6.583391199581692,3.0
23,6.646672891917205,3.0
24,6.728693323638569,0.0
25,6.930934202546512,3.0
26,7.205200450386217,1.0
27,7.292819141078728,1.0
28,7.311512283417677,0.0
29,7.493475346311128,3.0
30,7.837085252359296,3.0
31,7.943848136275588,2.0
32,8.11608385157568,0.0
33,8.167151993426886,0.0
34,8.183267271561151,3.0
35,8.198625819937178,0.0
36,8.226653705760963,3.0
37,8.290482656317847,3.0
38,8.301679577601105,0.0
39,8.3423515733482,1.0
40,8.345217862167392,3.0
41,8.361702319502525,3.0
42,8.374187964994091,3.0
43,8.385288275070957,3.0
44,8.397832978455732,3.0
45,8.530916069049612,0.0
46,8.601039077188675,3.0
47,8.634994068810748,3.0
48,8.635233303226467,1.0
49,8.677619112216142,0.0
50,8.707296956373215,0.0
51,8.814581179548275,0.0
52,8.98312701924946,1.0
53,9.052525787986152,0.0
54,9.38380064066409,0.0
55,9.408491314131872,3.0
56,9.48416445342576,3.0
57,9.71890594707199,3.0
58,9.739363658637378,0.0
59,9.741974687003113,0.0
60,9.959271461717352,0.0
