,time,event
0,0.07648879035393809,3.0
1,0.42900842405677586,3.0
2,0.6230972686183951,2.0
3,1.1881484570937737,2.0
4,2.3519868755977456,2.0
5,2.4362402104010754,4.0
6,2.5365388535873237,4.0
7,2.6785104521143843,2.0
8,2.955140481988661,2.0
9,3.650951119822382,0.0
10,4.71519787395971,3.0
11,4.879081064738375,4.0
12,5.006681934565345,4.0
13,5.083160063605756,2.0
14,5.350581288047223,0.0
15,7.226929527397436,3.0
16,7.278731792344741,4.0
17,7.301825102779156,3.0
18,7.3436868716925705,4.0
19,7.695406878115927,1.0
20,8.051893537959268,1.0
21,9.198231640451933,4.0
22,9.198624630045455,2.0
23,9.525721848891278,3.0
24,9.534714833008033,2.0
25,9.537258413617433,3.0
26,9.561704800873136,4.0
27,9.63356389016172,2.0
28,9.646921522167958,4.0
29,9.749515792396238,0.0
