,time,event
0,0.21716655642535393,2.0
1,0.2518107497852962,3.0
2,1.7993943340835044,4.0
3,2.2586859398499755,0.0
4,2.6030078334229576,3.0
5,3.5416972988207776,3.0
6,4.481742715212186,3.0
7,4.563037036956467,3.0
8,4.970632760724166,3.0
9,5.413702819787712,1.0
10,5.588002613608359,1.0
11,5.678281781774389,2.0
12,5.915367711427835,0.0
13,6.573603979934866,2.0
14,6.663545437313415,2.0
15,6.687541329855401,0.0
16,6.7511724586102115,3.0
17,6.935154018525911,0.0
18,7.31099776212637,3.0
19,7.417916830657189,3.0
20,7.822958519960496,2.0
21,7.889686706932293,0.0
22,8.078980438535153,1.0
23,8.610936957593982,1.0
24,8.72079077689499,3.0
25,8.93811646169759,4.0
26,9.009538922710366,2.0
27,9.011886433405852,1.0
28,9.020753695147318,3.0
29,9.033721015127215,3.0
30,9.045694637137531,3.0
31,9.153506350971648,0.0
32,9.177469755431387,0.0
33,9.183541257051973,4.0
34,9.787184393349053,3.0
35,9.892467620465437,3.0
