,time,event
0,0.42708669535333865,1.0
1,0.9738216471125981,3.0
2,1.115801169761378,3.0
3,1.8928371298705073,3.0
4,2.1033697440134227,2.0
5,2.250994884642449,3.0
6,2.790186495543969,2.0
7,3.0089879010094425,2.0
8,3.3170293576683405,0.0
9,3.3387965878084933,2.0
10,3.394892227038037,0.0
11,3.8872153782033987,4.0
12,4.141128566234027,1.0
13,4.318624784842292,0.0
14,4.546453958396882,2.0
15,4.569764463618644,1.0
16,4.638961563954575,4.0
17,4.69986661028295,4.0
18,5.410355137683069,2.0
19,5.499065496084565,3.0
20,5.608588910715179,4.0
21,5.723927482120981,1.0
22,5.756767998587142,0.0
23,5.804057940803234,2.0
24,5.846064146154939,1.0
25,5.850049636006183,2.0
26,5.89514945247262,1.0
27,6.153839978270327,0.0
28,6.188569741127309,4.0
29,6.316012120715165,4.0
30,6.3419329444395105,4.0
31,6.344976338585629,4.0
32,6.542842238507962,1.0
33,6.696057060563711,4.0
34,6.882078189903846,0.0
35,7.153789852655053,4.0
36,7.660251579785847,0.0
37,7.7468317886593425,0.0
38,7.751741303397366,2.0
39,7.847625828329979,0.0
40,8.045703757931747,1.0
41,8.24504289529593,2.0
42,8.284481844206313,0.0
43,8.384097099901798,1.0
44,8.482846888978647,2.0
45,8.734386721583387,4.0
46,9.005601214238261,1.0
47,9.009325953058609,1.0
48,9.02043029792591,1.0
49,9.15299851700104,0.0
50,9.158272179585506,0.0
51,9.212406147035784,1.0
52,9.29527901652233,0.0
53,9.316068256770519,2.0
54,9.332559600284377,2.0
55,9.923448642998991,2.0
56,9.953696627759292,1.0
