,time,event
0,0.38936832852223335,3.0
1,0.5303816067029288,0.0
2,2.4418423883788356,1.0
3,2.4881329448205385,1.0
4,2.4894765508309096,2.0
5,2.6669874923418533,1.0
6,2.724325219818975,2.0
7,2.7597463058049483,4.0
8,4.4832360741318835,0.0
9,4.640869396750743,3.0
10,4.897417166600169,2.0
11,4.9091463129455875,1.0
12,4.9285250693409095,0.0
13,5.043352645639294,3.0
14,5.096537508198033,2.0
15,5.129257440624472,1.0
16,5.602324293945283,3.0
17,6.574316566967882,1.0
18,6.753130701431656,4.0
19,7.073084397908792,1.0
20,7.179333952525237,3.0
21,7.224717496095409,3.0
22,7.319071720329147,0.0
23,7.36961476563867,2.0
24,7.376482367790891,0.0
25,7.48371773023189,0.0
26,7.855430660149296,2.0
27,7.883777826010691,2.0
28,8.050291791931599,2.0
29,8.066169805900895,2.0
30,8.429169860871497,3.0
31,9.435065964788697,4.0
32,9.465161604023216,2.0
33,9.770560752481117,0.0
34,9.7899150568583,3.0
35,9.799101810925226,3.0
36,9.897910820284087,0.0
37,9.91911649457599,4.0
38,9.949909277942725,1.0
