,time,event
0,0.2851669720806871,4.0
1,1.2943557113609259,1.0
2,2.5870870175864304,1.0
3,2.775146783617391,4.0
4,2.789520942410562,2.0
5,2.893318850277707,2.0
6,3.517646509544363,4.0
7,3.7393843229570547,0.0
8,4.376158457123205,4.0
9,4.481230646639089,1.0
10,4.984808503715645,2.0
11,5.04850726380647,3.0
12,5.099553837067591,2.0
13,5.355231209437236,0.0
14,5.39882448857268,2.0
15,5.520936049619108,1.0
16,5.628597847664949,4.0
17,6.726947919793362,1.0
18,7.061660363697292,0.0
19,7.247405493956702,3.0
20,7.818106152480919,0.0
21,7.88726970597178,0.0
22,10.264469894961048,4.0
23,10.493317543074122,4.0
24,12.512008276881765,0.0
25,12.599235568960294,4.0
26,12.931347497078292,3.0
27,12.936141672002371,0.0
28,13.038889438564878,0.0
29,13.21105757095317,0.0
30,13.222061036215011,4.0
31,13.263909773541286,4.0
32,14.113708985928454,2.0
33,14.399362313898296,2.0
34,14.548455331892402,2.0
35,14.983613868397981,3.0
36,15.207474210827044,0.0
37,15.293096684266114,1.0
38,15.977883617671381,2.0
39,16.00643465817772,1.0
40,16.12735587981714,2.0
41,16.26011792607663,2.0
42,16.98229466072208,4.0
43,17.52454101204707,1.0
44,18.232713913202513,0.0
45,18.382025662787438,2.0
46,18.825503680782333,1.0
47,18.853914608614204,0.0
48,19.44310537922398,2.0
49,19.730428514174488,1.0
50,19.888620778366054,0.0
