,time,event
0,0.6969125843127779,1.0
1,0.9129380840493513,2.0
2,1.0860644808457895,1.0
3,1.429729962081061,1.0
4,1.6587465997313804,2.0
5,2.979735333967291,2.0
6,3.070797669287467,0.0
7,3.1215156608427743,0.0
8,3.632572927323623,0.0
9,3.639286304370051,0.0
10,4.063398343530016,4.0
11,4.55990281584012,1.0
12,4.855869050405288,1.0
13,5.214996799019058,4.0
14,5.355870418698156,0.0
15,5.561952541666551,2.0
16,6.050168502980806,2.0
17,7.343455240775987,0.0
18,7.69220695756297,4.0
19,7.875904846666827,2.0
20,8.108818279883415,0.0
21,8.149259501507393,4.0
22,8.808302339918718,4.0
23,9.144706184761336,3.0
24,9.621450076098789,4.0
25,9.80055833884371,0.0
26,10.104600273273258,4.0
27,10.114291400910929,0.0
28,10.919304299974339,1.0
29,10.927552501918223,4.0
30,10.965659059150981,2.0
31,11.002790359206195,4.0
32,11.1793447364046,2.0
33,11.214518386846677,2.0
34,11.449269138975005,3.0
35,11.681441672041949,2.0
36,11.721357487777418,4.0
37,11.851059665574262,0.0
38,11.876314021478693,0.0
39,12.504208005720406,0.0
40,12.61938323540953,0.0
41,13.091392869817101,4.0
42,13.238314000113597,1.0
43,13.493891004538355,1.0
44,13.590764547322795,0.0
45,13.702806199317713,0.0
46,14.077478035969873,0.0
47,15.118346482941332,4.0
48,15.366817948380314,0.0
49,15.87533933680792,4.0
50,16.007948980108008,0.0
51,16.53425122363874,0.0
52,16.67710888656785,4.0
53,16.97712680391645,1.0
54,17.601438279213742,1.0
55,17.892418444710792,1.0
56,18.49894201051748,0.0
57,18.501549141677234,2.0
58,18.68656709085729,2.0
59,18.70819130593462,1.0
60,19.38715361018257,3.0
61,19.84187965913933,2.0
