,time,event
0,0.3097255744885858,2.0
1,1.1605391335226096,0.0
2,1.802748669088893,0.0
3,1.976434246138614,3.0
4,2.8490448240773865,0.0
5,3.17616867326304,0.0
6,3.828680974508095,0.0
7,3.8890095373544162,1.0
8,3.9175684210601944,0.0
9,4.276795637618822,1.0
10,4.676223660797907,1.0
11,5.259238631589828,0.0
12,5.687357587221143,0.0
13,5.796165146911768,2.0
14,5.904311931790598,1.0
15,6.085177477918643,2.0
16,6.221780800221668,4.0
17,6.248016450731337,3.0
18,6.390420300800527,0.0
19,6.7564334328543465,4.0
20,6.973201591135844,2.0
21,7.480728539204278,2.0
22,8.154561782101066,2.0
23,8.664330370379194,3.0
24,9.665845123568126,0.0
25,9.910247925866651,0.0
26,10.365652529310633,1.0
27,10.545464754966114,0.0
28,11.13440453586756,2.0
29,11.694260674392273,1.0
30,11.72849027745863,3.0
31,12.625574335079323,1.0
32,12.782131441035421,3.0
33,13.71159688045517,4.0
34,13.984486510290948,0.0
35,14.607816533344936,1.0
36,15.452379362699183,4.0
37,15.554271400043193,4.0
38,15.765645569792692,1.0
39,15.981051245741334,4.0
40,16.179527858676494,2.0
41,16.859933175945283,4.0
42,16.9185686759946,2.0
43,17.52210087998194,0.0
44,17.55280300452313,0.0
45,18.017831157501423,0.0
46,18.26875191787013,2.0
47,18.471067089605533,4.0
48,18.73285369152869,1.0
49,18.738954359441898,4.0
50,18.84410287084876,4.0
51,19.644835100526542,2.0
52,19.920495114401234,3.0
