,time,event
0,0.3275496742935054,4.0
1,0.3430881968022516,0.0
2,0.7907121563532435,0.0
3,2.268803430379384,2.0
4,2.9151234739632055,1.0
5,3.0698876461149105,1.0
6,3.1214815530976265,2.0
7,3.1536849736330184,0.0
8,3.3066294580733624,1.0
9,3.413264954490018,1.0
10,3.453867648917896,2.0
11,3.935426405030415,4.0
12,3.9764583601206422,0.0
13,4.436931104657553,0.0
14,4.635958513017204,0.0
15,4.7244648456746665,1.0
16,4.753387738743305,2.0
17,5.022595801663018,4.0
18,5.2806979121856426,2.0
19,5.375039718817809,0.0
20,5.43082393487059,1.0
21,5.754131072737802,2.0
22,6.374216378882521,0.0
23,6.682154377838666,4.0
24,6.865855409118729,2.0
25,6.937936161526171,4.0
26,6.950230652928985,1.0
27,8.44593828182481,2.0
28,9.195456801744832,1.0
29,10.254553336747767,1.0
30,10.79689401492494,4.0
31,10.948813590857405,4.0
32,11.568248248951768,1.0
33,11.772894936290603,4.0
34,11.88653112392689,4.0
35,11.9429300517409,0.0
36,12.308075289961991,4.0
37,12.532092643086306,3.0
38,12.611236932587799,0.0
39,12.981172974744206,4.0
40,13.098889028342944,4.0
41,13.496404713784697,4.0
42,13.92776692949441,1.0
43,14.105105015679504,0.0
44,14.309186361012081,4.0
45,15.122148922576356,0.0
46,15.230851392257307,4.0
47,15.487074621147164,4.0
48,15.801642469368632,1.0
49,16.366475087590352,0.0
50,17.177664490643078,0.0
51,17.671092539621455,3.0
52,17.685064494103102,4.0
53,17.74923471362001,0.0
54,18.397474752594313,0.0
55,19.01656304569865,0.0
56,19.532859290785442,4.0
57,19.96147417219095,0.0
