,time,event
0,0.09809288655414468,1.0
1,0.29170583294450325,4.0
2,0.38688917937768863,0.0
3,1.022353739221659,4.0
4,1.8704747819455407,2.0
5,1.8977918949518346,2.0
6,2.00408763452441,0.0
7,2.363468822415022,0.0
8,2.91598296521108,2.0
9,3.5123746807709515,2.0
10,3.6460341814867046,0.0
11,3.763998781352975,2.0
12,3.767957292834815,1.0
13,3.8984347123406633,2.0
14,4.240798127538955,2.0
15,4.280570327835587,1.0
16,4.685201200342255,1.0
17,5.29144461642672,0.0
18,5.993458505933407,2.0
19,6.655936982507177,0.0
20,7.19042619667581,3.0
21,7.24558593273139,4.0
22,7.387787276912638,1.0
23,7.660250599098613,0.0
24,7.804718088495884,2.0
25,8.40002443475596,1.0
26,8.402298114959649,4.0
27,9.132670665718882,2.0
28,9.36813739327263,4.0
29,9.751150927670896,0.0
30,9.836888695783465,0.0
31,9.957153141019797,4.0
32,10.130092002199394,0.0
33,10.518947899374103,2.0
34,10.531839271126382,1.0
35,11.259502825058089,3.0
36,11.316706558843519,2.0
37,12.161413196876742,1.0
38,12.276872809401997,0.0
39,12.816927814075285,1.0
40,13.549098500044199,0.0
41,13.762247555048596,0.0
42,13.772909792335126,4.0
43,14.036342477806627,1.0
44,14.331663012884112,2.0
45,14.791982926098646,4.0
46,14.994371461681915,1.0
47,15.570385382026245,2.0
48,15.576138667230905,0.0
49,16.177456387692924,1.0
50,16.198507364365256,2.0
51,16.381646389652555,4.0
52,17.717427958717373,4.0
53,17.755767943661095,4.0
54,19.582715080629637,2.0
