,time,event
0,0.6369796830807125,1.0
1,0.9472571356554703,1.0
2,1.01103867594919,1.0
3,1.0542470517179678,1.0
4,1.4883059433757952,1.0
5,1.4939921786510584,2.0
6,1.6460586157122477,4.0
7,1.7405271256282242,2.0
8,1.960687303761158,1.0
9,2.0483301652720325,0.0
10,2.4558000908297846,0.0
11,2.892578349159323,0.0
12,3.4662716705327425,4.0
13,3.9063942470976234,4.0
14,4.213094986806329,2.0
15,4.56270773400265,4.0
16,4.6035715162327335,1.0
17,4.603795747903565,2.0
18,4.890421097662953,4.0
19,5.3976994867506285,2.0
20,5.50459014222946,0.0
21,5.5343323309083505,0.0
22,7.213812880989252,0.0
23,7.710611380509557,2.0
24,7.854995332894754,0.0
25,8.216357963089875,4.0
26,8.359887752798194,2.0
27,8.827885427725121,1.0
28,8.841470870683182,0.0
29,9.144551905061812,1.0
30,9.521034808722987,2.0
31,9.90818001590829,2.0
32,10.671486930537132,4.0
33,10.945352929470967,0.0
34,11.047832564140354,4.0
35,11.475398239523457,2.0
36,12.132208089372929,2.0
37,12.393953606096543,2.0
38,13.018924282838357,1.0
39,13.135707779046403,4.0
40,13.47158986911435,4.0
41,13.520693612556611,1.0
42,13.866023571742515,0.0
43,14.13881066203599,3.0
44,14.437842169767492,2.0
45,14.86397711256939,2.0
46,15.337017442623294,2.0
47,15.422175703653433,3.0
48,16.098428759370556,1.0
49,16.97795350235158,2.0
50,17.63472431742005,1.0
51,17.677461991955546,3.0
52,18.037809953657895,2.0
53,19.34319957754544,0.0
54,19.380841596894747,2.0
55,19.629288260226726,4.0
56,19.68253723826259,1.0
