,time,event
0,0.2857406578233251,1.0
1,0.2936291129658774,0.0
2,0.7884019515679759,4.0
3,0.8251784896591916,1.0
4,1.750713474136794,0.0
5,1.8340249207840569,4.0
6,1.904370472139958,3.0
7,2.187605197980727,3.0
8,2.4802177984547646,0.0
9,3.038624734776851,2.0
10,3.1119163492129145,0.0
11,3.5278862253990124,2.0
12,3.7993052541704566,0.0
13,3.8202540574246813,2.0
14,3.8710724646105414,1.0
15,4.194313576103237,1.0
16,4.698914577312579,2.0
17,4.809653669174787,0.0
18,5.009766947136764,1.0
19,5.249241306759686,0.0
20,5.292238216408084,0.0
21,5.522230361843206,4.0
22,5.533650315621846,0.0
23,5.871131034383318,4.0
24,5.936683521200947,1.0
25,6.343106954205363,0.0
26,7.022328195508997,2.0
27,7.967308383392116,0.0
28,8.25344190823243,4.0
29,8.543641202858744,3.0
30,8.77203523930731,2.0
31,9.385876571723049,4.0
32,10.058615298310572,3.0
33,10.251345710966003,1.0
34,12.733836553399453,1.0
35,12.839594854836914,4.0
36,12.876860373443176,2.0
37,13.035599334973067,2.0
38,13.357070872941797,0.0
39,13.37908057998583,1.0
40,13.474292602504335,3.0
41,13.720754113106306,1.0
42,13.887849766319713,0.0
43,15.358366921952856,2.0
44,15.53193893698694,0.0
45,15.554070047314488,4.0
46,15.655569435481043,1.0
47,15.901518078929609,1.0
48,15.920129653232339,2.0
49,16.42599147663967,0.0
50,16.72790787499981,2.0
51,17.42233963965012,0.0
52,17.426901635556746,4.0
53,17.459860006835264,0.0
54,17.966633544775704,2.0
55,18.393249138467294,0.0
56,18.448764717829057,1.0
57,18.46639517838389,2.0
58,18.94251739699009,3.0
59,19.53688931507269,0.0
60,19.653390790160014,1.0
61,19.717903800581805,1.0
