,time,event
0,0.33949196792592395,0.0
1,1.031652476084514,3.0
2,1.0809176779746497,2.0
3,1.1412502917086782,4.0
4,1.2161722619925572,1.0
5,1.2402559242726845,0.0
6,2.103358038040486,0.0
7,2.1342485425530695,4.0
8,3.288068913686983,2.0
9,3.3498359323717124,2.0
10,4.1215525773465345,4.0
11,4.32457480977566,0.0
12,4.5225738706630025,1.0
13,4.62682665864869,4.0
14,5.827619622035318,2.0
15,6.5459230392630925,1.0
16,6.55694159877233,4.0
17,7.032838470399861,1.0
18,7.073618917219452,1.0
19,8.463395210491342,4.0
20,8.826090973901843,1.0
21,9.185654871557578,1.0
22,9.297506817219006,0.0
23,10.07506308975102,0.0
24,10.089965104590181,2.0
25,10.960802235277745,1.0
26,11.20484914702926,2.0
27,11.22439977547522,0.0
28,11.46384454424503,2.0
29,12.257029495679397,3.0
30,12.448986659271792,0.0
31,13.363247742231804,4.0
32,13.469950599915947,2.0
33,13.588175470654384,0.0
34,13.612221054214697,0.0
35,14.447499249908192,1.0
36,14.628659103571879,3.0
37,15.115172441410817,2.0
38,15.117495494511168,2.0
39,15.415278724032708,2.0
40,15.586823495332238,2.0
41,15.737418672662693,4.0
42,15.758416461189002,2.0
43,15.847910842172283,2.0
44,15.924260090575086,4.0
45,16.259727531380545,4.0
46,16.381330224160383,1.0
47,17.00914623139849,2.0
48,17.43695203605432,2.0
49,17.50284265152976,4.0
50,18.069373649531858,3.0
51,19.29958980491687,1.0
