,time,event
0,0.7436495521712826,0.0
1,0.8396879516869146,4.0
2,0.9427404652801386,1.0
3,1.3759064348601766,3.0
4,1.4444338646941084,2.0
5,1.8567243272264025,4.0
6,3.1353285423315027,2.0
7,4.705067322296472,4.0
8,4.873631386022607,0.0
9,5.11169227534269,0.0
10,5.6146798470446155,4.0
11,6.031461951315538,4.0
12,6.031702838243178,3.0
13,7.122610457483547,0.0
14,7.508746601376623,2.0
15,7.509989405012465,4.0
16,8.293040717121302,4.0
17,8.303422390278197,4.0
18,8.3200673577086,3.0
19,8.562468921073451,4.0
20,11.478869482994627,0.0
21,12.472803596943548,3.0
22,14.641313113248914,0.0
23,15.054755633374622,2.0
24,15.990052853994138,0.0
25,16.454612323202106,2.0
26,16.75750120279511,0.0
27,16.923415911126167,1.0
28,17.245149936049174,1.0
29,17.39663164806955,0.0
30,18.02077075878528,4.0
31,18.261457899814822,0.0
32,19.28567244930489,0.0
33,19.29424906909522,3.0
34,19.414853989498752,1.0
