,time,event
0,0.4336898230298717,3.0
1,0.8276143891753136,4.0
2,0.9242971605939984,0.0
3,1.0815910660871493,3.0
4,1.5264940564933172,0.0
5,2.003572492834203,0.0
6,2.048910993161117,4.0
7,3.2860230606126137,1.0
8,4.037088740126906,2.0
9,4.192834183824426,4.0
10,4.231009228027574,4.0
11,4.73953574499205,4.0
12,5.383684094872239,1.0
13,5.42162658916894,0.0
14,5.445116776026646,2.0
15,5.45884968159093,2.0
16,5.68807509914979,4.0
17,6.322069738885472,2.0
18,6.699656975817179,4.0
19,6.772230994305203,4.0
20,6.95701928594016,4.0
21,6.981224775288093,1.0
22,7.374566912544558,4.0
23,7.471473669823526,1.0
24,7.673338411250349,0.0
25,8.027586542004997,0.0
26,8.33820847906146,1.0
27,8.59218232643594,0.0
28,9.643485410683715,0.0
29,10.650994154380756,0.0
30,11.125929765196028,2.0
31,11.615846892847596,4.0
32,12.171054991700283,4.0
33,13.527276668996405,4.0
34,13.642419716984092,2.0
35,13.65218848553891,2.0
36,13.968627317986165,2.0
37,14.149096299061128,4.0
38,14.652326341845445,2.0
39,14.99438180951162,2.0
40,15.161994375058816,3.0
41,15.197799784940587,3.0
42,15.257048671235234,0.0
43,16.80033694861435,1.0
44,17.223537871226146,0.0
45,17.25559946640556,2.0
46,17.261072075176262,3.0
47,17.2953314522849,3.0
48,17.55949733922192,0.0
49,18.04872268582733,2.0
50,18.11044477983597,0.0
51,18.25669270991769,2.0
52,18.26231735845517,0.0
53,18.36400116964478,0.0
54,18.395532336799466,2.0
55,18.64704576281493,1.0
56,18.656779640056506,4.0
57,18.666194050130343,0.0
58,19.389617912347546,0.0
59,19.44355869915625,2.0
60,19.745964795655112,4.0
61,19.954141410969598,2.0
