,time,event
0,1.2040970942170277,2.0
1,1.2165426512587705,1.0
2,1.5297340623975744,4.0
3,2.080330877941991,2.0
4,2.572739558581593,0.0
5,2.658744815430398,2.0
6,3.163550611690674,4.0
7,3.190303827017004,4.0
8,4.749145271455999,2.0
9,5.121763744097382,1.0
10,5.659951114724858,0.0
11,7.036409177714631,2.0
12,7.375965982460627,2.0
13,7.6736867306828245,2.0
14,8.16113265054164,1.0
15,8.81519967455648,2.0
16,9.09804747549009,2.0
17,9.139872743649025,4.0
18,9.354341398093228,4.0
19,10.104206471773551,2.0
20,10.354369745449562,0.0
21,10.605290696942252,4.0
22,10.733801165674407,0.0
23,12.168733344844515,1.0
24,12.365731862288818,0.0
25,13.326246886923782,0.0
26,13.824372940031274,1.0
27,14.511797380349151,2.0
28,15.017696609745627,2.0
29,15.18364035706901,4.0
30,15.186505298454506,2.0
31,15.316072188253244,2.0
32,15.605781122202728,1.0
33,15.624595093894598,1.0
34,15.693346571960205,0.0
35,15.984530865964631,4.0
36,16.351420759538776,0.0
37,16.772717663541084,4.0
38,16.943254864601933,0.0
39,17.54439482837435,2.0
40,17.884731070107176,0.0
41,18.308271734941098,4.0
42,18.550063099402553,4.0
43,18.550232373725052,2.0
44,19.09317066553752,4.0
45,19.259010197603686,0.0
46,19.362270126994616,0.0
47,19.540240996724794,2.0
48,19.727658891649543,2.0
