,time,event
0,0.5273009774664661,2.0
1,0.576148269743822,2.0
2,0.9335475358589904,2.0
3,1.7448438187900952,1.0
4,2.2192246833201685,4.0
5,2.4333123310629823,0.0
6,2.457253354396652,4.0
7,2.5214061044768368,4.0
8,2.7195040670825312,4.0
9,3.0324394356225586,1.0
10,3.3596366338301618,3.0
11,4.015138692852446,1.0
12,4.2523708807017995,1.0
13,4.519283529763812,4.0
14,4.843341517505537,0.0
15,6.670970784759513,2.0
16,7.391178902493144,1.0
17,8.537349340008584,4.0
18,8.604065240577382,2.0
19,8.714822502967515,0.0
20,8.814086319654995,2.0
21,8.909962325020492,0.0
22,8.92481292645563,2.0
23,9.074879795852953,1.0
24,9.275108116597794,2.0
25,9.558058651627155,0.0
26,9.573530915213114,2.0
27,9.68955166079084,2.0
28,9.798378231623627,4.0
29,10.039418452965828,3.0
30,10.669125690912944,1.0
31,12.136181367468255,4.0
32,13.15607254912584,0.0
33,13.273989964996312,4.0
34,13.44015646782825,1.0
35,13.681331442547963,4.0
36,14.02520971154613,0.0
37,14.161038405008858,3.0
38,14.83667148924684,1.0
39,15.127334253523374,2.0
40,15.246086967223228,0.0
41,15.289565741586477,2.0
42,15.875468960932427,1.0
43,16.464053657864604,0.0
44,16.838415912754417,2.0
45,17.049566037010756,2.0
46,17.420178897460048,4.0
47,18.26758673777235,0.0
48,18.353038207475958,4.0
49,18.434723866548875,0.0
50,18.77949870021138,0.0
51,19.54754346138615,0.0
52,19.623736762782592,1.0
53,19.879778227240088,0.0
