,time,event
0,0.1411783649448389,2.0
1,0.527536747631842,4.0
2,0.7786325685475345,4.0
3,1.2768311113899347,1.0
4,1.3557562214482903,4.0
5,1.4210944289195289,4.0
6,2.3243599314298207,4.0
7,2.6068707402479543,2.0
8,2.736796254746557,4.0
9,3.4649424647295475,2.0
10,3.5981413259349706,1.0
11,3.652643969040474,0.0
12,3.8720361869404156,0.0
13,3.911656276141834,1.0
14,3.9411466272832243,0.0
15,4.323031562795214,4.0
16,4.588542897185418,0.0
17,4.596654058381745,4.0
18,5.046413189179558,3.0
19,5.353608087986729,4.0
20,6.455404509926301,1.0
21,6.564659255095826,0.0
22,6.724799545334402,1.0
23,6.753505209938773,4.0
24,7.3346166891377145,0.0
25,7.4234940586084495,1.0
26,7.695865127783305,4.0
27,8.557046425368789,2.0
28,8.863646517962318,1.0
29,9.874552619827465,0.0
30,9.921155738496871,2.0
31,9.98990412308701,4.0
32,10.540278424878142,2.0
33,10.559914915648921,0.0
34,10.764624880985352,2.0
35,10.767152553341933,2.0
36,10.833882581676894,4.0
37,11.084093945470746,1.0
38,11.714387563013322,0.0
39,12.06912340526698,1.0
40,12.379862121184084,3.0
41,12.80858197080693,2.0
42,13.35764237155308,0.0
43,13.541595487994691,2.0
44,13.9347627084409,4.0
45,14.080439982157694,2.0
46,14.120278190734842,4.0
47,15.046337906294337,3.0
48,15.746577607274938,2.0
49,16.359878352717377,4.0
50,16.360448046775367,0.0
51,16.821273698462832,2.0
52,16.97282646047569,0.0
53,18.161904818266763,3.0
54,18.344391478779148,2.0
55,18.78320287304685,4.0
56,19.14934146499411,4.0
57,19.629347055368335,0.0
58,19.653922994133293,0.0
59,19.73196052585192,2.0
