,time,event
0,0.19446411248155632,4.0
1,0.40529145007307454,2.0
2,0.4961104492506737,0.0
3,0.7878303329455442,2.0
4,1.2930162153904368,4.0
5,1.4268301659259237,0.0
6,1.6614424293350474,2.0
7,1.700288076755079,0.0
8,1.8048271625262546,2.0
9,1.8577437157511552,2.0
10,2.321297042933801,0.0
11,3.4980617132321195,3.0
12,4.0246211412926165,1.0
13,4.748108910392712,2.0
14,4.768085369255473,4.0
15,4.771987042692918,0.0
16,5.105057194321938,1.0
17,5.199923542510848,3.0
18,5.676877727269863,0.0
19,7.28574908588419,4.0
20,7.492643898635956,0.0
21,7.740178497021472,0.0
22,8.366095233108814,1.0
23,8.862502771002246,2.0
24,9.189725543170724,1.0
25,9.42421183845607,1.0
26,9.448913454318104,1.0
27,9.594690025071563,2.0
28,9.980396768920254,3.0
29,10.02891557042035,4.0
30,10.196069162069808,3.0
31,10.446853255231426,1.0
32,10.831954937753732,1.0
33,10.896604385275383,4.0
34,11.157578245042004,0.0
35,13.015905196641032,4.0
36,13.017029817761786,3.0
37,13.362115144749566,1.0
38,13.8345913645231,0.0
39,14.492808798001663,0.0
40,15.000991795347934,4.0
41,15.514518136673201,2.0
42,16.122196183277186,1.0
43,16.159532715277017,1.0
44,16.61486083934157,3.0
45,16.6512988128008,2.0
46,16.658407097321554,2.0
47,16.660723954838765,0.0
48,17.204525675566703,0.0
49,17.278605313953545,3.0
50,19.015619415069516,0.0
