,time,event
0,0.35452134872704916,4.0
1,1.171564514155483,0.0
2,1.4255362078905316,3.0
3,2.1682695859670322,1.0
4,2.3629243937888256,2.0
5,2.6552330485462896,0.0
6,2.7005690116584242,4.0
7,2.731966525656835,4.0
8,3.433505275388645,2.0
9,3.7010604347526384,1.0
10,3.764411329017878,1.0
11,3.795443546605633,1.0
12,3.8356941754677667,0.0
13,3.9797948320086327,2.0
14,3.998423014134753,2.0
15,4.108180023061799,2.0
16,4.397479275928275,2.0
17,5.427606726106286,2.0
18,5.821412578385335,2.0
19,6.180500002408563,4.0
20,6.586182206567022,0.0
21,6.854649474960102,2.0
22,6.998571040600266,0.0
23,7.50349781485826,4.0
24,7.774312181841433,4.0
25,8.815079511778363,2.0
26,8.847427413364006,3.0
27,9.603052925790399,0.0
28,9.662881095361318,2.0
29,9.879702968203667,2.0
30,10.13151002826213,4.0
31,10.409280743844377,4.0
32,10.990167893003324,2.0
33,12.42120194900598,0.0
34,12.496920164849389,0.0
35,12.908695212068709,4.0
36,12.953628513480657,1.0
37,13.038364219955778,4.0
38,13.960094882097966,4.0
39,14.176101282415503,4.0
40,14.374005198773578,2.0
41,15.343187575087054,0.0
42,15.451521305634799,0.0
43,15.951547397447582,0.0
44,16.128550902448342,3.0
45,16.58650378384007,0.0
46,16.608396983176164,2.0
47,16.844925851686863,1.0
48,17.572251720067186,2.0
49,17.75584124756394,4.0
50,18.253447866503414,4.0
51,18.332828936578345,2.0
52,18.44711777068832,1.0
53,19.669787214116422,4.0
