,time,event
0,0.1808658552534899,2.0
1,0.861023431522591,4.0
2,0.9549903815895654,0.0
3,1.3373739528104134,4.0
4,1.629696318202762,0.0
5,1.7598354516419894,4.0
6,2.0565118706994294,1.0
7,2.1540327780250617,4.0
8,2.257566606770043,4.0
9,2.5964476366183886,0.0
10,2.8935009036953767,2.0
11,2.984913887812768,0.0
12,4.422663002894213,2.0
13,4.424185714986522,3.0
14,4.921925771897341,0.0
15,5.128580486648877,4.0
16,5.749124296978543,2.0
17,6.73426586304155,0.0
18,6.8291605989744335,0.0
19,6.9306746722531924,1.0
20,7.198501443654827,2.0
21,7.35934334492457,1.0
22,9.029716831779456,4.0
23,9.116121323589452,1.0
24,9.17886927932712,4.0
25,9.389154036961601,1.0
26,10.063907487832761,2.0
27,10.304307507935428,1.0
28,10.729686217346933,4.0
29,11.769598734297091,2.0
30,12.280336036403071,2.0
31,12.528366981279026,0.0
32,12.788016625191558,1.0
33,12.924181090575269,2.0
34,13.247925004126516,1.0
35,14.141614806731596,4.0
36,14.573244942663912,1.0
37,14.950579019921816,2.0
38,15.469188658679004,4.0
39,15.53863616313255,2.0
40,15.878348493895535,2.0
41,15.977038638204105,2.0
42,16.00140172652547,1.0
43,16.1325638512997,3.0
44,16.384369770012547,0.0
45,17.13489445929371,4.0
46,17.279979504910788,3.0
47,17.41080871934909,0.0
48,18.05163639899675,1.0
49,18.22632704008519,2.0
50,19.34232771313526,4.0
51,19.559020339026777,4.0
52,19.667751898654902,3.0
53,19.72361799692694,0.0
54,19.86145267074482,2.0
