,time,event
0,0.3139292156669491,3.0
1,0.3370392807892179,1.0
2,0.6100438492232898,4.0
3,1.5301513763858048,4.0
4,2.8904757315795973,4.0
5,3.2456297415880964,1.0
6,3.5279190351466907,4.0
7,3.7063038050160673,4.0
8,4.400927115528273,1.0
9,4.738472339872249,0.0
10,4.892929109389382,4.0
11,4.909787387613949,0.0
12,4.96234758455409,4.0
13,4.975189985440481,0.0
14,5.327266132524123,0.0
15,5.434207796517426,0.0
16,5.592248151946613,2.0
17,6.004383288456877,0.0
18,6.498521153162131,0.0
19,7.004144325549515,2.0
20,7.187011635064556,4.0
21,7.497720344849054,2.0
22,8.053300759405666,1.0
23,8.142151442477827,0.0
24,8.451179572017617,0.0
25,9.426585411580632,4.0
26,9.84180225381237,3.0
27,10.040610492794116,0.0
28,10.4445808174378,3.0
29,10.631815014531643,4.0
30,10.886230101322475,3.0
31,11.316268129852993,0.0
32,11.758549222162358,1.0
33,11.835014730590435,2.0
34,12.332833701444109,0.0
35,12.336555212150929,2.0
36,13.312700003279462,4.0
37,15.124280750674648,4.0
38,15.40362535710417,2.0
39,15.691463327736052,0.0
40,16.439589027950277,4.0
41,16.486400958921166,0.0
42,16.753975032027235,1.0
43,16.93972222200574,4.0
44,16.948176561686026,0.0
45,16.99393116032356,0.0
46,17.103084997244594,3.0
47,17.161904552198905,4.0
48,17.4705374097987,1.0
49,18.0335982504889,1.0
50,18.12217667816121,0.0
51,18.29771388569083,2.0
52,18.905371535970758,1.0
53,19.33581298585078,2.0
54,19.603063352085933,0.0
55,19.852493036247438,4.0
