,time,event
0,0.31955058627450855,0.0
1,0.47656532157586184,3.0
2,0.6907207374441731,4.0
3,0.8962458818780871,2.0
4,0.9202111537025526,2.0
5,1.1879638854321932,1.0
6,1.2761722917579719,1.0
7,1.382342391501964,1.0
8,1.4819714043347874,2.0
9,2.4527141805672676,1.0
10,3.0487431166736267,0.0
11,3.2487539210351715,3.0
12,3.2857933096143572,2.0
13,3.338536909403447,1.0
14,3.6331405550466447,4.0
15,3.815325829386844,1.0
16,4.922022817223143,0.0
17,5.2258911993716115,4.0
18,5.795046643230397,1.0
19,5.9856516656206535,1.0
20,7.004893635352064,2.0
21,7.341539744501439,2.0
22,7.429996390197473,4.0
23,7.614154876274368,0.0
24,7.967834610687147,1.0
25,8.127445886735387,0.0
26,8.378272512000152,4.0
27,8.640874129396169,2.0
28,8.742684703725693,4.0
29,8.82846878003024,1.0
30,9.012494183139342,1.0
31,9.290791743284677,0.0
32,9.311616236102052,4.0
33,9.540299404175311,4.0
34,9.661842940915527,4.0
35,9.88597661399834,0.0
36,10.171354595181462,4.0
37,10.244002111089411,4.0
38,10.40066290531652,2.0
39,10.416814146022931,1.0
40,10.459889624399423,2.0
41,10.667320513759222,4.0
42,11.256368968026692,1.0
43,12.432016862523875,2.0
44,12.57630824869877,0.0
45,12.960292849174397,1.0
46,13.77065427198778,1.0
47,13.846828594981776,1.0
48,13.917240553382486,0.0
49,13.95939181150221,2.0
50,14.008886176303866,1.0
51,14.431630569040275,1.0
52,14.700433465492157,1.0
53,14.872596811531267,4.0
54,15.151828085210786,2.0
55,15.237950216229821,3.0
56,16.02303456356442,3.0
57,16.82011262954873,2.0
58,17.286196121472706,2.0
59,17.409264560632934,0.0
60,17.42627920447594,1.0
61,17.532746145586305,0.0
62,17.763688917237538,1.0
63,18.036269929001595,2.0
64,18.439124708884314,0.0
65,18.96701739826544,2.0
66,19.03833554824515,4.0
