,time,event
0,0.30564723436205105,2.0
1,0.9201126723415087,0.0
2,1.0828679745652185,1.0
3,1.1415279941082668,1.0
4,1.2941654883630194,1.0
5,1.366397486438279,4.0
6,1.6143182643707088,0.0
7,1.7707943110662059,0.0
8,1.9396269973787046,1.0
9,3.1884606646873532,3.0
10,3.353970894899794,3.0
11,3.35974178612491,2.0
12,3.4829400078596735,0.0
13,3.942743544836855,2.0
14,4.023843864808703,2.0
15,4.031083566237266,1.0
16,4.31102545637061,4.0
17,4.40665074796384,4.0
18,4.8296940106809245,2.0
19,5.170210386373879,4.0
20,5.45874543367438,1.0
21,5.774426677217639,3.0
22,6.47571684621637,2.0
23,7.162833792027678,2.0
24,7.354436463323417,0.0
25,7.38239302973332,2.0
26,8.111269507426352,4.0
27,9.695145152487374,4.0
28,10.058430231022733,3.0
29,11.645966658731426,2.0
30,12.497250454007537,2.0
31,12.738946827097612,4.0
32,12.920357460793372,2.0
33,13.116171005551816,3.0
34,13.236779411552977,3.0
35,13.46057574009285,4.0
36,13.816503621500253,0.0
37,13.843715671691086,0.0
38,14.314421111009132,1.0
39,15.391915250524896,2.0
40,15.737283387055573,4.0
41,16.173921301614236,2.0
42,17.683642003249844,2.0
43,17.905696900961313,4.0
44,18.045378114589255,0.0
45,18.571297784403797,1.0
46,18.73488037035873,0.0
47,18.907184591458872,4.0
48,18.957287429891217,0.0
49,19.09687299719271,0.0
50,19.22013900530382,2.0
51,19.980963160437028,2.0
