,time,event
0,0.07555229698867899,0.0
1,0.14912487153272758,2.0
2,0.47368139750422683,2.0
3,0.5484466787281193,1.0
4,0.8194615436985357,2.0
5,0.9630769393311999,0.0
6,1.4691888098100008,2.0
7,2.3519247849535385,1.0
8,2.38313603822232,0.0
9,2.9391588824650583,2.0
10,3.035324888674761,3.0
11,3.14210386881694,0.0
12,3.6050659174542345,1.0
13,4.0207793119505935,1.0
14,4.220152253795229,0.0
15,4.515182688700329,2.0
16,4.731818252718443,4.0
17,5.123620794421352,1.0
18,5.777051445272206,1.0
19,5.852849559695182,1.0
20,6.506874574827185,0.0
21,6.531295481666125,0.0
22,6.845306097365605,4.0
23,7.229012534568107,4.0
24,8.328441769475013,2.0
25,8.73610285107435,2.0
26,9.264813357118687,2.0
27,9.54887938404367,1.0
28,9.643829001329497,0.0
29,9.754623781751725,2.0
30,10.214761860378655,0.0
31,11.279239081220526,4.0
32,11.748144868803658,4.0
33,12.06470990477605,2.0
34,13.328272522924314,2.0
35,13.406922020872374,4.0
36,14.131968615693149,2.0
37,14.189223720805737,1.0
38,14.243440761451819,0.0
39,14.46121326172293,4.0
40,14.534478514658831,4.0
41,14.972741162446134,4.0
42,15.1170109084059,0.0
43,15.393281277246988,0.0
44,15.880709757233655,0.0
45,16.370135432356964,0.0
46,16.37217357680874,0.0
47,16.89620841355021,1.0
48,16.932999625657157,4.0
49,16.997686467091917,0.0
50,17.31479124352533,1.0
51,17.725895326056175,0.0
52,18.100390115044767,4.0
53,18.14335547216345,1.0
54,18.680229581062676,0.0
55,19.691190639817716,0.0
56,19.920872233292528,4.0
