,time,event
0,0.47648054158427905,1.0
1,0.5363336714905562,0.0
2,1.1621612950987523,0.0
3,1.5723573550716248,4.0
4,1.615996385691147,2.0
5,2.0576018787121315,2.0
6,2.0643191856875527,3.0
7,3.201281447159281,1.0
8,5.293913265109206,4.0
9,6.529270280637012,0.0
10,7.249975891082295,1.0
11,7.326372394191403,2.0
12,7.4884758447460715,4.0
13,8.049571568927268,1.0
14,8.510864608184468,4.0
15,9.334497951053116,0.0
16,9.578308832113615,0.0
17,10.166290822405394,2.0
18,11.042723930086417,0.0
19,11.455666712281412,0.0
20,11.571234587276738,1.0
21,11.640125806002368,0.0
22,12.455504150408121,1.0
23,12.914454880164206,0.0
24,13.633402170631662,1.0
25,13.715505016815074,0.0
26,14.579586567221318,1.0
27,14.92013331978162,4.0
28,15.288664610062144,4.0
29,15.480701737436661,2.0
30,15.774727331641131,4.0
31,15.95317555602344,0.0
32,16.297537553177122,0.0
33,17.372007745577307,3.0
34,18.478380590686427,0.0
35,19.814394663403238,1.0
