,time,event
0,0.3507778423984939,2.0
1,0.6516703544876641,3.0
2,0.8169973678149389,1.0
3,0.8226314765108416,0.0
4,2.131962496644687,3.0
5,2.3388764350567643,4.0
6,2.4691520752363316,4.0
7,2.512250076635381,2.0
8,2.5195651198568827,1.0
9,2.889694849825368,4.0
10,3.066761441551654,0.0
11,3.5748748417375165,2.0
12,4.545496839743204,4.0
13,5.284435169062613,4.0
14,5.318493187816125,0.0
15,6.484452573273739,0.0
16,6.620168212053308,4.0
17,6.652383737018088,4.0
18,7.294020923910942,1.0
19,7.47050029402373,2.0
20,8.05070211063835,0.0
21,8.802432331956055,2.0
22,9.359556373212898,0.0
23,9.582703924940445,4.0
24,9.903502964353383,2.0
25,9.959841613014666,4.0
26,10.03187764023853,0.0
27,10.94410585592254,0.0
28,11.62823866457498,3.0
29,11.74779760210456,1.0
30,12.912064898542964,4.0
31,13.164777586428665,4.0
32,13.442003300524885,1.0
33,13.507004858047676,0.0
34,13.579421117808499,2.0
35,13.986603929998282,0.0
36,14.083494407952573,3.0
37,15.145109808858571,4.0
38,15.307889620486026,0.0
39,15.77005469216514,1.0
40,16.054847277931415,4.0
41,16.567319092790825,0.0
42,16.868054277888515,3.0
43,16.929249693386232,2.0
44,16.942934659675558,4.0
45,17.046470466965353,1.0
46,17.371449810586924,0.0
47,17.657119809125405,1.0
48,17.918374862726562,4.0
49,18.303507777615064,1.0
50,19.518712876611605,1.0
51,19.55704382231956,2.0
52,19.88108206239994,0.0
