,time,event
0,0.31027621102555597,0.0
1,1.0503663688953744,0.0
2,1.2138776828297495,2.0
3,1.3174484618523017,0.0
4,1.7977377061303073,4.0
5,2.610335529349438,4.0
6,3.4964333768067597,0.0
7,3.7862906884541396,0.0
8,3.797534151903319,1.0
9,4.138214660013327,1.0
10,4.819745883094734,2.0
11,5.289251838259943,4.0
12,5.461081014773594,1.0
13,5.5321765934681135,0.0
14,6.290438031599905,4.0
15,7.200881655821082,4.0
16,7.319817315781897,4.0
17,7.736257935523377,2.0
18,7.86682869610085,2.0
19,7.876185346494465,0.0
20,8.086654136244368,0.0
21,8.442210895970629,0.0
22,8.679741778739068,2.0
23,8.818499719776792,4.0
24,9.173295215551953,4.0
25,9.948594864549625,0.0
26,10.358878201801565,1.0
27,10.428867291420667,0.0
28,11.39249677029589,0.0
29,11.808375174057428,0.0
30,12.494702084953197,4.0
31,12.659597266669683,1.0
32,12.904319705522639,1.0
33,12.981064517338485,4.0
34,13.645655139837803,4.0
35,13.697675597290997,0.0
36,13.902033844083087,2.0
37,14.30704890735173,4.0
38,14.380751686076762,0.0
39,14.463817681245011,2.0
40,14.601934188663096,4.0
41,15.141361246503294,0.0
42,15.147638757776926,4.0
43,15.338573894188112,0.0
44,15.680665694962943,0.0
45,15.812126937176725,0.0
46,16.376171338929154,1.0
47,16.390655125689555,2.0
48,17.07165270655512,0.0
49,17.338075178815327,0.0
50,19.676703332345802,1.0
51,19.795546824945365,3.0
