,time,event
0,0.2404098877627412,1.0
1,0.41714920129538946,0.0
2,0.6255663408948113,4.0
3,1.00469623838271,4.0
4,1.4788380623073811,2.0
5,1.9852551282200261,1.0
6,2.2127277931513487,1.0
7,2.429113288594318,1.0
8,2.6289677908123363,2.0
9,4.085697394890882,0.0
10,5.479250169197229,4.0
11,6.048048684763427,0.0
12,6.640219520376833,1.0
13,6.914246396639572,4.0
14,7.520281900504612,0.0
15,8.21609644537633,2.0
16,8.51670500536716,2.0
17,8.739423883775483,2.0
18,8.899831847135175,0.0
19,9.430097064632143,1.0
20,9.452981433706332,0.0
21,9.683728542645321,4.0
22,10.365092656157756,4.0
23,10.375828327183184,4.0
24,10.862460988293037,2.0
25,11.171237867403967,0.0
26,11.858890312025071,0.0
27,12.017323937502947,0.0
28,12.600235920311643,0.0
29,13.647664569773745,0.0
30,14.338485141468137,1.0
31,14.577531127663228,0.0
32,14.920939729170637,0.0
33,16.489687559968612,4.0
34,16.542031430239444,4.0
35,16.566915645375186,1.0
36,17.30174783286949,4.0
37,17.314629486443078,2.0
38,17.37292139189442,0.0
39,17.811299605480407,4.0
40,17.890458225695557,0.0
41,17.952869894583447,0.0
42,18.45402102919478,1.0
43,18.683392260048503,0.0
