,time,event
0,0.3905076106513504,1.0
1,1.1816144053944904,0.0
2,1.3203378734235585,2.0
3,1.6443051071810066,0.0
4,1.8134581073027223,2.0
5,2.2002125898752856,0.0
6,2.528066643684271,1.0
7,2.8523981683285404,2.0
8,2.9856068280426373,1.0
9,3.357916186633675,2.0
10,4.0210933023514706,1.0
11,4.569398616775973,0.0
12,4.584314817016459,0.0
13,4.679198896282665,2.0
14,4.700217601098612,1.0
15,5.556957226466524,0.0
16,5.650114436803391,2.0
17,6.331362214438648,2.0
18,6.774646281924888,2.0
19,6.866832151958524,4.0
20,6.972343792411529,2.0
21,8.07577652402063,2.0
22,8.602132213455295,0.0
23,8.904681462704593,4.0
24,8.946597113934908,1.0
25,9.259418214203942,4.0
26,9.29772865893634,0.0
27,9.346580231006667,4.0
28,9.431911893748682,0.0
29,11.811513652954773,4.0
30,12.514002792731869,1.0
31,12.529999133332355,2.0
32,12.584548407227857,0.0
33,13.466065952823879,1.0
34,13.899127204194645,4.0
35,14.260777455826577,3.0
36,15.474715701994542,0.0
37,16.144783911379616,2.0
38,16.640285532407272,2.0
39,16.702056675381634,2.0
40,16.910269437075957,1.0
41,17.220025449758012,0.0
42,17.414100842256914,1.0
43,19.043638987668515,2.0
44,19.652501078317258,1.0
45,19.9450498580645,0.0
