,time,event
0,0.5435598211037337,2.0
1,0.9249590213321843,2.0
2,2.2335500511519477,0.0
3,3.773962076875258,2.0
4,4.000240248328135,2.0
5,4.156967452319202,4.0
6,5.3718373283623215,0.0
7,5.441323224587411,0.0
8,5.5311367084902505,0.0
9,6.547111163897193,4.0
10,7.24770513636706,2.0
11,8.352912855367364,0.0
12,8.60053977356189,4.0
13,8.621242368093164,0.0
14,8.952815058569268,3.0
15,10.343781148422682,2.0
16,10.726982706125211,0.0
17,11.736105628327996,2.0
18,12.11576612416408,3.0
19,12.93767243241671,2.0
20,14.131358493982786,3.0
21,14.418068320527647,0.0
22,14.889964496853239,3.0
23,16.203620227492035,2.0
24,18.37049923149034,0.0
25,19.412006574344446,0.0
26,19.540750480593616,3.0
27,19.551830756705336,2.0
