,time,event
0,1.472636693708776,2.0
1,1.8379772115640398,0.0
2,2.113113065001741,4.0
3,4.3441212047588245,2.0
4,4.803208880925582,3.0
5,4.985444667948096,0.0
6,5.109635292851156,3.0
7,5.297781328367535,0.0
8,5.648859000210197,2.0
9,7.617563378786481,2.0
10,9.221102756026283,0.0
11,9.382436465035125,2.0
12,9.539715105113418,0.0
13,11.543831856681937,4.0
14,12.311839805368685,4.0
15,12.663236793640431,2.0
16,13.183756531891678,2.0
17,13.523948933148752,2.0
18,14.266187206539266,0.0
19,14.53526418810701,2.0
20,14.87549764320911,0.0
21,15.648434374972135,3.0
22,15.982163167708253,2.0
23,16.056975502842644,2.0
24,17.423618332614744,2.0
25,17.660277577385063,0.0
26,17.819142930984835,3.0
27,17.901081438627923,0.0
28,18.507800642652622,0.0
29,18.775448279956873,2.0
30,18.88666842536152,0.0
