,time,event
0,0.14039155812650175,4.0
1,0.6597417148208812,3.0
2,4.186164438688001,2.0
3,4.93881678566178,3.0
4,4.997235766502847,2.0
5,5.737590245031168,2.0
6,6.853822632547468,0.0
7,10.08205424249953,0.0
8,10.996283033645335,2.0
9,11.022145313837473,3.0
10,11.10946391093033,3.0
11,11.191745898188447,2.0
12,11.693182821279118,0.0
13,12.284621603450805,2.0
14,14.016873122594264,2.0
15,14.351242876799693,2.0
16,14.625798142684724,2.0
17,14.820511620643527,4.0
18,15.019877448142125,2.0
19,16.07697178941379,2.0
20,16.26400552374734,2.0
21,16.344989898963238,2.0
22,17.08522087849049,4.0
23,17.68791502735348,2.0
24,18.3399753080913,2.0
25,18.481603372026903,4.0
26,19.326727210221595,2.0
27,19.41091233422761,3.0
28,19.712928772761188,2.0
