,time,event
0,3.8290297373159983,0.0
1,8.941800001986806,3.0
2,9.136762045325192,0.0
3,9.443555850304607,2.0
4,9.620501617776698,2.0
5,10.591417853707966,0.0
6,11.142902390692932,0.0
7,11.88781896360933,2.0
8,12.041752471090708,2.0
9,12.36649790969532,2.0
10,12.962492085585097,2.0
11,13.214476686787167,4.0
12,13.458750282060118,4.0
13,13.557892896051795,0.0
14,14.483954072092699,0.0
15,16.034302844069263,2.0
16,16.313231276674454,0.0
17,17.804168499320593,2.0
18,18.260252761305836,2.0
