,time,event
0,1.4793018802213045,0.0
1,1.8325713481429358,2.0
2,1.8389353829609898,4.0
3,2.2705621804082696,2.0
4,4.021005225553194,4.0
5,5.677956834413145,0.0
6,5.992386393826169,2.0
7,6.090282417787048,2.0
8,6.696454674252421,2.0
9,6.9591942712983785,3.0
10,7.133626334438081,2.0
11,7.175049932447044,2.0
12,8.069326495872923,0.0
13,8.087486024892186,0.0
14,8.180133419153968,0.0
15,8.64375458924578,0.0
16,9.225106100639609,3.0
17,9.865079476549372,2.0
18,10.099977897553048,2.0
19,11.74901791219424,0.0
20,11.781196219255769,2.0
21,11.901728185165183,0.0
22,12.501850859081756,2.0
23,13.802655614448764,3.0
24,13.88351437729844,0.0
25,14.90745366900631,3.0
26,16.582942827803954,0.0
27,17.385705119901644,2.0
28,18.236857991677294,0.0
29,18.284425491141985,0.0
30,18.32351621830389,2.0
31,19.861101732378206,2.0
