,time,event
0,0.20865396684359536,0.0
1,0.6790779416213918,4.0
2,1.3092532929754452,2.0
3,1.7788146749592058,4.0
4,3.0855123653687837,4.0
5,3.5294982928188743,0.0
6,4.845960162483141,2.0
7,5.224580661895034,0.0
8,6.349399100257411,4.0
9,6.881516551338821,4.0
10,7.002203659280763,0.0
11,7.081445949245703,2.0
12,8.738315248051542,2.0
13,9.561118458208794,4.0
14,9.59926421173802,0.0
15,9.60451015448816,0.0
16,9.87707852917259,0.0
17,10.928111743865431,2.0
18,11.07336800253173,0.0
19,11.116483280819784,2.0
20,11.822762884040921,0.0
21,13.585938409113512,2.0
22,14.064131460449307,0.0
23,14.432137902370588,0.0
24,15.650814805781422,4.0
25,15.806315939241076,3.0
26,16.337939572439947,0.0
27,17.141546432274865,0.0
28,18.688954071059367,3.0
29,18.873858856417,3.0
30,19.366559246399152,2.0
31,19.422856389352166,2.0
