,time,event
0,0.38281035562044224,0.0
1,2.2032442151415843,4.0
2,3.387193036238793,0.0
3,3.520994871658791,4.0
4,3.606180587408298,3.0
5,3.794436151468377,3.0
6,5.545536347285294,0.0
7,5.669678644641791,2.0
8,5.68424275999437,0.0
9,6.769599396822533,4.0
10,8.268658666428944,2.0
11,11.515619845121563,2.0
12,13.238413946602263,0.0
13,13.402777418599625,2.0
14,14.061281227543084,0.0
15,14.64600980731089,0.0
16,15.854125263863585,4.0
17,17.0628512671472,3.0
18,17.599526239246757,4.0
19,17.63673128340912,4.0
20,18.230028482579083,0.0
21,18.276035683400696,2.0
22,19.069450173727645,4.0
23,19.815936580570177,2.0
