,time,event
0,0.062178761380599516,0.0
1,0.18018856084042345,2.0
2,0.8075243137721625,4.0
3,1.645954879917352,3.0
4,1.7124815117253318,4.0
5,2.006947803277693,3.0
6,2.0486703788405185,3.0
7,3.25752490970279,2.0
8,4.9928118475566015,2.0
9,6.954286404408965,0.0
10,8.41699427836289,0.0
11,8.639868554439454,2.0
12,9.363845467246634,0.0
13,11.648918898058193,0.0
14,12.018600317029573,2.0
15,12.191690034233858,2.0
16,13.697940643511219,0.0
17,14.278660373787988,4.0
18,14.584573820122351,0.0
19,14.74320775813828,1.0
20,15.93280789852861,0.0
21,16.393010168781657,0.0
22,16.834850044231214,0.0
23,16.953680448943985,4.0
24,17.073818878470515,0.0
25,17.738671474672532,0.0
26,18.39859423437463,0.0
27,19.055108159423934,2.0
28,19.193103864475706,2.0
29,19.694445260594186,2.0
30,19.966856865510675,4.0
