,time,event
0,0.453707198038826,2.0
1,1.0270681980060963,2.0
2,1.6499481253529706,2.0
3,1.7470441013852438,2.0
4,3.117674514587283,2.0
5,3.1581825432814132,2.0
6,3.316652169815661,4.0
7,3.427954438627914,0.0
8,3.5886471125035477,0.0
9,3.8438021771631012,4.0
10,4.617601655875515,2.0
11,4.738709789404332,2.0
12,5.416492058899644,3.0
13,5.572502292509243,0.0
14,5.797532394663968,4.0
15,6.326579861102642,0.0
16,6.771725444183904,2.0
17,6.815667877395356,0.0
18,6.878858159528612,4.0
19,9.818610395817165,4.0
20,11.159834614339559,0.0
21,11.265313153852954,3.0
22,11.489761636515873,0.0
23,12.741487368292654,0.0
24,13.171971002040866,2.0
25,15.251636083553343,3.0
26,15.40670821144504,2.0
27,15.75706994064399,3.0
28,16.20117699929978,4.0
29,16.32564455761152,4.0
30,16.449042561857443,2.0
31,16.707437792854392,4.0
32,16.76297237460635,4.0
33,17.93633958700168,2.0
34,17.966136571846363,3.0
35,19.257699917023768,4.0
36,19.41539786795614,2.0
