,time,event
0,0.04795317866696169,3.0
1,0.2933744715120006,3.0
2,1.0333296138896797,0.0
3,2.242228585076195,4.0
4,2.403471111765616,4.0
5,3.6769274847112143,0.0
6,5.26159008787713,2.0
7,7.200825190001977,2.0
8,7.392505538965883,4.0
9,8.283684768098778,2.0
10,10.086564195097827,0.0
11,10.228945954179132,0.0
12,10.47532866264235,2.0
13,10.888317343289465,2.0
14,11.68122453157744,2.0
15,12.886541703984923,0.0
16,13.701282114163511,0.0
17,14.101029080784746,0.0
18,14.301628668512532,0.0
19,14.639188850767656,2.0
20,15.015495407072681,0.0
21,15.442072064159893,2.0
22,15.644469979361794,0.0
23,17.088988430215895,3.0
24,18.276666793168737,2.0
25,18.40203221754918,3.0
26,18.89088949384165,0.0
27,19.210311160582275,2.0
28,19.63671571935985,4.0
29,19.9345780593265,4.0
