,time,event
0,0.2779051227394278,2.0
1,0.281973570878034,0.0
2,0.5342153496085259,4.0
3,1.2798432027582984,0.0
4,2.8307611528796595,2.0
5,5.9491776783875485,2.0
6,5.969443010136277,0.0
7,6.512755634827017,0.0
8,7.409125897038023,2.0
9,7.676377816013698,0.0
10,8.19654600139361,0.0
11,8.371924845761265,2.0
12,8.57597418770541,2.0
13,11.237089587884489,2.0
14,11.251833503853534,2.0
15,11.612662891008101,2.0
16,12.00469435972493,2.0
17,12.046224158072388,0.0
18,12.382495530421428,3.0
19,12.678789007682328,3.0
20,12.74098953619013,2.0
21,12.954183766928063,0.0
22,13.131780531974554,0.0
23,13.225113598452056,2.0
24,13.651125881387475,0.0
25,15.402494641674487,2.0
26,15.596765676652097,2.0
27,16.104820456110605,0.0
28,16.43516983320778,2.0
29,18.194962911689956,0.0
30,18.691724008150825,2.0
31,18.725294254004115,2.0
32,19.092444624716205,3.0
33,19.243868790490335,2.0
34,19.549010697419053,3.0
35,19.558745558818064,2.0
