,time,event
0,1.1254464501242452,3.0
1,1.4878560206292435,4.0
2,1.5044999718109051,2.0
3,1.5137761319422651,2.0
4,1.56824406127156,1.0
5,1.7061210791327213,3.0
6,1.9670868792221052,0.0
7,2.4975851935194227,0.0
8,2.7704745957217565,2.0
9,3.282401386091414,4.0
10,3.7056824347442774,0.0
11,4.470593003130984,2.0
12,5.414078602174189,2.0
13,5.649039421722558,2.0
14,5.665804834104163,0.0
15,6.2548082825017675,2.0
16,6.390314679609969,0.0
17,6.417684502670982,2.0
18,6.4276580143788875,3.0
19,6.80007134339753,2.0
20,6.830319839889164,2.0
21,7.221256268431055,0.0
22,7.501847305789053,3.0
23,7.953917500964216,3.0
24,8.239478473898899,0.0
25,8.834087845342106,3.0
26,9.032844028649757,2.0
27,9.591288106144223,2.0
28,10.11713980832108,0.0
29,10.719845101414151,0.0
30,11.736859518677061,0.0
31,13.450283343366788,0.0
32,13.565646609740662,3.0
33,13.724800460724511,0.0
34,14.287869582641518,2.0
35,14.89646069166638,0.0
36,16.700634019998027,4.0
37,17.08112630876542,0.0
38,17.127448883437275,0.0
39,18.382518760463697,4.0
40,19.568511372622112,4.0
