,time,event
0,4.135928132030971,3.0
1,4.823894158088839,2.0
2,5.334353594214575,0.0
3,5.373714679097202,0.0
4,5.8859284305105515,4.0
5,7.474142679250902,2.0
6,7.53237154517152,2.0
7,8.37206122832128,3.0
8,8.445197182507115,0.0
9,9.154264335392039,0.0
10,9.595463006237472,0.0
11,9.925383328641907,0.0
12,10.197307807207148,2.0
13,12.135830900848067,0.0
14,12.490107165933015,3.0
15,12.523421765008218,2.0
16,12.861799114739615,0.0
17,12.866897934993894,2.0
18,12.898888123663603,2.0
19,14.198006552560798,2.0
20,15.082679657356076,0.0
21,15.820159436479061,0.0
22,16.30200914321962,3.0
23,16.620869680299325,3.0
24,16.741266041867718,4.0
25,18.012029725776944,2.0
26,18.665823544022,2.0
27,19.713714733759726,0.0
28,19.787883853395808,2.0
