,time,event
0,0.6137876921955963,2.0
1,0.6459529325380048,3.0
2,0.7015198933403817,3.0
3,0.7765187973979931,0.0
4,0.9140550401860537,2.0
5,1.035707607148093,0.0
6,1.039754157354968,2.0
7,1.6210758943087318,1.0
8,1.714458555959863,2.0
9,1.864321446347939,0.0
10,2.1690216031497664,1.0
11,2.471757860188683,2.0
12,2.487080725548052,3.0
13,3.554098940393791,4.0
14,3.9446471927691755,0.0
15,3.999817292570159,1.0
16,4.184783416136326,0.0
17,4.215424940207909,2.0
18,4.329057565836253,4.0
19,4.725172329246395,4.0
20,5.287986684959345,1.0
21,5.310458871093762,4.0
22,5.565456575305057,4.0
23,5.99039588648088,2.0
24,6.008391759429843,2.0
25,6.122014853482712,4.0
26,6.784121817534258,0.0
27,6.838072150410241,2.0
28,7.352439166414487,4.0
29,7.77250902695652,1.0
30,7.898781041577996,0.0
31,8.625393609090668,2.0
32,9.730070218677367,1.0
33,10.223735721360395,0.0
34,10.353422350821088,3.0
35,10.495293022987028,2.0
36,10.96966075487557,4.0
37,12.80362800050803,0.0
38,12.872645470746196,1.0
39,13.502170030192474,2.0
40,13.633109810089453,3.0
41,14.007696548975815,1.0
42,14.36041245808545,3.0
43,14.400294474174466,4.0
44,14.428653080572126,2.0
45,14.607517989483584,4.0
46,14.788567401220106,2.0
47,14.874269459322543,0.0
48,14.92527460535431,0.0
49,14.930931651721004,0.0
50,15.308562693105252,4.0
51,15.552971318923362,1.0
52,15.626938116171283,2.0
53,16.60113914097325,0.0
54,16.649474570713735,1.0
55,16.79354749561655,2.0
56,16.967574776900978,1.0
57,17.08519371447765,1.0
58,17.373116704347208,2.0
59,17.804729926573316,0.0
60,17.860829415390604,0.0
61,18.831709174719904,2.0
62,19.65101130166818,4.0
