,time,event
0,0.626868833498261,2.0
1,0.8708115869787854,1.0
2,1.7332316834268275,0.0
3,2.6074142969583756,2.0
4,3.298478121563267,4.0
5,5.5996151607750795,2.0
6,5.656848309196499,0.0
7,5.944171395338309,2.0
8,6.749179163783402,2.0
9,7.243684413539097,3.0
10,7.69214781416606,0.0
11,7.702478679903687,4.0
12,7.87990582484042,0.0
13,8.645370976753545,4.0
14,9.024420445887088,0.0
15,9.404293287134818,2.0
16,10.392664672297657,4.0
17,12.058616527128569,2.0
18,12.11822218318279,2.0
19,12.50097567276825,2.0
20,13.936281241494672,4.0
21,14.240964897941941,4.0
22,14.308831779863631,0.0
23,15.811052941594296,2.0
24,16.423610299702002,2.0
25,16.728782703120487,0.0
26,17.70227577374459,3.0
27,18.109206212709818,0.0
28,18.23747529675036,3.0
29,18.27579810371062,2.0
30,19.012446356954925,0.0
31,19.601852290801993,2.0
32,19.679220926475804,2.0
33,19.900926636608663,0.0
34,19.96220168813682,3.0
