,time,event
0,1.9634872635787763,4.0
1,2.3130357491088547,4.0
2,3.5674393551779655,0.0
3,3.92714520310262,2.0
4,4.379562420557255,4.0
5,4.805775215906022,2.0
6,5.423554781388969,0.0
7,6.464714089865854,2.0
8,6.7241381985947815,2.0
9,7.63715925797692,2.0
10,8.113060453242031,0.0
11,8.304569022822013,2.0
12,8.953280105613967,0.0
13,9.466473102021839,2.0
14,10.809141591554537,3.0
15,14.45219228530718,4.0
16,15.641081140640654,3.0
17,17.60570193582199,2.0
18,17.89907027008256,2.0
19,18.167028482570938,4.0
20,18.52948655002834,2.0
