,time,event
0,0.7275403411472777,4.0
1,1.0878246621907257,0.0
2,1.567049961881028,0.0
3,3.3413610939214022,2.0
4,3.678821884158395,2.0
5,6.249155536409146,0.0
6,7.043039775408762,0.0
7,7.647836804540016,4.0
8,8.475563818777356,0.0
9,8.699446614371926,4.0
10,9.238194463611713,2.0
11,9.760326627897356,4.0
12,9.865376577074544,0.0
13,10.827827653392081,0.0
14,11.011780295877774,2.0
15,12.05590469233728,2.0
16,12.595961102934249,0.0
17,12.627182915887252,2.0
18,13.890544995176942,2.0
19,14.2378922660117,2.0
20,14.931005353848452,4.0
21,15.116195239275234,2.0
22,15.316523911913052,2.0
23,15.849962574805572,0.0
24,16.083393148606085,0.0
25,17.453562251622493,0.0
26,17.564326284513704,3.0
27,18.853576038696694,0.0
28,19.65091609954806,2.0
