,time,event
0,0.2385391497263101,2.0
1,2.9057557946865886,0.0
2,3.260695491975925,3.0
3,4.681241325768212,2.0
4,4.68309027630722,2.0
5,5.03954589378069,0.0
6,5.215836597654316,2.0
7,5.242497403687845,3.0
8,5.401055866670909,0.0
9,5.693650186969809,4.0
10,5.891482263900073,4.0
11,6.4832735169865385,2.0
12,7.2630108228288925,0.0
13,7.301842546943601,2.0
14,8.1806971006791,2.0
15,9.620185296796224,3.0
16,10.815205280455993,0.0
17,11.260161807589226,0.0
18,12.597860836664042,4.0
19,12.956045289630046,2.0
20,13.38549723549365,4.0
21,13.468734340855232,0.0
22,13.920350001332578,2.0
23,14.570575849429664,2.0
24,15.437490873234754,0.0
25,15.87321435403696,2.0
26,17.436157057642113,4.0
27,18.69037002082046,2.0
28,18.69813348275809,0.0
