,time,event
0,0.5946256554455697,2.0
1,1.2660643734221637,4.0
2,1.6229702052424586,0.0
3,2.0884062641801275,2.0
4,2.5707062704308523,0.0
5,4.182205309991614,2.0
6,4.46533986367003,0.0
7,5.189314871712004,2.0
8,6.322167934632397,2.0
9,6.336548344346478,4.0
10,6.458726407248997,4.0
11,7.229298808309714,2.0
12,7.780834817868032,0.0
13,8.604537984082723,2.0
14,9.253554730256234,2.0
15,9.312995114331988,3.0
16,9.536097831040127,2.0
17,9.754154619639925,0.0
18,10.259704959645761,2.0
19,10.370619268128687,3.0
20,11.34983814057801,2.0
21,12.104077871635438,0.0
22,12.216549144233207,2.0
23,13.07523182491477,0.0
24,13.495806242839315,4.0
25,13.806932785334633,4.0
26,14.05250737567013,0.0
27,14.07289571463686,4.0
28,15.319306718942848,2.0
29,15.347267431312863,0.0
30,15.745981909904568,2.0
31,17.21265537594601,0.0
32,17.594434363789674,0.0
33,17.887826907033602,2.0
34,18.144795721948938,4.0
