,time,event
0,0.2672739622407133,0.0
1,0.4119271546546258,1.0
2,0.7399385920471415,2.0
3,1.1336400120035983,2.0
4,1.813832653349906,0.0
5,1.9622458749192893,2.0
6,2.053750806564077,0.0
7,2.0788231852295085,3.0
8,2.1606193117176855,1.0
9,2.3004669329240968,0.0
10,2.454894374402904,2.0
11,3.1444574309334485,1.0
12,3.4801189647828505,2.0
13,4.024393767464891,0.0
14,4.154151109353459,1.0
15,4.746795908209241,0.0
16,4.827600317919544,1.0
17,5.094606416328704,0.0
18,5.384077151609257,2.0
19,5.3900400592898965,1.0
20,5.71856118782897,2.0
21,5.905223812815213,2.0
22,6.230090132175463,0.0
23,6.637190151049852,1.0
24,6.7615342952678485,0.0
25,6.947994122167045,1.0
26,7.033528243840643,2.0
27,7.0886079188983055,4.0
28,7.093804213285803,0.0
29,7.548576639301401,2.0
30,8.135965974998994,4.0
31,10.267130032610934,0.0
32,10.269750634513592,4.0
33,10.673504426560545,1.0
34,10.709127725142816,2.0
35,10.997284077712859,2.0
36,11.316543933560917,4.0
37,11.345574125460695,0.0
38,11.56474940934621,0.0
39,12.012180333061925,2.0
40,12.048706187205191,0.0
41,12.12019037638918,0.0
42,12.394995947168837,1.0
43,12.9899016341719,4.0
44,13.077266834156376,3.0
45,13.382142636859086,4.0
46,13.682740135538616,4.0
47,14.366066781672654,4.0
48,14.511081658387644,0.0
49,14.630638396602283,4.0
50,14.969413230990904,0.0
51,15.334542120194177,2.0
52,15.960189875698353,2.0
53,16.155526496476067,2.0
54,16.600062936506887,0.0
55,17.801660012794034,2.0
56,17.943110932513214,2.0
57,18.013847703531983,4.0
58,18.112570496762245,1.0
59,18.19193844905748,2.0
60,18.36612102666383,2.0
61,18.6214808484761,2.0
62,18.785161407742457,2.0
63,18.798074712697044,2.0
