,time,event
0,0.3938708165722865,0.0
1,0.5729587670181817,1.0
2,1.4338119187743485,0.0
3,1.8343404347887997,1.0
4,1.8802840873861095,2.0
5,2.083623929118583,0.0
6,2.2514558710855264,0.0
7,2.6936745785364336,4.0
8,2.831938085455751,3.0
9,2.8903322828256575,4.0
10,3.1040866001618643,4.0
11,3.4530900497864265,2.0
12,4.152161212328578,2.0
13,4.4645697128715325,2.0
14,4.499189538810869,2.0
15,4.648949062788569,4.0
16,4.835402317211254,2.0
17,4.932031111296942,0.0
18,5.191622113458892,1.0
19,5.339150942848018,0.0
20,7.011066834985259,2.0
21,7.096638914514895,1.0
22,7.740166387007436,2.0
23,7.919730690409407,2.0
24,8.579549106042824,3.0
25,9.688849352505265,3.0
26,9.918282089694966,4.0
27,9.937566830518566,4.0
28,10.223263306658492,4.0
29,10.259259541093154,1.0
30,11.002473299498265,0.0
31,11.043277323030253,4.0
32,11.391329455464787,3.0
33,12.282675968796616,2.0
34,12.520739141652676,0.0
35,13.266050334650888,4.0
36,13.480981865459658,0.0
37,14.682610948737475,1.0
38,14.73695793283173,3.0
39,14.82592322655669,4.0
40,15.730309479657512,0.0
41,15.979631873374844,0.0
42,16.276846204200172,0.0
43,16.511863601998098,1.0
44,16.645597917184812,4.0
45,16.92581293570399,3.0
46,17.845167114388396,0.0
47,17.90458168952252,1.0
48,18.112520302025406,1.0
49,18.308799887603747,4.0
50,19.29325846927132,2.0
