,time,event
0,0.4133981803897236,2.0
1,0.43755792865453264,3.0
2,0.706657194267329,1.0
3,0.7240147583991913,1.0
4,0.7666436502498967,3.0
5,0.768038467279564,1.0
6,1.0316926821674048,0.0
7,1.0535385387952312,2.0
8,1.200184417078516,4.0
9,1.5630382548374828,3.0
10,1.6063036444248466,3.0
11,1.6221949501166308,0.0
12,1.6671016250842217,3.0
13,1.67600669341799,3.0
14,1.6897339765612813,1.0
15,1.6970989650478958,3.0
16,1.764331412596125,3.0
17,1.7971810496742167,1.0
18,1.8266474622255404,1.0
19,1.841947031734509,0.0
20,2.0428455997778667,3.0
21,2.0686615179193493,0.0
22,2.22694107953214,3.0
23,2.441156304850919,3.0
24,2.750117283686259,3.0
25,2.8763291852172372,3.0
26,3.0559259358358575,3.0
27,3.1678014731860134,3.0
28,3.2247158501283137,3.0
29,3.247040492977699,1.0
30,3.249790587016909,3.0
31,3.269161285842509,3.0
32,3.3992723405199197,3.0
33,3.4171551878183584,3.0
34,3.424395987814765,3.0
35,3.437302061354258,1.0
36,3.7210932625541897,3.0
37,3.817490315761885,3.0
38,3.8317910364098635,1.0
39,3.832294171876842,1.0
40,3.887380749505949,3.0
41,3.9540913300087244,3.0
42,3.99362412237762,3.0
43,4.028076179290098,3.0
44,4.106440238239232,3.0
45,4.135172591741474,1.0
46,4.162181987051364,1.0
47,4.209714577145529,3.0
48,4.2981856388952835,0.0
49,4.342494208265356,1.0
50,4.507809256125406,3.0
51,4.559616963478826,2.0
52,4.681520968259108,3.0
53,4.7242884334297255,1.0
54,4.883170134865412,3.0
55,4.883638727984682,3.0
56,4.919096336687977,3.0
57,5.133658584584878,3.0
58,5.287560146945877,3.0
59,5.617750760803423,3.0
60,5.6785580735502785,3.0
61,5.722103123333391,3.0
62,5.742303490925175,3.0
63,5.772007063534755,3.0
64,5.847506269392639,1.0
65,5.880953911290293,2.0
66,6.18491184837569,3.0
67,6.891707532690712,3.0
68,7.817820655704508,3.0
69,7.962663820261301,2.0
70,8.437425434893186,0.0
71,8.866206207433796,0.0
72,18.958172076668312,4.0
