,time,event
0,6.894359685572998,2.0
1,7.018147056336724,4.0
2,7.031840038541674,3.0
3,7.033242203856341,0.0
4,7.0933832249117605,3.0
5,7.311121403167863,3.0
6,7.398537854575834,1.0
7,7.504106151511389,1.0
8,7.6745126812669495,3.0
9,7.676174685744614,1.0
10,7.694686005137846,3.0
11,7.820607473965345,3.0
12,8.019595698947043,0.0
13,8.08270113682419,3.0
14,8.133229324948665,1.0
15,8.134744579499554,1.0
16,8.38984518521413,3.0
17,8.49723232785425,3.0
18,9.049403856971512,3.0
19,9.118065368539064,3.0
20,9.228344082036415,3.0
21,9.339127297620944,1.0
22,9.620163039475274,3.0
23,10.056443770822804,1.0
24,10.968526765898842,3.0
25,12.129066999902458,3.0
26,13.165643195760373,3.0
27,14.566223942814634,2.0
28,14.8457390299235,0.0
29,15.999223572047988,2.0
30,19.638335831585433,4.0
