,time,event
0,0.699219157564852,1.0
1,8.187010965596862,2.0
2,8.303381452817838,0.0
3,12.184277075905667,1.0
4,12.872691760319665,4.0
5,14.50677975597273,2.0
6,14.698015621795198,0.0
7,14.851163123664904,0.0
8,15.152698206210923,2.0
9,15.266327152898047,3.0
10,15.301079941230126,3.0
11,15.30463163118717,3.0
12,15.510799468427003,3.0
13,15.593920696859481,3.0
14,15.749139630597371,1.0
15,15.841980025819998,3.0
16,15.929732630286086,3.0
17,16.124097736128068,3.0
18,16.135329580771426,3.0
19,16.159109781467542,1.0
20,16.465169613644868,1.0
21,16.54574951828811,3.0
22,16.609903710673933,3.0
23,16.62072764586479,3.0
24,16.681053644518336,3.0
25,16.8058096424497,1.0
26,17.556713041885057,0.0
27,17.947918117439972,3.0
28,18.143374202007795,0.0
