,time,event
0,1.0954471035070172,2.0
1,1.1615752032907423,3.0
2,1.5175890082028674,1.0
3,1.6713833147499093,3.0
4,2.1338682587178046,3.0
5,2.6571122947302275,3.0
6,2.8142821355969874,3.0
7,2.817660167582203,1.0
8,2.9231279531987777,2.0
9,2.929281640665884,0.0
10,3.0901975875590835,0.0
11,3.1164477045803163,3.0
12,3.3423998590463557,3.0
13,4.102106828922443,3.0
14,4.475930806131869,1.0
15,4.903064928235348,3.0
16,6.134078294700288,3.0
17,6.272921016372509,1.0
18,7.065582650021378,3.0
19,7.45479386640315,2.0
20,7.493015583012563,3.0
21,7.629006301376715,3.0
22,7.745057556635667,1.0
23,7.7532242387862045,3.0
24,7.862964292597105,1.0
25,7.947538671666527,0.0
26,8.492547309137718,3.0
27,9.068447614589822,1.0
28,10.181227419125552,2.0
29,10.210842686329011,3.0
30,10.300621231905875,1.0
31,10.324992484343296,3.0
32,10.465679491717177,0.0
33,10.609067333103162,3.0
34,10.649226509680126,2.0
35,10.748312466116595,1.0
36,10.905153822722705,0.0
37,10.912881612198124,3.0
38,11.099189552304978,3.0
39,11.28644684296929,3.0
40,11.288777941209787,3.0
41,11.637604903700499,0.0
42,11.700442727737077,0.0
43,11.763911848380959,3.0
44,12.2896047608609,2.0
45,12.300568895696035,2.0
46,12.6192923194683,3.0
47,12.72456706758072,3.0
48,12.83753327440317,1.0
49,13.051557163503697,3.0
50,13.063538291524427,3.0
51,13.236268502772756,0.0
52,13.545888165869577,3.0
53,13.59544247860375,3.0
54,13.675106501204889,3.0
55,13.71440876717719,3.0
56,13.739469181753876,0.0
57,13.788634121329816,3.0
58,13.986764148915181,1.0
59,14.029687855435348,0.0
60,14.079465777328581,3.0
61,14.391146025270697,3.0
62,14.559437610601837,3.0
63,14.775981691661338,3.0
64,14.781957805422955,3.0
65,14.805717316116162,1.0
66,15.039132370044227,3.0
67,15.108846097883065,3.0
68,15.352565457015695,3.0
69,15.353961606585074,1.0
70,15.605156360521086,3.0
71,15.696064392834877,3.0
72,16.116179479335738,3.0
73,16.279734271456327,1.0
74,16.282439322942867,3.0
75,16.45057907805678,3.0
76,16.46348860985275,3.0
77,16.52573316735494,1.0
78,16.781387195489607,0.0
79,16.84905231787282,3.0
80,18.23831389642642,3.0
81,18.289147518392838,1.0
82,18.30153849113419,3.0
83,18.35476859989089,3.0
84,18.425631239693402,1.0
85,18.693242703943802,3.0
86,19.54609352069606,3.0
87,19.564344857402617,3.0
