,time,event
0,2.3014479906988723,2.0
1,2.8743133479059084,0.0
2,8.762478913774622,1.0
3,9.643910636832107,3.0
4,14.523884640118943,2.0
5,14.598531817882145,3.0
6,14.80809516197608,3.0
7,14.988384021562847,3.0
8,17.45847303083018,2.0
9,17.52575598799972,4.0
10,18.1359858222832,0.0
11,19.058025777524723,4.0
