,time,event
0,4.520651134375933,1.0
1,5.56347529035503,1.0
2,6.228850126747494,2.0
3,6.304540492660406,3.0
4,6.328392627297617,3.0
5,6.54540803160344,3.0
6,6.63184558040882,3.0
7,6.672771244048366,3.0
8,6.731012784849823,3.0
9,7.3595922052598235,3.0
10,7.361728046988021,3.0
11,7.414017512774029,1.0
12,7.861866894351088,3.0
13,8.076456601462867,3.0
14,8.446861149172218,1.0
15,9.13981391401697,1.0
16,9.245038338963944,2.0
17,9.272322752727627,0.0
18,9.538775141488117,0.0
19,9.73767512053467,2.0
20,9.80863144734708,3.0
21,9.97765368472649,3.0
22,10.010991421231001,3.0
23,10.083375008465604,1.0
24,10.371450037413737,3.0
25,10.45473904728536,3.0
26,11.25872395463563,3.0
27,11.513296350925799,1.0
28,13.530863144650795,3.0
29,14.948141653594265,2.0
30,15.32219756581211,0.0
31,15.471365195553883,0.0
32,15.902491539597392,0.0
33,19.491716759542427,2.0
34,19.68276497897332,0.0
