,time,event
0,6.226601756191405,2.0
1,6.604512509328226,0.0
2,6.790202254047196,0.0
3,11.454486442333145,1.0
4,15.006675882316749,0.0
5,18.006472420878627,4.0
