,time,event
0,1.511458711877361,2.0
1,1.6169140555998553,0.0
2,1.9954691648493696,2.0
3,2.208450017665799,3.0
4,2.249655842658077,1.0
5,2.2870229564628337,1.0
6,2.5078391601237113,1.0
7,5.318975954639591,2.0
8,6.298160599847904,0.0
9,6.634974548936232,2.0
10,6.997514630634741,0.0
11,7.114805293070537,0.0
12,7.122855031827427,2.0
13,9.323896678454293,0.0
14,10.541839662387257,1.0
15,15.35290688449763,2.0
16,15.427180279244421,0.0
17,16.049290086925982,3.0
18,16.2908622921627,4.0
19,19.11267026255127,2.0
20,19.119861629329932,0.0
21,19.33051652402943,1.0
22,19.923131758397474,3.0
