,time,event
0,0.9774278611618715,2.0
1,1.1377051011577077,3.0
2,4.4796382567389275,2.0
3,6.484163219001403,0.0
4,7.588409130869993,2.0
5,9.708912984940637,2.0
6,12.52012081888709,1.0
7,13.519790444846258,2.0
8,13.637292521495649,3.0
9,13.70908227279406,2.0
10,13.714908611101519,0.0
11,13.853075986983637,2.0
12,13.856913733044381,0.0
13,13.928008962626869,4.0
14,14.237736783991496,3.0
15,14.394564271675714,3.0
16,14.459096369905385,0.0
17,14.532790725986146,3.0
18,14.834335306854491,2.0
19,14.842235534332339,3.0
20,14.908626796751012,3.0
21,14.942406682029318,3.0
22,14.989284072484853,0.0
23,15.114505888623778,0.0
24,15.183128563550635,3.0
25,15.285408009963348,0.0
26,15.404777741605407,0.0
27,15.436712636938699,3.0
28,15.439048865119156,0.0
