,time,event
0,4.993221417052023,2.0
1,5.313637444022765,2.0
2,5.360769521576145,2.0
3,5.559205975452584,0.0
4,5.63663752735868,0.0
5,6.503216062750285,0.0
6,13.948162160153888,0.0
7,15.625806329338122,4.0
