,time,event
0,3.9786351210044586,2.0
1,5.373716043263459,2.0
2,5.383534833715483,0.0
3,7.634610082672611,2.0
4,7.967493942828717,0.0
5,8.83926262330355,0.0
6,9.06268269608478,2.0
7,9.123253028536746,3.0
8,9.589978249344624,3.0
9,9.655306407030706,3.0
10,9.969466013931081,1.0
11,10.000706348031002,0.0
12,10.220606553570684,3.0
13,10.266288831466735,3.0
14,11.532337785055525,3.0
15,12.322979592251144,3.0
16,12.51521330189527,2.0
17,12.924925775169372,1.0
18,13.266065890284189,2.0
