,time,event
0,0.039389482052932946,2.0
1,0.13395622514201924,0.0
2,0.1561979516903524,0.0
3,8.520183511056489,2.0
4,10.484759389006738,3.0
5,10.764431037459923,3.0
6,10.974391318641414,3.0
7,11.300932554469302,1.0
8,11.429621598700367,1.0
9,11.640231191417788,0.0
