,time,event
0,1.1203104234368133,0.0
1,4.0103274814883845,4.0
2,7.510102496701107,4.0
3,8.060221731889031,4.0
4,9.519802941885674,3.0
5,9.602814300304424,3.0
6,9.913046949806034,3.0
7,9.952726198193197,1.0
8,10.190728295090596,1.0
9,10.28242797810824,3.0
10,10.687485414677141,3.0
11,10.804319821602506,4.0
12,10.817758126028375,3.0
13,10.906640984627035,1.0
14,11.421996522387703,3.0
15,12.353708989311217,3.0
16,15.493694213814207,4.0
