,time,event
0,1.0620068633380857,4.0
1,8.065514822513089,2.0
2,18.351246985619962,2.0
3,18.75310676433238,0.0
