,time,event
0,5.364027712297433,2.0
1,5.533869915727454,0.0
2,6.064901126958632,4.0
3,6.303991578043456,4.0
4,8.796702544530405,0.0
5,9.488844512870367,2.0
6,13.783031734698678,1.0
7,13.854627258474824,4.0
8,14.49449531529602,2.0
9,15.41872223783213,2.0
10,15.615418934347774,0.0
11,16.054783165398366,0.0
12,16.94820800592202,4.0
