,time,event
0,2.5940834129960493,4.0
1,2.79975120544429,2.0
2,2.8571081200590713,0.0
3,3.1343093205944066,0.0
4,5.347838349942632,2.0
5,5.358818609119449,0.0
6,5.624903244944632,0.0
7,5.727908470682848,2.0
8,5.762795186879342,0.0
9,5.845571801274072,0.0
10,5.864548969774636,2.0
11,5.948794468794583,0.0
12,6.348108867223805,0.0
13,8.705044074972726,2.0
14,9.621373860803544,0.0
15,9.65453545271284,2.0
16,9.855737000703899,0.0
17,10.146349842474471,0.0
18,11.114271708288655,0.0
19,14.792443177435723,4.0
20,15.409582509837417,3.0
21,16.892364565001284,2.0
22,18.432350290643676,4.0
23,18.46061933080747,2.0
24,19.220892207829944,3.0
