,time,event
0,0.3571613433446,4.0
1,3.053643171853669,1.0
2,8.663193760715595,2.0
3,8.668705709595192,3.0
4,8.843349884755762,3.0
5,8.893142773399157,1.0
6,9.03982874321887,3.0
7,9.339627805336427,3.0
8,9.363897853637013,1.0
9,9.55810595871331,1.0
10,9.575534975891017,2.0
11,9.59776594078614,0.0
12,9.880254540516184,3.0
13,9.915674506221132,3.0
14,10.524069319786776,3.0
15,10.613710349377172,3.0
16,11.222373192946625,3.0
17,11.27522964128459,2.0
18,11.558417614751967,0.0
19,14.496819970835379,2.0
20,14.706536722133738,0.0
21,15.778637959635102,0.0
22,16.00433130439836,0.0
23,16.371966914205945,2.0
24,16.48097602837993,0.0
25,17.39458597930791,2.0
26,17.411396640443424,3.0
27,17.711361582370994,0.0
28,17.731602989129463,0.0
29,17.737088215199606,2.0
30,18.017703910195973,3.0
31,18.030912957644254,1.0
32,18.42096472871104,3.0
33,18.485295719817863,1.0
34,19.337183078565122,3.0
35,19.413989269684315,0.0
