,time,event
0,2.1659166279172877,2.0
1,2.4003823175020647,0.0
2,3.9283185285225617,4.0
3,6.846249775537405,2.0
4,7.037412243571426,3.0
5,7.601172169712746,2.0
6,7.821277095432198,3.0
7,8.164423590850861,0.0
8,8.46612992353243,4.0
9,9.68676704841982,1.0
10,9.68750667221233,0.0
11,11.396863738651604,2.0
12,11.705737784320057,0.0
13,12.728539582735518,0.0
14,14.318022832424381,4.0
15,16.084167961664036,0.0
