,time,event
0,3.304518572967738,2.0
1,3.509774382539426,0.0
2,3.7452015929237255,2.0
3,6.37495808204605,3.0
4,6.9728620265182055,3.0
5,8.426324151646487,2.0
6,13.416730638076464,4.0
7,13.959418659859779,4.0
8,14.771316229982148,4.0
9,15.257660480453872,2.0
10,15.280124202097397,3.0
11,15.339535942466226,3.0
12,15.34701683960245,3.0
13,15.551357630691198,1.0
14,15.641801264580554,3.0
15,15.692047259276753,1.0
16,15.967305276087922,0.0
17,16.49768768875418,1.0
18,17.099369945913917,2.0
19,18.632949776895746,0.0
