,time,event
0,2.2154661680856953,2.0
1,4.3567792614324174,2.0
2,5.071898988941383,0.0
3,9.961394040153108,0.0
