,time,event
0,1.2243428323749628,2.0
1,1.662297307895056,0.0
2,2.6890136328662786,2.0
3,8.637342503427353,0.0
4,8.82973317560861,2.0
5,9.07090789015891,3.0
6,9.543465117451756,4.0
7,11.500746841519495,2.0
8,11.545737630041673,3.0
9,11.931460131943874,3.0
10,11.973897007311221,3.0
11,12.00584092281853,1.0
12,12.173532649800809,3.0
13,12.645713197984831,3.0
14,12.732386875378722,3.0
15,12.98678098470591,1.0
16,13.072793737447684,2.0
17,18.463959057456055,2.0
18,19.68425098041753,0.0
