,time,event
0,1.805751004227785,2.0
1,10.02013246221308,0.0
2,18.271668380638914,2.0
3,19.959726638160166,3.0
