,time,event
0,2.928263998722948,2.0
1,6.648509013621074,2.0
2,6.7444888081887635,0.0
3,8.56021051768414,2.0
4,8.804754797997697,3.0
5,9.316965716521006,3.0
6,10.810016407390778,0.0
7,12.707200456881969,3.0
8,12.813950561274122,1.0
9,13.090501950068042,1.0
10,13.360496378872945,3.0
11,13.671823972154005,0.0
12,18.65280414117906,2.0
13,18.741420007861485,2.0
14,18.89414032246592,4.0
15,19.314293078391504,0.0
16,19.568449812283617,0.0
17,19.75578644930328,2.0
