,time,event
0,2.203209837087675,2.0
1,2.303846720568692,3.0
2,3.12758382372049,3.0
3,5.221141629845081,1.0
4,5.598385644221379,4.0
5,9.119728366237249,2.0
6,12.90238835875871,4.0
7,13.534559256497877,4.0
8,13.881595543717077,2.0
9,13.89702444066306,0.0
10,14.408029974022007,2.0
11,14.693529763426032,4.0
12,14.696180520050161,0.0
13,15.014621439743456,2.0
14,15.260950361313569,0.0
15,15.279149969693064,0.0
16,15.897789338310025,2.0
17,16.25316591247473,3.0
18,16.36799764609702,0.0
19,16.3921356507906,3.0
20,16.678747392313948,0.0
21,17.13113114647194,2.0
22,18.03665760344781,3.0
23,19.273932639501954,3.0
24,19.27872172248394,1.0
