,time,event
0,3.43975401836943,2.0
1,4.246210956141931,0.0
2,4.257579349281615,0.0
3,4.681762447534147,1.0
4,4.700661401519266,4.0
5,4.8288804400885965,0.0
6,4.923724420109228,2.0
7,4.940240238595841,0.0
8,5.7676998346496005,0.0
9,8.126793347629233,4.0
10,9.72596001525595,2.0
11,9.764351592521933,3.0
12,10.55230637381861,4.0
13,13.94017384537426,2.0
14,14.00968064343814,0.0
15,14.085097210858772,0.0
16,14.242145345895969,2.0
17,14.34983802904239,0.0
18,15.006300927186977,0.0
19,15.7735716426225,0.0
20,16.70139636085352,2.0
21,16.883642713458066,2.0
22,17.108413524653784,2.0
23,17.7129755288638,0.0
24,17.746580000015218,0.0
25,17.850752429200373,0.0
26,18.48600485620138,0.0
27,18.714147729598885,0.0
28,18.84821041373504,2.0
29,18.920721936436397,0.0
30,18.922408992175793,0.0
31,19.18198563812972,1.0
32,19.342022253460865,0.0
