,time,event
0,3.239014516044197,2.0
1,3.504074525373165,0.0
2,3.854927681140324,4.0
3,4.6186986865375985,0.0
4,8.271420036367932,4.0
5,13.339671294706989,2.0
6,17.57260127733123,3.0
7,17.93371828263635,1.0
8,18.22003160906272,3.0
9,18.251826158077378,2.0
10,19.31671151753111,0.0
