,time,event
0,0.7928588476508189,0.0
1,0.9171547653237042,0.0
2,1.003100259197482,0.0
3,1.3168129839347082,0.0
4,1.3891524266666884,0.0
5,1.409092273716353,0.0
6,1.6012986149804493,0.0
7,1.8483184783891422,0.0
8,1.8677013153629378,0.0
9,1.960138964971671,0.0
10,1.9697588337964445,1.0
11,2.0218486437863166,0.0
12,2.039103723916346,0.0
13,2.058790250950524,0.0
14,2.181080312092994,0.0
15,2.2298173449399696,0.0
16,2.250539283119735,0.0
17,2.7234977563746297,2.0
18,3.2157116342856664,2.0
19,6.726949080086198,4.0
20,7.871489073453846,2.0
21,10.745440354194722,1.0
22,12.065241209641272,0.0
23,12.067400386986474,0.0
24,12.661974093087762,0.0
25,12.70458422476636,0.0
26,14.5503137747204,2.0
27,16.261281986656964,4.0
28,18.985273859403296,2.0
29,19.042800416723026,0.0
30,19.409714555988366,4.0
