,time,event
0,1.579407196255147,2.0
1,1.5996055789800407,2.0
2,3.612066474310989,2.0
3,5.7436517885648275,0.0
4,6.45292446277441,0.0
5,16.210714741015977,4.0
6,16.222458920249334,2.0
