,time,event
0,5.330930989844661,0.0
1,6.656863545645998,4.0
2,9.643355457270516,4.0
3,9.71299874159135,2.0
4,11.051025284122513,0.0
5,13.41403334152378,4.0
6,14.724454487838493,4.0
7,16.378702663716282,2.0
8,18.213603895772977,3.0
9,18.26958628432996,4.0
10,18.54782896946869,4.0
