,time,event
0,1.1342855292967704,2.0
1,1.2501999877570031,3.0
2,1.357970101210906,3.0
3,1.3583102777766105,3.0
4,1.3685157452027878,3.0
5,1.5983557261274435,3.0
6,1.6063234586565722,3.0
7,1.7228148512732768,3.0
8,2.5193625051128263,3.0
9,3.9598208766209573,1.0
10,4.5751876971983965,1.0
11,4.866889284437769,1.0
12,9.787434990207132,2.0
13,10.151737181166325,0.0
14,10.783252491053307,0.0
15,11.035970816944644,0.0
16,11.161195245353737,2.0
17,11.395776078730359,0.0
18,12.125745474766475,4.0
19,12.441876757805085,2.0
20,13.42132711064153,0.0
21,15.72322856187272,2.0
22,16.668789706951085,1.0
23,16.80874754466288,0.0
24,17.560139702100354,2.0
25,17.634619786321956,0.0
