,time,event
0,3.2362847809622424,0.0
1,3.425603529567226,0.0
2,3.7509164315351167,3.0
3,3.8517540583099334,3.0
4,4.2229554643558,1.0
5,4.290334192782288,2.0
6,4.5585176658687985,2.0
7,5.456546767094405,4.0
8,6.725956243319439,4.0
9,11.413021702900283,2.0
10,13.215545204926121,0.0
11,15.515782699459637,2.0
12,16.409193902873078,0.0
13,19.65928632486699,1.0
14,19.88724062958459,4.0
