,time,event
0,3.139567049178941,2.0
1,4.409227015696247,0.0
2,4.959930902843773,0.0
3,8.466219906312087,2.0
4,9.417437078945069,0.0
5,9.641406429225494,0.0
6,9.698052428505566,0.0
7,10.393605820936722,0.0
8,11.078367741456253,0.0
9,12.215632195391441,3.0
10,12.576352509307302,3.0
11,12.753280808145508,4.0
12,13.289229574405752,3.0
13,13.347436334180925,3.0
14,13.375347114187294,4.0
15,13.435339041034744,3.0
16,13.586701618594242,3.0
17,13.604910665329205,4.0
18,13.768242682266106,4.0
19,13.80071448430922,4.0
20,14.063590630733867,4.0
21,15.592721567439614,0.0
22,16.039400531806468,4.0
23,18.154813072205492,2.0
24,19.264318264043318,2.0
25,19.6449715567925,0.0
26,19.817085495541896,0.0
27,19.88909287948023,2.0
