,time,event
0,0.0760257041628379,4.0
1,0.2845141505463411,1.0
2,0.8074584841550259,0.0
3,0.9098475722818622,0.0
4,1.0862212873048782,2.0
5,1.344558285069702,0.0
6,1.4013823559020422,0.0
7,1.5028597059997248,0.0
8,1.7800783584314477,0.0
9,1.790824918299832,4.0
10,2.004759498046053,4.0
11,3.2669118396620975,0.0
12,3.4175062871698527,0.0
13,3.4418315114129174,0.0
14,4.015630494818188,2.0
15,4.2255424365573715,0.0
16,4.384648482975089,0.0
17,7.7064327306417555,4.0
18,10.268610110973361,3.0
19,10.521206171597186,4.0
20,10.607862627224765,3.0
21,11.500078487933589,2.0
22,16.288097724636415,0.0
23,16.314719443915134,0.0
24,16.369749324344635,0.0
25,16.478695069241702,0.0
26,16.493692555276194,0.0
27,16.51882005280915,0.0
28,16.524354561297898,0.0
29,16.597655484633844,0.0
30,16.61464990883449,0.0
31,17.33995704668188,0.0
32,17.39498808883579,0.0
33,17.39857318193413,0.0
34,17.43212023589679,0.0
35,17.457654347188143,0.0
36,17.539162706368344,0.0
37,17.539830679264035,0.0
38,17.650161345733334,0.0
39,17.736424689201378,0.0
40,17.972384978714544,0.0
41,18.00893372969143,2.0
42,18.068504451176697,0.0
43,18.292312323055253,0.0
44,18.330161145694277,0.0
45,18.460511062625137,0.0
46,18.504817212688746,0.0
47,18.55697835545246,0.0
48,18.593617403144396,0.0
49,18.82554069048374,0.0
50,18.982417663336115,0.0
51,19.016696080000855,0.0
52,19.414476024133215,0.0
53,19.53820832304125,0.0
