,time,event
0,2.2400977414709558,2.0
1,2.353957742346115,1.0
2,3.4990966683033777,3.0
3,3.956111734282198,2.0
4,4.137989157223815,4.0
5,5.022386525562611,2.0
6,7.54712501756303,4.0
7,7.7646136886914725,1.0
8,8.28259058686906,4.0
9,8.48297981732465,0.0
10,8.57905752789626,1.0
11,8.618379255607465,2.0
12,8.692174763287662,0.0
13,8.968172614440185,0.0
14,9.093691223798151,0.0
15,9.191637006610312,0.0
16,12.115420898752522,3.0
17,12.200663617444151,4.0
18,13.856960100967765,0.0
19,13.862229893628847,0.0
20,14.075031981241947,0.0
21,14.288998428124795,0.0
22,14.38086894930929,0.0
23,17.579619714059387,3.0
24,17.83568627764529,4.0
25,18.147560603982676,0.0
26,18.218914106689862,0.0
27,18.449234364540224,0.0
28,19.639964467881605,0.0
29,19.904915065170055,0.0
