,time,event
0,0.03232583214803161,4.0
1,0.17477536942492664,1.0
2,0.2508203261857923,2.0
3,0.3259318141897814,0.0
4,0.44600941078249945,0.0
5,0.48268143112989226,0.0
6,0.5528942244097037,0.0
7,0.5933175752694051,0.0
8,0.6644751023106371,0.0
9,0.6689154825363307,0.0
10,0.7173648326385907,0.0
11,0.7712911206148115,0.0
12,0.7870826921942358,0.0
13,0.8035347298637665,0.0
14,0.8321756656597896,0.0
15,0.9128617095075693,0.0
16,1.0076382263570984,0.0
17,1.0792788246898595,0.0
18,1.1756308581137143,0.0
19,1.2146049551197398,0.0
20,1.2576321094196947,0.0
21,1.3154134494226835,0.0
22,1.8262144396931514,0.0
23,1.8861698500361075,0.0
24,2.4164160261260816,0.0
25,2.432031606778187,0.0
26,3.801333836763546,2.0
27,5.265305450745373,0.0
28,5.476567299066265,0.0
29,5.488303500766321,0.0
30,5.4960968762772335,0.0
31,5.568186587730909,0.0
32,5.711771959053719,0.0
33,5.8087173314714935,0.0
34,5.870427400853945,0.0
35,5.874418241880723,0.0
36,5.894838037472067,0.0
37,5.980152090269812,0.0
38,5.988171812322088,0.0
39,6.251181320913614,0.0
40,6.270739425396324,0.0
41,6.302107254208505,0.0
42,6.482897771631279,0.0
43,6.490527703419157,0.0
44,6.673750721188848,0.0
45,7.254542207499936,0.0
46,7.269333468186897,0.0
47,7.283569917088974,0.0
48,7.371798586565704,0.0
49,7.45756988531191,0.0
50,7.499787533384208,0.0
51,7.856527972331471,0.0
52,7.913456244599606,0.0
53,7.95397308243071,0.0
54,8.047838129548818,0.0
55,8.09110756302344,0.0
56,8.131784349754994,0.0
57,8.215469014595078,0.0
58,8.960372082087773,0.0
59,10.018648966689392,0.0
60,10.186916680422494,0.0
61,10.339308216237717,0.0
62,12.057904955352063,4.0
63,12.965802394899235,1.0
64,16.615327718532907,2.0
