,time,event
0,0.8570128723205075,4.0
1,2.9129116077897503,0.0
2,2.946211768940443,0.0
3,2.9598765847436113,0.0
4,3.032232411571716,0.0
5,6.281830492285545,2.0
6,8.416505263747876,3.0
7,9.248195670224426,4.0
8,10.734394259125722,1.0
9,11.048249746597882,3.0
10,11.088051539096435,2.0
11,11.260651512139043,0.0
12,11.294087626147423,0.0
13,11.396165045201734,0.0
14,11.525503292365515,0.0
15,11.54721522112905,3.0
16,11.91441030583213,3.0
17,11.98596603374649,4.0
18,13.625423232533562,1.0
19,14.247201233683318,2.0
20,18.594927336891757,0.0
