,time,event
0,0.7323985680664947,0.0
1,0.9935673938764761,0.0
2,1.1323919183549016,0.0
3,1.1466851755094531,0.0
4,1.1947869366060848,0.0
5,1.306926717872108,0.0
6,1.3925858153893722,0.0
7,1.422429456419456,0.0
8,1.4274462953684453,0.0
9,1.4854434898163928,0.0
10,1.517623644528683,0.0
11,1.6004084836234822,0.0
12,2.2078401530602014,4.0
13,11.278218826704283,2.0
14,11.445095504036008,4.0
15,14.095172153349223,0.0
16,17.855393325609295,0.0
17,18.35855304046803,0.0
18,18.442731917877467,0.0
19,18.732986281739755,3.0
20,19.964974894524914,3.0
