,time,event
0,3.093447416965114,4.0
1,6.407127286226482,4.0
2,8.95951779201217,0.0
3,8.96685994606563,0.0
4,9.040375608190399,0.0
5,13.21644478819644,2.0
6,13.566681783553387,2.0
7,17.69268661624985,3.0
8,19.18960154489978,4.0
