,time,event
0,0.055144383251942555,2.0
1,1.741000735027325,4.0
2,3.11657770385938,4.0
3,3.9343795788703755,0.0
4,4.000708330326129,0.0
5,4.140795124529996,2.0
6,6.8076661919277885,2.0
7,8.07552890239183,4.0
8,8.212186283712203,4.0
9,11.27151132351144,2.0
10,16.883222426665633,2.0
11,18.584347314308577,0.0
12,18.687604104286063,0.0
13,19.093027091983938,0.0
14,19.376531851506908,4.0
15,19.389884267630784,0.0
16,19.430707992280215,0.0
17,19.710876389840525,0.0
18,19.72513828494781,0.0
19,19.738986707678492,0.0
20,19.741416743070058,0.0
21,19.741732124744065,0.0
22,19.751509140506588,0.0
23,19.759979662907746,0.0
24,19.77141330425708,0.0
25,19.783437409040825,0.0
26,19.855471031130847,0.0
27,19.868599676328024,0.0
28,19.873345116104694,0.0
29,19.890156750419045,0.0
30,19.91074397730657,0.0
