,time,event
0,2.6678586108143993,2.0
1,3.0630932325961098,4.0
2,3.3737326955063796,4.0
3,5.63068684996343,2.0
4,5.875603989107006,3.0
5,6.2056098099214,0.0
6,11.883779347679777,4.0
7,13.346538133274233,0.0
8,13.86618233929131,0.0
9,14.18590405031332,0.0
10,14.197430698651216,0.0
11,14.237436962623372,0.0
12,14.385108768164645,0.0
13,14.70099809232587,0.0
14,14.786789281464443,0.0
15,14.819048994246344,0.0
16,14.893713239511479,0.0
17,14.937456589105848,0.0
18,14.93749125672749,0.0
19,14.947221015240194,0.0
20,15.831843158847896,0.0
21,15.969996705436836,4.0
22,16.08104600813916,0.0
23,16.115213909713194,0.0
24,16.2037337924245,0.0
25,16.50932927461176,0.0
26,19.348603102418018,4.0
27,19.788182127687342,3.0
