,time,event
0,0.5103023297051104,4.0
1,2.8042527062255402,3.0
2,2.856624198873576,4.0
3,3.3054458809843403,3.0
4,3.4138350162376425,3.0
5,3.8792391634249146,4.0
6,4.490851254093804,1.0
7,4.9377919558848316,4.0
8,10.851999259645446,1.0
9,14.294844603325096,2.0
10,15.374056414132891,4.0
11,19.781256089498058,2.0
