,time,event
0,2.7718776049287723,2.0
1,5.678676967789176,0.0
2,6.004156886661219,0.0
3,8.345642045622604,2.0
4,9.842875215098848,0.0
5,10.050295229688404,0.0
6,10.294173707426019,0.0
7,11.678810905658516,2.0
8,11.927275604007445,2.0
9,14.168653122919883,2.0
10,15.806672347616285,0.0
