,time,event
0,3.253834515900569,1.0
1,5.8374809277097555,4.0
2,9.518570199955242,2.0
3,12.857770731005113,1.0
4,19.734837162020103,3.0
