,time,event
0,0.35676624747477403,0.0
1,0.40246039812369017,0.0
2,0.5969843611033758,2.0
3,3.0002995459758615,4.0
4,5.6844155517193355,3.0
5,6.039647899855916,3.0
6,6.630826879794178,3.0
7,6.722365894919561,3.0
8,6.767164043310229,4.0
9,6.853744947429316,1.0
10,6.9419713168729515,3.0
11,7.120438922049763,4.0
12,7.209990439009235,3.0
13,7.316842425107567,3.0
14,9.082477754209943,2.0
15,9.330625477412767,4.0
16,12.281090241842918,3.0
17,12.445248435110724,3.0
18,12.570043758740589,3.0
19,12.655734957022743,4.0
20,12.72549525113323,3.0
21,13.094668155626408,0.0
22,13.221302033998482,3.0
23,13.348109561952484,4.0
24,13.69271828025478,2.0
25,13.775406824628924,1.0
26,14.569764168383731,3.0
27,14.658180064990335,4.0
28,15.633551176857068,1.0
29,15.647201214377741,2.0
30,15.937767602782278,4.0
31,16.18110159022546,2.0
