,time,event
0,0.79935949284932,0.0
1,1.3201586015501452,4.0
2,2.15450530782344,4.0
3,2.6614366087810977,0.0
4,7.208288246688612,4.0
5,7.524563429416513,1.0
6,8.855330733857006,0.0
7,8.979776306413378,0.0
8,9.076181342253605,0.0
9,9.554791811820047,2.0
10,9.791716445866708,1.0
11,15.283331806069704,3.0
12,15.3741618939575,3.0
13,16.101785655434448,4.0
14,16.318530733565016,2.0
