,time,event
0,2.4630042589409773,0.0
1,4.665140289789977,2.0
2,5.787962105364285,0.0
3,6.09931084885984,0.0
4,6.177135227797621,0.0
5,6.184189524269467,0.0
6,8.172320853299912,1.0
7,8.516003480999537,2.0
8,13.139542865393295,3.0
