,time,event
0,6.886246472364043,2.0
1,7.434384533622171,0.0
2,7.440944776917033,4.0
3,7.7431088581936764,0.0
4,7.846751178987188,2.0
5,8.059752027778869,3.0
6,8.491054498314897,0.0
7,8.890324336718505,2.0
8,9.042105701985795,0.0
9,9.233516149536865,3.0
10,9.459861827052881,3.0
11,9.477264946224984,0.0
12,9.57159057876615,0.0
13,10.338908603445127,2.0
14,10.414083259806265,0.0
15,10.833073470217386,0.0
16,11.202308854981265,0.0
17,11.34551042574723,2.0
18,11.375983561962919,0.0
19,11.49556128780079,0.0
20,13.018724549370132,2.0
21,13.54951667721418,0.0
22,14.491749825274171,0.0
23,19.470748355970517,3.0
