,time,event
0,1.3175686961670323,2.0
1,4.100492309588494,4.0
2,4.878739658106227,0.0
3,6.319424225675702,2.0
4,8.947748813680828,0.0
5,9.12842622214939,0.0
6,9.293159140753426,0.0
7,10.0021370585991,0.0
8,10.614643682168312,0.0
9,11.173105648612253,3.0
10,13.276835271640282,4.0
11,13.331895996256923,4.0
12,13.422090370631006,0.0
13,16.31105673554436,0.0
14,17.143032384652937,4.0
15,18.044496248907425,2.0
16,18.86057503005405,2.0
17,19.3982898685366,4.0
