,time,event
0,0.9993195248340627,4.0
1,2.523250531454428,1.0
2,6.978920385099112,2.0
3,8.192348776121623,0.0
4,9.916016355941634,0.0
5,10.034563603090529,0.0
6,10.039246070320488,0.0
7,10.134322562275244,0.0
8,10.166214651380903,0.0
9,10.17462046772205,4.0
10,10.179181211650095,0.0
11,10.23333748813964,0.0
12,10.264166585635815,0.0
13,10.329886239402468,0.0
14,10.340664546851777,0.0
15,10.341074101438368,0.0
16,10.442528220418458,0.0
17,10.540325099222391,0.0
18,10.55332521086829,0.0
19,10.563409419606385,0.0
20,10.596524277040366,4.0
21,10.606629099476688,0.0
22,10.618948065444512,0.0
23,10.670679990202894,0.0
24,10.96393036326721,1.0
25,12.336106074001309,1.0
26,12.897663906818801,2.0
27,13.001279263433949,1.0
28,13.951911570698648,3.0
29,14.837281906031224,4.0
30,15.187535623427308,2.0
31,15.92159102136774,1.0
32,16.501613013090253,4.0
33,19.123479411266306,1.0
34,19.778862255051724,4.0
