,time,event
0,0.4240102623248744,2.0
1,1.6715052718573549,0.0
2,3.1309787743237383,1.0
3,5.011954332949648,4.0
4,8.977935223717154,2.0
5,9.799222002934545,0.0
6,9.818970978347354,0.0
7,10.063859099218455,2.0
8,11.527168577415205,0.0
9,15.000751060465277,2.0
10,15.332422597982282,0.0
11,15.906883232095746,3.0
12,16.333480159991545,2.0
13,19.2569881030552,2.0
14,19.71867361017656,0.0
15,19.795911842827785,3.0
