,time,event
0,2.785350695930815,0.0
1,5.221920848187319,2.0
2,5.875720959215908,2.0
3,6.236518076114624,0.0
4,6.280829097845218,0.0
5,8.591687946334998,3.0
6,8.766061241620223,4.0
7,9.238023637731972,4.0
8,9.627661164217216,4.0
9,15.696974771106118,2.0
10,19.62621239154109,0.0
11,19.7790158652871,0.0
