,time,event
0,2.751431657758496,4.0
1,2.817825669966285,4.0
2,7.236809391588902,2.0
3,8.697832299690036,0.0
4,11.473117860158826,2.0
5,12.720999758652917,2.0
6,13.58390425089191,0.0
7,13.774384164021905,0.0
8,15.354827847603124,0.0
9,15.497593990046585,0.0
10,15.549012204029664,0.0
11,15.580575711957248,0.0
12,15.589029371694473,0.0
13,15.759307902559787,0.0
14,15.823275970654807,0.0
15,15.823475709299357,0.0
16,15.891887942305088,0.0
17,15.902103650317615,0.0
18,15.90498670866766,0.0
19,15.914864550741958,0.0
20,15.929794731803781,0.0
21,15.949377096698015,0.0
22,15.963790408628144,0.0
23,16.067438595467138,0.0
24,16.09572801137502,0.0
25,16.13600896304429,0.0
26,16.264045259048554,0.0
27,16.285546216568743,0.0
28,16.301866727419643,0.0
29,16.45613802555409,0.0
30,16.47055524167623,0.0
31,16.471135386513343,0.0
32,16.492937997836368,0.0
33,16.579157456271204,0.0
34,16.585554047386115,0.0
35,16.64598181511743,0.0
36,16.65789189492708,0.0
37,16.676877974141078,0.0
38,16.83285095417823,0.0
39,17.00703800106671,0.0
40,17.010406480506564,0.0
41,17.082516560710587,0.0
42,17.145002405017507,0.0
43,17.159531375051827,0.0
44,17.179788438995104,0.0
45,17.25208609361969,0.0
46,17.294043856654305,0.0
47,17.324200342776535,0.0
48,17.359068188075838,0.0
49,17.383049831367863,0.0
50,17.41321987303092,0.0
51,17.45798575160798,0.0
52,17.466049182435214,0.0
53,17.46765155216213,0.0
54,17.51974976530116,0.0
55,17.62189991530514,0.0
56,17.626905990250176,0.0
57,18.157437689412987,0.0
58,18.244726254718596,0.0
59,18.247097869054386,0.0
60,18.679549320487727,0.0
61,18.718740344206807,0.0
62,18.857774974932685,0.0
