,time,event
0,0.5032983469287949,3.0
1,0.7758548884791752,3.0
2,1.230496463415099,4.0
3,2.2706599003909407,0.0
4,2.353112138121298,0.0
5,2.4110424264925068,0.0
6,2.528046808566867,2.0
7,2.8743319536831495,0.0
8,3.069281249789608,2.0
9,3.154226025215145,0.0
10,3.1768118671755907,0.0
11,3.457065049559647,0.0
12,3.836142572520107,0.0
13,4.313993560091416,2.0
14,4.777143410056887,3.0
15,4.900479997850311,3.0
16,5.285229393217008,3.0
17,5.886151446496298,3.0
18,5.916820478218425,4.0
19,5.9281827207286435,1.0
20,6.21096527651235,3.0
21,6.840263376932652,4.0
22,8.756542248188651,3.0
23,9.40665267874235,3.0
24,9.547351919799286,4.0
25,9.566122794442185,3.0
26,9.710252392329616,3.0
27,9.836974255578951,3.0
28,10.133781266024426,4.0
29,10.600806612957067,4.0
30,11.380365715799435,1.0
31,11.702881892526316,2.0
32,12.078320004541961,1.0
33,17.358489019641414,1.0
34,17.927269506744445,0.0
35,18.33187787683905,0.0
36,19.28943994582905,0.0
37,19.524148280448806,0.0
