,time,event
0,0.10095530062282956,3.0
1,0.12537289383869987,3.0
2,0.133440440726998,3.0
3,0.1449815773728969,3.0
4,0.2241930517778309,3.0
5,0.24584823841006798,3.0
6,0.26154289261538505,4.0
7,0.3384259324867675,4.0
8,0.38933856469631106,3.0
9,0.7480182188664739,3.0
10,0.9462031759815971,0.0
11,0.9576609754244703,4.0
12,1.0080451586771535,3.0
13,1.1551466682656217,4.0
14,1.2600147325113442,0.0
15,1.2723031697688323,3.0
16,1.366931493516571,3.0
17,1.3964547666172074,3.0
18,1.492600100192277,0.0
19,1.5081195081020558,4.0
20,1.58282820542098,4.0
21,1.6454894671471276,3.0
22,1.7311557933117327,0.0
23,2.026088917940977,0.0
24,2.0822323044733992,1.0
25,2.1171032957914044,3.0
26,2.121970868707716,4.0
27,2.160960164734538,0.0
28,2.2309321103445945,4.0
29,2.8023222959379277,1.0
30,3.127406343813211,2.0
31,3.2340009566023844,2.0
32,3.3078346327809656,1.0
33,3.782843311407266,2.0
34,5.437042780266589,2.0
35,9.847659757653364,2.0
36,10.045855164797139,0.0
37,11.5089138857856,3.0
38,11.523255905915706,4.0
39,11.553890026624142,4.0
40,11.695527463611882,4.0
41,11.929089963883836,4.0
42,12.709114765117834,1.0
43,12.785861408222521,2.0
44,12.95131456870018,2.0
45,13.020628157038177,2.0
46,13.039102882876993,1.0
47,13.94248188381575,2.0
48,14.862016492776245,1.0
49,19.35846462954172,2.0
