,time,event
0,1.7060725221148691,2.0
1,7.046983932512299,4.0
2,7.565220096744062,0.0
3,9.79102074971363,2.0
4,10.443888339223022,0.0
5,10.477600048155521,0.0
6,13.529782737279177,2.0
7,14.77682727123527,0.0
8,16.136960892725853,1.0
9,16.660077181037888,2.0
10,18.811681719677665,4.0
11,19.59142984965621,1.0
