,time,event
0,0.3344610006694931,2.0
1,2.7366640784983494,4.0
2,2.8918344201566826,2.0
3,4.024304164394481,0.0
4,4.076416874931896,0.0
5,5.392318189372018,3.0
6,12.041559322595552,3.0
7,12.484785048076619,2.0
8,13.202725835363697,3.0
9,13.225244497519967,3.0
10,13.443264696119103,3.0
11,13.477877419153444,3.0
12,13.624989715817094,3.0
13,14.120608889543592,3.0
14,14.133986747510518,3.0
15,14.315006682591191,4.0
16,14.57974233305701,3.0
17,14.803873136878366,4.0
18,15.078323470752515,4.0
19,19.35909892367878,0.0
20,19.392638630725354,0.0
21,19.554124841962626,0.0
22,19.708880189065372,0.0
23,19.740410303661893,0.0
24,19.75800952177287,0.0
25,19.759921343948022,0.0
