,time,event
0,1.5052586049098422,0.0
1,1.7394053619784164,0.0
2,4.362811189458934,0.0
3,5.527206465004355,2.0
4,8.17740702680734,2.0
5,8.340658233912512,2.0
6,8.618588521092462,4.0
7,10.212511174577163,0.0
8,10.364867223297352,0.0
9,10.463741770894218,0.0
10,10.588126058502763,0.0
11,10.61000486404799,0.0
12,10.69857213226754,0.0
13,10.776387221443066,0.0
14,17.35461411937892,2.0
