,time,event
0,0.13835090306668155,0.0
1,0.5048077243853024,0.0
2,1.09000438726792,0.0
3,1.1820131869573696,0.0
4,1.2060582810556195,0.0
5,1.2173731326990584,0.0
6,1.2229477853997461,0.0
7,1.2368793520072976,0.0
8,1.2577841112643107,0.0
9,1.2579529036250192,0.0
10,1.2757435736038742,0.0
11,1.2802930955524967,0.0
12,1.3026785422888434,0.0
13,1.4102544577157494,0.0
14,1.520056578412983,0.0
15,1.5269411060459221,0.0
16,1.7355297025402265,0.0
17,1.7469208541291308,0.0
18,1.8144814395336823,0.0
19,1.8173934675768288,0.0
20,1.8352490377419908,4.0
21,2.4832763114121192,0.0
22,2.529949746467087,0.0
23,3.3075179440850357,1.0
24,3.3180561770142045,2.0
25,3.7816753867174184,2.0
26,8.018656762541,4.0
27,9.259257496422505,2.0
28,9.608112562592089,3.0
29,9.610736327116395,3.0
30,9.858175234595391,3.0
31,9.995425083376858,4.0
32,12.154786007607079,4.0
33,12.784828567173083,0.0
34,12.932770562941142,0.0
35,15.185576430786721,2.0
36,15.408396987693123,0.0
37,15.486063998145127,0.0
38,15.542008998588289,0.0
39,15.556295705335339,0.0
40,15.644772893530886,1.0
41,15.78307111149619,2.0
42,15.863161139676995,0.0
43,17.675765773537123,3.0
44,17.784261721839023,4.0
45,19.44081998342443,3.0
46,19.538105573622307,0.0
47,19.565436253292305,0.0
48,19.57297989350618,0.0
49,19.584109395597324,4.0
50,19.737512385613424,3.0
51,19.75707091989704,3.0
52,19.9672668886707,3.0
53,19.98037691735272,4.0
