,time,event
0,0.1943242355161842,3.0
1,0.772290150213492,4.0
2,2.7993737052944985,1.0
3,3.468205910843291,2.0
4,3.7223235113987245,2.0
5,5.21503711724622,0.0
6,5.8859253395511795,3.0
7,6.242616460073468,4.0
8,6.507741240750993,1.0
9,8.662936502921712,0.0
10,8.790594887780118,0.0
11,9.232017273628776,0.0
12,9.23319813148405,0.0
13,9.301006722294572,0.0
14,9.387530118204928,0.0
15,9.478038290086666,0.0
16,9.491566072792168,0.0
17,9.505189557247906,0.0
18,9.691070627933344,0.0
19,9.754052220460686,0.0
20,12.634156279786929,0.0
21,17.774675765565178,2.0
