,time,event
0,1.6270067269059454,3.0
1,1.728028914674271,3.0
2,1.7839837771973714,4.0
3,1.795668356271753,3.0
4,1.9910614157340825,4.0
5,2.013077131619247,3.0
6,2.2266307571967268,1.0
7,2.2549187604217606,4.0
8,2.340894129346868,2.0
9,2.4918967159225303,4.0
10,3.7415394347511457,0.0
11,3.8901315944289125,1.0
12,3.9595759175616014,2.0
13,4.276455287541618,0.0
14,4.5846580328549775,2.0
15,4.749306082837898,2.0
16,6.042032268720731,2.0
17,7.413285685794965,3.0
18,8.105557068251448,1.0
19,10.968560202661758,0.0
20,10.995119037271536,0.0
21,11.073694478829042,0.0
22,11.143163877712752,0.0
23,11.323287863434723,4.0
24,11.586520288337448,2.0
25,11.665276162253852,0.0
26,11.690040653452492,0.0
27,11.825303928704948,0.0
28,11.854232749803835,0.0
29,11.895738722888735,0.0
30,12.415676637035945,3.0
31,13.00503459012918,3.0
32,13.023905965276363,4.0
33,13.158092589693213,0.0
34,13.180592562125076,0.0
35,13.272015223231547,4.0
36,13.372391644012039,0.0
37,13.9327807063241,0.0
38,16.0041837964002,1.0
39,17.418830732169972,0.0
