,time,event
0,2.788447592116173,3.0
1,2.8675702851870635,3.0
2,3.3563539536882945,0.0
3,3.4178740631357,0.0
4,3.475925577476717,0.0
5,4.43520322098854,0.0
6,4.638236014131479,0.0
7,6.5133472602861975,2.0
8,8.002336392540794,2.0
9,8.17764218812534,0.0
10,12.6952945338439,2.0
11,15.156716891822795,2.0
12,15.853550053096727,2.0
13,16.606610983831587,0.0
14,19.196758389584097,3.0
15,19.249589526909936,3.0
16,19.25423263170732,3.0
17,19.27327204339855,4.0
18,19.327476190544335,4.0
19,19.409700481947624,3.0
20,19.422090957132678,4.0
21,19.487393422950408,3.0
22,19.52156496376346,3.0
23,19.69579158729374,4.0
24,19.779185659699312,1.0
25,19.79490151555055,2.0
26,19.889706172123205,3.0
27,19.909088395928055,4.0
