,time,event
0,4.156975390656578,4.0
1,4.92646142588322,1.0
2,6.812697315031996,4.0
3,7.165082779311609,2.0
4,7.8318211040350105,2.0
5,8.115228888821036,2.0
6,8.304427104750893,1.0
7,8.507853435376683,2.0
8,9.291718448649904,2.0
9,9.920693428859959,4.0
10,10.234814614041143,2.0
11,16.213984215376314,4.0
12,16.22715250264327,3.0
13,16.73917536523112,4.0
14,18.51938513550605,4.0
