,time,event
0,0.6448322606252691,4.0
1,0.9382730355450779,2.0
2,0.9633178364708772,4.0
3,1.029722699197255,1.0
4,1.294235568662926,1.0
5,2.652793351362962,2.0
6,4.159850123505061,4.0
7,4.312559159761188,2.0
8,6.181770902713714,2.0
9,6.182527625732844,4.0
10,6.1965301547159415,0.0
11,6.288800792362274,3.0
12,6.410943316548139,1.0
13,6.987463440644479,4.0
14,7.145215335553224,0.0
15,7.537728441567891,4.0
16,7.617184085635889,1.0
17,9.27442693590336,4.0
18,9.311310972150938,1.0
