,time,event
0,2.0162378429392405,2.0
1,2.1706735333815574,1.0
2,2.1751291278632254,3.0
3,3.05711245519513,0.0
4,3.1995924123939155,1.0
5,3.6205364600809116,1.0
6,3.8967796402541746,1.0
7,4.171192420973635,4.0
8,4.928076674873696,1.0
9,4.964788663651743,1.0
10,5.592881444781147,4.0
11,7.088087794795325,4.0
12,7.883937955756071,4.0
13,7.950887745102166,0.0
14,8.043708989174148,1.0
15,8.52610387675575,4.0
16,8.920767803693991,1.0
17,9.498810440338254,2.0
18,9.848375755225991,1.0
