,time,event
0,2.2816864595249235,1.0
1,2.7408384634836103,2.0
2,2.789587712679901,2.0
3,2.908345867057668,0.0
4,3.1549126729973613,0.0
5,5.5434812122306045,1.0
6,5.553147503704893,1.0
7,6.343455263972874,2.0
8,6.745972241812015,0.0
9,7.603136251111795,1.0
10,9.628133753658195,2.0
11,9.644159386834156,4.0
12,9.831158418276972,0.0
