,time,event
0,1.808717053221399,2.0
1,2.026233542166591,3.0
2,2.978487759710075,4.0
3,3.0091109299394594,1.0
4,3.34462036206115,2.0
5,3.8526715619894643,1.0
6,4.401688823882635,4.0
7,4.638769892936462,4.0
8,4.66106178651293,2.0
9,4.8204588566673605,3.0
10,4.864590753842627,0.0
11,5.29742723189082,2.0
12,7.022911149607787,1.0
13,8.563102283798582,4.0
14,9.066994747487133,4.0
15,9.832609853169936,4.0
16,9.872436664342992,2.0
