,time,event
0,0.5373416526593561,2.0
1,1.6924311458342756,2.0
2,2.794023177412962,2.0
3,2.8938964036000625,1.0
4,3.013235186586251,1.0
5,3.984210291855398,4.0
6,5.039909148939092,4.0
7,5.665887375698149,3.0
8,5.710499544179681,4.0
9,7.571883475718019,4.0
10,7.962067295901626,4.0
11,8.00360189219228,1.0
12,8.20021497591063,2.0
13,8.281316838248024,4.0
14,8.311535088606654,1.0
15,8.323458946742859,1.0
16,8.40144480488663,1.0
17,8.421393967821613,2.0
18,8.616995654152866,1.0
19,8.721392105423442,4.0
20,8.73010482974818,0.0
21,8.758343635908542,1.0
22,8.836331184862024,1.0
23,8.960402312186478,4.0
24,9.056556650433558,2.0
25,9.195350904337364,3.0
26,9.220152548981401,1.0
27,9.283145101655288,2.0
28,9.31771324976621,4.0
29,9.382674511262502,4.0
30,9.408932255062979,2.0
31,9.500842081563022,0.0
32,9.577905885814442,4.0
33,9.607410983170084,0.0
