,time,event
0,0.8203952444083105,1.0
1,2.272651638430171,2.0
2,2.6052793700738937,1.0
3,3.393480732461082,3.0
4,4.172789216903361,2.0
5,4.3008897465357645,1.0
6,5.0529114524257315,4.0
7,5.231197614108902,4.0
8,7.180560338404607,4.0
9,7.373690662939883,3.0
10,7.573851421212026,4.0
11,8.100822039675766,4.0
12,8.772283000473237,4.0
13,8.841205266951244,2.0
14,8.847211658893855,4.0
15,9.201378453943642,2.0
16,9.284275785401023,3.0
17,9.505497763654263,3.0
