,time,event
0,0.6350725507224387,2.0
1,0.9065633144684274,3.0
2,1.875927403775362,2.0
3,5.123780236373878,4.0
4,5.584529984058351,2.0
5,5.635636784639237,4.0
6,6.332486940910679,1.0
7,6.410925523655755,0.0
8,6.9162094140944985,4.0
9,8.207297838454448,2.0
10,8.727276356102978,1.0
11,9.71536900153502,1.0
