,time,event
0,0.07313818098874494,1.0
1,0.08048712538269594,1.0
2,2.2938146179777226,4.0
3,3.2538484206202476,4.0
4,4.828282189423419,1.0
5,4.881783093584027,4.0
6,5.12250309252431,2.0
7,6.027418474229121,0.0
8,6.268827788246465,4.0
9,6.296647988072903,1.0
10,6.987693066642893,1.0
11,7.4644077992704645,1.0
12,7.475092052522948,0.0
13,7.636322576883227,1.0
14,8.635725928692622,4.0
15,9.086539841493522,0.0
16,9.566381419876198,0.0
17,9.820168678409207,1.0
18,9.857131786381244,0.0
