,time,event
0,0.09348746494220443,1.0
1,1.0589903884014886,3.0
2,1.2155431701833772,1.0
3,1.2633458379815266,1.0
4,1.5076422062019008,1.0
5,1.8437238771163647,3.0
6,2.3005216103991355,3.0
7,2.3152705898916808,2.0
8,2.5405034963463353,0.0
9,2.6354476606709434,0.0
10,2.654756360567485,1.0
11,3.185579995226079,2.0
12,3.4809283388744547,0.0
13,3.520074513817121,2.0
14,3.5273783619794914,0.0
15,3.6137895122736086,1.0
16,3.8914454752003924,2.0
17,4.1357964441350115,0.0
18,4.149524431056159,2.0
19,4.183378534823788,2.0
20,4.206486640471355,1.0
21,4.3349693102348095,2.0
22,4.415916670791465,2.0
23,4.620228542080751,3.0
24,4.6346313828761145,4.0
25,4.711328901795588,4.0
26,4.7624970239822035,3.0
27,4.764463021686602,1.0
28,4.808790813905056,0.0
29,4.894298286627245,2.0
30,4.933439994277436,2.0
31,4.970360650631448,4.0
32,5.039891414196745,2.0
33,5.705603720895805,1.0
34,5.7931282187846325,0.0
35,5.804024008328956,0.0
36,5.8449770997785215,0.0
37,6.128645900280377,4.0
38,6.136127534253689,2.0
39,6.335152377700944,3.0
40,6.371606001690225,2.0
41,6.381769200738459,4.0
42,6.424689586181593,3.0
43,6.510038165896525,1.0
44,6.528278209406345,3.0
45,6.6063176998386615,3.0
46,6.622358515591776,4.0
47,6.6670240241227585,1.0
48,6.743313874050733,4.0
49,6.786102001423357,0.0
50,6.8550577214574915,4.0
51,7.145636787251122,1.0
52,7.189534425021174,3.0
53,7.270891181384993,2.0
54,7.647209072896451,3.0
55,7.648475313603767,1.0
56,7.81211376622099,3.0
57,7.8479333905613,1.0
58,7.886205293773729,0.0
59,8.04276095830052,2.0
60,8.167195872747964,2.0
61,8.209707693789968,0.0
62,8.238671559068333,0.0
63,8.241510357621909,4.0
64,8.248289472495182,2.0
65,8.26615063387087,0.0
66,8.292699011858797,2.0
67,8.317013792341875,0.0
68,8.368126640954292,1.0
69,8.41428398533395,1.0
70,8.456436734608971,3.0
71,8.457066271460588,4.0
72,8.627738378259627,1.0
73,8.712925634816237,2.0
74,8.853532116788179,2.0
75,8.987156996371617,4.0
76,9.000386843501765,1.0
77,9.04820854597647,2.0
78,9.08147181517368,2.0
79,9.085547637045124,3.0
80,9.108321426006228,2.0
81,9.126588796672454,4.0
82,9.17624261125309,0.0
83,9.180487347402199,4.0
84,9.650868158601106,4.0
85,9.665979323068893,2.0
86,9.885080928508922,0.0
