,time,event
0,0.08317744618711242,0.0
1,0.3902108862156834,0.0
2,0.39253071070227635,1.0
3,0.5357555767935743,4.0
4,0.7478036349962268,2.0
5,0.7974164538418116,2.0
6,0.8790838789444533,3.0
7,0.9115802741600356,1.0
8,0.9505433277502573,0.0
9,1.2107370796224382,2.0
10,1.2221173545371382,1.0
11,1.2385218635598423,2.0
12,1.3009701034960397,2.0
13,1.7396577135630225,3.0
14,1.9157511808184922,2.0
15,2.1580097367920144,0.0
16,2.3684893515718977,3.0
17,2.411267326022824,1.0
18,2.4803273858857957,3.0
19,2.5099083506538595,1.0
20,2.7997165733212426,3.0
21,2.9838931296903044,1.0
22,2.9929647605883853,1.0
23,3.36179679643178,3.0
24,3.522215832164681,1.0
25,3.736007352901583,1.0
26,3.894377542149951,1.0
27,4.166984635339881,3.0
28,4.194121558331469,2.0
29,4.224787776203815,3.0
30,5.493961873354848,2.0
31,5.7525206075171385,1.0
32,5.78000227407892,1.0
33,5.8243953743085966,1.0
34,6.047351149889482,3.0
35,6.104389474330318,3.0
36,6.372922892457028,1.0
37,6.475504979509612,2.0
38,6.848711351324605,2.0
39,6.8724231016536566,3.0
40,6.878855681265182,3.0
41,7.087591600480995,3.0
42,7.316669037367563,3.0
43,7.574788159550718,3.0
44,7.68239736508489,3.0
45,8.25171573272836,3.0
46,8.823525887722246,0.0
47,9.08406099164798,1.0
48,9.112645545776957,2.0
49,9.13122763004774,1.0
50,9.138245845862345,3.0
51,9.311245043671484,0.0
52,9.381187573614948,2.0
53,9.917020424666607,2.0
54,9.950309578958045,2.0
