,time,event
0,0.12269258463556998,2.0
1,0.16689288864549368,3.0
2,0.20038695250926164,1.0
3,0.5048157548023932,2.0
4,0.6775688868245939,2.0
5,1.1020228021780991,2.0
6,2.043721194409088,2.0
7,2.202408073461647,1.0
8,2.3889939062973893,1.0
9,2.525052372903828,0.0
10,2.700086496240754,2.0
11,2.9150881388226235,0.0
12,3.381680076766375,3.0
13,3.4198518376280664,0.0
14,4.151716473782466,3.0
15,4.23690093776297,2.0
16,4.526887818123285,1.0
17,4.6485004243339105,2.0
18,4.652022006220796,1.0
19,4.684313087910423,2.0
20,4.771571381035819,3.0
21,4.862845631486992,2.0
22,4.996773931550127,0.0
23,5.096023335996392,1.0
24,5.352586484770284,1.0
25,5.411042824473399,0.0
26,5.4110925569696375,3.0
27,5.431140516327984,1.0
28,5.617038488726718,3.0
29,5.700148562756489,1.0
30,5.838369154940216,2.0
31,5.880307730961218,2.0
32,6.030420916537265,0.0
33,6.189538186605896,0.0
34,6.275754823798854,2.0
35,6.285645106561452,0.0
36,6.375133665161558,1.0
37,6.466419675004041,0.0
38,6.579092849445101,1.0
39,6.606696860068122,3.0
40,6.684002733626453,1.0
41,6.726435659933673,2.0
42,6.897892903791497,0.0
43,6.950206720199371,1.0
44,7.01245032200904,0.0
45,7.072797395700107,1.0
46,7.114050541666166,2.0
47,7.1235959366195285,1.0
48,7.173807913118259,0.0
49,7.297162611096243,2.0
50,7.385664992710803,2.0
51,7.464966845043015,1.0
52,7.488456686732205,2.0
53,7.657319886329757,1.0
54,7.680375579163115,2.0
55,7.693936646746729,1.0
56,7.714132065461315,2.0
57,7.75790994446874,2.0
58,7.847913405641195,2.0
59,7.867037568070457,1.0
60,8.02634800137781,3.0
61,8.039699659873923,0.0
62,8.121133598215142,0.0
63,8.129111177969351,2.0
64,8.190986443854973,3.0
65,8.247139334630617,2.0
66,8.254834340674167,2.0
67,8.2554976723573,1.0
68,8.36140714485572,2.0
69,8.382352062064031,1.0
70,8.503742867534605,1.0
71,8.715382384632624,1.0
72,8.781811707671492,1.0
73,8.8262325712993,0.0
74,8.9152787952911,1.0
75,9.021695633263507,0.0
76,9.078381803697766,2.0
77,9.139715105625797,3.0
78,9.14244767444816,1.0
79,9.19800040873475,3.0
80,9.265768543200432,1.0
81,9.30504386475391,2.0
82,9.344038566534206,2.0
83,9.413068837171199,1.0
84,9.545434411969563,0.0
85,9.58491992667152,2.0
86,9.625234971044014,4.0
87,9.626014922710448,0.0
88,9.663408562040955,2.0
89,9.832069852566672,2.0
90,9.868250040740014,0.0
91,9.879776422778766,1.0
