,time,event
0,0.09736408503381608,2.0
1,0.6227202439754974,2.0
2,0.627798785330589,1.0
3,0.7916339474827668,1.0
4,0.8870014693376472,1.0
5,0.9102497764580177,1.0
6,1.245137048199117,3.0
7,1.2453563013166775,1.0
8,1.2753027583532732,1.0
9,1.7178585938983473,0.0
10,2.203165726680417,0.0
11,2.26946831112905,3.0
12,2.458910272792959,0.0
13,2.7154037137968428,3.0
14,2.8358765032505304,0.0
15,2.8503892777377207,1.0
16,2.8557154935809264,1.0
17,2.939873123643193,1.0
18,2.9457597412910856,3.0
19,3.0523153778311807,3.0
20,3.0839341308277013,1.0
21,3.3691476255819564,4.0
22,3.43001779571566,2.0
23,3.5604648645287944,1.0
24,3.5634884993634133,0.0
25,3.6254518577544768,2.0
26,4.308204740929683,1.0
27,4.445810330079534,2.0
28,4.494899016933579,0.0
29,4.663874582802586,0.0
30,4.799555102060956,3.0
31,4.954872267516597,0.0
32,5.06252920895591,2.0
33,5.109485811014024,4.0
34,5.23570464682421,3.0
35,5.2372367634793,0.0
36,5.242484396516124,1.0
37,5.290177445144048,0.0
38,5.44555161704506,2.0
39,5.495668046560105,0.0
40,5.531709911277652,4.0
41,5.734484900666553,3.0
42,5.958360750708583,3.0
43,6.108864780345913,1.0
44,6.191499189927323,0.0
45,6.465103756528313,0.0
46,6.599481375121654,1.0
47,6.7338677728783525,3.0
48,6.8244106532618805,2.0
49,6.826099193975581,0.0
50,6.905808959831096,3.0
51,7.074913847181551,1.0
52,7.155554706613033,1.0
53,7.250468897799505,1.0
54,7.38195480195617,3.0
55,7.496505419147857,0.0
56,7.507300003169088,1.0
57,7.535959013347585,2.0
58,7.538681518283661,1.0
59,7.560694203634613,4.0
60,7.625883395927078,1.0
61,7.664943119212479,4.0
62,7.71734779865245,0.0
63,7.815450158373802,0.0
64,7.853414974652557,4.0
65,7.901393083685194,0.0
66,8.087174034760833,4.0
67,8.141547232011314,3.0
68,8.306012405281237,1.0
69,8.323026562881275,1.0
70,8.54525178794225,1.0
71,8.667829222167805,3.0
72,8.854246480039965,3.0
73,8.862597601629206,2.0
74,8.921534661734393,1.0
75,8.991461336362056,0.0
76,9.071120407495814,4.0
77,9.142623641382018,1.0
78,9.312056829294972,0.0
79,9.562378899893917,3.0
80,9.617007879434894,0.0
81,9.621179639642339,3.0
82,9.626118923726914,1.0
83,9.829905587132487,0.0
84,9.85858939254297,3.0
85,9.869858127353766,0.0
86,9.874207958933454,0.0
