,time,event
0,0.9534510220075098,1.0
1,1.1914402497208523,1.0
2,2.058563138228288,3.0
3,2.069946863039716,0.0
4,2.3243424054415223,1.0
5,2.737445489983416,0.0
6,2.9818877232655856,3.0
7,3.0995346411939906,1.0
8,3.2655190204005176,4.0
9,3.2658253443386043,4.0
10,3.3366743724864802,4.0
11,3.3776603254840993,2.0
12,3.5765411410504564,3.0
13,3.712093052780368,2.0
14,3.8614498433629247,2.0
15,3.867401526261701,2.0
16,4.952637855826178,2.0
17,5.295150058382595,0.0
18,5.381910340453806,0.0
19,5.413846896903858,0.0
20,5.42428541401091,4.0
21,5.463760350646063,2.0
22,5.638162757451912,1.0
23,5.640182623802089,0.0
24,5.68431643459956,4.0
25,5.813164590242508,4.0
26,6.107132623446496,1.0
27,6.162409448843207,1.0
28,6.242695333299374,1.0
29,6.2825015973076335,1.0
30,6.536956665810673,1.0
31,6.543777161784029,1.0
32,6.589483500439059,0.0
33,6.719517891782566,1.0
34,7.081518933213384,1.0
35,7.297104492622885,3.0
36,7.416377783413046,2.0
37,7.427547468465215,1.0
38,7.665326266408877,2.0
39,7.689417233285578,4.0
40,8.247537256309089,4.0
41,8.26390991558723,2.0
42,8.976328107999345,4.0
43,9.5522990261624,4.0
44,9.63354306603013,2.0
45,9.840258080567486,4.0
46,9.840825039515268,4.0
47,9.995368574231282,3.0
48,9.996532364923269,2.0
