,time,event
0,0.9321411558250877,2.0
1,1.363589779725317,3.0
2,1.8690471007453402,1.0
3,2.200770870879934,2.0
4,2.649903569127315,3.0
5,3.6388342058560896,4.0
6,3.7411539408328065,4.0
7,3.9609287029650178,1.0
8,4.74648345893776,2.0
9,5.182220386480072,2.0
10,5.323183885873019,0.0
11,5.7537978053701835,3.0
12,5.815308309230309,3.0
13,6.2227254139927854,1.0
14,6.272179705324827,1.0
15,6.7795568453202435,2.0
16,7.522151997886083,3.0
17,7.586450622398182,1.0
18,7.7838335922472845,4.0
19,7.819248202586824,4.0
20,7.992862356775894,3.0
21,8.122625116786267,0.0
22,8.215595998013008,2.0
23,8.333542166099454,1.0
24,8.42496281797914,1.0
25,8.713914076332467,3.0
26,8.720864564899195,1.0
27,8.791260398931087,0.0
28,9.731328126941108,1.0
29,9.908102786350732,3.0
30,9.923444845928318,1.0
