,time,event
0,0.11634855528306065,0.0
1,0.262145797884912,2.0
2,0.2782534334629725,2.0
3,0.95310520265473,3.0
4,1.0762233848633178,2.0
5,2.474083913611916,3.0
6,2.5710158369244556,2.0
7,3.013969696259992,0.0
8,3.122663703380368,0.0
9,3.7037695075619963,3.0
10,3.9756205095855734,2.0
11,4.1573153335773645,3.0
12,4.269918590092358,0.0
13,4.361535026275396,2.0
14,4.658506551695797,3.0
15,5.0778517413394555,0.0
16,5.194115817713265,2.0
17,5.281251164520655,3.0
18,5.350836555303138,3.0
19,5.427360262151751,3.0
20,5.447601912305542,4.0
21,5.473251351614347,1.0
22,5.6182542531456425,2.0
23,5.881985937358993,2.0
24,6.300774085082436,0.0
25,6.7055936081526095,2.0
26,6.843316768123917,1.0
27,6.8823844533243275,1.0
28,7.00114046923609,3.0
29,7.1017187391890095,0.0
30,7.108172510724762,3.0
31,7.1712110248996535,2.0
32,7.225843857208471,2.0
33,7.351448751830131,3.0
34,7.462960736832338,2.0
35,7.764739683700606,0.0
36,7.8345778822333,1.0
37,8.471226830070187,3.0
38,9.008238952014983,2.0
39,9.044109541373688,2.0
40,9.066312934630055,0.0
41,9.121674237920484,0.0
42,9.167615979920551,2.0
43,9.27540803701286,2.0
44,9.331789044408076,2.0
45,9.354472730291892,4.0
46,9.451544863473229,3.0
47,9.5398531358199,2.0
48,9.580620007272259,2.0
49,9.615521649244442,3.0
50,9.874746480459114,3.0
