,time,event
0,0.03591653628341696,1.0
1,0.411379433759731,1.0
2,0.47563833335224864,3.0
3,0.6659155377990061,3.0
4,1.2329037278666886,3.0
5,1.5937911484306688,3.0
6,2.213830352731303,3.0
7,2.263066395086402,2.0
8,2.4030465486235135,4.0
9,2.406729294300061,2.0
10,2.4935414169686796,4.0
11,2.508070940126174,3.0
12,2.5911824211938845,1.0
13,2.661967346167638,0.0
14,2.7816867324375614,1.0
15,2.958330354785981,3.0
16,3.3151413447416216,0.0
17,4.058309770274557,0.0
18,4.399353219484523,3.0
19,4.412792038976405,3.0
20,4.432368200788081,1.0
21,4.435963890689379,4.0
22,4.624857399966866,1.0
23,4.710996952383333,1.0
24,4.822621557342406,2.0
25,4.833828612862202,4.0
26,4.835146313908834,4.0
27,5.00684623705356,4.0
28,5.045473819908368,4.0
29,5.161969888041413,2.0
30,5.193445187215843,0.0
31,5.280016771648435,4.0
32,5.330840418662495,2.0
33,5.421319191557486,3.0
34,6.012824335019996,3.0
35,6.369271600018639,1.0
36,6.513008309958863,2.0
37,6.525620846268615,4.0
38,6.53436231615323,1.0
39,6.572617754866954,1.0
40,6.643116412208201,1.0
41,6.645562587259607,2.0
42,6.7543177666446494,1.0
43,6.779932536819786,2.0
44,6.893088278503254,4.0
45,6.992399062625942,4.0
46,7.105909036399854,2.0
47,7.129783306073796,2.0
48,7.157872351977955,1.0
49,7.211100680684741,3.0
50,7.261988324296336,3.0
51,7.263730348346237,2.0
52,7.329868290115699,4.0
53,7.680413669247897,0.0
54,8.256743641791282,3.0
55,8.27210044422158,3.0
56,8.32521724673375,2.0
57,8.809689768301356,4.0
58,8.831129240574862,4.0
59,8.849026416642639,4.0
60,8.952459952883006,2.0
61,9.001766816945363,2.0
62,9.007960109359841,4.0
63,9.027469906757915,4.0
64,9.048086852126016,3.0
65,9.169928161697094,2.0
66,9.188202220993139,2.0
67,9.198311896829757,4.0
68,9.242454359980178,3.0
69,9.25133383267656,2.0
70,9.362262170894098,4.0
71,9.369951150011282,4.0
72,9.394742293966093,3.0
73,9.40045158270128,4.0
74,9.482379575372997,4.0
75,9.546916194984616,4.0
76,9.589533471076464,1.0
77,9.67549087845963,1.0
78,9.796300987446294,2.0
79,9.799610790835423,4.0
