,time,event
0,0.46753851782068845,0.0
1,0.5424569858996876,2.0
2,0.7002185989667622,2.0
3,0.7109342305429895,1.0
4,1.117823878037877,0.0
5,1.2907596342636647,2.0
6,1.4155949290154481,0.0
7,2.2530474209940348,1.0
8,2.354824361669739,0.0
9,2.74276312045325,1.0
10,2.9932646904279667,4.0
11,3.2189145202546934,1.0
12,3.4370486302743024,1.0
13,3.536147808744095,1.0
14,3.617204453929994,1.0
15,3.6455602111054617,1.0
16,3.8641874605613413,4.0
17,4.330953476506239,1.0
18,4.409173522723385,0.0
19,4.431546364997554,2.0
20,4.739877735128026,4.0
21,4.951486621634902,1.0
22,5.057703843110059,3.0
23,5.112003115222557,2.0
24,5.148161264272532,1.0
25,5.262750498323225,1.0
26,5.523640313728408,4.0
27,5.593883786040998,2.0
28,5.779048309170674,0.0
29,5.87155204946104,4.0
30,5.973082163684312,4.0
31,6.054422313533883,4.0
32,6.078422358997355,1.0
33,6.079509698837218,4.0
34,6.3054344458525255,2.0
35,6.423371003597659,1.0
36,6.429165357309609,1.0
37,6.437176190598858,2.0
38,6.50533017895577,4.0
39,6.512395349496329,0.0
40,6.63626575009598,4.0
41,6.719117619313345,4.0
42,6.752160455128834,1.0
43,6.805073461497938,4.0
44,6.870062228327403,4.0
45,7.0510008809527305,4.0
46,7.056717864252451,2.0
47,7.133456317799301,1.0
48,7.20083490020135,1.0
49,7.287877076541451,4.0
50,7.414222393276401,3.0
51,7.6072771616387085,4.0
52,7.733189807548831,3.0
53,7.7428034569023785,4.0
54,7.798577851145499,2.0
55,7.814275382070827,3.0
56,7.916612514555944,1.0
57,7.9276888862453525,2.0
58,8.214996231646952,1.0
59,8.234767381742165,3.0
60,8.305732316729655,2.0
61,8.324719682072995,3.0
62,8.33527784743912,3.0
63,8.368242952512704,1.0
64,8.445578763560071,1.0
65,8.471917390250102,3.0
66,8.475939081983434,2.0
67,8.482052841622172,4.0
68,8.538745594464793,1.0
69,8.541558370868062,3.0
70,8.571031134973861,3.0
71,8.680239138011721,3.0
72,8.708214324937634,4.0
73,8.717913973809967,1.0
74,8.77531790863598,3.0
75,8.79130794673379,1.0
76,8.804662603252199,1.0
77,8.832983943114971,4.0
78,8.847362830616532,4.0
79,8.849978582870344,2.0
80,8.90913799846512,2.0
81,9.145109349950124,4.0
82,9.152801388602809,1.0
83,9.202142409590165,2.0
84,9.242959386178695,4.0
85,9.246572284275674,2.0
86,9.294164619267447,3.0
87,9.295695556024736,1.0
88,9.33911209807034,3.0
89,9.34997083848465,0.0
90,9.442596993337846,2.0
91,9.488208798130913,4.0
92,9.551602707099617,2.0
93,9.558760613785866,4.0
94,9.59924733257739,4.0
95,9.797788513895634,3.0
96,9.95882934537388,3.0
