,time,event
0,1.3568513743047912,3.0
1,1.6806072589102428,0.0
2,2.31951094385251,2.0
3,2.330827645268657,3.0
4,2.7967252548221273,3.0
5,3.015087490952318,3.0
6,3.6684141966056973,3.0
7,4.070820203960597,4.0
8,4.163760592015317,0.0
9,4.6470203378605595,4.0
10,5.138654115757436,2.0
11,5.429346389016979,2.0
12,5.689696254944539,2.0
13,6.02525217825718,4.0
14,6.5811773011936765,4.0
15,7.178266858370496,3.0
16,7.574633883849921,4.0
17,7.728737740460661,3.0
18,7.8610816762533355,4.0
19,8.456482636287877,4.0
20,9.696359645179276,2.0
