,time,event
0,0.27781711017549854,2.0
1,0.9642320368147115,4.0
2,1.9724867726778401,0.0
3,2.2027359808377245,2.0
4,2.2189120501120914,3.0
5,2.2276053364111674,1.0
6,2.327032525857073,4.0
7,2.548238795899261,4.0
8,2.686562708823991,1.0
9,2.8360842628292926,2.0
10,2.882317543670906,4.0
11,3.409277668077934,1.0
12,4.064575002031888,2.0
13,4.074497658365588,3.0
14,4.329395934420988,3.0
15,4.398100259855318,2.0
16,4.543540417109711,1.0
17,4.594073561106542,4.0
18,4.932037055575652,2.0
19,4.981373797839952,4.0
20,5.11579841494754,0.0
21,5.127609960723806,1.0
22,5.2254030132222775,2.0
23,5.278971699795136,2.0
24,5.584402957853429,2.0
25,5.798207496994391,1.0
26,6.196584132006128,0.0
27,6.207582499217267,3.0
28,6.231137706644766,3.0
29,6.262275253987554,3.0
30,6.380493183564957,0.0
31,7.089238901880323,2.0
32,7.163267856132204,3.0
33,7.212208877942134,3.0
34,7.232629294143047,1.0
35,7.261967102401175,3.0
36,7.296097258365438,2.0
37,7.460611411365428,0.0
38,7.499126817457565,0.0
39,7.522236519667169,0.0
40,7.579167550262395,0.0
41,7.603896740404679,0.0
42,7.605226345792953,0.0
43,7.800878126758277,3.0
44,7.896652457141034,0.0
45,8.107628733002228,3.0
46,8.177008940402901,2.0
47,8.246091258769296,2.0
48,8.26655290408149,2.0
49,8.310751692350948,3.0
50,8.437966703264754,4.0
51,8.47854721272244,3.0
52,8.508712138552811,4.0
53,8.55539813298948,0.0
54,8.584976165909826,1.0
55,8.614673758706635,3.0
56,8.774672557087555,3.0
57,8.835918681524484,2.0
58,8.984358710452247,3.0
59,9.377663087619876,3.0
60,9.389690085957772,3.0
61,9.460147625279241,4.0
62,9.569154058031543,3.0
63,9.571413451817502,3.0
64,9.709814663195433,3.0
65,9.760873002681832,4.0
66,9.84021878283165,3.0
67,9.856527053788177,2.0
68,9.910511369033173,0.0
69,9.952074400722097,3.0
70,9.99828971777554,0.0
