,time,event
0,0.19591441610622357,3.0
1,0.46934308333084584,0.0
2,0.811595479018174,1.0
3,1.2318125850433117,4.0
4,1.7788809430568617,3.0
5,1.889133200688124,4.0
6,2.445424815184886,4.0
7,2.6630572504151027,4.0
8,2.894079475450829,2.0
9,4.101009522980608,4.0
10,4.141708762468965,2.0
11,4.181482660910303,4.0
12,4.489462842712726,2.0
13,4.848708225057597,1.0
14,5.110718498421268,1.0
15,5.126914627147352,4.0
16,5.150034807316005,0.0
17,5.191665788760974,1.0
18,5.662857000060525,3.0
19,6.116121195795657,1.0
20,6.299719931798354,1.0
21,6.3072707413778675,1.0
22,6.496367584248551,4.0
23,6.544114412251419,4.0
24,6.605058000113223,1.0
25,6.752277890921294,1.0
26,6.83340089484787,2.0
27,7.058664075188013,2.0
28,7.152491386841553,1.0
29,7.170782870594757,2.0
30,7.177322533259916,3.0
31,7.199325028536816,2.0
32,7.2095088556105,3.0
33,7.310099121144913,2.0
34,7.325697246482288,3.0
35,7.403930933627426,2.0
36,7.504550687711359,2.0
37,7.549677986960459,3.0
38,7.588416747781064,2.0
39,7.675357002226344,1.0
40,7.937968377256894,1.0
41,8.018780533606511,3.0
42,8.348267127805407,2.0
43,8.457934452349326,2.0
44,8.640435633360752,1.0
45,8.863171535774502,3.0
46,8.869345900414933,3.0
47,8.900613144198257,2.0
48,9.00820461872832,4.0
49,9.026380323766148,1.0
50,9.1416570756999,1.0
51,9.150513647695556,1.0
52,9.174648880723046,1.0
53,9.212791587314989,2.0
54,9.235586228462855,1.0
55,9.23788435444021,2.0
56,9.24171405434147,1.0
57,9.245912487325699,1.0
58,9.443584131136792,4.0
59,9.462518026590931,4.0
60,9.474188438864275,4.0
61,9.49587066983117,4.0
62,9.500120431965287,1.0
63,9.598350198600887,1.0
64,9.600614845152586,4.0
65,9.633661437519,4.0
66,9.658967983693804,4.0
67,9.731332355835166,2.0
68,9.747899339401007,1.0
69,9.922294635299174,2.0
70,9.922537750900613,1.0
71,9.931435535549822,2.0
72,9.961203518827805,1.0
73,9.974292818721803,1.0
