,time,event
0,0.34279623282106086,1.0
1,0.8813319684638722,4.0
2,1.0737969419352194,1.0
3,2.6280097016128217,1.0
4,2.7076677296873175,4.0
5,2.9539750024545115,1.0
6,3.1854981744088846,2.0
7,3.186469672171508,4.0
8,3.2705168045228583,2.0
9,3.332358243147792,3.0
10,3.608531215579567,2.0
11,4.509511921533209,4.0
12,5.0518611206068975,0.0
13,5.294335376372951,4.0
14,5.569406824197404,1.0
15,5.597656832146919,1.0
16,5.749987301498678,1.0
17,6.0595662137578445,3.0
18,6.205790530164876,4.0
19,6.346007491401684,3.0
20,6.534292169353581,3.0
21,6.851875216608687,1.0
22,7.561437210681103,2.0
23,7.5865365279793675,4.0
24,7.650437157539797,0.0
25,7.682841347822116,3.0
26,7.782300434248894,4.0
27,8.207699012129636,4.0
28,8.465410112109485,2.0
29,8.471633603659066,0.0
30,8.882161622494449,1.0
31,8.991188284786451,1.0
32,9.246800116358274,2.0
33,9.64058358697519,2.0
34,9.689616822011372,1.0
35,9.830107464758289,1.0
