,time,event
0,2.760277596537581,2.0
1,2.8461888990942312,4.0
2,4.021703858964161,2.0
3,4.193324285031083,1.0
4,4.4043186104669925,4.0
5,5.133233980000331,1.0
6,5.1505226869718745,1.0
7,5.256229440928683,4.0
8,5.454581191442664,4.0
9,6.323448697024199,4.0
10,6.505854011522609,1.0
11,6.5361755408023345,3.0
12,7.0288659152686295,3.0
13,7.0409535258185105,3.0
14,7.066302858641762,3.0
15,7.242036986515757,3.0
16,7.339568119425697,3.0
17,7.3658859612688445,3.0
18,7.46745536193672,3.0
19,7.562607535459469,2.0
20,7.649804131739502,2.0
21,7.69313420543782,2.0
22,7.891439531000853,2.0
23,8.81001043897481,2.0
24,8.958566333207642,1.0
25,8.97125997980222,0.0
26,9.140743278753902,0.0
27,9.207764622944438,2.0
28,9.251103411874519,1.0
29,9.284036026485156,0.0
30,9.357190066097244,2.0
31,9.389704931388925,1.0
32,9.390726072499582,2.0
33,9.477685658139173,2.0
34,9.480619148370304,0.0
35,9.552198950651027,2.0
36,9.556056249979978,2.0
37,9.569037808013087,1.0
38,9.597041465380636,1.0
39,9.602877187458093,1.0
40,9.623645077867584,1.0
41,9.646174468052019,0.0
42,9.674410776505018,1.0
43,9.685090957383908,0.0
44,9.80787513241191,0.0
45,9.819034893222444,1.0
46,9.820305970263535,1.0
47,9.852376576330743,1.0
48,9.927368396564873,1.0
49,9.95700918002792,0.0
