,time,event
0,0.16172178926659156,2.0
1,0.4559570965942957,2.0
2,0.6124889187876441,0.0
3,0.8508406604977454,4.0
4,1.365593779715307,2.0
5,1.6507189122138746,1.0
6,1.7408319203195277,1.0
7,2.1057550418698265,2.0
8,2.386206810549843,3.0
9,3.0796874287485556,3.0
10,3.2191173765305754,2.0
11,3.612600594404071,3.0
12,3.6472813675321922,3.0
13,3.698365352764826,3.0
14,3.7591390354834,2.0
15,4.604320268996735,4.0
16,5.1425291156525965,0.0
17,5.333458401114614,4.0
18,5.702127834476399,4.0
19,5.713221040860249,4.0
20,5.907606677608142,2.0
21,6.125559329884971,4.0
22,6.85828294777124,2.0
23,6.928359891699716,3.0
24,7.4008728600244895,3.0
25,7.510093211672987,2.0
26,7.658141884432149,1.0
27,7.949079372059195,3.0
28,8.484028590783945,2.0
29,8.95778947955452,0.0
30,9.332856488652412,0.0
