,time,event
0,0.26053564071628543,2.0
1,0.40505801518432216,1.0
2,2.1872301091333197,2.0
3,2.4202928305498506,2.0
4,2.6891970943374175,2.0
5,2.7267917894145,3.0
6,2.740737380669253,2.0
7,3.2028656118678485,2.0
8,3.4114581790004155,0.0
9,3.4143255567011175,3.0
10,4.4442587524731145,2.0
11,4.687961307269775,2.0
12,4.696188309124547,2.0
13,5.00188162539223,0.0
14,5.090998440526353,2.0
15,5.106822448096058,4.0
16,5.155053647290201,4.0
17,5.170143411170003,4.0
18,5.171904711421556,2.0
19,5.178553493602178,2.0
20,5.204926756591832,0.0
21,5.225734416720926,2.0
22,5.454775592282123,2.0
23,5.554129878450135,1.0
24,6.759278043612156,1.0
25,6.88111810699739,4.0
26,7.062541011285657,2.0
27,7.100283666917185,1.0
28,7.297844115486467,3.0
29,7.312277717580796,4.0
30,7.419497293198057,3.0
31,7.464743044511963,0.0
32,7.478099338468572,2.0
33,7.479769073010078,4.0
34,7.520146512955896,4.0
35,7.529792242293389,4.0
36,7.539181092091298,2.0
37,7.542309172482555,2.0
38,7.555819529870244,4.0
39,7.580306057127699,3.0
40,7.588864473202922,2.0
41,7.699817335139927,3.0
42,7.73600962610608,4.0
43,7.791170290223569,2.0
44,7.847332427887569,3.0
45,8.347572504906323,2.0
46,8.832567978467532,2.0
47,9.12241713672033,2.0
48,9.146661985289468,2.0
49,9.237557177332475,3.0
50,9.300989906811752,3.0
51,9.476570049795704,0.0
52,9.491976580606696,4.0
53,9.510245238585584,1.0
54,9.513321232853045,2.0
55,9.5694845269191,2.0
56,9.66663130669025,2.0
57,9.67436427036791,2.0
58,9.69345412098246,4.0
59,9.704186588235576,2.0
60,9.74678053885931,1.0
61,9.790143717488617,2.0
62,9.86491998695947,0.0
63,9.87750801035351,0.0
64,9.953840796260748,4.0
65,9.966428529304913,3.0
