,time,event
0,0.07890881479318973,1.0
1,0.4719281768054422,3.0
2,0.5130212105868263,4.0
3,0.6116967308848544,2.0
4,1.3454143981371622,0.0
5,1.616002474926076,0.0
6,2.103457060138523,2.0
7,2.694984960820945,3.0
8,2.8395860020703174,2.0
9,2.9309418361513147,3.0
10,3.5972146887999186,4.0
11,3.6362156469990485,2.0
12,3.7101016266394033,1.0
13,3.75064441656479,3.0
14,3.9453476153520968,4.0
15,4.426161807830155,1.0
16,4.471930829518003,0.0
17,4.493356379499109,0.0
18,4.506566161769555,1.0
19,4.538409049350715,2.0
20,4.725666767732857,1.0
21,4.762109897050065,3.0
22,4.828772101359804,4.0
23,4.8343172491907636,2.0
24,4.905128936819481,4.0
25,5.14463390301663,1.0
26,5.451426128001383,3.0
27,5.68590435833377,1.0
28,5.909530251150678,4.0
29,5.910636682993488,4.0
30,5.91122341323849,3.0
31,5.913741808202887,0.0
32,6.001230802078409,1.0
33,6.029996905002372,2.0
34,6.0801676140555925,1.0
35,6.118296975607505,1.0
36,6.230243620036251,4.0
37,6.23823341913387,4.0
38,6.3983462131051745,4.0
39,6.4834309778833505,3.0
40,6.643555569135267,1.0
41,6.696018812855672,3.0
42,6.794356115670565,4.0
43,6.860683183885824,4.0
44,6.881841905053412,3.0
45,6.978834299076822,1.0
46,6.99919893842715,1.0
47,7.102497725880931,3.0
48,7.162762930607221,4.0
49,7.172327958374473,4.0
50,7.219775268401989,1.0
51,7.317451947364918,2.0
52,7.681559691213301,3.0
53,8.084328489831234,0.0
54,8.1764866985584,4.0
55,8.263638847279427,1.0
56,8.300154085773405,3.0
57,8.341518674351603,3.0
58,8.359881015591046,4.0
59,8.372133136339379,1.0
60,8.496982958664276,4.0
61,8.725016061957458,3.0
62,8.963038138671031,4.0
63,9.156720719785593,2.0
64,9.181652838393013,3.0
65,9.28514755362071,3.0
66,9.31607331673167,3.0
67,9.45276448736783,3.0
68,9.538669266906846,3.0
69,9.71685619584149,3.0
70,9.80799414172138,1.0
