,time,event
0,0.0318701317527427,2.0
1,0.26886251379509796,0.0
2,0.327690736581773,1.0
3,1.1560407054844537,2.0
4,1.6954386728285828,3.0
5,2.1457899012094903,2.0
6,2.2614350276613933,3.0
7,2.280564338561482,3.0
8,2.42296219846656,4.0
9,2.8109751442094035,3.0
10,3.0853400122610415,2.0
11,3.6549156955494264,4.0
12,3.8713645744106566,4.0
13,3.8933284111606765,2.0
14,4.135498848486894,3.0
15,4.373123515949029,3.0
16,4.408002443364956,1.0
17,4.52649089017945,1.0
18,4.733881872630842,3.0
19,5.126011897673523,3.0
20,5.422555304140786,3.0
21,5.444866957668406,3.0
22,5.477446081372327,2.0
23,5.5737430762234546,1.0
24,5.713499737512445,2.0
25,5.96389364484036,3.0
26,6.177584759964191,3.0
27,6.345701071349007,3.0
28,6.366460785255142,3.0
29,6.390717961959709,3.0
30,6.670924429239821,4.0
31,7.185142192564818,3.0
32,7.3979926788026384,3.0
33,7.617058770467756,4.0
34,7.806943689377181,1.0
35,7.945391692451623,4.0
36,8.004621748503137,2.0
37,8.10746893939664,3.0
38,8.564283518158378,3.0
39,8.781361789124874,0.0
40,8.949144156300342,0.0
41,9.386481771773385,3.0
42,9.55374954391062,2.0
43,9.68450092862716,3.0
44,9.687119576533421,2.0
45,9.874218747814153,3.0
