,time,event
0,0.15805881297423266,3.0
1,0.26195905961311694,0.0
2,0.655383262839679,3.0
3,1.2215422752125074,2.0
4,1.3793437655503733,1.0
5,2.2616644482161528,2.0
6,2.461245327329372,2.0
7,2.4866516592111116,3.0
8,2.545006586187372,0.0
9,2.6532813523278715,2.0
10,2.7197116847642366,0.0
11,2.8437068329567468,2.0
12,3.1219438985280443,2.0
13,3.564777877279765,4.0
14,3.667206729280827,1.0
15,3.6721995953635087,0.0
16,3.9375202360258066,1.0
17,4.050589834079978,3.0
18,4.553414430761952,1.0
19,4.558394561625127,1.0
20,4.685063982468065,1.0
21,4.824226795163978,1.0
22,5.023464624969353,1.0
23,5.282666670345014,2.0
24,5.5150777237665585,2.0
25,5.6040824076131015,0.0
26,5.776211001489492,4.0
27,5.906447774711363,0.0
28,5.908343371733732,4.0
29,5.908899069678508,4.0
30,6.049333455280948,0.0
31,6.1103495035348665,4.0
32,6.112966398621931,4.0
33,6.147793830855976,4.0
34,6.171630502975174,1.0
35,6.226413363614874,2.0
36,6.342609399001989,1.0
37,7.51083180133437,1.0
38,7.632269940421922,3.0
39,7.935553048579901,0.0
40,7.968350382282669,0.0
41,8.00288566665868,0.0
42,8.123173013061283,4.0
43,8.16991243948094,4.0
44,8.344781855642948,1.0
45,8.352528644217344,0.0
46,8.381920489303559,4.0
47,8.472211430766945,4.0
48,8.5456351067854,4.0
49,9.531997589406913,3.0
50,9.878069256399966,0.0
51,9.986077886715552,2.0
52,9.988478450233801,0.0
