,time,event
0,0.48142108656506294,3.0
1,0.7614649687430622,1.0
2,1.1972942681875471,2.0
3,1.6373321231915225,2.0
4,1.9102813630957385,2.0
5,2.880412889689639,1.0
6,2.9625041112499524,1.0
7,2.9823160751448405,4.0
8,3.222805818471525,4.0
9,3.4538090664029237,2.0
10,3.532174678062626,0.0
11,3.862455321593193,0.0
12,4.091528716296934,0.0
13,4.127478376699844,1.0
14,4.166530519678828,2.0
15,4.345420735282922,3.0
16,4.362691102025298,2.0
17,4.391724037996991,0.0
18,4.519403305796169,2.0
19,5.29657483039962,4.0
20,5.552679413530809,2.0
21,5.7978263057314825,2.0
22,5.886356443195889,2.0
23,5.891371607385865,2.0
24,5.904710047842242,0.0
25,5.993520651588686,2.0
26,6.008867577348325,2.0
27,6.276010029077165,3.0
28,6.435566383238938,2.0
29,6.479361631677748,2.0
30,6.497537118259671,0.0
31,6.522966408663053,2.0
32,6.532792254204916,3.0
33,6.559166122474767,2.0
34,6.626018305982782,2.0
35,6.659144110357509,3.0
36,6.723960067799393,0.0
37,6.762670845797732,3.0
38,6.851953937632925,2.0
39,7.005235455003154,2.0
40,7.732683227085482,1.0
41,7.975955515384249,1.0
42,8.032499685188569,4.0
43,8.117319585466262,2.0
44,8.13880588246348,0.0
45,8.147998701109959,0.0
46,8.155161271772295,1.0
47,8.247886190159202,0.0
48,8.275908660657619,0.0
49,8.285146209582344,0.0
50,8.330785254412058,0.0
51,8.363620992415322,1.0
52,8.376899121943598,1.0
53,8.386788790973283,1.0
54,8.401041964762383,0.0
55,8.474800570457923,0.0
56,8.537158796198025,2.0
57,8.537561583040338,2.0
58,8.541103699740242,0.0
59,8.584362780117058,2.0
60,8.709435738870068,2.0
61,8.75115281660574,0.0
62,8.826644220265003,0.0
63,8.841274607619958,2.0
64,8.861463598259995,1.0
65,8.871262416762978,2.0
66,8.936790491266573,1.0
67,8.952565040378401,2.0
68,9.157145566696952,0.0
69,9.158980118719981,0.0
70,9.430297068976591,1.0
71,9.457451688111636,2.0
72,9.728487515197639,0.0
73,9.935902273161528,3.0
74,9.942784558269764,3.0
