,time,event
0,0.18525669743314807,4.0
1,0.28420997801378317,3.0
2,0.7143958028505121,2.0
3,1.615663372470213,4.0
4,3.1973719541619543,0.0
5,3.269452486589262,3.0
6,3.798904691199001,2.0
7,4.540192170751765,1.0
8,4.723455304062549,2.0
9,5.226943152267329,0.0
10,6.311700785499849,1.0
11,6.685589011034028,2.0
12,7.563286862478175,3.0
13,8.224982923960498,2.0
14,8.593239197163918,1.0
15,9.04034649139183,1.0
16,9.343253310183709,4.0
17,9.719545006084898,0.0
