,time,event
0,0.17420233161648546,1.0
1,0.3099602681257693,2.0
2,0.8784448513971042,1.0
3,1.191420635922228,1.0
4,1.2408504584063793,3.0
5,1.7061378398995657,1.0
6,1.9537770969306412,1.0
7,2.6015078567798726,2.0
8,2.6110108022987997,1.0
9,3.304054755844462,3.0
10,3.414036869954965,0.0
11,3.4437183994354514,1.0
12,3.5750108361445077,2.0
13,4.045650730078038,0.0
14,4.156732280632514,2.0
15,4.2643693731126495,2.0
16,4.487392024715121,2.0
17,4.686180547891857,2.0
18,4.819755541551197,3.0
19,4.860157553211471,0.0
20,4.922174512878572,1.0
21,5.0695137033299735,0.0
22,5.219201292130399,2.0
23,5.309353211917395,1.0
24,5.659553716584002,3.0
25,5.666807465717976,2.0
26,5.691404180563176,3.0
27,5.719978225018642,1.0
28,5.753037255353422,2.0
29,5.9484336316368545,2.0
30,6.073463394921298,3.0
31,6.385640342342173,3.0
32,6.510691955011095,1.0
33,6.602287814728686,1.0
34,6.697827887833604,2.0
35,6.812052480893736,1.0
36,6.864042610523676,2.0
37,7.024346137384477,2.0
38,7.031933575899705,2.0
39,7.068264220921435,2.0
40,7.07109386567064,2.0
41,7.1501675937720535,3.0
42,7.3208110165531135,3.0
43,7.35197746438355,2.0
44,7.651811189817313,0.0
45,7.696897229379898,2.0
46,7.7407943134041055,2.0
47,7.842374240442346,3.0
48,8.113726349772712,2.0
49,8.196567907720663,2.0
50,8.29414146238477,3.0
51,8.300670756943083,1.0
52,8.36178807123838,3.0
53,8.4983503715853,0.0
54,8.628226319256783,1.0
55,8.651229270574357,2.0
56,8.740451750989063,1.0
57,8.915248815247384,2.0
58,8.943712243246322,0.0
59,9.0080775798553,2.0
60,9.014091786688663,2.0
61,9.090380345865055,0.0
62,9.21266994808872,2.0
63,9.216407194874112,2.0
64,9.222550936966517,0.0
65,9.242829017714042,2.0
66,9.274540096250833,2.0
67,9.274660367021779,1.0
68,9.307732907827404,1.0
69,9.343376113941098,3.0
70,9.357338344632257,1.0
71,9.470160347766203,1.0
72,9.52511652895503,1.0
73,9.536632578197981,1.0
74,9.557619820114452,1.0
75,9.758651300327944,1.0
