,time,event
0,1.234146165260006,2.0
1,1.2578800889747543,2.0
2,1.5624435013433768,3.0
3,2.3947390651486926,1.0
4,2.563989391024856,3.0
5,2.74670990715278,0.0
6,3.251360536464222,3.0
7,3.3707461699614214,0.0
8,3.5205406035276763,1.0
9,3.807554271648363,3.0
10,4.506175035266194,1.0
11,4.799084112257692,0.0
12,5.335024876756798,2.0
13,5.44535042136285,4.0
14,5.881776775066083,1.0
15,5.948964136896157,1.0
16,6.395871854220617,2.0
17,6.637273941183932,1.0
18,7.087122534290572,0.0
19,7.347445163346564,4.0
20,7.564883912460668,3.0
21,7.671659932892519,3.0
22,7.791921593952301,3.0
23,8.368717462021058,2.0
24,8.377703722448011,1.0
25,8.526155819706304,3.0
26,8.556322982289467,0.0
27,8.674611209304217,1.0
28,8.696288901954693,1.0
29,8.77602726350839,3.0
30,8.848934845284921,1.0
31,8.962827681029683,1.0
32,9.604125771689109,3.0
33,9.607516740920804,3.0
34,9.981861560869984,4.0
