,time,event
0,0.8932393391589573,2.0
1,1.9650629634783034,0.0
2,2.1244103450309266,2.0
3,2.359891818747183,1.0
4,2.553653999114579,2.0
5,4.393158358892714,1.0
6,4.467558270961014,3.0
7,4.683367642928231,2.0
8,4.719638934398256,1.0
9,5.143703901258602,2.0
10,5.887547385682015,1.0
11,6.163748264157608,2.0
12,6.315038333863243,2.0
13,6.321107705047899,3.0
14,6.505821741523136,2.0
15,6.5066983058721615,2.0
16,6.819013134287505,0.0
17,6.9100892723892,0.0
18,6.951304690097294,3.0
19,7.154316988746115,3.0
20,8.037656858406375,1.0
21,8.132183899251562,3.0
22,8.223361918345855,1.0
23,8.460066394649733,0.0
24,8.828702249341987,4.0
25,9.000811889036257,0.0
26,9.084655902361932,2.0
27,9.095234097833446,4.0
28,9.207250976470831,2.0
29,9.262904332007524,2.0
30,9.283454923449453,2.0
31,9.394958110278653,4.0
32,9.457809868525016,3.0
33,9.519175273874952,2.0
34,9.824787791518878,2.0
