,time,event
0,0.2867027077370678,1.0
1,1.3395819932704445,0.0
2,2.0785320349118814,1.0
3,2.111215289145655,1.0
4,2.251894375069411,2.0
5,2.743887759074134,1.0
6,2.7629551171793514,1.0
7,3.0919803698856345,4.0
8,3.617720777672882,4.0
9,3.762570461151778,0.0
10,4.008361111916967,2.0
11,4.443959131864899,3.0
12,4.468609786434994,4.0
13,4.504314440988867,3.0
14,4.67468208211408,0.0
15,4.748390899468636,0.0
16,5.002505376177207,3.0
17,5.012941703788322,2.0
18,5.932090182164389,3.0
19,5.94099332699789,4.0
20,6.202312416086306,0.0
21,6.243422564463465,2.0
22,6.364066094400609,4.0
23,6.430632273937959,2.0
24,6.456432972007752,0.0
25,6.4892455954613535,3.0
26,6.50224054908916,3.0
27,6.502668431296399,3.0
28,6.916731936655964,3.0
29,6.931457859799112,2.0
30,7.02388237471411,1.0
31,7.1149437728161,4.0
32,7.468288967293981,1.0
33,7.477840560144732,3.0
34,7.659818113259717,1.0
35,8.112808099518297,2.0
36,8.247910602181634,1.0
37,8.530067444442642,2.0
38,8.66418974013017,4.0
39,8.73577662325102,3.0
40,8.73804528834542,3.0
41,8.738789680538995,3.0
42,8.756233979527842,0.0
43,8.773637151709138,4.0
44,8.820523214995573,2.0
45,8.85516384777999,4.0
46,8.879350512226068,4.0
47,8.97152728427347,2.0
48,9.077611114907866,2.0
49,9.156680328493115,3.0
50,9.321697755612115,2.0
51,9.591466471963447,2.0
52,9.62160073157708,3.0
53,9.902458446308966,2.0
