,time,event
0,0.7830588731045833,1.0
1,1.6819809347644368,2.0
2,1.741752923243156,3.0
3,2.593235931579638,3.0
4,3.019641054845076,2.0
5,3.375569955645222,4.0
6,3.7915543914910943,2.0
7,3.935442879423446,1.0
8,3.983685855917131,3.0
9,4.1352516252198175,1.0
10,4.635831859711083,3.0
11,4.813723040165292,1.0
12,4.83352429518461,2.0
13,5.232652284551111,4.0
14,5.476831087188493,3.0
15,5.5137927569172245,1.0
16,5.555387699116297,1.0
17,5.56956416548547,1.0
18,5.841152413294409,0.0
19,6.029629028079657,1.0
20,6.073179469499592,3.0
21,6.292460974297044,1.0
22,6.347311843332697,2.0
23,6.397173241048203,3.0
24,6.470157162113932,3.0
25,6.655289642948169,2.0
26,6.945134070385225,4.0
27,7.148081708213838,2.0
28,7.319256820563352,3.0
29,7.41460310569084,1.0
30,7.720195212511482,4.0
31,7.948141422237786,1.0
32,8.208080975792113,1.0
33,8.404389186716742,1.0
34,8.47310112073985,1.0
35,8.576439982701201,1.0
36,8.641289713254666,2.0
37,8.913902718697846,1.0
38,8.926868772837395,1.0
39,9.065144988143997,3.0
40,9.091655006214202,4.0
41,9.179477202145014,2.0
42,9.238054048661496,2.0
43,9.321670438974442,1.0
44,9.381482259597139,4.0
45,9.410309997949872,4.0
46,9.433222430944943,1.0
47,9.444834519271575,4.0
48,9.473790387477521,3.0
49,9.560485049953467,1.0
50,9.922374430879184,1.0
51,9.946436252327748,2.0
