,time,event
0,0.16335240574699125,2.0
1,0.19686689750063693,0.0
2,0.2105058919787588,1.0
3,0.35688717340459336,2.0
4,0.9726294061466898,3.0
5,1.0093013228854084,3.0
6,1.345275537357505,3.0
7,1.59926209550392,3.0
8,2.278703181403999,3.0
9,2.4390837336061706,4.0
10,2.4529980450823397,2.0
11,2.541137876264593,4.0
12,2.638128136288791,4.0
13,2.6388026539875145,4.0
14,3.5191583004443316,2.0
15,4.046130739354344,2.0
16,4.504562005488899,2.0
17,4.561539620790301,1.0
18,4.6838111812459005,3.0
19,4.685198836869592,1.0
20,4.704074535719167,0.0
21,4.769532885643582,0.0
22,4.777336740903121,0.0
23,4.797728294989994,0.0
24,4.826068368605185,1.0
25,4.8515347889282205,0.0
26,4.955202426538906,3.0
27,4.993625453310018,0.0
28,5.405082298197977,3.0
29,5.876255073565438,3.0
30,5.911226053834446,4.0
31,5.9581726451136525,3.0
32,5.981677296825947,3.0
33,6.512637658551392,4.0
34,6.699363893216301,2.0
35,6.73339586036135,4.0
36,6.751882374745465,1.0
37,6.808127212442626,3.0
38,6.881214204673416,3.0
39,6.935923060205984,4.0
40,7.047174064462714,3.0
41,7.184953211937327,4.0
42,7.187787876706367,3.0
43,7.251127684197074,0.0
44,7.438671473293717,4.0
45,7.448387603322911,4.0
46,7.709457424393588,2.0
47,8.13797152057991,0.0
48,8.354875368155632,0.0
49,8.402216036147667,1.0
50,9.030652926464676,0.0
51,9.031791671389067,4.0
52,9.083352112669784,1.0
53,9.128182341314636,2.0
54,9.138096684322042,0.0
55,9.142957977501446,1.0
56,9.146863992945217,0.0
57,9.161921764616373,2.0
58,9.261024667579013,3.0
59,9.264682142796378,1.0
60,9.334910782242604,1.0
61,9.388977514004747,1.0
62,9.414570818955166,1.0
63,9.437750316175135,0.0
64,9.555147944191985,3.0
65,9.604286027260198,3.0
66,9.718193335471096,1.0
67,9.77694308223122,1.0
68,9.786991988395389,3.0
69,9.856843529292203,4.0
70,9.90405153858161,3.0
71,9.92954186315049,0.0
