,time,event
0,0.6334446334771439,3.0
1,1.148143406831816,3.0
2,2.1688042733063226,3.0
3,2.314203756048768,1.0
4,3.184038566821087,0.0
5,3.2441631588026802,3.0
6,3.6166412506346117,0.0
7,4.222861247587106,0.0
8,4.416500839516179,3.0
9,4.720860696348063,2.0
10,4.850118767360039,1.0
11,4.904091923788215,4.0
12,5.385588505221974,3.0
13,5.950963455696795,3.0
14,6.913382456891544,0.0
15,7.0797150258419075,4.0
16,7.09550784454099,4.0
17,7.209074388352543,3.0
18,7.733263953588422,3.0
19,8.274160576145654,3.0
20,8.362802692727927,3.0
21,8.622798280683595,3.0
22,8.988621289576129,4.0
23,9.243337679720698,4.0
24,9.314169733767809,3.0
25,9.35198298095294,4.0
26,9.367235534746879,4.0
27,9.535302006482931,0.0
28,9.548389652113523,3.0
29,9.830829099086031,3.0
30,9.869710180343116,3.0
31,9.974415632382398,1.0
