,time,event
0,0.5386123753283797,3.0
1,0.6574898880786166,3.0
2,1.456569675853702,0.0
3,2.118055248031179,1.0
4,2.2674745573671786,3.0
5,2.284041249856688,0.0
6,2.7206695714762437,2.0
7,2.760948634577072,0.0
8,2.772979023663272,0.0
9,3.0997803073612316,0.0
10,3.563712272179635,3.0
11,3.8530925600960746,0.0
12,3.9001035431876288,0.0
13,4.511403432555319,3.0
14,4.547747454132115,0.0
15,5.10416402654322,3.0
16,5.227559230354904,3.0
17,5.97166678174565,0.0
18,6.040810217919564,0.0
19,6.238392925494386,0.0
20,6.342005373298213,4.0
21,6.375479143488573,3.0
22,6.588783357433601,0.0
23,6.7019518083175,0.0
24,6.804414732591127,0.0
25,7.1927129946526,0.0
26,7.198216140904254,0.0
27,7.352138251787806,0.0
28,7.485887109802605,0.0
29,7.572024836649075,0.0
30,7.647221273612937,0.0
31,7.889440476722644,3.0
32,8.174335441501182,3.0
33,8.255691051785575,4.0
34,8.412164157151983,3.0
35,8.496621103132515,3.0
36,8.513265507637492,0.0
37,8.588364678783073,3.0
38,8.63464616043524,0.0
39,8.709846137865975,2.0
40,8.823281441214974,2.0
41,8.826458673181985,3.0
42,8.926414850359302,0.0
43,8.934404543649839,0.0
44,8.964136219766361,0.0
45,8.980486864427888,0.0
46,9.01140999886882,0.0
47,9.07741113702444,0.0
48,9.111315886273715,3.0
49,9.142403995300988,0.0
50,9.14442714697605,3.0
51,9.278372565617687,0.0
52,9.382177737920282,0.0
53,9.459405626636629,3.0
54,9.46514995423971,3.0
55,9.712205126538246,3.0
56,9.795848266216954,0.0
57,9.939821053845348,3.0
58,9.946985086371651,3.0
