,time,event
0,0.402442986979408,0.0
1,0.4582573650106073,3.0
2,0.9317394349658704,3.0
3,0.9571809680995843,4.0
4,1.0571084848218173,1.0
5,1.8714900385734432,0.0
6,2.2507844783207593,0.0
7,2.548855712977483,3.0
8,2.6623375331812387,0.0
9,2.873661129752153,1.0
10,2.8741204967400757,0.0
11,2.9071151168340803,1.0
12,3.1339716448757358,0.0
13,3.2213979032907263,1.0
14,3.2840149151164617,1.0
15,3.3027683620558785,3.0
16,3.3149188887025773,0.0
17,3.3993091140656597,1.0
18,3.571548857312514,4.0
19,3.9091124094015455,3.0
20,4.439780020927055,2.0
21,4.545004757493183,3.0
22,5.022154837578265,4.0
23,5.084012965249434,4.0
24,5.207612605965083,4.0
25,5.22753113653512,4.0
26,5.347607994598969,4.0
27,5.454991907305236,4.0
28,5.506243815602879,4.0
29,5.584339226228146,4.0
30,5.643078489016238,4.0
31,5.7296138067879365,4.0
32,5.777490400155148,2.0
33,5.960411816281567,4.0
34,6.5578848076578575,0.0
35,6.711162302670825,3.0
36,6.842333722157217,3.0
37,6.990876609643182,0.0
38,7.185165397841196,4.0
39,7.304904594649194,4.0
40,7.5014100391878165,4.0
41,7.645486312063417,1.0
42,7.659014953441047,4.0
43,7.666673549537272,3.0
44,7.740689052807922,3.0
45,7.810200710910864,4.0
46,7.83490303737713,4.0
47,7.84282045205914,1.0
48,7.8482849400719665,0.0
49,7.8836336472126955,1.0
50,7.9365684005333765,0.0
51,7.939560036424064,0.0
52,7.942471587747023,4.0
53,7.996780937442012,0.0
54,8.023451926633035,4.0
55,8.037202212842972,1.0
56,8.03737832851325,1.0
57,8.128512994589954,0.0
58,8.236105905622779,3.0
59,8.243338216712539,4.0
60,8.26258953469247,4.0
61,8.416825645493931,1.0
62,8.887372986033691,1.0
63,8.911389349773158,1.0
64,9.031956630020124,0.0
65,9.315880888998013,4.0
66,9.369379513087775,4.0
67,9.510821880247859,4.0
68,9.530038149105264,4.0
69,9.555653953891111,3.0
70,9.681311707762914,4.0
71,9.684257066623566,4.0
72,9.701263799254821,1.0
73,9.815743574324216,4.0
74,9.867271959680433,4.0
75,9.92860992414047,4.0
76,9.960561938638932,1.0
77,9.988421964018098,4.0
