,time,event
0,0.9408908877586533,2.0
1,2.3010305541643845,3.0
2,2.5171429736759956,3.0
3,2.7162053599790186,4.0
4,2.971953902873638,4.0
5,3.4897398275615146,0.0
6,3.5954971907943243,0.0
7,3.771915443928294,0.0
8,4.140694932709941,2.0
9,4.200105618136821,3.0
10,4.526114831886042,0.0
11,4.749472506811801,3.0
12,4.802104679552236,0.0
13,4.96308456733803,0.0
14,5.033783022075367,4.0
15,5.106228894294357,3.0
16,5.110220435797643,3.0
17,5.664791380209104,3.0
18,5.681780777993941,4.0
19,5.690394175230486,4.0
20,5.764888526727308,4.0
21,5.871162155035193,0.0
22,5.900964357649993,0.0
23,6.10401186272491,0.0
24,6.2651629357918,4.0
25,6.352513611385986,3.0
26,6.4161382886038085,1.0
27,6.817090285904344,2.0
28,6.9184698016420745,4.0
29,6.919570976042251,2.0
30,6.9304907769443505,0.0
31,7.1132111619743155,4.0
32,7.16632506911012,0.0
33,7.218725518903926,0.0
34,7.298522633365099,3.0
35,7.375515648315707,2.0
36,7.450615235433481,2.0
37,7.620277420447114,3.0
38,7.959952795513872,3.0
39,7.984171348942015,4.0
40,8.096466108326673,3.0
41,8.130411206203895,2.0
42,8.151869976426314,0.0
43,8.161973547924314,4.0
44,8.169467866284359,0.0
45,8.329988254108248,3.0
46,8.348028905709237,4.0
47,8.365109384944015,4.0
48,8.40908990683127,0.0
49,8.432145390757324,2.0
50,8.480612838378983,2.0
51,8.673323085211146,3.0
52,8.720239656728292,1.0
53,8.7458422989896,2.0
54,8.775720610944264,3.0
55,8.786829882345303,4.0
56,8.792318783776825,2.0
57,9.183271734173184,0.0
58,9.199055156843977,2.0
59,9.29227161569739,2.0
60,9.328812152884753,3.0
61,9.614723482556908,2.0
62,9.786394086341756,3.0
