,time,event
0,0.5064653177248286,0.0
1,1.0282843346572272,3.0
2,1.9515388276300405,2.0
3,2.0961221851364145,3.0
4,2.526462960565975,2.0
5,2.6883173014788637,2.0
6,3.3025098106193536,4.0
7,3.3578024639069755,1.0
8,3.5128712057487346,3.0
9,4.061819573482993,3.0
10,4.481582934587636,3.0
11,4.770177449115235,4.0
12,4.999521392893827,4.0
13,5.002002358318948,1.0
14,5.288328645717924,3.0
15,6.460561021277138,1.0
16,6.462549194346167,3.0
17,6.558935433281771,3.0
18,6.5881216107963425,2.0
19,6.735081936106996,4.0
20,7.313109988060908,1.0
21,7.337227329825481,1.0
22,7.381611285740856,0.0
23,7.386423043999964,4.0
24,7.750180946223071,4.0
25,8.662935973771917,4.0
26,8.78786734079847,3.0
27,8.841573967124395,1.0
28,8.84416835263594,4.0
29,8.94904396940006,3.0
30,9.352511421245563,4.0
31,9.628556121687495,0.0
32,9.708669427902,0.0
33,9.810229784084555,1.0
