,time,event
0,1.9091759334519462,3.0
1,1.9292900384746956,3.0
2,2.2458285335773835,2.0
3,3.50608842951241,0.0
4,4.048164267974312,4.0
5,4.089607952964766,2.0
6,4.222397484368329,3.0
7,4.271384520455919,2.0
8,4.3044993424510976,1.0
9,4.308509258940053,4.0
10,4.338556836295684,2.0
11,4.52222246041004,2.0
12,4.531354101073079,0.0
13,4.6861704666836905,4.0
14,4.755642380146712,3.0
15,5.69269447248901,0.0
16,6.199003636276966,3.0
17,6.252822986174484,1.0
18,6.381851481944962,4.0
19,6.413780230952387,1.0
20,6.4220455460281825,1.0
21,6.4265384063470385,2.0
22,6.44582894668961,0.0
23,6.4775080856823735,0.0
24,6.497732078883503,4.0
25,6.52064495769744,4.0
26,6.5533820363489665,0.0
27,6.579707858648983,4.0
28,6.600192765171649,2.0
29,6.708683979839792,4.0
30,6.763044075338031,0.0
31,6.775001618836964,4.0
32,6.7805841006974665,0.0
33,6.952067039152075,4.0
34,6.970094107930479,2.0
35,7.079485827652624,3.0
36,7.128523744307705,1.0
37,7.185677320486248,1.0
38,7.22864775077353,4.0
39,7.234731346073921,1.0
40,7.810169190667461,3.0
41,7.877498276383974,3.0
42,8.215215870955149,1.0
43,8.435232230509959,4.0
44,8.435969785196365,1.0
45,8.46825821954852,3.0
46,8.488390721219032,4.0
47,8.490342811551594,4.0
48,8.529140797609083,2.0
49,8.612805364660447,0.0
50,8.613410157810549,3.0
51,8.630720025179127,3.0
52,8.636778379009504,1.0
53,8.759249626204936,4.0
54,8.784667181732495,3.0
55,8.827971608320397,1.0
56,8.8513412767141,1.0
57,8.855209711456116,0.0
58,8.874533385329066,3.0
59,8.902675243141001,4.0
60,8.94852516999638,1.0
61,8.990140267597235,2.0
62,9.076737222242976,4.0
63,9.105829097247735,1.0
64,9.140100245625085,4.0
65,9.199188931215671,0.0
66,9.287130861709606,4.0
67,9.303620572735799,3.0
68,9.375973493067669,4.0
69,9.394596144623293,4.0
70,9.410975824430986,0.0
71,9.432950503298082,1.0
72,9.471118525092896,4.0
73,9.489093722946272,1.0
74,9.529342722685591,3.0
75,9.534438034489956,1.0
76,9.58546306620002,3.0
77,9.835118686615454,4.0
