,time,event
0,0.0418870396719559,3.0
1,0.2684568479464789,0.0
2,0.47789535377273845,3.0
3,0.9099986620288494,3.0
4,1.1487649709241035,3.0
5,1.2345524657472482,3.0
6,1.5071020168199327,2.0
7,2.426677795739238,4.0
8,2.774415140662064,0.0
9,2.845222742961961,3.0
10,3.018849777466855,3.0
11,3.263179975292644,4.0
12,3.4599392223339467,0.0
13,3.4711344964355306,1.0
14,3.6088296925501524,4.0
15,3.644837711833658,1.0
16,3.6570458990777928,3.0
17,3.6851055097135776,4.0
18,3.878855040187376,3.0
19,3.890480289333389,0.0
20,4.016485396569252,3.0
21,4.241099376069749,3.0
22,4.9450991367399855,3.0
23,5.032847419384022,0.0
24,5.1991548437625,1.0
25,5.205051224151209,3.0
26,5.24275142498933,1.0
27,5.261748254083125,0.0
28,5.27037999185945,4.0
29,5.408972123550124,1.0
30,5.727048676730231,2.0
31,5.762555025038805,3.0
32,5.854670486649252,0.0
33,5.870498732704962,0.0
34,5.9299006586035,2.0
35,6.092054978598812,1.0
36,6.222206261006591,1.0
37,6.262253669513373,0.0
38,6.272441780711465,4.0
39,6.343502491812221,0.0
40,6.498705640191755,4.0
41,6.681767240348273,4.0
42,6.688483246590364,4.0
43,7.347933078704359,0.0
44,7.393944608280344,2.0
45,7.433198968111985,1.0
46,7.435270812656871,1.0
47,7.467404258145816,3.0
48,7.514635825158906,3.0
49,7.516213021238443,3.0
50,7.519762617846294,1.0
51,7.7124074361357655,3.0
52,7.716308097598835,2.0
53,7.778969049267987,4.0
54,8.086568622691887,3.0
55,8.226939946064087,3.0
56,8.26476387837739,2.0
57,8.399538405471464,2.0
58,8.534051426590437,3.0
59,8.574583326624753,2.0
60,8.578100080803644,4.0
61,8.627344882354649,3.0
62,8.649331658012699,3.0
63,8.666276637970615,2.0
64,8.686014864869863,3.0
65,8.864947717304263,0.0
66,8.869555547065765,2.0
67,8.916408932738923,2.0
68,8.917279050670672,0.0
69,9.01292993448019,3.0
70,9.08728883199037,0.0
71,9.285348084226085,3.0
72,9.495892373961558,2.0
73,9.54678458580285,3.0
74,9.549335031023968,4.0
75,9.588563097293537,4.0
76,9.592155920949782,1.0
77,9.669809092541772,1.0
78,9.70099150717647,4.0
79,9.706453530614992,3.0
80,9.712102037960836,4.0
81,9.721055908884255,4.0
82,9.777094769171494,4.0
83,9.783893197598115,2.0
84,9.800124830316951,3.0
85,9.847551750415121,3.0
86,9.867755093208348,3.0
87,9.868285018276223,0.0
88,9.871477815779862,0.0
89,9.876925337361762,2.0
90,9.885278721466355,4.0
91,9.88693447971729,4.0
92,9.91909531207167,0.0
93,9.920266884415845,4.0
94,9.959455052667918,0.0
95,9.962806541006348,0.0
96,9.988158138482518,3.0
