,time,event
0,0.24515388867554763,3.0
1,1.2504604594527229,0.0
2,1.3189378447188334,3.0
3,2.3742670544838944,0.0
4,2.54640359264177,0.0
5,3.2920419439013076,3.0
6,3.5924874825247866,1.0
7,3.59441735622114,3.0
8,3.6878101359482125,1.0
9,4.412159880339023,3.0
10,4.906230299104133,3.0
11,4.9284961348573795,1.0
12,4.982371896238479,3.0
13,5.117595719396491,3.0
14,5.212685254301966,4.0
15,5.266984391377581,3.0
16,5.576427349071047,2.0
17,5.69442000563592,4.0
18,5.825449318882347,4.0
19,5.84381975755604,3.0
20,5.892237497768867,1.0
21,5.9086448381629,4.0
22,5.987978412620672,4.0
23,6.094074103475073,1.0
24,6.138394068176357,4.0
25,6.208786653311573,3.0
26,6.418074856961696,3.0
27,6.688793393346866,2.0
28,7.068508089835473,0.0
29,7.21165123564974,3.0
30,7.291554361629287,3.0
31,7.508205502288994,2.0
32,7.676664141472542,4.0
33,7.883702655089791,1.0
34,7.99448962194025,4.0
35,8.020288847597326,2.0
36,8.116012166007764,4.0
37,8.237560041087532,1.0
38,8.320486302036976,3.0
39,8.366273515060293,4.0
40,8.394062215683375,4.0
41,8.469936093421763,2.0
42,8.48706319930024,1.0
43,8.80047454192339,2.0
44,9.138669497164651,3.0
45,9.327082127338938,2.0
46,9.46583825863603,3.0
47,9.498231920715293,3.0
48,9.554801179127683,3.0
49,9.57692823016597,2.0
50,9.584475984068156,3.0
51,9.637750598650609,1.0
52,9.731642820345236,4.0
53,9.83326740738674,3.0
54,9.948131931186166,4.0
