,time,event
0,0.020396523179989485,2.0
1,0.1034007929603577,3.0
2,0.46686529194414256,0.0
3,0.7589120411228941,3.0
4,1.1651034424603253,0.0
5,1.5291416959009834,3.0
6,1.6104010614244224,3.0
7,2.549761544750208,3.0
8,4.120092768635407,0.0
9,4.992323743527165,4.0
10,5.070675921787189,1.0
11,5.190062567286562,0.0
12,5.42595142687158,4.0
13,5.710754807622656,1.0
14,6.65464239353467,1.0
15,6.761755205422975,2.0
16,7.668634150801806,3.0
17,7.79891606005444,1.0
18,7.9226671114064695,0.0
19,8.20415087441135,3.0
20,8.553930311516778,3.0
21,8.964538726378294,1.0
22,9.465777764768973,3.0
23,9.756617868400577,4.0
