,time,event
0,0.020914245915526906,1.0
1,0.7908578747669263,4.0
2,0.9572023403927169,2.0
3,1.1153077241311982,4.0
4,1.5239273512150486,1.0
5,1.5715524167381,2.0
6,1.6167639745184146,3.0
7,1.997340135203316,1.0
8,2.1497566229065272,3.0
9,2.2649310467936186,3.0
10,2.451441041743615,4.0
11,3.240761134018088,3.0
12,3.341701922483078,2.0
13,3.36201312992676,2.0
14,3.450398327634674,1.0
15,4.063278714692999,1.0
16,4.079398280921656,1.0
17,4.175920554966989,1.0
18,4.269049061267927,1.0
19,4.279490361212994,3.0
20,4.366595253777759,2.0
21,4.387931520642589,1.0
22,4.5701456803022475,1.0
23,4.595002436796506,0.0
24,4.610624401885072,3.0
25,5.043790139279263,4.0
26,5.191538302651413,1.0
27,5.263671257389626,0.0
28,5.717589356296216,2.0
29,5.766003198187458,2.0
30,5.976747991648097,2.0
31,6.333940423131402,1.0
32,6.504146554693606,2.0
33,6.504304525539645,3.0
34,6.507888565794376,1.0
35,6.529520969941416,3.0
36,6.61718578135811,2.0
37,6.650848781863454,2.0
38,6.778871075290208,1.0
39,7.159582772977337,4.0
40,7.194746591944499,1.0
41,7.264484139755807,1.0
42,7.299368826238484,4.0
43,7.326035461537213,3.0
44,7.54134279163453,3.0
45,7.896131642915148,1.0
46,8.027294921343872,1.0
47,8.345000614907917,2.0
48,8.380523167908274,3.0
49,8.612102504631643,2.0
50,8.835730384860138,2.0
51,8.950849395919889,1.0
52,8.959693097355045,3.0
53,8.975253022738643,3.0
54,8.983511167111624,3.0
55,9.079820999509545,2.0
56,9.265193384612576,0.0
57,9.359663714363398,3.0
58,9.40159166962938,2.0
59,9.528513080600549,2.0
60,9.601928347928954,3.0
61,9.646043835583031,0.0
62,9.648847633716684,2.0
63,9.796634143863558,3.0
64,9.809726140487808,3.0
65,9.809809130896207,4.0
66,9.840250572181526,1.0
