,time,event
0,0.08674454681146834,0.0
1,0.22671809750687275,3.0
2,0.3290544040302968,3.0
3,0.45957562569582056,1.0
4,2.2870061141793077,3.0
5,2.5000016330542905,3.0
6,2.6650235615049604,1.0
7,3.422116222187248,3.0
8,3.7623633385904793,0.0
9,4.281669564255113,3.0
10,4.691088895734064,3.0
11,4.948154495400734,0.0
12,5.238807062267136,0.0
13,5.369270182427933,0.0
14,5.421957374648321,3.0
15,5.711563142250701,4.0
16,5.953712582402105,2.0
17,6.142540623672689,3.0
18,6.1869109743687165,4.0
19,6.390208604801184,3.0
20,6.474849466024816,1.0
21,6.597261452730504,1.0
22,6.6167030753434615,1.0
23,6.8036273519748445,0.0
24,6.882488994331151,3.0
25,7.100986237730572,1.0
26,7.2703786070569025,3.0
27,7.349797614355596,3.0
28,7.530607224328535,3.0
29,7.64261073635104,3.0
30,7.676928222020229,1.0
31,7.808874489578956,3.0
32,7.9600954279068095,2.0
33,7.990672872569053,4.0
34,8.00606770672658,0.0
35,8.048173324415373,4.0
36,8.157935865187941,2.0
37,8.326671368135788,4.0
38,8.393368802717813,2.0
39,8.439248992991576,0.0
40,8.500739702314968,4.0
41,8.531832700793384,3.0
42,8.559371384438172,2.0
43,8.567258084837707,1.0
44,8.580472428027159,0.0
45,8.633326197844479,2.0
46,9.011763240176267,4.0
47,9.056675948129884,1.0
48,9.117022765420227,1.0
49,9.271864237525264,2.0
50,9.273590161153011,3.0
51,9.293498428536063,1.0
52,9.30081286108687,1.0
53,9.49739795251765,0.0
54,9.585472642218264,1.0
55,9.930267330113459,1.0
56,9.957735463665191,3.0
57,9.976610307929366,3.0
58,9.996798658564684,1.0
