,time,event
0,0.14092200633464408,3.0
1,1.471580599926249,3.0
2,1.4758498404049318,3.0
3,2.131881628504904,3.0
4,2.6088687002766817,2.0
5,2.734194474320244,0.0
6,2.744849425808695,3.0
7,3.724788366041347,2.0
8,3.948577019163093,2.0
9,4.045723387054792,4.0
10,4.076028078090735,0.0
11,4.394131201000175,2.0
12,4.402927072096621,2.0
13,4.65837871252116,3.0
14,4.810650521572506,3.0
15,4.9911342737831,2.0
16,5.022969752688972,3.0
17,5.065160877421993,3.0
18,5.268919635062891,3.0
19,5.471076708199599,3.0
20,5.606646157447869,4.0
21,5.877703299059993,0.0
22,6.062934747683189,3.0
23,6.145137733782715,3.0
24,6.196683593465588,0.0
25,6.506996416517654,2.0
26,6.537439806169882,2.0
27,6.55290949283237,0.0
28,6.589664930696792,0.0
29,6.932679510300539,2.0
30,6.968456694519141,3.0
31,7.062129564173975,2.0
32,7.286576173101318,2.0
33,7.497653830605092,3.0
34,7.645510928699022,3.0
35,7.649933585647263,0.0
36,7.887697310658431,3.0
37,8.392303283565138,3.0
38,8.520957634454636,3.0
39,8.614005059830632,3.0
40,8.617435226241993,2.0
41,8.899903889052464,3.0
42,8.927483059839478,1.0
43,8.931467475865901,3.0
44,9.292344455338842,0.0
45,9.402074748324296,3.0
46,9.410175087295636,3.0
47,9.4257790792515,3.0
48,9.877892630959238,3.0
49,9.885799034253411,2.0
