,time,event
0,0.3502534990852039,3.0
1,0.4137055063108407,2.0
2,0.48359702171357033,1.0
3,0.744979255612887,3.0
4,1.7891486074951184,1.0
5,2.1096051902820747,4.0
6,2.3541971871990603,3.0
7,2.3807964326595816,1.0
8,2.78834222777774,4.0
9,2.7962040692977066,2.0
10,2.7982851334841867,3.0
11,3.2832416314546546,2.0
12,4.069522750026251,4.0
13,4.071327990063709,3.0
14,4.1464239540953365,0.0
15,4.383449918085529,0.0
16,4.398830638135924,1.0
17,4.641181066504723,1.0
18,4.712107616622541,4.0
19,4.82525060223487,2.0
20,4.9017086592153065,4.0
21,5.198951920227829,3.0
22,5.4614667213793675,1.0
23,5.596375223874899,1.0
24,5.657317720923746,3.0
25,5.783081626818376,2.0
26,6.012580076104324,4.0
27,6.1924652171008425,0.0
28,6.240691568868457,1.0
29,6.261666842722073,3.0
30,6.329081373241799,2.0
31,6.337622528374261,0.0
32,6.3720969355841355,0.0
33,6.505412793419975,1.0
34,6.545469973271071,3.0
35,6.568664802021408,3.0
36,6.689767597889217,2.0
37,6.717311555440204,0.0
38,6.747609522612037,3.0
39,6.776698644005122,3.0
40,6.844759671094867,3.0
41,6.856162777492645,0.0
42,6.856426087344597,3.0
43,6.999858693052185,4.0
44,7.009844102979748,1.0
45,7.084978298285322,1.0
46,7.098357517562315,2.0
47,7.115019723009906,1.0
48,7.223955288825183,0.0
49,7.549951252097897,4.0
50,7.8960678510517175,2.0
51,8.042376752999571,1.0
52,8.055806773155362,1.0
53,8.226286471914225,4.0
54,8.294306447915774,2.0
55,8.379776865390895,0.0
56,8.389530839820848,0.0
57,8.389949793746228,0.0
58,8.405646754929261,2.0
59,8.408988575636057,0.0
60,8.410877178784727,0.0
61,8.414853823316498,4.0
62,8.472531031228018,0.0
63,8.49369076279618,3.0
64,8.501923541112305,0.0
65,8.59495054355626,3.0
66,8.64437159233224,4.0
67,8.656936921636913,3.0
68,8.660020369672562,1.0
69,8.732160484842026,2.0
70,8.733222006106567,2.0
71,8.755857777437308,0.0
72,8.760136338713505,1.0
73,8.826478517341776,3.0
74,8.897659986739662,1.0
75,8.967316043202876,1.0
76,9.011686172865016,2.0
77,9.034129585346006,1.0
78,9.229584067425803,4.0
79,9.23227992725256,1.0
80,9.309924724451802,4.0
81,9.353410550887242,3.0
82,9.416696691676636,3.0
83,9.4173556157637,1.0
84,9.447471656153688,4.0
85,9.488413386704803,4.0
86,9.570228457082496,3.0
87,9.577972365841944,0.0
88,9.597423580126346,3.0
89,9.692948567225372,3.0
90,9.765467096321329,2.0
91,9.800302233289623,2.0
92,9.882531000370577,3.0
