,time,event
0,0.16205198041512478,4.0
1,0.48453383498178726,4.0
2,2.418229428315633,2.0
3,2.454767343091327,4.0
4,2.763128722087834,3.0
5,2.8664809570110545,3.0
6,3.1271307225448024,1.0
7,3.1751865902890555,3.0
8,3.3367255447806143,4.0
9,3.3824367499179893,1.0
10,3.432597161050782,2.0
11,3.686192062728906,1.0
12,4.046979765482448,1.0
13,4.121190325070948,4.0
14,4.130599143933141,1.0
15,4.361158464004085,1.0
16,4.721359348411765,2.0
17,4.821210562843955,4.0
18,4.992978955245952,3.0
19,5.020320636609175,1.0
20,5.027300008741416,1.0
21,5.211216238738983,1.0
22,5.7634561687492925,3.0
23,5.796419965093312,3.0
24,5.870628235462094,1.0
25,5.876199830297572,1.0
26,5.891020486216431,1.0
27,6.043404530301361,3.0
28,6.080667091998212,0.0
29,6.382440917031705,1.0
30,6.418393439957995,2.0
31,6.480575318189217,0.0
32,6.487609009782126,3.0
33,6.618217048369451,3.0
34,6.846986370136174,0.0
35,7.031819231828248,0.0
36,7.19731105326578,4.0
37,7.439703129208201,2.0
38,7.445227644020409,3.0
39,7.513042317088688,0.0
40,7.5612577313018585,0.0
41,7.5634469325389135,3.0
42,7.571941440184784,0.0
43,7.581823467207863,3.0
44,8.07030452928352,1.0
45,8.22234923383376,1.0
46,8.28016411964442,1.0
47,8.28981543560485,3.0
48,8.30042630557274,1.0
49,8.337627169318205,3.0
50,8.380858304972309,3.0
51,8.462923395674913,0.0
52,8.519611484687465,1.0
53,8.630273702443068,0.0
54,8.75469971701373,2.0
55,8.771194900289283,1.0
56,8.791482913796871,0.0
57,8.927495124301442,0.0
58,8.937131888632923,1.0
59,8.94967552358885,1.0
60,9.059075807170148,1.0
61,9.092191947711202,0.0
62,9.135249276658161,1.0
63,9.160576743741938,4.0
64,9.285366429235845,3.0
65,9.339836137491108,1.0
66,9.348333063115785,2.0
67,9.44584434397801,3.0
68,9.565620500524934,1.0
69,9.728908897260236,1.0
70,9.76689476918412,3.0
71,9.811461589560038,4.0
72,9.822575108641738,1.0
73,9.840635272131756,1.0
74,9.844672392469702,1.0
75,9.915845299468367,1.0
76,9.917352562037456,3.0
77,9.927268130340643,0.0
