,time,event
0,0.20282972757977788,1.0
1,0.7727254230528096,4.0
2,2.2251166317099726,2.0
3,2.2315096177823976,0.0
4,2.313145110130351,4.0
5,2.4018009296344744,3.0
6,2.4822958934314157,2.0
7,2.952961204874958,3.0
8,3.1604431624536424,0.0
9,3.20329644212185,3.0
10,3.901879355867696,3.0
11,4.533917086201288,2.0
12,4.654445229157188,0.0
13,4.666588927482485,4.0
14,4.67239832697039,1.0
15,4.855741833652386,1.0
16,5.157918144513969,2.0
17,5.693486659020745,1.0
18,5.863561908129873,2.0
19,6.0084037811001485,3.0
20,6.020898126465808,2.0
21,6.878698957996061,1.0
22,7.24965263744897,1.0
23,7.266442823751594,2.0
24,7.580313324394435,1.0
25,7.590601342484645,2.0
26,7.7521504737550115,4.0
27,7.772738318685465,1.0
28,7.821005002882898,2.0
29,7.942865856657089,2.0
30,7.9991510329336775,1.0
31,8.567105968919002,2.0
32,8.891415878205429,2.0
33,9.006283415090842,2.0
34,9.203670646535608,2.0
35,9.252579688075098,2.0
36,9.296742033373643,1.0
37,9.410142553234431,1.0
38,9.56070218309125,2.0
39,9.669252267913764,1.0
40,9.710422630229395,1.0
41,9.786600425767887,2.0
