,time,event
0,0.1587347846136344,3.0
1,0.7042537367564262,2.0
2,0.8941203420823826,2.0
3,1.1842458431588099,2.0
4,1.7573693837210287,2.0
5,2.1204408718290506,3.0
6,2.352930917652591,1.0
7,2.630423129893035,1.0
8,2.8276046116395848,1.0
9,3.1888733019552284,4.0
10,3.379649455687727,3.0
11,3.521319047945616,2.0
12,3.8420626032878036,1.0
13,4.363044651455677,3.0
14,4.46594742728098,1.0
15,4.500266214308328,1.0
16,4.625815450217193,2.0
17,4.760159695014854,2.0
18,4.975347120583346,0.0
19,5.1586148862706445,0.0
20,5.314093952780417,0.0
21,5.581837326878886,2.0
22,5.702030341169402,3.0
23,6.05183898446451,3.0
24,6.142320688468652,0.0
25,6.351865587388131,2.0
26,6.556224154539544,2.0
27,6.630824402223143,2.0
28,7.004978809091317,2.0
29,7.20347463069121,2.0
30,7.250571852890745,4.0
31,7.930466668008421,3.0
32,8.206579762546934,3.0
33,8.214032995377572,0.0
34,8.441394762897728,1.0
35,8.58529197419646,2.0
36,8.752518824836804,4.0
37,8.83057490844363,4.0
38,9.336238164833027,3.0
39,9.391601864471372,1.0
