,time,event
0,0.37339105994105026,1.0
1,0.9462549718584699,1.0
2,1.0540594650099084,2.0
3,1.135948004583155,1.0
4,2.0147805349634234,2.0
5,2.1159305873323877,2.0
6,2.3467257725534534,1.0
7,2.5386488510027543,2.0
8,2.681989810310593,0.0
9,3.211312898357482,0.0
10,3.296449800613701,1.0
11,3.3095047523182846,2.0
12,3.6159069836903464,3.0
13,3.866444777441151,2.0
14,4.798405596094652,3.0
15,5.0173164366403915,0.0
16,5.151118890509461,0.0
17,5.294033326237642,1.0
18,5.368975773054533,1.0
19,5.39733419777715,0.0
20,5.521509724820235,0.0
21,5.6107963329108035,0.0
22,5.653687648652367,4.0
23,5.80014274056014,2.0
24,5.930637895396432,2.0
25,6.083096133729332,1.0
26,6.51148000346328,2.0
27,6.551850422756724,4.0
28,6.65912600471779,1.0
29,6.856435606331689,1.0
30,7.18959124655501,0.0
31,7.233268541814793,2.0
32,7.34716291825054,2.0
33,7.505809277959366,0.0
34,7.6268693356611585,4.0
35,7.668275794916451,1.0
36,7.7225326868768045,1.0
37,7.790028079990815,1.0
38,7.820385723428592,1.0
39,7.857328254917328,0.0
40,7.867805272362333,0.0
41,7.960395487735777,4.0
42,7.977525332447885,2.0
43,8.056713610210831,0.0
44,8.080777165894125,4.0
45,8.087376135374672,2.0
46,8.088563438901524,4.0
47,8.399602953736675,0.0
48,8.46459114552378,0.0
49,8.5527250092956,1.0
50,8.55602411351955,1.0
51,8.717970623525655,2.0
52,8.827225897206691,2.0
53,8.844142021448624,4.0
54,8.85657667748023,1.0
55,8.890508647029119,1.0
56,8.960266542033423,1.0
57,9.13036962401999,4.0
58,9.80855957553803,1.0
59,9.905020363580368,0.0
