,time,event
0,0.2575208092789383,2.0
1,0.2604524887986938,1.0
2,0.45085282154729944,2.0
3,1.0235273891226153,2.0
4,1.1208481062719842,3.0
5,1.357853037324916,1.0
6,2.5292074262916255,0.0
7,2.638120786087808,3.0
8,2.7546408783689316,4.0
9,2.854696866499725,4.0
10,3.2377004382631553,0.0
11,3.3490467675863314,2.0
12,4.721666382856624,0.0
13,4.894130976717722,1.0
14,5.135620637888176,0.0
15,5.244707871493856,2.0
16,5.2703920215980355,2.0
17,5.553102681441703,0.0
18,5.565515865990243,0.0
19,5.572635552514639,0.0
20,5.685109077766135,1.0
21,6.7626779636117895,2.0
22,6.99657914713347,1.0
23,7.018841617711514,3.0
24,7.288724546336689,0.0
25,7.402075844115587,0.0
26,7.508098260028054,2.0
27,7.56051261565216,0.0
28,7.685537687108791,2.0
29,7.730127802215911,3.0
30,7.806911146229795,2.0
31,7.833905267510612,0.0
32,7.8370247854851485,1.0
33,7.904489290082495,2.0
34,8.011393441846716,3.0
35,8.02921996432919,1.0
36,8.143613733462495,1.0
37,8.86922750374601,3.0
38,8.875068173942562,4.0
39,9.105792800570379,2.0
40,9.348939753376046,1.0
41,9.438023660846035,2.0
42,9.579265441629671,3.0
43,9.600764151432763,1.0
44,9.69093468342065,0.0
45,9.800136429867194,0.0
46,9.885750119174467,0.0
47,9.949002648969726,0.0
48,9.986521838034033,3.0
