,time,event
0,0.35226240275587356,3.0
1,0.5330762906532422,3.0
2,1.7550588690725717,2.0
3,2.4158813401461416,1.0
4,2.624576337346241,1.0
5,2.7954454499359205,1.0
6,3.1373586591079485,1.0
7,3.43417666995036,2.0
8,3.6295290401261533,1.0
9,3.6981011596031697,4.0
10,3.9968345008944066,3.0
11,4.062125165724955,3.0
12,4.135791311410909,0.0
13,4.167158007775717,0.0
14,4.794886688104133,1.0
15,5.03844766308496,2.0
16,5.050918103538206,1.0
17,5.140552388555548,2.0
18,5.227237910312173,2.0
19,5.758633555550533,3.0
20,5.784231864764813,1.0
21,5.80992960286528,3.0
22,5.833847700320361,3.0
23,6.034401039257426,4.0
24,6.0646998751279915,3.0
25,6.076843207648549,4.0
26,6.4886129705782905,4.0
27,6.634544105262758,4.0
28,6.863474101511221,2.0
29,7.0119589206784685,0.0
30,7.036704411038813,2.0
31,7.047007836024569,0.0
32,7.25028513620565,1.0
33,7.3260258709212245,1.0
34,7.3338309312575936,3.0
35,7.84149574117909,4.0
36,7.93552626598855,3.0
37,8.076437755095936,4.0
38,8.082005399712227,4.0
39,8.184036692417257,1.0
40,8.236258419405404,2.0
41,8.40534237331455,4.0
42,8.414101390262973,1.0
43,8.486286537621604,3.0
44,8.5591631602548,4.0
45,8.718111427830024,4.0
46,9.04685475635227,0.0
47,9.107985971170885,1.0
48,9.237278573993503,1.0
49,9.372894443270626,0.0
50,9.381415145325395,4.0
51,9.50404013335929,0.0
52,9.55206383969525,1.0
53,9.731929377750175,1.0
54,9.929258417485043,3.0
