,time,event
0,0.5549551656422316,1.0
1,0.661860347781807,2.0
2,1.1759353777159216,2.0
3,1.59967785292718,1.0
4,1.6002391828745544,4.0
5,1.9021835853187834,2.0
6,2.057309513514253,3.0
7,2.2125475944416793,3.0
8,2.423971312840555,4.0
9,2.771238373887209,1.0
10,3.147988884881634,3.0
11,3.4027532349074607,2.0
12,3.4369330743546422,2.0
13,3.8074311075882843,1.0
14,3.8418577032479466,3.0
15,3.889838580223941,1.0
16,3.9402185136763737,2.0
17,4.013607964653589,1.0
18,4.225910187696601,2.0
19,4.308608286100635,0.0
20,4.418411833265011,3.0
21,4.591952632620062,2.0
22,5.056058150426577,2.0
23,5.448333512699445,0.0
24,5.871155964866716,3.0
25,6.055558669524477,2.0
26,6.290056112016241,4.0
27,6.416814478628008,2.0
28,6.45086668814631,0.0
29,6.549357372567524,2.0
30,6.873513960480427,3.0
31,7.290961859827472,4.0
32,7.354541867521357,0.0
33,7.485952813271184,2.0
34,8.057131815989324,0.0
35,8.104021669327048,3.0
36,8.289393011252368,0.0
37,8.3580973892731,0.0
38,8.531466031582983,0.0
39,8.57890242871868,2.0
40,8.714407366025709,1.0
41,8.91375565263078,0.0
42,9.045335465686765,3.0
43,9.136106340416863,0.0
44,9.252650479992061,0.0
45,9.259384692822051,2.0
46,9.392831966961419,3.0
47,9.433759526450949,3.0
48,9.647560953598955,3.0
49,9.658384612748407,3.0
50,9.702817205186363,0.0
