,time,event
0,0.13785365586495346,2.0
1,0.6173536014492562,2.0
2,2.2886657081455604,3.0
3,2.5096537406713004,3.0
4,2.6466479817088486,3.0
5,3.0057744238706396,0.0
6,4.147253165449989,3.0
7,4.4152386076371934,3.0
8,4.448098413620811,3.0
9,4.794460272680343,1.0
10,4.915439663077065,1.0
11,5.298894249299373,2.0
12,5.303114556907486,3.0
13,5.696713334353583,3.0
14,6.006778133433425,3.0
15,6.025856075454832,3.0
16,6.146876422127783,3.0
17,6.175513774796462,1.0
18,6.2350776400936505,2.0
19,6.291969396778172,1.0
20,6.47539382647927,3.0
21,6.540671101441637,1.0
22,6.576015037529984,2.0
23,6.93268111153143,4.0
24,6.989086535603034,4.0
25,7.140090236667211,1.0
26,7.194986054933497,3.0
27,7.208746234743393,3.0
28,7.21176432648748,2.0
29,7.391254265397146,4.0
30,7.7291814699357495,2.0
31,7.7928352720891185,1.0
32,8.053654512707066,2.0
33,8.11190415808426,1.0
34,8.269473257011448,0.0
35,8.294240729454645,2.0
36,8.323750935070127,2.0
37,8.339883453833785,3.0
38,8.460282073013342,0.0
39,8.46762207346518,2.0
40,8.48122136540966,2.0
41,8.505997358464349,3.0
42,8.550820463919433,0.0
43,8.577950734915657,0.0
44,8.662712068681671,4.0
45,8.701924923856033,4.0
46,8.938795859271947,4.0
47,8.956324832775982,4.0
48,9.030836121920238,0.0
49,9.044157712511657,2.0
50,9.407237035897365,1.0
51,9.4355964356584,3.0
52,9.481658396002397,1.0
53,9.565359824021243,1.0
54,9.61621067817212,0.0
55,9.722410850887998,0.0
56,9.952512309668558,4.0
