,time,event
0,0.7748043262044746,2.0
1,1.2481355601907518,1.0
2,1.3591856249794716,2.0
3,1.4561371366972948,0.0
4,2.1304003273025804,3.0
5,2.3102418006903287,3.0
6,2.5368954457500843,2.0
7,2.656767472560041,2.0
8,3.0373014473872164,2.0
9,3.0785245524155127,2.0
10,3.2209247454440506,3.0
11,3.4832028580004377,1.0
12,3.621981365319036,2.0
13,3.6676861626552233,2.0
14,3.6870771223869823,2.0
15,3.826043258785166,1.0
16,3.9463494119673275,1.0
17,4.199920084950958,3.0
18,4.225095930295703,0.0
19,4.290375279516988,0.0
20,4.3772874378534095,0.0
21,4.411711609859413,4.0
22,4.4496416752374195,4.0
23,4.532665016903779,2.0
24,4.710332802388916,2.0
25,4.779466665719062,4.0
26,4.882482896470599,4.0
27,5.060480997785462,3.0
28,5.374418363892662,3.0
29,5.491281488676889,0.0
30,5.535660896848353,4.0
31,5.569356766457494,2.0
32,5.659767116531536,4.0
33,5.700471316894294,4.0
34,5.839099190876567,2.0
35,5.9627474543361485,2.0
36,6.1599225734762415,1.0
37,6.214124995984253,4.0
38,6.289621074341491,0.0
39,6.540510365558137,1.0
40,7.085009276173789,4.0
41,7.1486813356467085,2.0
42,7.506711096021003,4.0
43,7.5835704702911855,1.0
44,7.841576180527354,0.0
45,7.923495389917153,2.0
46,8.347251211026965,1.0
47,8.40646983122227,1.0
48,8.41120890606697,2.0
49,8.654844829853385,4.0
50,8.86678888987084,3.0
51,9.058475759379794,3.0
52,9.402174470412621,2.0
53,9.446203282121061,0.0
54,9.628357270295977,1.0
55,9.663474920678826,3.0
56,9.758411240008728,1.0
57,9.779023337059142,1.0
