,time,event
0,0.4507031585806148,4.0
1,0.6178871979487652,3.0
2,0.7172508475318757,2.0
3,0.7794877668675443,3.0
4,0.9525950447881466,3.0
5,1.0063990975611117,0.0
6,1.076357547356372,2.0
7,1.113887839666867,4.0
8,1.1935440804999071,3.0
9,1.5637592928481856,2.0
10,2.299888018778951,3.0
11,2.534110031707179,4.0
12,2.5707028710529576,2.0
13,3.0194952318491626,2.0
14,3.050855950896182,3.0
15,3.1932923943551903,1.0
16,3.1979872157183005,2.0
17,3.369658229711748,3.0
18,3.3746392300264727,3.0
19,3.408006432290446,3.0
20,3.4175849484241008,3.0
21,3.4532957188729774,2.0
22,3.463582367535352,4.0
23,3.55390820884259,3.0
24,3.6433405414865594,3.0
25,4.004611225280911,3.0
26,4.00859509878795,3.0
27,4.03521558392418,3.0
28,4.324617417305453,2.0
29,4.40282682138929,3.0
30,4.5545592153314445,3.0
31,4.635227307433133,3.0
32,4.725251646710417,3.0
33,4.946002013564967,4.0
34,5.08854585588628,3.0
35,5.131107267879531,3.0
36,5.396413897525595,3.0
37,5.406221615957974,3.0
38,5.4243253729126355,3.0
39,5.502659384562219,4.0
40,5.5097657382059095,3.0
41,5.540350918400026,3.0
42,5.630736649549645,3.0
43,5.747389232495017,3.0
44,5.77340381142827,3.0
45,5.995589758164154,3.0
46,6.014431300216101,3.0
47,6.083958451817615,3.0
48,6.132647501690605,3.0
49,6.17874934462579,3.0
50,6.365721428132447,2.0
51,6.901594301483056,3.0
52,7.045797066264431,3.0
53,7.378404323743455,3.0
54,7.438535785469714,3.0
55,7.5752814110844335,2.0
56,7.635617661304436,3.0
57,7.688658925457349,3.0
58,7.77817492627727,3.0
59,7.835100876131951,3.0
60,7.839073642642424,3.0
61,7.913142034889077,3.0
62,7.916504269502721,2.0
63,8.046315048419567,3.0
64,8.113566347181969,3.0
65,8.150448915512122,3.0
66,8.40123453542291,3.0
67,8.53300838550341,3.0
68,8.59290406673637,3.0
69,8.83289067326115,3.0
70,9.067499928652843,4.0
71,9.114759147943573,2.0
72,9.319394100348926,3.0
73,9.720129326501366,3.0
74,9.772751414289665,3.0
75,9.815697513840844,3.0
76,9.82004390951409,3.0
77,9.906861364130913,3.0
78,9.950193185419051,3.0
79,9.973153952449106,3.0
80,9.97524574161025,0.0
