,time,event
0,0.16335284693562918,2.0
1,0.3030498240809226,4.0
2,0.531173576043599,2.0
3,1.3518675756095153,2.0
4,2.0558886010122874,2.0
5,2.140280092900431,2.0
6,2.589904157578304,2.0
7,2.6129434457155596,3.0
8,2.788057375502669,4.0
9,2.9572962374483183,0.0
10,3.2055005126397855,1.0
11,3.249213295707448,2.0
12,3.2927295884990113,3.0
13,3.445526775532039,0.0
14,3.652305667954374,2.0
15,3.7496972873261853,4.0
16,4.236863694874666,0.0
17,4.379058680522405,2.0
18,4.5526063438714015,3.0
19,4.552828962316512,2.0
20,4.799089808903055,2.0
21,4.80954037674285,0.0
22,5.089129206783414,1.0
23,5.1641343704466545,2.0
24,5.338918900664183,2.0
25,5.38395686799639,2.0
26,5.4162289146066,0.0
27,5.541990146708204,0.0
28,5.5641580069291,1.0
29,5.622983018042241,1.0
30,5.714463686661126,2.0
31,5.859008961073723,2.0
32,5.945011763687815,0.0
33,6.17966965609505,1.0
34,6.279074311248565,2.0
35,6.3810705633978015,2.0
36,6.843197848757541,0.0
37,6.875105192738255,0.0
38,6.914345217061721,4.0
39,6.929060211331095,2.0
40,6.968245783380712,2.0
41,6.994648999076593,2.0
42,7.149578932570881,0.0
43,7.2166333805834695,1.0
44,7.260306883883227,0.0
45,7.287919672534349,2.0
46,7.310847053867283,3.0
47,7.426977958345196,4.0
48,7.511219661261489,3.0
49,7.543244220792078,0.0
50,7.807527981542964,2.0
51,7.867990947469443,1.0
52,7.885595209341102,2.0
53,7.893429667196615,1.0
54,7.975582863577635,4.0
55,8.045063504873054,0.0
56,8.071471114669357,1.0
57,8.116345055700386,4.0
58,8.118409978598258,4.0
59,8.123468332190056,2.0
60,8.438872123668304,0.0
61,8.825737999634553,0.0
62,8.897458044316974,2.0
63,8.958147548240069,2.0
64,9.082138950455697,2.0
65,9.101840677519483,3.0
66,9.111140215562529,0.0
67,9.137751305605764,4.0
68,9.238393725813383,0.0
69,9.31796871080395,2.0
70,9.348342359083231,2.0
71,9.377744079004124,4.0
72,9.37982745679482,2.0
73,9.395620345880479,2.0
74,9.413750717140305,2.0
75,9.487968217231417,4.0
76,9.497574472857584,3.0
77,9.53017354171333,2.0
78,9.533231147500791,1.0
79,9.535475231739941,1.0
80,9.627981823735409,1.0
81,9.656271684026109,3.0
82,9.706921901205863,3.0
83,9.707295151991648,2.0
84,9.851269497261347,0.0
85,9.856717469977395,2.0
86,9.91358268812712,0.0
87,9.922625299231788,4.0
88,9.956478865113947,4.0
