,time,event
0,0.5204070654980089,3.0
1,0.8408564280389501,3.0
2,0.9232957452065331,2.0
3,0.9759437847655237,0.0
4,1.365237964854067,4.0
5,2.04714393901094,2.0
6,2.2417846146258067,1.0
7,2.587482517836981,0.0
8,2.6151460013091046,2.0
9,2.633986751539406,3.0
10,2.817689611153144,3.0
11,2.9598568186003362,3.0
12,3.0714697467638477,1.0
13,3.1269053016546526,0.0
14,3.266809062806422,3.0
15,3.4668586319470007,1.0
16,3.473415673125587,3.0
17,3.548975466181434,3.0
18,3.7312351923841534,4.0
19,3.9917571395684157,4.0
20,4.226771193351508,2.0
21,4.40776321004267,4.0
22,4.564544974425024,1.0
23,4.821761905116658,1.0
24,4.855297424119653,1.0
25,4.902697924029061,1.0
26,5.014994135218458,4.0
27,5.034757831960672,1.0
28,5.166735636493052,3.0
29,5.393980577052129,4.0
30,5.4490985882301946,4.0
31,5.707315242720452,4.0
32,5.713622968863305,2.0
33,5.766029477224368,1.0
34,5.828386663147817,4.0
35,5.856004118642153,2.0
36,5.90556366009238,4.0
37,6.149943906809197,2.0
38,6.296717378197284,3.0
39,6.458698896055087,2.0
40,6.693345734693037,1.0
41,6.746076871362549,4.0
42,6.751444306733055,1.0
43,6.795470251942056,3.0
44,6.987835508128278,3.0
45,6.992456284991539,3.0
46,7.187638999068276,4.0
47,7.323937396470702,4.0
48,7.376196020141014,4.0
49,7.3905433515545065,1.0
50,7.452633872570073,2.0
51,7.462622535224059,4.0
52,7.505764642593968,2.0
53,7.578024915743879,3.0
54,7.593802241112849,3.0
55,7.878214746327818,3.0
56,7.886318447117244,4.0
57,7.925644348293716,3.0
58,7.950151315923417,3.0
59,8.022857812506391,1.0
60,8.179787472665284,2.0
61,8.198310977270348,2.0
62,8.336901483522958,3.0
63,8.352435643318044,3.0
64,8.713015602311252,3.0
65,9.139663870713647,2.0
66,9.218188338608023,3.0
67,9.243815231262248,0.0
68,9.244029797308913,3.0
69,9.399222568685742,4.0
70,9.487696937229167,4.0
71,9.67938840020188,3.0
72,9.74224167746204,2.0
73,9.750723778367464,3.0
74,9.76100308221127,4.0
75,9.830953411341124,1.0
76,9.834237639494175,3.0
77,9.992822208423497,3.0
