,time,event
0,0.1052983267745452,0.0
1,0.17639878522084806,3.0
2,0.5332453182672072,3.0
3,0.5980609282499718,4.0
4,0.8747562798568671,2.0
5,0.8763936744811608,1.0
6,1.0507682502087263,2.0
7,1.5202005050204108,2.0
8,2.016805878584926,4.0
9,2.0177588404366884,3.0
10,2.1284161217456044,1.0
11,2.331316506063827,1.0
12,2.3956971513536063,2.0
13,2.4547562303450077,3.0
14,2.4771252194349316,3.0
15,2.486265415720186,0.0
16,2.5386537724621734,0.0
17,2.5564713205507537,2.0
18,2.5612006900590387,0.0
19,2.7749635403512443,3.0
20,2.8467220168640948,4.0
21,2.9929436999137384,1.0
22,3.10085741323188,1.0
23,3.1764581079649234,2.0
24,3.3209964093275373,2.0
25,3.3757309399847704,1.0
26,4.024421777750317,2.0
27,4.268514003194271,3.0
28,4.47438306924435,1.0
29,4.562898510893666,0.0
30,4.612142903182083,0.0
31,4.622215321733133,2.0
32,4.7177861698412205,0.0
33,4.7477489107361635,1.0
34,4.775608352027066,2.0
35,4.8481242412232515,0.0
36,4.8627241115396815,0.0
37,4.939931089850457,3.0
38,5.245972098354402,4.0
39,5.3556951831656745,1.0
40,5.865252735907555,1.0
41,5.956932862804486,3.0
42,6.298489032871757,0.0
43,6.48758634741088,3.0
44,6.534964847159505,3.0
45,6.617415186420611,1.0
46,6.729125444488693,3.0
47,6.740162342430746,1.0
48,6.761601934358814,3.0
49,6.814285285797983,0.0
50,6.897352820206394,1.0
51,7.016461583739224,3.0
52,7.023935138969769,1.0
53,7.070633824024751,3.0
54,7.133995062761201,0.0
55,7.247401135266025,2.0
56,7.274022945558548,3.0
57,7.296389596203445,2.0
58,7.334380249548021,3.0
59,7.382084670776439,3.0
60,7.449124435848856,4.0
61,7.72974264809551,1.0
62,7.780653710828714,3.0
63,7.952232008660003,1.0
64,8.16441035543798,2.0
65,8.267544645309389,4.0
66,8.325210540479745,1.0
67,8.414364172533624,0.0
68,8.445302343505617,3.0
69,8.630264933260163,3.0
70,8.747513901300957,4.0
71,8.940920480173546,2.0
72,8.945167039597491,2.0
73,8.985625865941568,2.0
74,8.993342591542085,2.0
75,9.061857084325931,4.0
76,9.075453968696378,4.0
77,9.117238629343937,3.0
78,9.120519236955767,3.0
79,9.151644194413334,3.0
80,9.21989472040433,1.0
81,9.302025027971657,3.0
82,9.368470968872426,3.0
83,9.385418812676392,2.0
84,9.472329032175207,2.0
85,9.57652965975675,0.0
86,9.83283210559756,1.0
87,9.854404699234538,4.0
88,9.899718779799077,0.0
