,time,event
0,0.11601633244906595,2.0
1,0.4684033056318995,1.0
2,0.815762042699031,2.0
3,0.954978860668175,0.0
4,1.0314360661512827,3.0
5,1.8882278707405982,0.0
6,2.06413962641003,3.0
7,2.3599108327937444,0.0
8,2.604345611979633,1.0
9,2.6283042715097573,0.0
10,2.9242191945190945,3.0
11,2.983860310949353,1.0
12,3.6585636378892477,3.0
13,3.764963854982386,0.0
14,4.2682755246961985,3.0
15,4.779412175159879,2.0
16,4.947753646921758,1.0
17,5.323261824762508,0.0
18,5.327906875874233,1.0
19,5.401361485340179,0.0
20,5.61723438058108,1.0
21,5.7743115914895675,2.0
22,5.896764997622299,0.0
23,6.262930696956896,0.0
24,6.56651834939049,3.0
25,6.770304997186195,3.0
26,6.796625614904228,3.0
27,7.178193341511531,0.0
28,7.233834525743937,0.0
29,7.2408758409443825,2.0
30,7.334588847562435,3.0
31,7.508800764221877,2.0
32,7.51051515227521,2.0
33,7.730711768284115,0.0
34,7.743155804191772,3.0
35,7.820483241986151,2.0
36,7.850440640891241,1.0
37,8.342047510723376,2.0
38,8.423097613086298,3.0
39,8.434194132752951,3.0
40,8.672105392990233,2.0
41,9.175910440027689,3.0
42,9.222677513120363,0.0
43,9.35791140841424,2.0
44,9.397368236750479,1.0
45,9.567034463867298,2.0
46,9.647213993239566,0.0
47,9.792041804103347,3.0
