,time,event
0,0.2522370917432644,1.0
1,0.32838770569814224,1.0
2,0.4719812989122342,3.0
3,0.8567737913940946,3.0
4,1.0780631925799657,1.0
5,1.1020072011650563,0.0
6,1.9683620558386907,1.0
7,2.0273312406566575,1.0
8,2.1857541847483324,3.0
9,2.551294074022582,2.0
10,2.602112747870497,0.0
11,2.643344432471712,2.0
12,2.979123216163861,1.0
13,3.142064472767476,4.0
14,3.307831871759283,3.0
15,3.5132017174192094,2.0
16,4.285174479499821,3.0
17,4.427074746485232,2.0
18,4.780478184484287,0.0
19,4.977156527127161,1.0
20,5.019938460787493,3.0
21,5.299453035206774,0.0
22,5.330213608047865,2.0
23,5.41139052073764,0.0
24,5.494623268375678,3.0
25,5.564537791101074,3.0
26,5.628208890561501,3.0
27,5.8095879632692835,3.0
28,5.918476354071671,0.0
29,6.26174301707389,2.0
30,6.367528990314076,3.0
31,6.57348594540039,3.0
32,6.607981480787087,3.0
33,6.826600017566871,2.0
34,6.8952339889518495,0.0
35,7.250442187689357,3.0
36,7.46552035821253,1.0
37,7.48860541687579,4.0
38,7.596348189527354,4.0
39,7.6123420473585055,2.0
40,7.790105628019062,4.0
41,7.890939740873878,3.0
42,8.18108205184851,3.0
43,8.21155811641921,3.0
44,8.220152480814946,4.0
45,8.836272093576634,3.0
46,8.870096890302126,3.0
47,9.004444155593115,3.0
48,9.182658947939336,3.0
49,9.360732971520246,3.0
50,9.564614306946579,2.0
51,9.620948430433899,4.0
52,9.7405593541031,2.0
53,9.770087632015686,2.0
54,9.786832442244709,2.0
55,9.834374381189663,0.0
56,9.936810740873012,2.0
57,9.984478943627659,3.0
