,time,event
0,0.07438513838438217,2.0
1,0.29361375726010025,2.0
2,0.8150502201878254,2.0
3,1.0786271861005619,3.0
4,1.2122948507464062,1.0
5,1.9102125072978984,1.0
6,2.0394894634217224,0.0
7,3.132239580212454,0.0
8,3.348939075227931,4.0
9,3.404251097955501,1.0
10,3.510456264741318,1.0
11,3.51446976674741,1.0
12,3.5801464008526076,4.0
13,3.6130499466203823,2.0
14,3.7036029815422724,0.0
15,3.8085634126048116,1.0
16,3.873078535993997,1.0
17,3.9311652917167903,2.0
18,4.087019124459009,3.0
19,4.363077335042518,2.0
20,4.598711065519648,1.0
21,4.599853841745323,3.0
22,4.915511434002312,2.0
23,5.510406694783764,1.0
24,5.6283082916970075,3.0
25,5.628501081052558,3.0
26,5.735028333946192,0.0
27,5.750441593810146,4.0
28,5.753159772140769,4.0
29,5.828846914274291,0.0
30,5.844555207460606,4.0
31,5.851569928141047,0.0
32,5.934187878909275,1.0
33,5.951450390765399,1.0
34,5.9844391427824,3.0
35,6.008616808703754,3.0
36,6.094968597559062,3.0
37,6.135057458449323,4.0
38,6.219138325230889,3.0
39,6.363698168061508,0.0
40,6.392362360859416,2.0
41,6.625855423048638,0.0
42,7.069452794496614,4.0
43,7.320413474624432,3.0
44,7.691160265667425,2.0
45,7.771406368011815,4.0
46,7.880376929728344,1.0
47,7.883534475995702,0.0
48,8.000534064768928,3.0
49,8.125091819502048,1.0
50,8.195177812434405,4.0
51,8.20823036085969,4.0
52,8.212051578361157,3.0
53,8.329382199851539,1.0
54,8.35725041513348,3.0
55,8.402070780505264,0.0
56,8.535521658750831,0.0
57,8.562976738131251,1.0
58,8.654068368805534,1.0
59,8.702595293177888,0.0
60,9.369948818027963,3.0
61,9.4720844180808,1.0
62,9.478215349725296,1.0
63,9.597658751769918,0.0
64,9.606151197967336,1.0
65,9.77943674679909,1.0
66,9.99994523694302,0.0
