,time,event
0,0.27190706058862524,1.0
1,0.3853444992327302,1.0
2,0.6646329624501215,0.0
3,1.388734502377664,1.0
4,2.5057513523902166,1.0
5,2.532436722120083,2.0
6,2.6551810163636964,1.0
7,2.764350645519744,4.0
8,3.0714119061284393,4.0
9,3.4814042826632963,1.0
10,3.5211404378464763,1.0
11,3.953499534635516,3.0
12,4.721940500998016,1.0
13,4.804952456981254,1.0
14,5.244047265636681,1.0
15,5.37418192952661,1.0
16,5.5142471846601415,1.0
17,5.733025168377997,3.0
18,5.919447680322631,1.0
19,5.990977713224666,3.0
20,5.993744241354944,3.0
21,6.330579958107707,3.0
22,6.397367070498319,1.0
23,6.6259114215172525,4.0
24,6.898103998335456,1.0
25,7.4288622073882395,3.0
26,7.643713857283177,3.0
27,7.662789474289903,1.0
28,7.71492717861901,2.0
29,7.822821639038414,0.0
30,8.077162454249066,1.0
31,8.140872427776777,3.0
32,8.164210006509583,3.0
33,8.237542067365617,1.0
34,8.635654014101451,0.0
35,8.673064217853389,3.0
36,8.70131023793716,3.0
37,8.955670144262726,1.0
38,8.976731705253274,1.0
39,9.15733460884346,3.0
40,9.34617996073428,1.0
