,time,event
0,0.36842325404710813,0.0
1,2.499512879797736,3.0
2,2.576529520587665,4.0
3,3.021583139161298,1.0
4,3.2309017838556144,3.0
5,3.391729687802675,2.0
6,3.7733042470809033,3.0
7,3.7828025118099533,3.0
8,3.8940253514375214,0.0
9,4.245100867465556,3.0
10,4.744547842671725,2.0
11,4.87109571958261,4.0
12,4.918287112625761,4.0
13,4.963585347522399,1.0
14,5.0290403403693755,3.0
15,5.353549098968567,3.0
16,5.6457938692088785,2.0
17,6.033089835069732,2.0
18,6.194461051581741,3.0
19,6.229946046473854,1.0
20,6.56681830674727,3.0
21,6.701022628537041,2.0
22,7.133257250592517,2.0
23,7.329909606752223,2.0
24,7.677604599294437,0.0
25,8.136678567533325,3.0
26,8.21340504443044,0.0
27,8.331363136525836,0.0
28,8.353011682226844,1.0
29,8.757054672289398,0.0
30,9.179833341852834,2.0
31,9.2722864026617,0.0
32,9.437146282526212,2.0
33,9.469940736711292,0.0
