,time,event
0,0.39869772968248307,3.0
1,0.5338690726701211,2.0
2,0.9832107113423371,2.0
3,1.0132939874635236,3.0
4,1.0506225537023937,1.0
5,2.5771327697881743,4.0
6,2.6235815591464973,3.0
7,2.7023058235548207,4.0
8,2.7416716634811404,1.0
9,2.8566372240756666,4.0
10,3.02096826222508,0.0
11,3.3090521921939113,1.0
12,3.331537638011713,1.0
13,3.4878574346116027,3.0
14,3.509252303031823,3.0
15,3.5453179968018054,0.0
16,3.6292153555690096,1.0
17,3.9706454535849094,3.0
18,4.3774437031840385,2.0
19,4.785170428470014,1.0
20,4.900159656588511,2.0
21,4.937252938408071,0.0
22,5.095948844506627,1.0
23,5.133310170205175,2.0
24,5.186761453193179,2.0
25,5.3105088560689895,3.0
26,5.458856073336465,1.0
27,5.519477893487729,1.0
28,5.529871674551803,3.0
29,5.595225711246056,3.0
30,5.601846096396137,3.0
31,5.676420316376182,3.0
32,5.7531715665913,3.0
33,5.77340462063014,3.0
34,5.804721543133147,3.0
35,5.895735504240456,3.0
36,5.919228398449518,3.0
37,5.921725585517003,0.0
38,5.939818342445736,0.0
39,5.9461668905266984,3.0
40,6.238117203704509,3.0
41,6.4602463315403496,4.0
42,6.793362778665404,2.0
43,6.8467720682375885,0.0
44,6.912780226852574,0.0
45,6.936894020788004,1.0
46,6.944203276028444,4.0
47,7.024745382564791,0.0
48,7.033888448051214,3.0
49,7.1471548635592725,1.0
50,7.186297366954569,1.0
51,7.335404695997112,1.0
52,7.349414600468651,3.0
53,7.381010749082383,1.0
54,7.443286603335077,1.0
55,7.486374792787667,4.0
56,7.531304563185384,2.0
57,7.620081602635258,1.0
58,7.624281635243182,3.0
59,7.711624084926864,3.0
60,7.743830512352847,3.0
61,7.756425608523647,1.0
62,7.791162459606951,3.0
63,7.902690677299902,3.0
64,7.903142990550949,1.0
65,7.9404575883537145,3.0
66,8.103718931288736,3.0
67,8.149640185435581,3.0
68,8.21089052990252,3.0
69,8.244599690378424,3.0
70,8.329344976368454,3.0
71,8.460849511397262,0.0
72,8.511995791261336,1.0
73,9.0030642712175,4.0
74,9.17735817177105,2.0
75,9.192826160669874,3.0
76,9.201643608421499,0.0
77,9.202149646743843,4.0
78,9.20818731807093,0.0
79,9.31286866169609,3.0
80,9.423618095978975,1.0
81,9.457695501343327,0.0
82,9.597961063749809,1.0
83,9.618796527784973,1.0
84,9.743470863313199,3.0
85,9.785263974639262,1.0
86,9.786325034415464,1.0
87,9.808408077368991,0.0
88,9.838968018668805,1.0
89,9.889872933687654,3.0
90,9.895616811245901,3.0
91,9.899916793716335,2.0
92,9.927276225529909,1.0
93,9.979304407992174,3.0
