,time,event
0,0.2809656473898693,2.0
1,0.4214420903237004,3.0
2,0.43846428891373634,3.0
3,0.7696057028221915,1.0
4,1.1811630975846796,1.0
5,1.5891159580453267,1.0
6,2.459188733947413,2.0
7,2.4691308503613505,1.0
8,2.557006831105766,0.0
9,2.5837991812351673,0.0
10,2.640128387579644,0.0
11,2.648494281947909,4.0
12,2.8527342852650213,2.0
13,3.0454619298434324,3.0
14,3.1477108119037758,0.0
15,3.203889919910582,4.0
16,3.7010398897693078,1.0
17,3.8706064656152197,3.0
18,4.075956624179608,1.0
19,4.077934195828353,4.0
20,4.450755796119162,2.0
21,4.634755619975889,4.0
22,4.8757787210226,2.0
23,5.390693655862724,0.0
24,6.0458852737625,0.0
25,6.066361611276295,1.0
26,6.071869106544739,4.0
27,6.088465127952661,2.0
28,6.127317804419185,1.0
29,6.311986391456931,2.0
30,6.378755713186121,0.0
31,6.49930309609713,4.0
32,6.937078427507045,3.0
33,7.505860038068875,2.0
34,7.569358221458931,1.0
35,7.644238725237493,1.0
36,7.729804885332298,4.0
37,8.109314212460253,2.0
38,8.145730311830043,4.0
39,8.241993748859661,4.0
40,8.395190561087825,1.0
41,8.531745999994445,2.0
42,8.534718102802495,0.0
43,9.013834790719285,2.0
44,9.126396739707557,1.0
45,9.237011558190451,3.0
46,9.357114966142548,0.0
47,9.387650235913192,2.0
48,9.40313222757114,3.0
49,9.428280639414568,1.0
50,9.74566095254224,4.0
51,9.865636577638206,3.0
