,time,event
0,0.49429446781466646,2.0
1,0.7196704847603212,2.0
2,0.9095414204337359,2.0
3,1.2276137415278927,0.0
4,1.703024268252093,1.0
5,2.473053439336907,0.0
6,2.536400007625741,3.0
7,3.0881655323379436,0.0
8,3.299524066168506,1.0
9,3.382141394550153,3.0
10,4.0262704668029015,1.0
11,4.521809857057368,3.0
12,4.701198076316332,4.0
13,5.103263312018717,2.0
14,5.252141388833542,4.0
15,5.450468886508383,3.0
16,5.618825615082349,2.0
17,6.189365426706403,1.0
18,6.565766808783531,0.0
19,6.886342804024775,2.0
20,6.899091884556372,4.0
21,7.473595808032442,0.0
22,7.486068169643133,3.0
23,7.516248427838645,1.0
24,7.701472591932223,2.0
25,8.38337384175668,1.0
26,8.71395244501636,4.0
27,9.116527348354895,3.0
28,9.12281241097931,1.0
29,9.242614327023347,1.0
30,9.253311237149724,3.0
31,9.342740309832319,3.0
32,9.35476377992471,2.0
33,9.41387717075903,3.0
34,9.875830577583498,4.0
35,9.896087826088014,0.0
36,9.95567050243393,4.0
