,time,event
0,0.8011255968077485,0.0
1,1.4997523916820938,1.0
2,1.901396108528569,3.0
3,2.165724038290592,4.0
4,2.1956820256455822,4.0
5,2.523618516440885,0.0
6,3.127116402001917,3.0
7,3.6530410898608565,4.0
8,3.7363552241880185,3.0
9,4.0460271924081885,0.0
10,4.061342688921852,0.0
11,4.23405406667375,0.0
12,4.532995322443202,4.0
13,4.607491222016261,3.0
14,4.858425456519736,1.0
15,4.91078045973329,4.0
16,5.34225103631285,0.0
17,5.409402118180602,2.0
18,5.7836424261858514,3.0
19,5.8578102905436475,4.0
20,6.080467114795003,2.0
21,6.123204709812344,2.0
22,6.132759926320655,3.0
23,6.230012591716156,1.0
24,6.285306499823341,3.0
25,6.4423696772793955,4.0
26,6.593545611225793,1.0
27,6.662636448861522,0.0
28,6.710591465813477,1.0
29,6.741329655278607,2.0
30,6.917324094497465,2.0
31,6.981404140781798,0.0
32,7.021158931771375,0.0
33,7.061824084205495,0.0
34,7.083316964687453,3.0
35,7.671422695314331,1.0
36,7.80012258777762,1.0
37,7.9656378361721725,3.0
38,8.08576564375317,3.0
39,8.176503481510704,3.0
40,8.192894286688638,0.0
41,8.371012819383488,0.0
42,8.390771474123447,2.0
43,8.457211215649021,0.0
44,8.46325608600733,0.0
45,8.467445104012501,1.0
46,8.47422108664925,3.0
47,8.479240563862882,0.0
48,8.589587947332836,0.0
49,8.609862094141858,3.0
50,8.636381735684546,4.0
51,8.638243952622968,3.0
52,8.664316596353071,3.0
53,8.677818274671509,4.0
54,8.779059203353988,3.0
55,8.842936901740083,3.0
56,8.896451432269048,0.0
57,8.898872375669145,0.0
58,8.990066140885778,3.0
59,9.133930375394378,1.0
60,9.202995866986063,3.0
61,9.21198623859941,1.0
62,9.42569368388389,3.0
63,9.459762699278034,0.0
64,9.49832378843404,3.0
65,9.888519458602545,4.0
