,time,event
0,0.12820149013118387,0.0
1,1.0096700244754562,0.0
2,1.6013116490206558,0.0
3,1.868925711270512,0.0
4,2.1995593474445405,2.0
5,2.533431675000815,4.0
6,2.5785767138040145,4.0
7,3.1018393688117563,0.0
8,3.508689301110295,4.0
9,3.5148676892949267,4.0
10,3.907221537047868,4.0
11,3.9404403940476977,3.0
12,4.041198679923743,4.0
13,4.331319520847864,0.0
14,4.732928051912985,3.0
15,5.573299816001928,4.0
16,5.664218326842606,4.0
17,5.765106971274675,3.0
18,5.857553525369607,1.0
19,5.990821381359095,2.0
20,6.002684342662886,3.0
21,6.0471519239398255,0.0
22,6.195763078525459,2.0
23,6.43136291969581,0.0
24,6.56674480493251,3.0
25,6.611665896848965,4.0
26,6.642633408019406,0.0
27,6.725732776728184,0.0
28,6.949417826336923,0.0
29,7.644779756174593,3.0
30,7.92515004322647,0.0
31,7.994238224557694,0.0
32,8.2928214409545,2.0
33,8.345070140576727,2.0
34,8.414755115919597,4.0
35,8.493558603662928,0.0
36,8.533778472981457,0.0
37,8.722306788809448,4.0
38,8.94403923508256,4.0
