,time,event
0,0.0483687553973811,0.0
1,0.2044685804869294,0.0
2,0.6161330855821148,0.0
3,0.7977007554378789,0.0
4,0.8271526189872503,4.0
5,1.4727604341273826,2.0
6,1.7306736223928971,0.0
7,2.3520812875609574,4.0
8,3.3201595617994624,1.0
9,3.656408582882846,3.0
10,3.867488638066088,4.0
11,3.9355892528407446,3.0
12,4.753213985333522,1.0
13,4.980274304139057,0.0
14,5.308694526831025,4.0
15,5.561556393436251,1.0
16,5.6114819440415085,0.0
17,6.045562344059888,4.0
18,6.128906231870907,1.0
19,6.2892329524757,3.0
20,6.977561958296505,1.0
21,7.0049054640706405,2.0
22,7.081092227196649,3.0
23,7.21885954780134,3.0
24,7.220900089463587,3.0
25,7.651336049294496,3.0
26,7.6693383762485325,3.0
27,7.764999514572542,2.0
28,7.947913668930836,0.0
29,7.968463222791542,4.0
30,8.310169368069307,1.0
31,8.402308390586969,4.0
32,8.549224667884236,2.0
33,8.613141100921126,1.0
34,8.749116259059544,2.0
35,8.998652578898897,3.0
36,9.146782108458035,2.0
37,9.30357810864702,4.0
38,9.308482316680585,1.0
39,9.328061838216474,2.0
40,9.34887535160724,4.0
41,9.372263072527772,0.0
42,9.388165001300859,3.0
43,9.41017805773854,4.0
44,9.41384045716674,4.0
45,9.42914927823746,3.0
46,9.49745498511981,3.0
47,9.504352969951054,3.0
48,9.52880517159159,3.0
49,9.532225483795873,4.0
50,9.558042879384926,4.0
51,9.712424672247737,3.0
