,time,event
0,1.3639645099690558,0.0
1,2.097771231356129,0.0
2,2.8773877690707677,1.0
3,2.9374207679964415,4.0
4,2.9409115309061455,2.0
5,2.957687480663878,0.0
6,3.2945405621434714,3.0
7,4.111903850087093,2.0
8,4.315106386551434,3.0
9,4.343306702551358,4.0
10,4.586406875514093,0.0
11,4.759804216369819,0.0
12,5.031626360439198,2.0
13,5.127223614971506,4.0
14,5.313153621754407,3.0
15,6.032274019912356,2.0
16,6.388380722246902,1.0
17,6.567545831499421,3.0
18,6.6222973258757225,4.0
19,6.828492936173707,4.0
20,6.985284403760541,2.0
21,6.996729276320655,2.0
22,7.048750696475903,1.0
23,7.107093078036582,1.0
24,7.211193052275724,4.0
25,7.271830556615584,2.0
26,7.42199707767811,3.0
27,7.479222469693303,3.0
28,7.481982006921838,4.0
29,7.499972704255931,2.0
30,7.620894205350603,4.0
31,7.622209656012319,4.0
32,7.73427778705396,0.0
33,8.176072890828065,3.0
34,8.466460413005342,2.0
35,8.468096315980944,1.0
36,8.915009838809619,4.0
37,8.915552570493723,2.0
38,9.160258145961132,3.0
39,9.202025944390275,3.0
40,9.211693182020646,3.0
41,9.242619413849567,2.0
42,9.251526151104933,3.0
43,9.271764317008463,1.0
44,9.279943020782754,1.0
45,9.354820669523566,1.0
46,9.360245743792127,1.0
47,9.391297801034373,2.0
48,9.462991870769846,4.0
49,9.510334714927065,1.0
50,9.520120133627165,3.0
51,9.56085329331647,3.0
52,9.605095951456338,1.0
53,9.686694547721569,2.0
54,9.687591194403213,4.0
55,9.721222296236014,1.0
56,9.787669784715186,0.0
57,9.819314899119211,1.0
58,9.852531754849114,4.0
59,9.859859570230892,1.0
60,9.977763655565026,4.0
