,time,event
0,0.17802661010945633,4.0
1,0.5261434932869898,4.0
2,0.7411516820919213,0.0
3,1.0052893553578826,4.0
4,1.5967744421079937,0.0
5,1.8830789211533199,4.0
6,2.1622708403812303,4.0
7,2.6313513837087754,4.0
8,2.760144790209127,4.0
9,3.221372262330672,1.0
10,3.789224147069192,0.0
11,3.98354700178065,1.0
12,4.021751772550839,4.0
13,5.010503569195022,0.0
14,5.157032658852435,4.0
15,5.6088611265243635,3.0
16,5.617886823139997,3.0
17,5.643903848627895,3.0
18,5.9569051117060985,0.0
19,6.9924151096779665,1.0
20,7.238515211097919,0.0
21,7.410889837607462,1.0
22,7.59894374314002,1.0
23,7.780207850220624,3.0
24,7.871856136540757,2.0
25,7.889053436703485,3.0
26,7.944625633887176,1.0
27,7.956751715393882,2.0
28,8.007063517064838,3.0
29,8.079273264540994,2.0
30,8.080903087080799,2.0
31,8.095249257339159,1.0
32,8.281577232322158,4.0
33,8.31225288659068,1.0
34,8.42143184191243,1.0
35,8.978907174773294,1.0
36,9.239905428576202,0.0
37,9.298753642646792,0.0
38,9.348600877380019,0.0
39,9.351112567841554,0.0
40,9.477910563873973,0.0
41,9.485062284021936,3.0
42,9.841377855693473,0.0
43,9.858783631413607,0.0
44,9.937666504476917,3.0
