,time,event
0,0.004102350151913612,3.0
1,0.31722979879390834,3.0
2,0.3418069540032229,1.0
3,0.5514686246566809,0.0
4,1.144052443913227,4.0
5,1.338191982641088,4.0
6,1.5696142585637056,0.0
7,1.610504138630681,4.0
8,1.7747713828376348,4.0
9,1.8606813690919983,0.0
10,2.1880822451599142,4.0
11,2.5637897157812004,4.0
12,2.639284624711838,0.0
13,2.78756310387627,4.0
14,2.9616151909448827,4.0
15,3.0047718130443637,2.0
16,3.73520896781499,3.0
17,3.8006678855665057,0.0
18,3.9335698636722616,3.0
19,3.9588416459430746,3.0
20,3.9817774688445855,1.0
21,4.035377900124295,0.0
22,4.320236870452651,1.0
23,4.848219644762133,1.0
24,4.975039424670153,3.0
25,4.975730373076439,3.0
26,4.992122782035307,1.0
27,5.016923701443534,3.0
28,5.022771566877409,2.0
29,5.054960585712908,0.0
30,5.088581570434325,4.0
31,5.16641967855829,3.0
32,5.308686062355211,2.0
33,5.547117913082621,1.0
34,5.7017353067137115,4.0
35,5.936335305534187,0.0
36,6.08923373491456,1.0
37,6.095055792915297,0.0
38,6.122004716408663,4.0
39,6.172626419609709,0.0
40,6.202030793912369,0.0
41,6.207292839247478,0.0
42,6.222266174515722,4.0
43,6.281000085684877,0.0
44,6.329423956661382,4.0
45,6.354040179651564,1.0
46,6.382903190911895,0.0
47,6.387606518911437,4.0
48,6.504327037348278,0.0
49,6.707342459821057,1.0
50,7.054813301772835,4.0
51,7.280151260598907,3.0
52,7.34542551453637,4.0
53,7.355607160609166,3.0
54,7.3823078125419865,1.0
55,7.549152603823631,1.0
56,7.6963421037658835,0.0
57,7.951477591777879,0.0
58,8.177775100613871,2.0
59,8.281668503888515,2.0
60,8.28841706453174,1.0
61,8.302837232398273,4.0
62,8.312165053594315,1.0
63,8.386518160902995,1.0
64,8.424067448265925,0.0
65,8.472630099395204,4.0
66,8.493873039715462,4.0
67,8.583771158687586,4.0
68,8.611043270733846,2.0
69,8.642034376005165,0.0
70,8.674644750063878,3.0
71,8.675029202281893,4.0
72,8.686308639529624,2.0
73,8.686344060391212,2.0
74,8.68909806336789,0.0
75,8.696011489407072,4.0
76,8.717549066504215,0.0
77,8.821795109945791,3.0
78,8.846354068859203,4.0
79,8.877188024023141,1.0
80,8.882211402082977,3.0
81,8.927572741183369,4.0
82,9.040534416921833,0.0
83,9.0565067310199,3.0
84,9.151604157585409,4.0
85,9.265523220694035,1.0
86,9.391966679717978,4.0
87,9.433138123425055,3.0
88,9.553684978540046,0.0
89,9.780063136048234,0.0
90,9.796233989166732,0.0
91,9.811295993337318,4.0
92,9.931009144018027,0.0
