,time,event
0,0.6503566295094937,4.0
1,1.9771396386835531,2.0
2,2.1924053836420883,2.0
3,2.298462700604166,4.0
4,2.3060903615568678,2.0
5,2.440236337172659,0.0
6,3.064283376892257,4.0
7,3.781255763233962,3.0
8,4.172728645578492,0.0
9,4.189402615836951,0.0
10,4.246828174830837,0.0
11,4.396340546982996,0.0
12,4.462412968473354,1.0
13,4.533150613992146,3.0
14,4.677150726824905,3.0
15,4.798289925738356,1.0
16,5.186341483394239,1.0
17,5.294132831622927,1.0
18,5.463645760963564,0.0
19,5.71882255736021,0.0
20,5.806679737807039,4.0
21,6.670596661083983,4.0
22,6.796225296131172,0.0
23,6.90556704083513,0.0
24,7.0005113211850505,3.0
25,7.076596191668687,0.0
26,7.1894673085803555,0.0
27,7.207277767687933,2.0
28,7.461141048209742,3.0
29,7.472225018694262,0.0
30,7.545998523406473,2.0
31,7.638001174796722,3.0
32,7.653805861772318,0.0
33,7.705984366333127,4.0
34,7.994847267413054,1.0
35,8.287443302121385,1.0
36,8.789721234667628,3.0
37,8.967618170231319,1.0
38,9.451974367441826,1.0
39,9.478319170770163,3.0
40,9.480130109306318,1.0
41,9.604949024726228,2.0
42,9.729149837267064,1.0
43,9.830839642213904,1.0
