,time,event
0,0.35942085649548156,0.0
1,0.7107453277477106,2.0
2,1.1343336303962852,3.0
3,1.9023193535060243,2.0
4,2.659850467113787,1.0
5,2.688618853450775,1.0
6,2.7104924328983495,0.0
7,2.79892855103024,3.0
8,3.098747395165799,3.0
9,4.692047526024738,0.0
10,4.816871784198723,3.0
11,4.932672720764343,4.0
12,5.051670690683905,4.0
13,5.078646317664542,1.0
14,5.137716533361828,3.0
15,5.287299355401516,4.0
16,5.645075989900089,0.0
17,5.941010950469914,3.0
18,6.255279561517104,4.0
19,6.365612694015066,2.0
20,6.371156207543991,0.0
21,6.833921620709917,2.0
22,6.993139190645947,4.0
23,7.036549985970232,4.0
24,7.092042925156582,0.0
25,7.693405953590653,2.0
26,8.274840157818357,3.0
27,8.319786818865985,1.0
28,8.363968310894386,0.0
29,8.509600900193838,3.0
30,8.604431459678812,3.0
31,8.611171043773748,0.0
32,8.672811310185457,2.0
33,8.764302072854214,0.0
34,8.779735426156122,3.0
35,9.14545696005406,0.0
36,9.188220497095527,3.0
37,9.201709657929676,0.0
38,9.210499586649629,4.0
39,9.29619724698255,3.0
40,9.304159368115055,1.0
41,9.343207670626773,4.0
42,9.888913741868233,4.0
