,time,event
0,0.297831202245381,0.0
1,1.165802380276321,0.0
2,1.3087121964026756,2.0
3,1.580183885971599,3.0
4,1.9962617184567961,3.0
5,2.1444044602596177,3.0
6,2.3075859953911726,4.0
7,2.339448323315762,4.0
8,2.5858931107642324,3.0
9,3.2970151191033534,3.0
10,3.5098910711594944,3.0
11,3.641456654254151,0.0
12,3.7321968993013344,0.0
13,3.774590052228241,4.0
14,3.8052743678650915,4.0
15,3.83261251638905,0.0
16,3.8508346831620526,0.0
17,4.113436481275837,1.0
18,4.203329927919734,3.0
19,4.505681725630966,0.0
20,4.530033252895196,0.0
21,4.684883604609234,2.0
22,4.788124519268315,0.0
23,5.002154991465435,4.0
24,5.54309534262199,1.0
25,5.6623721227035695,3.0
26,5.95709822953433,0.0
27,5.988362226750864,0.0
28,6.29067134723975,0.0
29,6.366701104067441,0.0
30,6.613341219303918,0.0
31,6.7245807162420395,2.0
32,7.0044935685043805,4.0
33,7.015251140158023,0.0
34,7.051742834022556,0.0
35,7.2546962768181,2.0
36,7.53783119845143,4.0
37,7.835353950211564,0.0
38,7.888338843860642,0.0
39,8.054084244954495,1.0
40,8.092636972326856,1.0
41,8.855358144427722,3.0
42,8.947190027886828,0.0
43,9.166232891919876,0.0
44,9.23027364255517,0.0
45,9.38723812584442,0.0
46,9.55740396591624,0.0
47,9.596624204488654,3.0
48,9.643982370848404,4.0
