,time,event
0,1.7427134011293794,0.0
1,2.7644503848373154,0.0
2,3.095571580023475,4.0
3,3.141605188591868,4.0
4,3.8429773200067943,3.0
5,3.9616708023862914,0.0
6,4.006393354382503,0.0
7,4.059963113055014,3.0
8,4.100349793322159,4.0
9,4.729947661828758,0.0
10,4.827596034528465,4.0
11,4.87111190325901,0.0
12,5.015313914320299,0.0
13,5.189760686377217,0.0
14,5.243655685565934,0.0
15,5.369193784258597,2.0
16,5.382304004623491,2.0
17,5.787483695415622,0.0
18,6.077288544593576,1.0
19,6.156915214807321,4.0
20,6.2939107821517455,2.0
21,6.54692479695526,1.0
22,6.56903955244607,0.0
23,6.854122591941161,3.0
24,6.982740481032558,1.0
25,7.004331929743995,0.0
26,7.006586406103496,1.0
27,7.0469504568574255,1.0
28,7.094837595795458,0.0
29,7.164162293591773,2.0
30,7.299446409786946,0.0
31,7.313462701841737,4.0
32,7.3318376490139725,1.0
33,7.353741354786981,4.0
34,7.3828029402105,4.0
35,7.543801121001762,1.0
36,7.544173912828159,0.0
37,7.593134822781081,1.0
38,7.593941974583135,4.0
39,8.056829842130195,4.0
40,8.11025372423017,3.0
41,8.156504973706797,1.0
42,8.198260790235027,3.0
43,8.324438641478896,3.0
44,8.38593469642035,1.0
45,8.410292542300839,1.0
46,8.460026502406723,3.0
47,8.499615223657877,1.0
48,8.891519162935143,0.0
49,8.947663897117009,1.0
50,8.952308293526164,4.0
51,9.028937170058198,1.0
52,9.154665805425026,0.0
53,9.249290696698939,0.0
54,9.273249698438523,0.0
55,9.336249867668299,0.0
56,9.405718844103864,3.0
57,9.443985212297529,0.0
58,9.520935729363861,2.0
59,9.586901385203692,0.0
60,9.619317015602121,0.0
61,9.674249457297824,1.0
62,9.68042422354558,1.0
63,9.68490515374401,0.0
64,9.687734597402045,2.0
65,9.756762774337423,0.0
66,9.7607683447656,3.0
67,9.908071835946656,3.0
68,9.911872060046726,4.0
69,9.955723428693616,0.0
70,9.990945401695281,1.0
