,time,event
0,1.707419190762815,3.0
1,2.10069948559408,4.0
2,3.0878298412157705,0.0
3,4.179356445609611,0.0
4,4.20500510521533,0.0
5,4.219920461416666,3.0
6,4.513995292840312,1.0
7,4.746749341411515,4.0
8,4.978862432855673,0.0
9,5.273065656379178,1.0
10,5.302068985137191,3.0
11,5.350508126500781,4.0
12,5.392128669890632,3.0
13,5.982267450345261,0.0
14,6.0711033445027605,3.0
15,6.479517378759996,1.0
16,6.480777392349845,3.0
17,6.542372558937599,4.0
18,6.6330658350190195,1.0
19,6.646178289681993,4.0
20,6.743791872869194,3.0
21,6.933932763257425,0.0
22,7.008078006673373,0.0
23,7.171853315528258,3.0
24,7.282432555230881,3.0
25,7.349242129357892,3.0
26,7.453169835759385,0.0
27,7.456128277480649,3.0
28,7.4986497610073455,3.0
29,7.647899223625045,0.0
30,7.693488853967309,0.0
31,7.694271231971458,0.0
32,7.699152144004362,1.0
33,7.776621045991658,3.0
34,7.826932830674336,0.0
35,7.845054782177632,2.0
36,7.90224531672159,0.0
37,8.167435332280519,3.0
38,8.17073480839719,3.0
39,8.451559945143705,3.0
40,8.457023846033202,4.0
41,8.807215805375339,4.0
42,8.912287815234498,3.0
43,8.918186328131974,3.0
44,8.946212186288873,1.0
45,8.966523152911185,0.0
46,8.972676041883387,3.0
47,8.977274687526712,3.0
48,8.981091490087366,0.0
49,9.029791065114868,3.0
50,9.06975892512192,4.0
51,9.333424286012052,4.0
52,9.387156781854992,1.0
53,9.399552540658862,1.0
54,9.416782256289043,1.0
55,9.432672628055398,1.0
56,9.46285680144249,1.0
57,9.476369236393406,1.0
58,9.512664992247345,1.0
59,9.522222635272172,1.0
60,9.565499320983186,3.0
61,9.615287266207377,3.0
62,9.631280964943869,1.0
63,9.719614656955304,2.0
64,9.774597697184996,1.0
65,9.793029427126504,1.0
66,9.81796041865256,1.0
67,9.844470261894877,3.0
68,9.988499182570079,3.0
