,time,event
0,0.24678836336425966,4.0
1,0.6440148003695703,3.0
2,1.0810029368406324,4.0
3,1.1913005736954707,4.0
4,1.432587137553921,2.0
5,2.4648423760959752,3.0
6,2.8858592735733213,0.0
7,3.5550415653736485,0.0
8,3.749303813360529,4.0
9,4.580403200601042,0.0
10,4.806056794700663,2.0
11,5.2450274709061775,3.0
12,5.263420585999842,3.0
13,5.494692223108002,3.0
14,6.188930424259674,0.0
15,7.006825801016334,4.0
16,7.508796257414585,0.0
17,7.586732231135588,0.0
18,7.60651996135027,0.0
19,7.6114930682454585,0.0
20,7.694018284251784,0.0
21,7.704164309095335,1.0
22,7.70588073781871,1.0
23,7.771466498203353,0.0
24,7.869192934338074,1.0
25,7.876602179860515,1.0
26,8.65737620301084,2.0
27,9.40655596342184,0.0
28,9.488339326358156,4.0
29,9.747514280772156,0.0
30,9.801675837574344,3.0
31,9.824562986910687,3.0
32,9.828486759066948,3.0
