,time,event
0,1.1776176776749907,3.0
1,1.30590380273415,2.0
2,1.3988102155585778,0.0
3,3.7638460209012985,2.0
4,3.8041279601102787,0.0
5,3.869890874373625,0.0
6,3.873924781868886,1.0
7,4.117267456512286,4.0
8,4.378144825389016,4.0
9,4.69859111651178,0.0
10,4.702150350906539,0.0
11,4.9424701629907055,0.0
12,4.989814954897156,3.0
13,5.3433872664465945,0.0
14,5.525141046898812,4.0
15,5.711288392682767,4.0
16,5.768686648836811,0.0
17,6.009172282192777,0.0
18,6.0376371415766314,1.0
19,6.169324854470204,1.0
20,6.219004220655243,1.0
21,6.241541168665173,2.0
22,6.310517710257824,2.0
23,6.365036887557063,0.0
24,6.368461603376623,2.0
25,6.5135838175565866,4.0
26,6.682572284373951,4.0
27,6.894161303856754,4.0
28,6.9717177889565,2.0
29,7.347616079150158,0.0
30,7.37100048548547,1.0
31,7.48484819517936,2.0
32,7.500284426533464,4.0
33,7.8876860157079856,3.0
34,7.901620368001632,4.0
35,8.057295173682878,4.0
36,8.103236357696689,3.0
37,8.228923933182916,2.0
38,8.423511918570142,3.0
39,8.455296475083879,4.0
40,8.528801416964239,3.0
41,8.534475305486987,3.0
42,8.60330418644494,2.0
43,8.622320929324799,2.0
44,8.635905798030867,2.0
45,8.664428963994935,2.0
46,8.66447840037603,0.0
47,8.697858684610512,3.0
48,8.780257385481043,2.0
49,8.78117737372799,3.0
50,8.787043598452358,2.0
51,8.80306735715285,4.0
52,8.921601118928441,4.0
53,8.991891302548149,2.0
54,9.16649693311957,4.0
55,9.167641328234712,3.0
56,9.303647815502023,3.0
57,9.415731378570891,3.0
58,9.502316173512817,3.0
59,9.751571395361683,1.0
60,9.758610444885187,0.0
61,9.772380407576387,3.0
62,9.801540617817379,2.0
63,9.821103436517713,3.0
