,time,event
0,0.2553175145428457,3.0
1,0.6970547457437791,3.0
2,1.2948532710788971,2.0
3,1.6216464204103003,3.0
4,1.9505864219804105,0.0
5,2.181136338850415,0.0
6,2.4859047935041376,3.0
7,2.82626757046423,0.0
8,2.941046544007923,2.0
9,2.9955082604867354,3.0
10,3.7699536224793104,3.0
11,4.117346673754519,0.0
12,4.350532721676281,0.0
13,4.76420080263577,1.0
14,4.959157900852261,0.0
15,5.173492288316977,0.0
16,6.290898988860853,0.0
17,6.8723794747540445,3.0
18,7.127444241588144,0.0
19,7.2129238285749615,4.0
20,7.379672501149056,0.0
21,8.751117898120595,0.0
22,8.992598907183709,0.0
23,9.284292283260106,4.0
24,9.466654958773642,0.0
25,9.607564427571134,0.0
26,9.64631846000061,2.0
27,9.842520461172867,0.0
28,9.875147643569791,0.0
29,9.982299505092268,3.0
