,time,event
0,0.43455616459285074,0.0
1,0.603332136745169,0.0
2,0.7204133994736907,0.0
3,0.7521699222344161,0.0
4,2.319960315360716,4.0
5,2.52747526435095,0.0
6,2.8849384158291635,4.0
7,2.9665267326219955,1.0
8,3.007221654037972,2.0
9,3.098876888576646,1.0
10,3.1111152403745574,1.0
11,3.4687638635123266,4.0
12,4.490797598320299,0.0
13,4.741568697392435,2.0
14,4.896049244999741,2.0
15,5.036656565794015,3.0
16,5.068128419422183,2.0
17,5.105208276379488,0.0
18,5.115250765062151,0.0
19,5.2154202315316205,3.0
20,5.350573683264124,4.0
21,5.4112706043259235,4.0
22,5.441410322325025,2.0
23,5.495155558575096,3.0
24,5.537034008101302,2.0
25,5.5550256233440045,0.0
26,5.6048307082057764,3.0
27,6.7636018657920705,4.0
28,6.916130518524915,4.0
29,6.94865458033312,3.0
30,7.085185072405133,4.0
31,7.0881483164424415,4.0
32,7.198566360014822,1.0
33,7.237102478344339,2.0
34,7.24615084007437,4.0
35,7.351345018332627,2.0
36,7.3565208308243895,4.0
37,7.416908504699465,1.0
38,7.467236800669546,1.0
39,7.470258317367843,1.0
40,7.49377504995511,2.0
41,7.546114336360245,2.0
42,7.552912971845242,4.0
43,7.59672136379299,1.0
44,7.601903233724139,0.0
45,7.6166844365011785,2.0
46,7.6687271808627395,1.0
47,7.828213815019796,1.0
48,7.895858811971142,0.0
49,7.903073004568153,0.0
50,7.906012434995184,3.0
51,7.951294894812747,2.0
52,7.95402776659673,1.0
53,8.98119594879843,0.0
54,9.173554278659228,2.0
55,9.276833812489519,2.0
56,9.307256847582044,1.0
57,9.353362231579313,4.0
58,9.36845059956312,2.0
59,9.523025090668447,1.0
60,9.527016035219111,4.0
61,9.54866930039998,2.0
62,9.681463468199762,2.0
63,9.684058171858036,2.0
64,9.721160611900094,3.0
65,9.763855632717542,4.0
66,9.840359853518088,3.0
67,9.853031647311616,2.0
68,9.882873551439534,2.0
69,9.91556459471949,1.0
70,9.955345734863595,2.0
71,9.95732353454308,4.0
72,9.986789950074114,1.0
73,9.991694661366274,2.0
