,time,event
0,0.7287226788695345,4.0
1,1.2845933615242848,1.0
2,1.5146989675194598,3.0
3,2.088872429413334,0.0
4,2.1404421565292764,4.0
5,2.8156590796016543,3.0
6,3.223731422265253,0.0
7,3.412050796917743,0.0
8,3.413980348351932,0.0
9,4.084862901270379,3.0
10,4.273538595434924,3.0
11,4.421000072705912,3.0
12,4.495580999879634,2.0
13,4.541484799845063,2.0
14,4.548341490422583,2.0
15,4.555886140538556,1.0
16,4.566852002443441,0.0
17,4.5769156171970815,0.0
18,4.578371763405999,3.0
19,5.00369281586442,2.0
20,5.1266691056556795,0.0
21,5.191107446599911,2.0
22,5.491665920270977,3.0
23,5.570751959807436,3.0
24,5.577948928684379,4.0
25,5.613068158917165,3.0
26,5.635246608766428,4.0
27,5.650404761231182,1.0
28,5.6723113141927985,3.0
29,5.780372033624337,4.0
30,5.853971934681154,1.0
31,5.920690486215557,3.0
32,6.211371666490438,2.0
33,6.591433612320428,0.0
34,6.611665056956397,2.0
35,6.677342500461958,2.0
36,6.691445671841926,0.0
37,6.698085408867626,1.0
38,6.728838638613812,4.0
39,6.852434868787839,4.0
40,6.900391398745592,0.0
41,6.9047360660151975,2.0
42,6.994757290223603,4.0
43,6.997465606010633,2.0
44,6.998636888234221,1.0
45,7.021586258385135,2.0
46,7.2443842698051135,4.0
47,7.3298776786358815,4.0
48,7.386551807695538,3.0
49,7.436446406613209,1.0
50,7.571782406730766,0.0
51,7.631249995983709,4.0
52,7.8367526064983535,0.0
53,7.852330746673422,2.0
54,7.9629293345310455,2.0
55,7.993741752108634,2.0
56,8.282739960854467,4.0
57,8.296695655168312,4.0
58,8.350932447699181,2.0
59,8.525246523704785,0.0
60,8.55531718430568,0.0
61,8.77781290729227,0.0
62,8.889877304771934,4.0
63,8.910384917890386,4.0
64,8.914337857919033,0.0
65,8.916495707427508,0.0
66,8.919684819066404,0.0
67,8.943700427692761,3.0
68,8.954080998903152,0.0
69,8.982231553055469,1.0
70,8.988781726721701,4.0
71,9.058450474409689,0.0
72,9.07003771078219,4.0
73,9.0883720941667,1.0
74,9.106091410542827,2.0
75,9.119206338845558,4.0
76,9.13185175738792,0.0
77,9.13730437203847,4.0
78,9.143355027165553,2.0
79,9.20156051846758,1.0
80,9.244831397855624,2.0
81,9.254713046758503,3.0
82,9.302074615709634,1.0
83,9.30979290687743,4.0
84,9.349139715445794,0.0
85,9.390041967708749,4.0
86,9.451122123245796,1.0
87,9.645317635631946,1.0
88,9.668969750399325,0.0
89,9.726384687317829,2.0
90,9.821497084400074,3.0
91,9.871641215698913,3.0
92,9.888157064250825,1.0
