,time,event
0,0.37882631118597965,1.0
1,0.5223555814396285,4.0
2,0.9927083772196631,1.0
3,1.0028518800326491,4.0
4,1.062431982980907,4.0
5,1.097003264991605,4.0
6,1.1760833734937048,1.0
7,1.5482513215239977,4.0
8,2.010404564283341,4.0
9,2.4241902925702803,0.0
10,3.1064741583851694,4.0
11,3.16360170634567,0.0
12,4.489237526645495,1.0
13,4.654073873367612,0.0
14,4.693797609773239,1.0
15,4.718258817863885,0.0
16,4.763336901605378,4.0
17,5.050908985331805,4.0
18,5.515905320749985,1.0
19,6.333438777773296,0.0
20,6.4598042233056825,4.0
21,6.49059858313853,0.0
22,6.634582726320125,1.0
23,6.729565794552805,1.0
24,6.891172658480856,1.0
25,7.152089191078354,1.0
26,7.18690976927022,2.0
27,7.335748384326622,4.0
28,7.821065641325736,0.0
29,8.04195637658584,1.0
30,8.78851046648225,1.0
31,8.833326143319663,1.0
32,9.004126996115053,1.0
33,9.0993515358007,0.0
34,9.235061016849128,0.0
35,9.256427774911455,1.0
36,9.276813233927966,2.0
37,9.459147764467536,1.0
38,9.476621192017738,1.0
39,9.640449126553518,1.0
40,9.827810049358165,4.0
