,time,event
0,0.12789501311826026,1.0
1,1.0825772294604814,4.0
2,1.4543176964903435,4.0
3,2.428361656763731,3.0
4,2.5611763710036097,1.0
5,2.9953715590861387,4.0
6,3.4409851992960645,4.0
7,3.4884242866869304,0.0
8,3.61495951749942,1.0
9,3.645485904752682,0.0
10,3.885178973969313,1.0
11,3.9129887944457664,3.0
12,4.020939484961272,1.0
13,4.2467500019758715,1.0
14,4.510889059964188,3.0
15,4.753427349949757,4.0
16,4.804244210663149,1.0
17,5.021892208070821,3.0
18,5.207030925024361,3.0
19,5.455810169390215,3.0
20,5.464282789076487,1.0
21,5.7532127477905695,1.0
22,5.876238059525422,3.0
23,6.000116914022058,2.0
24,6.087634796937494,1.0
25,6.134553926184033,4.0
26,6.156520646870769,3.0
27,6.174454362917436,1.0
28,6.193058592089405,4.0
29,6.232519134934247,4.0
30,6.272695762381179,0.0
31,6.311407120528052,4.0
32,6.534166426582167,4.0
33,6.706440686439499,1.0
34,6.762699589163053,4.0
35,7.1156673315684085,3.0
36,7.17752497343603,4.0
37,7.192085936558189,3.0
38,7.723323198917963,3.0
39,7.83413541551048,1.0
40,7.845620705048593,3.0
41,8.15999593338987,1.0
42,8.197282374037343,0.0
43,8.208726260557055,0.0
44,8.220295688168374,0.0
45,8.309298643488448,0.0
46,8.39111623336394,3.0
47,8.446121754062206,1.0
48,8.463285899103244,0.0
49,8.492363336694337,3.0
50,8.51751666638934,0.0
51,8.52828996999977,3.0
52,8.593235284677153,0.0
53,8.636544083198528,3.0
54,8.6427191466034,1.0
55,8.683244774949644,3.0
56,8.712805082305495,0.0
57,8.743494748077032,4.0
58,8.759021844944714,2.0
59,8.898626244338725,0.0
60,8.929566502847493,1.0
61,8.957342666723658,3.0
62,9.015713202991119,3.0
63,9.151471327648965,4.0
64,9.157798005535136,3.0
65,9.167215789812811,0.0
66,9.590473025925645,3.0
67,9.66628751864559,3.0
68,9.825918992292012,0.0
