,time,event
0,0.1621188233402554,4.0
1,0.2597385730271282,1.0
2,1.3164849922182054,4.0
3,1.513382704884814,3.0
4,2.4019439476995457,0.0
5,2.4157265438364606,4.0
6,2.4392378189625927,1.0
7,2.6384900035961762,1.0
8,2.928227755518684,3.0
9,3.832595853564584,3.0
10,3.997216177558807,4.0
11,4.114976218683394,4.0
12,4.249486535574163,1.0
13,4.52060601315348,1.0
14,4.668360327144953,1.0
15,4.829744305453562,3.0
16,5.1068860011193395,4.0
17,5.271670499691088,1.0
18,5.809846974343521,0.0
19,5.909709900464947,4.0
20,6.009839841229811,4.0
21,6.2272483008447175,3.0
22,6.280730475074932,4.0
23,6.452769983351333,1.0
24,6.779484196482059,0.0
25,6.798671271093376,0.0
26,6.8048103268921665,3.0
27,6.820320702858289,3.0
28,6.892386528468158,3.0
29,6.9452520320770725,3.0
30,6.963445447359445,3.0
31,6.973962195609522,0.0
32,6.975363291740673,0.0
33,7.131053463681278,0.0
34,7.162472363503431,0.0
35,7.271134352045668,4.0
36,7.510800488367514,1.0
37,7.651476829889923,1.0
38,7.7788202709019405,0.0
39,8.124071428941097,2.0
40,8.200368991492429,1.0
41,8.339642380568177,1.0
42,8.348017087994428,4.0
43,8.412792027767178,1.0
44,8.563196171771313,3.0
45,8.668441072648802,0.0
46,8.728683361365439,1.0
47,8.851282013974965,3.0
48,8.862479654769833,0.0
49,9.143238876271313,2.0
50,9.152593087975346,0.0
51,9.196503295382541,4.0
52,9.214095304947046,2.0
53,9.266020320552574,0.0
54,9.280820251362389,3.0
55,9.310913771954933,0.0
56,9.32258883351105,4.0
57,9.324035899489012,0.0
58,9.3446100977694,0.0
59,9.362041089408747,4.0
60,9.365360215512856,0.0
61,9.387981968036767,4.0
62,9.39189888893139,2.0
63,9.411125665626303,2.0
64,9.414793428719264,2.0
65,9.598191478686093,0.0
66,9.607268988582113,0.0
67,9.665598921214475,3.0
68,9.665791339732555,1.0
69,9.697589429676391,4.0
