,time,event
0,0.9648029461059103,1.0
1,2.3105615273042757,4.0
2,2.9366160196461215,1.0
3,3.2172505849607824,3.0
4,3.397530919244233,0.0
5,4.225460576448264,4.0
6,4.293956713856569,2.0
7,4.565394919822558,3.0
8,4.591548647543694,3.0
9,4.647131616176218,3.0
10,4.704104391735833,0.0
11,4.713991324613102,4.0
12,4.796299808490289,1.0
13,4.941108385288651,0.0
14,4.957956547263869,0.0
15,5.151678792280261,0.0
16,5.6317698934190075,3.0
17,6.139193570908322,0.0
18,6.339001891702354,1.0
19,6.415595585684719,0.0
20,6.689545452766515,2.0
21,6.727398420619597,1.0
22,6.739701368502248,4.0
23,6.789084681348379,0.0
24,6.789920739700087,2.0
25,6.99625535893753,4.0
26,7.093567126589318,4.0
27,7.1437687366758045,0.0
28,7.177886096666951,3.0
29,7.223827705966025,3.0
30,7.376860985378459,3.0
31,7.453886914278283,4.0
32,7.493601869254369,4.0
33,7.500146284673256,3.0
34,7.6342849247258595,2.0
35,7.790222977228262,0.0
36,8.02604247203618,1.0
37,8.097120495748088,1.0
38,8.415590075403506,4.0
39,8.532556308891525,4.0
40,8.656866597784749,0.0
41,8.731462586407824,0.0
42,8.811514858069794,4.0
43,8.819232386730539,3.0
44,8.820800970989637,1.0
45,8.836351425774469,3.0
46,8.915313301111551,3.0
47,9.070684229094072,4.0
48,9.135652689349131,1.0
49,9.17343749042354,3.0
50,9.230034254803991,0.0
51,9.232497523172004,2.0
52,9.317365568490194,4.0
53,9.401138049510559,3.0
54,9.424384183772549,2.0
55,9.426670574117564,1.0
56,9.451750163346375,4.0
57,9.476717541350125,3.0
58,9.514739994914725,4.0
59,9.545437894237342,3.0
60,9.5869138865983,3.0
61,9.821578600628435,1.0
62,9.873020879970447,3.0
63,9.91065644135348,4.0
64,9.96169766453217,4.0
65,9.963117722427047,2.0
66,9.995369959089114,4.0
