,time,event
0,0.49227116230800294,3.0
1,0.7670948643915588,0.0
2,1.0192767882199836,1.0
3,1.1584038632149347,0.0
4,2.3972094876601426,0.0
5,2.9910816221329957,1.0
6,3.2125183736468723,4.0
7,3.408535186970466,2.0
8,3.4403253569423367,3.0
9,3.4473484536495786,4.0
10,3.4931822627548765,2.0
11,3.9630225586481616,3.0
12,4.45989556945626,1.0
13,4.518216996539938,3.0
14,4.538278943531784,3.0
15,5.04637508068242,4.0
16,5.12502383119591,1.0
17,5.300782822712943,2.0
18,5.480320453110736,4.0
19,5.559446106333239,3.0
20,5.601884515185327,3.0
21,5.747688073186445,3.0
22,5.7632464898409275,3.0
23,5.85044693691563,4.0
24,5.900095732499422,3.0
25,6.037273675559357,3.0
26,6.039959820066852,1.0
27,6.241633611258826,3.0
28,6.2596899237418215,1.0
29,6.308644946459475,3.0
30,6.455686915316032,4.0
31,6.622788306559018,1.0
32,6.712005335580708,3.0
33,6.852694795095871,0.0
34,6.963676953685845,3.0
35,7.404809688850984,3.0
36,7.418161361456792,3.0
37,7.4837538524794125,1.0
38,7.485458961293135,3.0
39,7.4944178102590095,4.0
40,7.501822178892498,4.0
41,7.565709538931062,2.0
42,7.619415056005949,4.0
43,7.7383486713345135,3.0
44,7.788629611259433,4.0
45,7.880801712808524,1.0
46,7.937359495489025,1.0
47,7.938609834620931,3.0
48,7.938803416241476,1.0
49,7.96477960540267,3.0
50,7.986890384791521,1.0
51,7.994466168959393,3.0
52,8.083301762505743,3.0
53,8.115673827680139,3.0
54,8.156189974379684,3.0
55,8.212010985458972,3.0
56,8.26346957408268,4.0
57,8.31167594740928,3.0
58,8.31688618566397,1.0
59,8.387236531739632,4.0
60,8.391659867657829,1.0
61,8.476339611615874,4.0
62,8.723514574803293,2.0
63,8.737539251780595,3.0
64,8.871732040609682,3.0
65,8.903436084399436,3.0
66,8.938544084374751,4.0
67,8.964369818399394,4.0
68,9.011260405336362,4.0
69,9.03548599590732,1.0
70,9.092530512418888,0.0
71,9.246189251250028,3.0
72,9.372659572072239,1.0
73,9.401140713559048,2.0
74,9.608638922534226,4.0
75,9.71696270539431,4.0
76,9.84357866836032,3.0
77,9.893368169328923,3.0
