,time,event
0,0.01767629080274822,3.0
1,0.544660283802531,4.0
2,0.9012252071021702,4.0
3,1.0036269987595525,0.0
4,1.1360303114367833,4.0
5,1.1637734608283061,3.0
6,1.3085976950336105,4.0
7,1.8565956003949373,4.0
8,2.747221620255927,4.0
9,2.759911256692477,4.0
10,3.3983459884386877,2.0
11,3.6678726619669497,0.0
12,3.7152756275085568,2.0
13,3.7749933737222,0.0
14,4.149635988368473,2.0
15,4.24978441660072,2.0
16,4.325897437022907,2.0
17,4.343238068102384,2.0
18,4.436953211688502,1.0
19,4.811598323034003,1.0
20,5.646193904511481,3.0
21,5.737640710369268,3.0
22,5.837598106538946,4.0
23,6.19494146464357,3.0
24,6.315466702116825,0.0
25,6.341249858637277,4.0
26,6.410667229777278,1.0
27,6.507061134804413,1.0
28,6.574558366764123,0.0
29,6.617547817943098,0.0
30,6.76624131468312,3.0
31,6.780050128951,0.0
32,6.95254179370031,4.0
33,7.181555825185522,1.0
34,7.3441607478740245,4.0
35,7.423779129082843,0.0
36,7.603156806090711,3.0
37,7.69097091836922,0.0
38,8.017986148766301,4.0
39,8.099016910620378,0.0
40,8.120106109270026,0.0
41,8.224371017737015,0.0
42,8.321924925200214,4.0
43,8.336543492629016,0.0
44,8.426800235331443,4.0
45,8.43791802521455,0.0
46,8.531913838650937,1.0
47,8.554924787199141,0.0
48,8.579210688016952,0.0
49,8.59219379758082,4.0
50,8.716480213609554,4.0
51,8.876464036657493,4.0
52,8.899107419336984,1.0
53,9.140953578279136,4.0
54,9.631310821510256,4.0
55,9.641149639817902,0.0
56,9.677905927511025,4.0
57,9.704285333726896,4.0
58,9.821067701207266,2.0
59,9.897733232620753,4.0
60,9.904938240792653,0.0
61,9.913202004046052,1.0
62,9.916376514898198,1.0
