,time,event
0,0.2346977116001455,4.0
1,0.8171400607591502,1.0
2,1.0695640775612119,3.0
3,1.4655913873355568,4.0
4,2.022200957508632,4.0
5,2.43928736348702,4.0
6,2.74051668234377,1.0
7,3.086860167175481,4.0
8,3.297847108935837,0.0
9,3.3838537212832405,0.0
10,4.66228322490215,4.0
11,4.681281766432927,0.0
12,4.687810794609032,1.0
13,4.716107443883869,4.0
14,4.831188414457886,3.0
15,5.1354437507452095,4.0
16,5.143627306636081,3.0
17,5.18850863616868,4.0
18,5.385868413304075,3.0
19,5.581996409313245,1.0
20,5.804381621676215,4.0
21,5.84639841757815,4.0
22,6.409503708632096,4.0
23,6.631642774602897,2.0
24,6.937998097304296,3.0
25,6.994426582767728,1.0
26,7.4205240770148935,3.0
27,7.529201355547474,1.0
28,7.546136946782413,2.0
29,7.836202216686864,0.0
30,7.920300705270376,4.0
31,8.000102863360388,4.0
32,8.992419763850553,3.0
33,9.630128638248914,0.0
