,time,event
0,0.10865218159511596,4.0
1,0.21919161550608796,2.0
2,0.3031505601925475,3.0
3,0.3154902670761865,4.0
4,0.4429727228695685,3.0
5,0.4655938465314958,0.0
6,0.9039652749999597,0.0
7,1.6927781026765996,1.0
8,1.9652345399965103,0.0
9,2.1558630780781827,0.0
10,2.1979200197018858,2.0
11,2.26472143096582,2.0
12,2.2862845224759374,2.0
13,2.4027784909061243,2.0
14,2.4144955494269515,1.0
15,2.5660555251072115,2.0
16,2.7243440052917123,1.0
17,2.8528356385442484,4.0
18,2.8934529781906493,1.0
19,3.3554101555105937,1.0
20,3.4472160194651518,3.0
21,3.453037663252046,1.0
22,3.966276533907513,2.0
23,4.212807716489774,4.0
24,4.224615159394846,0.0
25,4.351573260570757,1.0
26,4.440611929519035,2.0
27,4.587435235549691,0.0
28,4.819750915729151,0.0
29,4.876377220605894,2.0
30,4.962276829059103,2.0
31,5.088785231268351,0.0
32,5.124605088305588,2.0
33,5.224734456537494,0.0
34,5.267320591398353,1.0
35,5.500882131634662,0.0
36,5.546925926458716,1.0
37,5.5566011573859235,4.0
38,5.621983810059567,2.0
39,5.63234813844266,4.0
40,5.71651496008903,0.0
41,5.731885160025878,4.0
42,5.761685745123322,0.0
43,5.89273212276631,0.0
44,6.422428182319859,3.0
45,6.442023498412376,1.0
46,6.4435733893383516,1.0
47,6.506744285677884,0.0
48,6.632475343608219,1.0
49,6.837982299463717,2.0
50,6.864711456331831,1.0
51,6.97606680213107,4.0
52,6.9964078340651294,1.0
53,7.028201605377987,1.0
54,7.457201833023659,1.0
55,7.486267851028897,0.0
56,7.579082487799698,1.0
57,7.709251914412978,2.0
58,7.903740746057689,1.0
59,7.921761207710029,2.0
60,7.973189183799763,1.0
61,8.010923172893412,2.0
62,8.37495112184611,2.0
63,8.555609935074926,3.0
64,8.636660825142908,0.0
65,8.861916630561385,0.0
66,8.895765445002253,1.0
67,9.182767825438766,1.0
68,9.347645232589475,2.0
69,9.406976561391014,4.0
70,9.763568232290654,2.0
71,9.791876805638486,4.0
