,time,event
0,0.12611260448661082,1.0
1,0.3811128848413219,1.0
2,0.5437908692020322,1.0
3,0.651391105630011,3.0
4,0.94048143444155,0.0
5,0.9600358174470482,1.0
6,1.0628169957741362,0.0
7,1.1555318575575968,4.0
8,1.1621330011075848,1.0
9,1.4785954503295087,0.0
10,1.8935720051010596,3.0
11,1.9122971033886975,1.0
12,2.065563497573653,0.0
13,2.2983827830511543,2.0
14,2.823962421145334,4.0
15,2.9618388457254694,1.0
16,3.2925565109352948,3.0
17,3.49479400493025,4.0
18,3.686288537907734,1.0
19,3.743601781777705,3.0
20,3.8328187307010455,3.0
21,3.961098419621912,1.0
22,4.0739638768115345,2.0
23,4.096268884770456,1.0
24,4.3843914128447965,1.0
25,4.407212685941412,3.0
26,4.6151328775306,3.0
27,4.653098288832432,1.0
28,4.8032627354312245,0.0
29,4.8345809373961295,3.0
30,5.641583274262962,1.0
31,5.667282610331019,1.0
32,5.78393971007067,3.0
33,5.887911240240389,2.0
34,6.036071449084584,1.0
35,6.170981539699828,3.0
36,6.356225331659481,3.0
37,6.405022694736155,4.0
38,6.488886463668943,3.0
39,6.83900565829495,3.0
40,7.042601480569394,0.0
41,7.060559025224409,0.0
42,7.082458580552347,4.0
43,7.622995661389342,0.0
44,8.021897238300252,3.0
45,8.065809923616502,1.0
46,8.094942110255548,0.0
47,8.163384379572529,1.0
48,8.30472153979991,2.0
49,8.324533803553026,2.0
50,8.585590972293334,4.0
51,8.695191313335187,0.0
52,8.719069087171382,1.0
53,8.742063779674398,1.0
54,8.82567669269596,4.0
55,8.917584337169735,3.0
56,9.159980021158626,1.0
57,9.18630318647169,4.0
58,9.306801339923885,1.0
59,9.389603492141815,3.0
60,9.950110250338943,3.0
61,9.97894872620522,1.0
