,time,event
0,0.18195940312585415,1.0
1,0.6143813473875223,4.0
2,0.640854692532955,4.0
3,0.8011328034236812,0.0
4,1.5126054875517252,4.0
5,2.35945175974229,0.0
6,2.6467889099232984,1.0
7,2.661096439506165,1.0
8,2.7915453812966717,1.0
9,2.8901326316358174,4.0
10,2.9092522938886005,2.0
11,3.6622054489196936,4.0
12,4.71680977158002,2.0
13,4.868611616043404,0.0
14,4.873469781123758,0.0
15,4.929160392796007,1.0
16,4.943640351298946,4.0
17,4.961562910725612,0.0
18,5.018427173196223,4.0
19,5.154436624445222,1.0
20,5.213260003512765,3.0
21,6.024857836998225,1.0
22,6.925282208689723,3.0
23,6.995353124917775,1.0
24,7.032965244280101,1.0
25,7.036100461402648,0.0
26,7.051690707477337,0.0
27,7.078882791206622,1.0
28,7.1649557446670045,1.0
29,7.199105031955801,4.0
30,7.374917914861497,0.0
31,7.5019993145233395,1.0
32,7.534395944943586,0.0
33,8.121941897055276,4.0
34,8.293214681171516,1.0
35,8.40022360317372,3.0
36,8.654407111496846,3.0
37,9.025958629810921,1.0
38,9.096638515312435,4.0
39,9.120140001178772,1.0
40,9.132615078945458,1.0
41,9.145109393090438,0.0
42,9.302943594945383,1.0
43,9.31801991998862,0.0
44,9.337804695061394,1.0
45,9.42152272884266,0.0
46,9.45124601418761,4.0
47,9.452729755293337,1.0
48,9.55027384165105,0.0
49,9.559664286154325,0.0
50,9.725147758779805,2.0
51,9.775202635670745,4.0
52,9.808407398612891,0.0
53,9.826659755568803,0.0
54,9.952247051547555,1.0
55,9.953802422377217,1.0
