,time,event
0,0.12541801156901664,1.0
1,0.17865831754580577,3.0
2,0.35878696690612527,2.0
3,0.716095015374451,2.0
4,0.7590756323827244,1.0
5,0.8890817661334205,4.0
6,1.5160645225908473,1.0
7,1.6780230877054567,1.0
8,1.7939350700868477,3.0
9,2.0114916502877875,0.0
10,2.056957812980652,1.0
11,2.124678978788749,1.0
12,2.1698784332819545,0.0
13,2.1877282424062554,1.0
14,2.3941915676334014,0.0
15,2.6082099277623954,1.0
16,2.6428668265392012,4.0
17,2.69845507054678,1.0
18,2.722616029733317,4.0
19,2.93893283498137,1.0
20,3.0570530971224876,0.0
21,3.1473182700510525,1.0
22,3.1664654245708883,0.0
23,3.294503840418985,3.0
24,3.5393520967216263,1.0
25,3.547139761346642,1.0
26,3.7819637478686,4.0
27,3.8179231712624744,2.0
28,3.993124129056517,4.0
29,3.9944821842578473,1.0
30,4.096477925876255,4.0
31,4.097205918157669,0.0
32,4.381210545162004,1.0
33,4.418819663759257,0.0
34,4.423980858315512,0.0
35,4.690751828951584,0.0
36,4.822203012373662,0.0
37,4.893566827354779,0.0
38,4.9987257017309386,0.0
39,5.025190768316019,0.0
40,5.139642579322133,1.0
41,5.16737902593717,0.0
42,5.37639736825069,0.0
43,5.392344361457684,0.0
44,5.410555740366873,3.0
45,5.843169209872076,4.0
46,5.864244202866467,0.0
47,5.937872992636112,4.0
48,6.111050645180165,1.0
49,6.134160968840147,1.0
50,6.3907820425044415,0.0
51,6.5796691174653,0.0
52,6.627155491899608,4.0
53,6.759130182792776,0.0
54,7.038503553154262,1.0
55,7.090921301255493,4.0
56,7.162015291609775,1.0
57,7.256794180057345,1.0
58,7.300848195525266,1.0
59,7.312599880673251,4.0
60,7.358348034453942,2.0
61,7.410638994846228,2.0
62,7.431085076113947,1.0
63,7.616683088279489,1.0
64,7.844970596269325,1.0
65,7.906515147843014,4.0
66,8.042294090159302,4.0
67,8.086202627024877,0.0
68,8.243874603010813,3.0
69,8.287321634589441,1.0
70,8.379599903953299,1.0
71,8.520427731866981,0.0
72,8.53639958897576,1.0
73,8.625202822454844,4.0
74,8.749765761918626,3.0
75,8.757807770687068,0.0
76,8.767455605905266,3.0
77,8.964920700199672,1.0
78,9.128027498179547,1.0
79,9.167549570991754,3.0
80,9.180439922866695,0.0
81,9.301806934048955,3.0
82,9.405267926524667,1.0
83,9.464374878235958,0.0
84,9.490577486626087,0.0
85,9.494390342043438,1.0
86,9.543853778434574,0.0
87,9.623830358048766,3.0
88,9.700742832119447,1.0
89,9.703193631441735,0.0
90,9.734496198378698,1.0
91,9.822899792686655,1.0
92,9.842639237466274,1.0
93,9.91207328466118,0.0
94,9.947229733023509,4.0
