,time,event
0,1.3601086932158382,1.0
1,1.4526015945673643,1.0
2,2.3380607598193106,3.0
3,2.4506103001256827,3.0
4,2.7664273461591686,2.0
5,3.2522001046200386,2.0
6,3.5545436510950874,2.0
7,3.641215940294712,3.0
8,4.376067678527684,4.0
9,4.71813084736861,4.0
10,4.806468960683002,2.0
11,5.586825396390247,1.0
12,5.735333148550309,4.0
13,5.936548920618978,4.0
14,5.9562775553601055,3.0
15,7.409121495990567,2.0
16,8.028861989993928,2.0
17,8.143744134073259,0.0
18,8.17002365654415,0.0
19,8.302597168065207,3.0
20,8.478278439717004,1.0
21,8.515036522566485,1.0
22,9.51507162754842,4.0
23,9.855433908889752,3.0
24,9.965746330619483,2.0
