,time,event
0,0.07053353992854165,1.0
1,1.6408727797673077,3.0
2,1.7546456674508573,3.0
3,2.2476456130287406,3.0
4,2.524454968309815,2.0
5,2.741205423652554,1.0
6,3.873367124837501,2.0
7,4.130725143754947,4.0
8,4.166808874738355,4.0
9,4.1705316103667744,2.0
10,4.214831419965437,1.0
11,4.223998473612272,2.0
12,4.3019242131724145,2.0
13,4.710468480572061,4.0
14,4.8502581293491644,3.0
15,5.236077370295661,4.0
16,5.3783247059171835,3.0
17,5.486749226793749,3.0
18,6.144439781717507,2.0
19,6.6331563959219935,1.0
20,6.763074302573384,2.0
21,7.096891808220402,2.0
22,7.512865916908437,2.0
23,7.52507555153473,2.0
24,7.679998209997933,2.0
25,7.696850597037544,2.0
26,7.731959294082615,0.0
27,7.82207229820173,1.0
28,7.836254940101212,4.0
29,7.952357107263914,2.0
30,8.543789017906569,2.0
31,9.266337972557734,3.0
32,9.804605394498852,1.0
