,time,event
0,0.22831431229300753,0.0
1,1.0483229589834133,3.0
2,2.709859773843557,2.0
3,2.8748823359785223,3.0
4,3.555013659529293,2.0
5,3.9668868620242312,2.0
6,5.0882794725620455,0.0
7,5.137130005986738,4.0
8,5.175801897066754,0.0
9,5.231221888768951,1.0
10,5.352239950183339,2.0
11,5.744646964424663,1.0
12,5.818797313016044,0.0
13,5.822795908680249,1.0
14,5.893962371921898,1.0
15,6.013389113307964,4.0
16,6.040484654138835,1.0
17,6.682900464817095,1.0
18,7.208491705554119,1.0
19,7.302830422193692,2.0
20,7.306424098357493,4.0
21,7.32617796409391,4.0
22,7.42987493950092,2.0
23,7.674512150512544,1.0
24,7.80817156161575,0.0
25,7.969369914693268,1.0
26,8.003147162591924,4.0
27,8.213205434246523,2.0
28,8.222744912415054,4.0
29,8.233631751738379,4.0
30,8.30684022459611,4.0
31,8.376589637682475,1.0
32,9.084962306739845,4.0
33,9.48495891925122,1.0
34,9.48998019920061,2.0
35,9.556984275371631,2.0
36,9.571181803358925,2.0
37,9.787626606236032,4.0
38,9.938584305042372,4.0
