,time,event
0,0.40428644600735547,3.0
1,0.6167252173940752,2.0
2,2.401169559024119,1.0
3,2.5064705946231918,1.0
4,2.639726456114838,2.0
5,2.8373114963634625,1.0
6,2.876964678037594,0.0
7,2.8949094229851555,0.0
8,2.939873671943971,1.0
9,3.2195853469907343,3.0
10,4.049996939226456,0.0
11,4.103328090730157,1.0
12,4.470268317160369,3.0
13,4.725879921826474,1.0
14,4.742311029469342,1.0
15,4.7792379654422925,1.0
16,4.804023491856751,1.0
17,4.929693756338175,1.0
18,4.99627732180292,1.0
19,5.193701947015319,0.0
20,5.213403801385661,1.0
21,5.237520062993119,0.0
22,5.340103332306609,1.0
23,5.35532312362983,3.0
24,5.555639501229376,2.0
25,5.967455719967289,3.0
26,6.394225664107005,2.0
27,6.418895445357891,1.0
28,6.455777758073143,2.0
29,6.538155766267442,1.0
30,6.561450585356648,1.0
31,6.718454016709874,2.0
32,6.790935067162565,1.0
33,6.791069158629901,2.0
34,6.815511184603622,2.0
35,6.8918153341556545,2.0
36,6.953752209026877,2.0
37,7.044663447719,2.0
38,7.048691976564487,1.0
39,7.052888039711455,2.0
40,7.136938924258846,1.0
41,7.216461124800417,1.0
42,7.2446773190529035,1.0
43,7.267522060012658,1.0
44,7.315267749478253,1.0
45,7.385154659277492,3.0
46,7.386826194138635,1.0
47,7.442599412479149,3.0
48,7.498709697510352,2.0
49,7.570259937228719,1.0
50,7.599137135337049,1.0
51,7.626288608515558,3.0
52,7.651253172644828,1.0
53,7.724054283292001,2.0
54,7.724998491444299,1.0
55,7.9751607477017386,1.0
56,8.018240159721906,1.0
57,8.166427189032229,2.0
58,8.396478440594022,3.0
59,8.49565926032414,1.0
60,8.505200607042905,3.0
61,8.507940609967065,3.0
62,8.589076094855136,2.0
63,8.662615394997694,1.0
64,8.754034664913744,1.0
65,8.848260901592619,3.0
66,8.859618093588788,1.0
67,9.007030915972438,1.0
68,9.065309839335695,1.0
69,9.09118365009958,2.0
70,9.162082012358212,1.0
71,9.179043666719384,2.0
72,9.179824000439147,1.0
73,9.19274029182388,1.0
74,9.230451081427436,3.0
75,9.24847205399299,1.0
76,9.310283224147067,1.0
77,9.316819857195064,1.0
78,9.346417880065879,2.0
79,9.373879535389293,1.0
80,9.41490669367888,3.0
81,9.426343718927212,1.0
82,9.474866949067524,3.0
83,9.502453073046624,2.0
84,9.528047941911865,2.0
85,9.564733757596754,3.0
86,9.613703323268277,2.0
87,9.622592922104722,2.0
88,9.660456623241393,1.0
89,9.670101309854504,2.0
90,9.686288183201066,1.0
91,9.70721761043241,1.0
92,9.715820391140179,1.0
93,9.719594761238401,1.0
94,9.727866912740154,2.0
95,9.933789395256072,1.0
96,9.985882496639096,2.0
