,time,event
0,1.7304296033502786,3.0
1,1.951824159946746,1.0
2,2.3576606264747233,1.0
3,2.5673389581793318,2.0
4,3.7935239694262486,0.0
5,4.227581009318323,4.0
6,4.283131490089291,3.0
7,4.412822140684875,2.0
8,4.660107638428808,2.0
9,5.507402037153996,3.0
10,5.584603389426871,1.0
11,5.745153625950707,3.0
12,6.27864767346695,4.0
13,6.309667284884284,0.0
14,6.439772805100277,2.0
15,6.458471258919647,0.0
16,6.518786259843291,1.0
17,6.5643492897262865,3.0
18,6.628870244899801,2.0
19,6.782921322069696,3.0
20,6.842780892937971,1.0
21,6.885367704170294,2.0
22,6.926434651419643,1.0
23,7.13735397285842,2.0
24,7.145526209219796,0.0
25,7.873832090283306,4.0
26,7.939954430697185,2.0
27,7.955201480681962,2.0
28,8.616096312387443,0.0
29,8.653377186011376,2.0
30,8.671578595182812,2.0
31,8.754253342089017,3.0
32,8.783215010903511,0.0
33,8.83699601091071,0.0
34,8.8700167474599,4.0
35,8.914163056134957,1.0
36,8.935493217074825,0.0
37,8.95693104544159,2.0
38,8.982306275887012,0.0
39,9.097440678923244,2.0
40,9.149999079825712,1.0
41,9.30083092017838,2.0
42,9.308175521497121,2.0
43,9.331566662598032,2.0
44,9.450938300773144,2.0
45,9.629151826233612,0.0
46,9.927462401115848,0.0
