,time,event
0,0.13125897669427816,3.0
1,0.3377932243893734,1.0
2,0.37427472216447466,3.0
3,1.1166551859095821,1.0
4,1.139982913255533,1.0
5,2.0315168388580975,3.0
6,2.282574210863063,4.0
7,2.337883840883672,0.0
8,2.3528003753651396,4.0
9,2.5945729965897777,2.0
10,2.673984009143211,3.0
11,2.7583050808625535,1.0
12,2.7979940573354147,3.0
13,3.4112502295031,3.0
14,4.016413740705257,1.0
15,4.279037671923681,2.0
16,4.341497284874589,2.0
17,4.5130256053610145,3.0
18,4.598656355986107,1.0
19,4.967535897962733,3.0
20,5.027561892864296,1.0
21,5.055541764518388,2.0
22,5.075122496833385,1.0
23,5.232676034946351,4.0
24,5.806348297824505,2.0
25,6.06498445153488,3.0
26,6.096419303036916,3.0
27,6.186751938565602,0.0
28,6.619004171068503,1.0
29,6.734918690239831,2.0
30,6.946567342014101,4.0
31,7.276981763907132,2.0
32,7.303086375037345,1.0
33,7.341414072883328,2.0
34,7.395823693467309,1.0
35,7.419561026275078,3.0
36,7.489792232086095,0.0
37,7.675792676555118,1.0
38,7.874149746525319,2.0
39,8.045202504027657,3.0
40,8.225494233395072,2.0
41,8.239396641884714,2.0
42,8.316496586191558,2.0
43,8.342366838510447,4.0
44,8.452964233375216,1.0
45,8.501919333468965,2.0
46,8.520966638854397,1.0
47,9.273468559826933,2.0
48,9.298704652730502,2.0
49,9.317943747159378,3.0
50,9.357474609698128,1.0
51,9.441574809609687,3.0
52,9.593704361142041,1.0
53,9.654329963215915,0.0
54,9.764685842790902,2.0
55,9.858509874497267,1.0
56,9.941412481780127,2.0
57,9.944367689708427,1.0
58,9.952778920135307,1.0
59,9.982965505174295,2.0
