,time,event
0,0.07587633551213964,1.0
1,0.6410701150564163,3.0
2,0.709033007606899,0.0
3,1.1589746347519847,3.0
4,1.5883797626402008,1.0
5,1.7044890951070473,2.0
6,2.0793254896195084,1.0
7,2.3090299153097504,1.0
8,3.0524604422959816,2.0
9,3.872910609449609,1.0
10,4.044123773612772,1.0
11,4.05627978466076,1.0
12,4.0914922063931005,2.0
13,4.153410379090225,3.0
14,4.346001548870658,1.0
15,4.411839909849463,1.0
16,4.489658451699386,3.0
17,4.926997545796939,2.0
18,4.9823850305100175,1.0
19,5.427200961859092,1.0
20,5.516960566816479,1.0
21,5.516974074182194,1.0
22,5.887904882714659,0.0
23,5.938571155192973,1.0
24,6.402721052178452,1.0
25,6.4595327222323515,1.0
26,6.5612952732676995,0.0
27,6.8399822002497235,1.0
28,6.856975179564364,1.0
29,6.970076595916855,0.0
30,6.9773773882130135,1.0
31,7.014641370903174,1.0
32,7.12694245359504,2.0
33,7.1376733572232975,0.0
34,7.257505942455626,1.0
35,7.282877192019968,1.0
36,7.42470092635979,2.0
37,7.5197482915483755,1.0
38,7.611835288398785,1.0
39,7.909846847029044,0.0
40,7.916802827732033,0.0
41,7.94720756134399,3.0
42,8.325023022434758,1.0
43,8.633731577072242,1.0
44,8.686950584803622,0.0
45,9.231735358015408,1.0
46,9.243421790650642,1.0
47,9.268714950180888,1.0
48,9.347862685669929,0.0
49,9.40013279541905,0.0
50,9.43405353930593,1.0
51,9.56754046715103,1.0
52,9.633928627817989,0.0
53,9.689829062419905,2.0
54,9.704515871299261,0.0
55,9.795741194190805,2.0
56,9.846122712141858,2.0
57,9.96869696898449,0.0
