,time,event
0,0.4065176884022639,2.0
1,1.5554615302604742,3.0
2,1.8899781664164377,1.0
3,2.0849589362939507,2.0
4,2.640353384987778,2.0
5,2.8612132779208554,3.0
6,3.2820136675935694,2.0
7,3.9606991292124483,3.0
8,4.184664292074355,1.0
9,4.271446463721646,2.0
10,4.309572725249423,2.0
11,5.127677749601842,3.0
12,5.363847344579086,3.0
13,5.397686401963169,2.0
14,5.398099113227704,1.0
15,5.414275805051913,2.0
16,5.4370543654279855,2.0
17,5.6062485110396105,1.0
18,5.731028998878917,3.0
19,5.731355833095579,3.0
20,6.375471277839466,1.0
21,6.462107562942246,3.0
22,6.485182194368869,4.0
23,6.677521331017442,2.0
24,6.677632126404673,1.0
25,6.701758711827413,3.0
26,7.27296201915154,3.0
27,7.543965899990419,3.0
28,7.55589710799755,1.0
29,7.7632731891189355,1.0
30,7.913815861443541,1.0
31,8.07546941176092,2.0
32,8.173889195434562,3.0
33,8.351686354895651,4.0
34,8.61418280271756,3.0
35,8.789957381853085,2.0
36,8.957237510433918,3.0
37,9.026980427130766,2.0
38,9.091499110518445,1.0
39,9.09240054365806,4.0
40,9.460443565214783,2.0
