,time,event
0,0.24325709907600546,4.0
1,2.1952453855371776,1.0
2,2.1970866847503356,4.0
3,2.338213891829486,1.0
4,2.5058135039645815,3.0
5,3.034939220922002,4.0
6,3.1865866252983914,0.0
7,3.576898318555687,1.0
8,3.7556924729693044,4.0
9,3.7821449962409797,1.0
10,4.5256744659071835,3.0
11,4.73425437858891,4.0
12,4.746945730124533,2.0
13,5.003520931058446,1.0
14,5.118052393168362,1.0
15,5.324207443100964,0.0
16,5.599872536643696,2.0
17,5.6622793282598005,4.0
18,6.425759957964143,1.0
19,6.6202488687996075,4.0
20,6.817064607041897,3.0
21,6.841809227972164,2.0
22,6.862787043728348,3.0
23,7.008396214591218,1.0
24,7.025415830508157,4.0
25,7.109174922618243,2.0
26,7.248448730909136,0.0
27,7.412673862538667,4.0
28,7.457399618367072,1.0
29,7.515191080179333,1.0
30,7.700388472518263,1.0
31,7.701184499117745,2.0
32,7.719837898582077,1.0
33,7.796227405970042,0.0
34,8.018848488884172,3.0
35,8.678035855558242,0.0
36,8.869644919901772,3.0
37,8.984708640006893,3.0
38,9.008086006225009,3.0
39,9.140843591114027,3.0
40,9.176936900305053,2.0
41,9.212237137861921,2.0
42,9.247984446414655,2.0
43,9.283181672920543,2.0
44,9.307264349559503,3.0
45,9.414917745302388,1.0
46,9.541467784015529,3.0
47,9.711754736667496,2.0
48,9.934945684450328,0.0
