,time,event
0,0.1255351986527865,2.0
1,0.5816366764990325,1.0
2,0.8465734609745433,3.0
3,1.4257182824528174,3.0
4,1.888893703481615,1.0
5,1.8919086335032802,3.0
6,2.220929385422893,3.0
7,2.780258110329243,2.0
8,2.9665891684168764,3.0
9,3.137133631860293,3.0
10,3.168383189614442,3.0
11,3.17584999332008,1.0
12,3.76663021415855,2.0
13,4.091002377974215,3.0
14,4.348612840386623,3.0
15,4.372226867589119,2.0
16,4.494902143665631,2.0
17,4.504569726154929,3.0
18,4.681677697690639,3.0
19,4.766159283122615,1.0
20,5.110784704380405,0.0
21,5.162512880887097,1.0
22,5.2917761077463155,3.0
23,5.389697952262833,1.0
24,5.4392971314694005,1.0
25,5.493320847010024,1.0
26,5.52655195643091,3.0
27,5.567738083160539,1.0
28,5.74660554822863,2.0
29,5.9003369919619235,1.0
30,6.203274543451062,3.0
31,6.261504912251335,1.0
32,6.348116018776645,3.0
33,6.451775293947822,3.0
34,6.789182066683878,3.0
35,7.0003908185615895,1.0
36,7.312608088035057,3.0
37,7.4996442709572815,4.0
38,7.499761380838404,4.0
39,7.509664859272835,1.0
40,7.5971714039014,0.0
41,7.607159528185508,4.0
42,7.717609282673399,3.0
43,7.832922814964353,1.0
44,7.879043631352907,0.0
45,8.03237984294376,4.0
46,8.176244209223437,4.0
47,8.21674049796994,1.0
48,8.257872921171803,3.0
49,8.335365322036823,1.0
50,8.418729353580947,3.0
51,8.558630392515926,3.0
52,8.61004890334778,3.0
53,8.616711688628175,0.0
54,8.672924263221002,0.0
55,8.84317375667055,3.0
56,9.442946104344141,1.0
57,9.755981794089214,0.0
58,9.84034939993437,3.0
59,9.879573775513908,3.0
60,9.889247807972511,3.0
61,9.966561613287777,4.0
62,9.98292355278768,0.0
63,9.984305733558568,2.0
64,9.987341156753708,0.0
65,9.999855132053497,1.0
