,time,event
0,0.04131114572169273,1.0
1,0.10507570363495845,1.0
2,0.3495345791607529,3.0
3,1.4086419315862846,1.0
4,1.9292258917025864,3.0
5,2.115646025961525,1.0
6,2.3993764292396618,3.0
7,2.488364764501231,3.0
8,2.6154111430669533,2.0
9,2.675816434633179,2.0
10,2.701349696733059,2.0
11,2.739666741748131,1.0
12,4.7360180725854235,2.0
13,4.74079997832852,2.0
14,4.756962860292294,2.0
15,4.799082137252035,3.0
16,4.8430141472743,3.0
17,4.860159362490897,3.0
18,5.006501353967446,2.0
19,5.079235202058281,3.0
20,5.095567659387743,3.0
21,5.126962821006338,3.0
22,5.156743114327941,2.0
23,5.449879766869854,1.0
24,5.548387265785069,2.0
25,5.979098433383946,1.0
26,6.269370344595258,1.0
27,6.703620818902836,2.0
28,6.755153509791777,1.0
29,6.870978748257252,1.0
30,6.872755390106237,3.0
31,6.958250399747377,3.0
32,7.0202497637791135,1.0
33,7.126748211187318,3.0
34,7.161039022583729,2.0
35,7.208046088311144,2.0
36,7.262180573420147,1.0
37,7.3547411232929685,1.0
38,7.417591024332324,1.0
39,7.599947584855691,1.0
40,7.747523133892677,3.0
41,7.9091423865640955,3.0
42,7.97662200646422,2.0
43,8.031335171509467,1.0
44,8.140698697122444,3.0
45,8.352067899880415,4.0
46,8.479164299801537,3.0
47,8.698564531521873,4.0
48,8.814664456358237,2.0
49,8.900252568505714,1.0
50,8.988707596573187,2.0
51,9.020332193986548,4.0
52,9.049301801606587,3.0
53,9.110274667308007,2.0
54,9.157387144852692,3.0
55,9.334792774743606,1.0
56,9.347728316030238,3.0
57,9.369333851365068,2.0
58,9.534429885899678,3.0
59,9.56849073020839,1.0
60,9.593098112432797,1.0
61,9.743109272711022,4.0
62,9.747686557330962,3.0
63,9.799483797540372,4.0
