,time,event
0,0.6653999954508443,3.0
1,0.8548002731422952,2.0
2,1.2482366917501322,2.0
3,1.6856395607167822,0.0
4,2.6703553299708456,3.0
5,2.963399834372425,2.0
6,3.5099408761328483,3.0
7,3.704632848576072,2.0
8,4.370511603391141,2.0
9,4.7134655052749475,2.0
10,5.021969785417738,1.0
11,5.2145296402882115,3.0
12,5.242447906284757,2.0
13,5.632677633912805,3.0
14,5.666201023803785,3.0
15,6.844526461013896,3.0
16,7.33020586587227,2.0
17,7.676264303822496,3.0
18,9.615060502819208,3.0
19,9.687177536323826,2.0
20,9.791163833328095,3.0
21,9.8134967547113,1.0
22,10.083081249325199,2.0
23,10.106064902260606,2.0
24,10.328284066091252,1.0
25,10.490108569834614,3.0
26,11.02890197851633,3.0
27,11.102869864325484,3.0
28,11.103074743553421,2.0
29,11.603445489031042,4.0
30,11.789552275850095,2.0
31,12.208538548959393,4.0
32,12.562228123107836,3.0
33,13.160534894164677,3.0
34,14.235887216293804,3.0
35,14.675866684981203,3.0
36,15.149509698641943,4.0
37,15.16204741583128,2.0
38,15.401712281762782,3.0
39,15.66006520181532,3.0
40,16.43770064274848,2.0
41,16.744931529105553,3.0
42,17.19471364158774,3.0
43,17.341789659547203,3.0
44,18.19732692343816,1.0
45,18.655788404590012,2.0
46,19.107276122747823,2.0
47,19.437517804139116,3.0
48,19.635271333095424,4.0
