,time,event
0,0.6191907007657023,1.0
1,0.6982103940483025,3.0
2,1.4595754387485793,1.0
3,1.7693625970890348,4.0
4,2.2619844931283737,2.0
5,2.2850436791175186,1.0
6,3.733590142856356,4.0
7,4.141359930514472,3.0
8,4.496682287552513,3.0
9,4.901856200377824,3.0
10,4.953316301908391,3.0
11,4.966321987807447,1.0
12,5.376459675580077,3.0
13,5.659788579028815,3.0
14,6.306297605614907,2.0
15,6.481869393397549,3.0
16,8.589022710380942,2.0
17,8.649880923522725,2.0
18,8.91158605159139,4.0
19,9.31970900777777,3.0
20,10.366476551375328,3.0
21,10.749326529242849,3.0
22,10.815570707198292,4.0
23,11.309203725409011,4.0
24,11.470255562647957,2.0
25,13.356384925971566,4.0
26,14.315337968522913,3.0
27,15.070881376753192,2.0
28,15.771854439157881,2.0
29,15.784463534507223,3.0
30,15.792145529350417,1.0
31,16.247544959747607,3.0
32,16.611476667973278,2.0
33,16.813539355374232,3.0
34,16.833365447290728,1.0
35,17.47379970918556,3.0
36,17.7103021120223,2.0
37,17.837578487232104,1.0
38,17.94986169357919,4.0
39,18.167860174705144,3.0
40,19.828086985463152,3.0
