,time,event
0,0.3424705066462469,4.0
1,2.6818429847534078,3.0
2,2.780727910161052,3.0
3,3.107266105858869,3.0
4,3.2554054934517955,2.0
5,4.15097262378389,4.0
6,4.432733456129111,2.0
7,4.560445363436811,2.0
8,4.893326623312876,2.0
9,4.999257628969133,4.0
10,5.191245724662778,2.0
11,6.202316141772664,2.0
12,7.527060903641315,2.0
13,7.8461010780818565,3.0
14,8.584965567943069,1.0
15,9.00517689234446,2.0
16,9.23943350809723,3.0
17,9.242390606948538,0.0
18,9.367041779717498,4.0
19,10.405813943339073,2.0
20,12.528151153642508,0.0
21,12.579472691430334,3.0
22,12.68855963762666,3.0
23,12.788087014668822,3.0
24,12.970744304598144,4.0
25,12.997747536132628,1.0
26,13.595021047537584,2.0
27,13.766369015661226,1.0
28,14.140089451826928,2.0
29,14.534436658156071,2.0
30,15.070837325879676,2.0
31,15.155233972525167,3.0
32,15.273021411719473,2.0
33,16.36513482275657,1.0
34,16.694642274936797,4.0
35,16.889322040230205,3.0
36,17.131894781675623,2.0
37,18.114732059510764,2.0
38,18.459617891751044,2.0
39,18.83835714591397,2.0
40,18.975100145848533,0.0
41,19.613248773059347,3.0
42,19.635329338182128,1.0
