,time,event
0,0.8270089752434786,2.0
1,0.8408077259126807,3.0
2,1.4018828678309472,2.0
3,1.6542000287518863,4.0
4,1.93286506075972,2.0
5,2.146805643316919,3.0
6,2.200314790969495,2.0
7,2.2003455259529203,2.0
8,2.3576971292237046,3.0
9,2.468805182977981,3.0
10,2.923135305278556,3.0
11,3.5890545892895647,1.0
12,3.9061172084445603,4.0
13,3.99099535839789,2.0
14,4.957206833916719,2.0
15,5.078969406595813,4.0
16,5.36859862507782,2.0
17,5.704202369259523,4.0
18,6.0321734563810745,2.0
19,6.063123179818236,4.0
20,6.445007111841171,1.0
21,6.872662876083573,1.0
22,7.066330518087812,4.0
23,8.01224177356125,4.0
24,8.030627894956147,2.0
25,8.299996355690103,3.0
26,8.454440729056502,2.0
27,8.685341452004655,1.0
28,9.784888454289343,3.0
29,9.906870424774683,1.0
30,10.065718112589108,4.0
31,11.199058971913983,3.0
32,11.504501246933781,4.0
33,12.532486062509811,2.0
34,13.145504461474369,2.0
35,13.611714341698503,2.0
36,13.728850534222863,3.0
37,13.744972342722992,4.0
38,15.101738588731996,1.0
39,15.54946749376297,3.0
40,16.344905999080147,2.0
41,16.740999758186977,2.0
42,17.448563134133614,3.0
43,17.54395928419289,4.0
44,17.71010309984556,3.0
45,17.770120421785602,2.0
