,time,event
0,0.19147492407289884,3.0
1,0.7522972463002084,2.0
2,0.8082257532807641,3.0
3,1.0515921853003058,2.0
4,1.072176173238385,3.0
5,1.4272581007846932,1.0
6,1.5049397057399203,3.0
7,1.5941267313397198,2.0
8,1.7896714932183508,2.0
9,1.8475077501382184,2.0
10,3.3093747620178124,2.0
11,3.6783985562552575,1.0
12,4.747256253607977,2.0
13,6.184673043240708,4.0
14,6.322186604576678,3.0
15,6.519885527008069,3.0
16,6.600380780116388,1.0
17,7.9919254716816,4.0
18,8.189582286092442,3.0
19,8.69284382357262,1.0
20,8.899839051366058,2.0
21,9.006849819936477,1.0
22,9.287763056737694,2.0
23,10.49252553342621,3.0
24,12.158661846816226,1.0
25,12.328094524078884,2.0
26,12.399214861743715,2.0
27,13.308525572394853,4.0
28,13.456553063145224,2.0
29,13.780956005727356,4.0
30,14.304331874925047,2.0
31,14.603054181870595,3.0
32,14.672838295071335,2.0
33,14.686739870550447,4.0
34,14.72217214246641,4.0
35,15.042891616605464,4.0
36,15.93507685791834,1.0
37,16.13168916747083,1.0
38,17.349326471774237,3.0
39,17.428417491527064,1.0
40,17.567434637656998,1.0
41,17.577540506818227,2.0
42,18.421246301234454,2.0
43,18.72456657450608,2.0
44,18.759459516746958,4.0
45,18.892686879524604,2.0
46,19.4020380969116,4.0
47,19.4833664305939,4.0
48,19.611243081742153,2.0
49,19.98504165366923,4.0
