,time,event
0,0.11024583885040823,4.0
1,3.6814110438825463,2.0
2,4.840401006517374,2.0
3,5.14906493850285,4.0
4,5.213973712609685,2.0
5,6.126980608192572,1.0
6,6.2160811091716885,2.0
7,6.3906926548627085,1.0
8,6.4217304705859615,3.0
9,7.294377365306086,3.0
10,7.311200174052517,4.0
11,7.549235901917591,4.0
12,7.749878839267157,3.0
13,8.217613142280285,3.0
14,9.201548565614823,1.0
15,10.08021233098895,4.0
16,10.78719460077822,1.0
17,11.22834727810584,2.0
18,11.541178826402072,3.0
19,11.748137607334035,2.0
20,11.855982931183771,2.0
21,12.205246232593,3.0
22,12.79233430935131,2.0
23,14.057468272020682,4.0
24,14.160130404402706,2.0
25,14.78364759727244,4.0
26,14.83783897832089,1.0
27,15.22694419704867,2.0
28,15.57601147037689,3.0
29,15.619448749260915,3.0
30,15.80323849466478,2.0
31,19.43059134238098,2.0
32,19.61467182412347,3.0
