,time,event
0,0.018553310039509982,2.0
1,0.08094994861035325,4.0
2,1.0601175676341565,2.0
3,1.2230783976132873,2.0
4,1.847937661140729,3.0
5,2.0983531560439475,2.0
6,2.274489004525077,3.0
7,2.940726954525903,4.0
8,3.607465367479901,2.0
9,3.7974841748611787,3.0
10,4.1976963637569575,2.0
11,5.21837511944798,2.0
12,5.661746983003179,2.0
13,6.165816642961606,1.0
14,6.338356188957237,2.0
15,6.715524822231751,1.0
16,6.746682070917535,4.0
17,8.256296692828222,4.0
18,9.004546602865087,2.0
19,9.019906607765517,4.0
20,10.38918115883889,2.0
21,10.389843434023605,2.0
22,11.154743439857503,1.0
23,11.159448708556562,4.0
24,11.78326062503205,3.0
25,12.038336169469122,3.0
26,12.168856550216681,1.0
27,12.281184979799871,3.0
28,12.706576047686639,3.0
29,13.109143014888726,3.0
30,13.321851171994833,2.0
31,14.34639889564016,2.0
32,15.127446575462423,3.0
33,15.360338526919172,2.0
34,16.114000150056192,3.0
35,16.47396350402226,3.0
36,16.749817694000985,3.0
37,17.63394754101214,3.0
38,17.660004277094362,3.0
39,17.669718443071336,2.0
40,18.41631247642246,2.0
41,18.505776822127146,2.0
42,18.774437260899106,1.0
