,time,event
0,0.03175684351687356,1.0
1,0.2135346472347071,2.0
2,0.9013199754877688,3.0
3,1.2089935945958081,2.0
4,3.4513772860509087,2.0
5,3.5305968403228576,1.0
6,4.051621630565357,1.0
7,4.292352263702316,3.0
8,5.3366628277830195,2.0
9,6.163116662676668,2.0
10,6.363029866416039,2.0
11,6.547681630582011,0.0
12,6.5686530935407,3.0
13,6.608646485241325,2.0
14,7.487882329332445,2.0
15,8.396085517559243,2.0
16,10.245515401407209,3.0
17,10.419877359496265,4.0
18,11.52663616624967,2.0
19,11.758929753157515,2.0
20,12.060773125698617,3.0
21,13.331136331596115,3.0
22,13.435816685561791,4.0
23,13.914087563488177,4.0
24,14.183188222617256,2.0
25,14.944111014490755,2.0
26,15.0721402679095,2.0
27,15.282262211899678,1.0
28,15.62384070995658,4.0
29,15.800310570128568,2.0
30,16.66145358678585,2.0
31,17.444243731332644,3.0
32,17.79873897194998,2.0
33,18.191829063839883,2.0
34,18.209686522212778,2.0
35,18.359822110913004,2.0
36,19.083708547280455,2.0
37,19.462847379969464,2.0
38,19.67432269315867,3.0
