,time,event
0,1.1423385751772628,3.0
1,1.184809110754426,4.0
2,1.3594128040075795,2.0
3,2.6359043243339797,3.0
4,3.1562737048660288,2.0
5,3.2937269162279126,4.0
6,3.6897145772837985,3.0
7,4.9338063697136905,4.0
8,4.994054607414421,2.0
9,5.01483936353362,2.0
10,5.320920708239119,3.0
11,6.084246388481195,3.0
12,6.091670772537141,2.0
13,6.234665013342978,3.0
14,6.46995032450361,2.0
15,6.827011254530682,3.0
16,8.104490157444973,3.0
17,8.414851673459259,3.0
18,9.336975028099634,4.0
19,10.054720118022127,3.0
20,10.352671178635774,2.0
21,11.96634627623415,3.0
22,11.979791130970575,3.0
23,12.5995033904948,2.0
24,12.854108210306894,3.0
25,13.402422090445624,3.0
26,13.928574582706682,3.0
27,15.020869811686037,2.0
28,15.396066520815596,3.0
29,15.752689118348448,2.0
30,16.584430241041613,2.0
31,16.980644105068848,3.0
32,17.139415864862276,4.0
33,17.6499023918846,3.0
34,17.931519390712673,2.0
35,18.832585139310993,2.0
36,19.915661529010567,4.0
