,time,event
0,0.4633481890763408,3.0
1,1.2982064609618416,1.0
2,2.192820218955969,4.0
3,2.5066230995289036,3.0
4,2.646658367397501,3.0
5,3.0282841616898444,3.0
6,3.1431400195799766,4.0
7,3.305383837965013,3.0
8,4.501945115687512,2.0
9,5.191691366501798,4.0
10,5.5801176998948,3.0
11,5.777234256031034,2.0
12,5.885343533838974,0.0
13,6.051227427860322,4.0
14,6.077548229375107,4.0
15,6.331262521415551,4.0
16,6.41464987386059,3.0
17,6.810200551443676,4.0
18,7.714966247285089,2.0
19,7.834448377663081,2.0
20,9.510027650115163,4.0
21,9.66707029824921,2.0
22,9.808637946416484,1.0
23,9.901731032416109,3.0
24,10.606102185740221,2.0
25,10.879986045968115,3.0
26,11.13442643444239,3.0
27,11.249522471025092,1.0
28,11.63052222838389,2.0
29,11.854947889651948,3.0
30,12.8148087147,2.0
31,13.581238512810694,3.0
32,13.969016702887057,4.0
33,14.708965804720114,2.0
34,15.125136463367042,3.0
35,15.633951547893004,0.0
36,16.046094743071112,2.0
37,16.937622307298327,3.0
38,17.288266136579843,2.0
39,17.917615757533014,3.0
40,18.249984834832265,3.0
41,18.808857307094005,4.0
42,18.867431403580863,4.0
43,19.266545930396628,2.0
44,19.303852463843498,3.0
45,19.61343185065451,3.0
46,19.95446962779284,3.0
