,time,event
0,0.23113502584587173,2.0
1,0.26723121119826737,2.0
2,0.6700379742998352,3.0
3,1.277477494394097,4.0
4,1.9361803617984008,0.0
5,2.988708341498849,3.0
6,3.3921985718937355,1.0
7,3.4766031730632148,2.0
8,5.001336283911261,3.0
9,5.75058990167402,2.0
10,6.0638957678318866,3.0
11,6.586846385144697,2.0
12,6.882976223477614,3.0
13,6.921067700243944,2.0
14,7.029231201618736,3.0
15,7.85721858607477,1.0
16,8.70296005091191,3.0
17,8.92160806494571,2.0
18,8.963828911096577,2.0
19,9.084792429168564,3.0
20,9.195141175394413,1.0
21,9.302949338060259,2.0
22,9.758599768619098,4.0
23,10.574488913435841,2.0
24,11.151667872111975,2.0
25,11.864060179309615,3.0
26,12.738628028349106,1.0
27,12.941331407193415,4.0
28,13.066424152269219,3.0
29,13.465552872989692,2.0
30,13.50217311861853,4.0
31,13.78638706805638,2.0
32,13.970225073542636,3.0
33,14.050940718129358,2.0
34,14.113314666208185,2.0
35,14.600257733247469,3.0
36,15.757422227720355,2.0
37,15.970817154083964,1.0
38,16.13863859045986,2.0
39,16.41107286809856,4.0
40,16.72811094876813,4.0
41,17.159612065095892,2.0
42,17.327886293047495,1.0
43,17.384292522237203,1.0
44,17.45475493376579,4.0
45,18.027958855538277,2.0
46,18.203679053538593,3.0
47,18.490983120081253,2.0
48,19.531835895889973,1.0
49,19.819069593304576,2.0
