,time,event
0,0.858152766344989,3.0
1,1.9499498989490052,2.0
2,2.062829100241733,2.0
3,2.5741204733933647,1.0
4,3.5638320417925353,0.0
5,3.6822308826026466,3.0
6,3.9451943536661083,0.0
7,5.004534196195097,2.0
8,5.569892480551229,2.0
9,5.884181047745665,2.0
10,6.200083698848087,3.0
11,9.043604590386618,3.0
12,9.520003460275356,2.0
13,9.686928167702236,4.0
14,9.687563882719305,2.0
15,10.423321086441497,1.0
16,11.65130974568856,2.0
17,11.997271096632382,2.0
18,12.289425817849652,4.0
19,14.155144093344603,2.0
20,14.259851251653087,2.0
21,15.033499507280737,3.0
22,15.471697396631177,4.0
23,15.815073632881436,2.0
24,15.994287651305322,4.0
25,16.3010117925741,3.0
26,16.504913345566884,2.0
27,16.530062654487516,4.0
28,16.796415678856818,3.0
29,18.812562015161323,1.0
30,19.055638508560758,2.0
31,19.510668683146218,2.0
