,time,event
0,0.14008132751510788,3.0
1,0.27730497827469713,4.0
2,0.32547495240570185,2.0
3,0.8594358641616211,2.0
4,1.8739802630925926,4.0
5,2.307899638465064,2.0
6,2.3434345896052986,3.0
7,3.4488203218084155,2.0
8,3.5819149630070273,2.0
9,3.775805503083669,4.0
10,4.113776518465002,2.0
11,4.547741585573594,3.0
12,4.856878648762354,4.0
13,4.987560239466908,1.0
14,5.7013516997906155,3.0
15,5.870465200915983,3.0
16,5.911138005753057,2.0
17,6.055508785652699,3.0
18,6.547518881568036,1.0
19,7.094282436703743,3.0
20,7.41259377548267,2.0
21,7.421080231546115,2.0
22,8.019617500620631,3.0
23,8.080217871259832,2.0
24,8.367745088119458,2.0
25,9.086727765283484,2.0
26,9.146389351724592,3.0
27,9.614922988115175,1.0
28,10.271715141007574,1.0
29,10.366275843161212,2.0
30,11.6583924880594,1.0
31,12.810245911657288,3.0
32,16.68472395488858,4.0
33,16.79890256597439,4.0
34,16.80535032201273,4.0
35,17.585026052102062,2.0
36,17.757380771556626,4.0
37,18.436127506878922,3.0
38,18.918726899556248,3.0
39,19.09629558386974,2.0
40,19.621558453122628,4.0
