,time,event
0,0.8365981572912062,2.0
1,1.2265195545301715,2.0
2,1.7695435322132211,2.0
3,1.8187415363307375,3.0
4,1.949025785647646,4.0
5,2.16792200559487,2.0
6,2.6736682290393072,2.0
7,3.7841004971031373,4.0
8,4.143428674248407,2.0
9,4.52104353571168,2.0
10,5.055352412867166,3.0
11,5.266388518479097,4.0
12,5.783895316891987,3.0
13,6.781509467615166,1.0
14,7.4304531069061115,2.0
15,7.890439891748179,2.0
16,8.274698465241674,3.0
17,8.971838257370749,1.0
18,9.758526873541166,2.0
19,10.529684032354522,3.0
20,10.941274527073634,3.0
21,11.573185769616584,3.0
22,11.895962432895256,3.0
23,12.187912921242646,3.0
24,12.433356656193668,3.0
25,13.679365522193669,2.0
26,14.26008243990097,2.0
27,14.287330447747914,1.0
28,14.654398554607878,3.0
29,15.215289498024186,1.0
30,16.303079625124504,2.0
31,16.414709156765557,3.0
32,17.28523899534676,2.0
33,18.332954387566307,3.0
34,18.479989184735864,4.0
35,19.32361869638689,1.0
36,19.367815297336374,2.0
37,19.392934360226484,4.0
