,time,event
0,0.5191914836608379,2.0
1,0.7466000046797435,1.0
2,1.1663955743258745,2.0
3,1.619984365098803,3.0
4,1.87008949881564,2.0
5,2.051382214331708,1.0
6,2.3776656175599786,4.0
7,2.6738468643343523,2.0
8,3.3219514256339258,4.0
9,3.3600137382989548,2.0
10,4.157906350903464,1.0
11,4.161648830128165,2.0
12,4.253524236642246,3.0
13,4.32527906392684,2.0
14,4.329468181328611,2.0
15,4.708687239665044,3.0
16,5.4998062537797185,3.0
17,5.816943646095236,3.0
18,5.890212143911141,0.0
19,6.33548783588942,2.0
20,6.383041439529009,4.0
21,6.641694294732195,3.0
22,7.07721718792557,0.0
23,7.293780269859156,2.0
24,7.727532517750415,2.0
25,7.919411647657356,1.0
26,7.972720028214891,2.0
27,9.410019827526268,2.0
28,9.831023922744038,2.0
29,9.92663777599031,1.0
30,10.332912992611027,2.0
31,11.42824450235756,2.0
32,11.600955092818548,2.0
33,11.68130563331871,3.0
34,12.11524570898907,3.0
35,12.553137749952597,4.0
36,12.909378033404836,3.0
37,13.809578809614509,2.0
38,13.902121772280287,0.0
39,14.17529244453145,1.0
40,14.268541487392405,3.0
41,14.598180384215272,4.0
42,14.872181431507512,4.0
43,15.305497156485108,3.0
44,15.570895662341892,2.0
45,16.482190767564678,3.0
46,17.380660080651293,2.0
47,17.455331894347108,2.0
48,18.298411665107423,2.0
49,18.317855607551515,3.0
50,18.442230466046684,4.0
51,19.43091174452147,3.0
52,19.77691102151382,4.0
53,19.78758455002133,4.0
