,time,event
0,0.003700272400622964,3.0
1,0.6417701404401038,4.0
2,0.9820023468065522,2.0
3,1.2215383561585587,4.0
4,2.057384321761341,2.0
5,2.2479648812894184,3.0
6,3.089827528010524,2.0
7,3.2904615824776196,4.0
8,3.5848488783976253,3.0
9,4.537535171642241,2.0
10,4.7417616816996,4.0
11,4.916745580914909,2.0
12,5.109290878320169,1.0
13,5.233825782588129,3.0
14,6.242690451638596,3.0
15,6.612238855930091,4.0
16,6.942045728210355,4.0
17,7.161916788477452,1.0
18,7.813616689084957,3.0
19,8.761166161944983,1.0
20,8.769743833401522,0.0
21,9.310169254877966,3.0
22,9.383518566855752,2.0
23,9.897210406275802,4.0
24,10.565820538553346,2.0
25,10.758510115039066,2.0
26,10.786956505459694,3.0
27,10.811288599806442,3.0
28,10.910536580148309,1.0
29,11.071933005635533,3.0
30,11.332710357641945,4.0
31,11.942157491015287,1.0
32,12.015938411494917,2.0
33,12.234354934582017,3.0
34,12.39851043152679,2.0
35,12.4115763847798,1.0
36,12.895632617454355,3.0
37,13.32534085189818,2.0
38,13.790135860858872,2.0
39,13.897912592736873,4.0
40,13.972421096739653,1.0
41,14.33389218342156,1.0
42,16.663881055393645,3.0
43,17.56446013607234,1.0
44,18.110446426612725,4.0
45,18.298908840440227,3.0
46,18.631806293572595,2.0
47,18.78658148344619,4.0
48,19.96632058274715,2.0
