,time,event
0,0.13121513489664685,1.0
1,0.45303362312425743,2.0
2,1.2939923575963568,3.0
3,2.244289104982168,3.0
4,2.352271169881624,2.0
5,2.426036649268854,4.0
6,2.665498099432744,3.0
7,2.7883538290808696,2.0
8,2.828252900190047,1.0
9,3.0203531695095,4.0
10,3.191709403948011,2.0
11,5.515832060183125,1.0
12,6.09633845465247,1.0
13,6.499366596527121,3.0
14,6.5175304755453904,2.0
15,6.9665148336946565,4.0
16,7.711805644033435,2.0
17,7.932394627645858,2.0
18,9.966694996671848,2.0
19,10.968326971046256,3.0
20,12.396997038710246,2.0
21,12.63171890434654,1.0
22,13.258888738024723,4.0
23,13.399652075848671,3.0
24,13.924517870527565,2.0
25,14.157595805974443,1.0
26,14.72579029218145,2.0
27,15.437447874300545,2.0
28,15.74365819798215,2.0
29,15.865154854945269,2.0
30,15.991069949622824,4.0
31,16.1793108011564,4.0
32,16.46487564281301,3.0
33,16.715896973788134,3.0
34,16.742035668769244,3.0
35,17.189949274745562,2.0
36,17.695824550689455,2.0
37,17.73758775645012,2.0
38,17.83494586315274,2.0
39,18.01556187026164,3.0
40,18.16257211356195,4.0
41,19.39668253924958,2.0
42,19.487495724712407,4.0
43,19.724108292789683,4.0
