,time,event
0,0.003485342757466227,2.0
1,0.5924117019663053,3.0
2,1.3178478251602024,1.0
3,1.6506132141968,3.0
4,2.3713217699059186,3.0
5,4.591337482478194,3.0
6,4.964401262013133,3.0
7,5.0218166355138685,2.0
8,5.41260698230121,1.0
9,6.137830082031127,1.0
10,6.481473989330981,2.0
11,6.81370327676976,0.0
12,7.1028929450950535,3.0
13,7.509863551230782,4.0
14,8.404381335491426,2.0
15,8.51685612164507,4.0
16,9.283561261722364,3.0
17,9.557685038604687,3.0
18,9.577898415211001,2.0
19,9.815406644252333,3.0
20,9.902427103571009,1.0
21,10.434201656420864,2.0
22,10.470725605665411,3.0
23,11.727279674552994,2.0
24,11.755627664879887,1.0
25,12.069376299991024,2.0
26,12.26655959939715,3.0
27,13.973160481372718,3.0
28,14.031849887623213,2.0
29,15.20085669552073,2.0
30,15.608907260860283,2.0
31,16.208600780289714,3.0
32,16.54284106101251,1.0
33,16.99723375961205,2.0
34,17.305711075128706,3.0
35,18.218034132723602,2.0
36,18.9772460782191,2.0
37,19.03115919646122,3.0
38,19.444244226141244,1.0
39,19.697283107436782,2.0
