,time,event
0,0.5167509525624785,4.0
1,1.202177469091429,4.0
2,4.146562658087115,3.0
3,6.272179020277467,2.0
4,6.630483090870841,2.0
5,7.18152793008603,2.0
6,8.17757818437262,2.0
7,8.211634954129181,2.0
8,8.816592091456869,2.0
9,8.86795996545231,4.0
10,8.937214183932147,3.0
11,8.998606809203789,2.0
12,9.24889092750141,2.0
13,9.855130550266754,2.0
14,10.87278944323179,1.0
15,11.141422921032467,4.0
16,11.985156957776649,1.0
17,12.035753184332851,4.0
18,12.7654965066936,3.0
19,13.455828061716893,3.0
20,13.473382822323789,3.0
21,13.748695453851463,1.0
22,13.757891128322207,1.0
23,13.854291373697018,4.0
24,13.967089726174768,3.0
25,15.146792557824188,4.0
26,15.388927034163613,2.0
27,15.948961473447445,2.0
28,16.0154888922528,2.0
29,16.07759014109698,2.0
30,16.60895014456675,3.0
31,17.29841838736958,1.0
32,17.308743539862927,3.0
33,17.54461673403668,3.0
34,18.397141096515618,3.0
35,18.493326175627036,4.0
36,18.71574231005537,4.0
37,19.58536748831655,2.0
38,19.848253707550665,2.0
39,19.86268428436128,2.0
