,time,event
0,0.736786509946172,4.0
1,0.7769036844377537,1.0
2,1.0546104812544732,4.0
3,1.4705136897545397,3.0
4,1.741443283570475,1.0
5,1.8860791945847355,4.0
6,2.5261802700589877,1.0
7,2.562203035255996,2.0
8,2.567272064693236,4.0
9,2.9477879132279385,3.0
10,3.275939238980398,2.0
11,3.305695677540148,3.0
12,3.46622192417229,2.0
13,4.704230240605227,2.0
14,4.771802013917287,1.0
15,5.518847912782048,1.0
16,6.2098813345427795,2.0
17,6.6817931617670325,2.0
18,6.790329912096641,2.0
19,7.1579735699896245,1.0
20,7.255216459979548,2.0
21,7.314717096811994,2.0
22,7.619976043754335,4.0
23,7.658610298267461,3.0
24,8.156165164997661,3.0
25,8.616678276383718,3.0
26,9.340849372265872,2.0
27,9.51534280374739,2.0
28,10.310204122104862,2.0
29,11.610593955871247,2.0
30,12.22198828307153,4.0
31,12.348798867762323,1.0
32,13.519125804337737,3.0
33,13.668089758845326,2.0
34,14.374943880599288,1.0
35,15.837211966380128,2.0
36,16.514246634550492,3.0
37,16.6141711699753,2.0
38,16.80330495817037,3.0
39,17.009027150997188,2.0
40,17.08619657023894,2.0
41,18.629400209047876,4.0
42,18.885893916032554,3.0
43,19.228144433708724,1.0
44,19.38483494221847,2.0
45,19.73182540914916,2.0
