,time,event
0,0.23567064009202593,4.0
1,0.28745010819926303,1.0
2,0.35724830746632663,4.0
3,0.5194586226372279,3.0
4,0.9803321721044753,2.0
5,1.655116226501924,1.0
6,4.2229153452043775,1.0
7,4.615970023109778,3.0
8,4.651148684497141,4.0
9,5.484710198520371,3.0
10,5.78215038851036,2.0
11,6.222262230388601,3.0
12,7.252194934124487,4.0
13,7.280627934014991,3.0
14,7.436165351163236,2.0
15,8.529518588877735,3.0
16,9.466244655500075,4.0
17,9.701536256388385,2.0
18,10.053489153658425,3.0
19,10.26818304308699,2.0
20,10.560599162862529,2.0
21,10.763080799959079,2.0
22,10.914581322548566,3.0
23,11.026098229317023,2.0
24,11.716802953968438,2.0
25,12.77499913881635,2.0
26,13.096328426094981,3.0
27,13.498946920238026,1.0
28,14.55000359235328,4.0
29,15.91751321967893,1.0
30,16.58305684540239,1.0
31,16.683112338917486,2.0
32,16.73937612324562,2.0
33,17.220674695829445,1.0
34,17.420622426500465,2.0
35,17.71787732151541,2.0
36,19.120796428829298,2.0
37,19.43316793730197,4.0
38,19.64400881728463,4.0
39,19.922792368064957,2.0
40,19.958037414415372,3.0
41,19.968575725527206,3.0
