,time,event
0,0.2357454168150989,4.0
1,1.8217746181956438,2.0
2,2.110586782108771,1.0
3,3.352230469857738,3.0
4,4.1329011554517585,2.0
5,4.3618129414502,2.0
6,4.747437086125827,2.0
7,4.784744611088035,3.0
8,4.9647885564552325,2.0
9,5.568202343254312,3.0
10,6.236137480127772,2.0
11,6.614242587033442,2.0
12,6.701804710562307,2.0
13,6.796608219996516,1.0
14,6.949699812066163,2.0
15,7.043110576129596,4.0
16,7.606005984626647,3.0
17,7.968984839869883,3.0
18,8.146264902223155,3.0
19,8.753086421533887,2.0
20,9.28905851043876,3.0
21,9.29775588338041,3.0
22,9.425598335208834,1.0
23,9.660483613336035,1.0
24,10.268278290367867,2.0
25,10.298179951748534,3.0
26,10.596572172469031,2.0
27,10.615511619540307,1.0
28,10.67013831816815,2.0
29,11.303285139490201,1.0
30,11.458348772007646,2.0
31,12.97462423417821,2.0
32,13.809062789270262,1.0
33,14.85804274700688,2.0
34,15.03541333049622,3.0
35,15.181229686273412,2.0
36,15.482565554588538,2.0
37,15.845377911108269,4.0
38,16.29258691992752,3.0
39,16.64628374994463,3.0
40,16.92916665032454,2.0
41,17.039674678110654,2.0
42,17.331864367447743,4.0
43,17.535235065258437,2.0
