,time,event
0,1.6247771320892437,3.0
1,1.951775848622686,4.0
2,2.561273352066946,3.0
3,2.840627590058277,3.0
4,3.370995781018537,3.0
5,3.4963363390506395,0.0
6,3.5242553508478807,4.0
7,3.697924486221697,2.0
8,4.074395388328915,3.0
9,4.365590998209828,3.0
10,4.9073382476313085,2.0
11,5.131104403653495,1.0
12,5.412121982633861,3.0
13,7.799422334830346,2.0
14,8.397988135908733,3.0
15,9.340137993798377,2.0
16,9.913623535711215,4.0
17,9.94587940719301,1.0
18,10.537073583158287,2.0
19,11.986954409411947,3.0
20,12.264313172009404,2.0
21,12.875526212735071,2.0
22,12.915486183726141,2.0
23,13.255919691179965,2.0
24,13.766683034417245,3.0
25,14.562050419015911,4.0
26,14.796580820006344,1.0
27,14.968650431544932,2.0
28,15.069418164459652,3.0
29,16.456530200013272,2.0
30,16.516318068793453,3.0
31,18.024861729508697,3.0
32,19.79310936958829,3.0
33,19.904000585248827,1.0
