,time,event
0,0.9626210357728469,2.0
1,1.0758899261372634,3.0
2,1.3292984452133254,4.0
3,1.9777290663532736,3.0
4,2.175449171827618,2.0
5,2.5591190511625745,2.0
6,2.9057310688370186,3.0
7,2.929608716808003,1.0
8,3.9246928125445253,4.0
9,4.126180214858764,3.0
10,4.235654673961663,2.0
11,4.705050423805206,2.0
12,4.87747085212281,2.0
13,4.971764183568121,2.0
14,5.145979754760709,2.0
15,5.464187493346617,3.0
16,5.616310172595472,4.0
17,5.969794536204499,0.0
18,6.112990413075835,3.0
19,6.210695286417256,2.0
20,6.542974428049177,3.0
21,7.668970761984619,4.0
22,7.90666674055284,2.0
23,8.134902131365383,2.0
24,8.316806705715642,3.0
25,9.224035902173243,1.0
26,9.372761399636474,3.0
27,9.719162006237669,0.0
28,10.232806337061103,2.0
29,10.696712247238283,2.0
30,10.70037240643943,3.0
31,10.93652233009215,2.0
32,11.267847919974566,3.0
33,11.345128955381742,3.0
34,11.487588598359128,1.0
35,12.023767221056655,3.0
36,12.147894305150489,3.0
37,12.54746512812801,4.0
38,12.554816536212504,3.0
39,12.752324356816702,2.0
40,12.79250063522624,4.0
41,13.917797316168139,2.0
42,14.066925126393643,1.0
43,14.497412129617036,2.0
44,14.809005667501655,3.0
45,15.419371564945584,3.0
46,15.443775377005224,3.0
47,15.638344557422807,2.0
48,16.00181954237868,1.0
49,18.35087421949755,2.0
50,19.98552198195339,3.0
