,time,event
0,0.021828982737477087,3.0
1,0.3796664152481164,2.0
2,1.0982095057724646,3.0
3,1.3626214990571281,2.0
4,1.831679993160554,1.0
5,2.083707041089734,1.0
6,2.2945080069438744,2.0
7,2.314569587270327,2.0
8,2.809582986148097,2.0
9,2.844765970602178,4.0
10,2.879815917057033,1.0
11,3.0558983559983184,2.0
12,3.87201739217232,4.0
13,4.804030233300211,3.0
14,5.00102004250796,4.0
15,5.28643448437275,2.0
16,5.997946220910604,4.0
17,6.82565129787384,1.0
18,6.854590099046714,2.0
19,6.856691380647619,3.0
20,7.27428329424265,3.0
21,7.338783146660468,1.0
22,7.534538027097853,2.0
23,7.708054914417177,2.0
24,8.4045915567648,3.0
25,9.117429621710494,2.0
26,9.478630184427084,2.0
27,9.534815547774878,2.0
28,10.312945075992419,2.0
29,12.053490911704055,4.0
30,12.651210277994233,3.0
31,12.878523664784703,3.0
32,12.919316476639446,2.0
33,14.548097034265846,1.0
34,14.732045470904492,2.0
35,15.684784861943998,3.0
36,15.939879018148106,1.0
37,16.179467209320418,2.0
38,16.58567485148056,3.0
39,16.661155594821675,2.0
40,17.11790221772487,2.0
41,17.977098760496272,3.0
42,19.859660454007724,1.0
