,time,event
0,0.3775100956321153,2.0
1,0.8831653813856841,2.0
2,0.9815978952706955,3.0
3,1.3095101304311345,2.0
4,2.2226321578266743,4.0
5,2.3685031381975,3.0
6,3.177900078771733,3.0
7,3.180776269102923,4.0
8,3.6005169287731906,1.0
9,4.257026793623868,2.0
10,4.383134456211145,3.0
11,4.769134342333991,2.0
12,4.822340987052769,1.0
13,5.763696213566628,3.0
14,6.071058193565222,2.0
15,6.302467050766373,2.0
16,6.817670600170329,3.0
17,7.040083174297484,2.0
18,8.013969666440405,2.0
19,8.655464060282439,2.0
20,10.141347788653658,2.0
21,10.291226179648548,4.0
22,11.332415238410185,3.0
23,11.47538775983907,4.0
24,11.680598221167006,3.0
25,12.859784921178214,3.0
26,14.089586281312737,4.0
27,14.156565490041864,3.0
28,14.255067074660719,2.0
29,14.723600931387097,3.0
30,14.767232708524235,2.0
31,16.818609272293614,1.0
32,17.595751387866542,4.0
33,17.674075990460004,2.0
34,17.744033546831684,4.0
35,17.998598569954456,0.0
