,time,event
0,0.7844249454119371,0.0
1,1.000171311437672,0.0
2,1.9076845491202055,1.0
3,2.1515799625026517,0.0
4,2.1778617289895363,1.0
5,2.489140329247418,4.0
6,2.528317205445185,0.0
7,2.6738602364449617,3.0
8,2.9649058581277243,4.0
9,3.130499687494289,1.0
10,3.2605957597352844,0.0
11,3.4880908360973626,1.0
12,3.567630605725296,0.0
13,3.586568741241112,0.0
14,4.510686732680166,1.0
15,4.653696052220634,1.0
16,5.135240181392139,3.0
17,5.704528789164731,3.0
18,5.736909463859382,0.0
19,6.32768181314875,0.0
20,6.383831811723337,1.0
21,6.550156045791315,1.0
22,6.60107021008226,1.0
23,6.649155442629263,1.0
24,6.8436346727368225,1.0
25,7.148558139616777,1.0
26,7.15562459175356,3.0
27,7.2430572283996835,3.0
28,7.2818132935134425,1.0
29,7.306619724846004,3.0
30,7.346853364169748,1.0
31,7.3508663296462595,1.0
32,7.3579241498298185,0.0
33,7.4192656125081715,3.0
34,7.4723553041493975,3.0
35,7.473463701070923,0.0
36,7.487438445600272,0.0
37,7.511428602032414,1.0
38,7.51212077345585,3.0
39,7.516711372747549,3.0
40,7.541061069614272,4.0
41,7.566001408460162,1.0
42,7.58750622009671,0.0
43,7.652221260329074,4.0
44,7.672318636371564,4.0
45,7.781790023356261,3.0
46,7.819020646643496,1.0
47,7.825370652064985,3.0
48,7.878757172366285,3.0
49,7.907282881657281,4.0
50,7.973192973387114,1.0
51,7.999320559352702,3.0
52,8.014921376817414,3.0
53,8.038315044092155,1.0
54,8.100212348813422,3.0
55,8.145850235387256,3.0
56,8.20977707430332,3.0
57,8.222083287113279,0.0
58,8.247635269933001,2.0
59,8.383780047308244,1.0
60,8.412529292990744,3.0
61,8.41903613094567,0.0
62,8.442658692113502,1.0
63,8.447400408891593,0.0
64,8.457872129751417,3.0
65,8.529359182632259,3.0
66,8.564030766739217,1.0
67,8.653316684264356,3.0
68,8.690903788274298,3.0
69,8.729529700639512,3.0
70,8.848676636414607,3.0
71,9.179628840481234,0.0
72,9.181294593269929,1.0
