,time,event
0,0.1480083028740325,4.0
1,0.4707284870282706,4.0
2,0.7343002745383269,0.0
3,0.8066557846317304,3.0
4,1.0483728403545054,4.0
5,1.0507171436196237,0.0
6,1.1365659529975582,0.0
7,1.1722063553826014,3.0
8,1.2411106389372755,1.0
9,1.2734439213528383,3.0
10,2.1575334168553315,1.0
11,2.199621339147603,2.0
12,2.2608057791179306,0.0
13,2.4145907625355036,3.0
14,2.898454561791371,2.0
15,3.4674274550516593,1.0
16,3.6832989723226355,1.0
17,3.8614679806966112,3.0
18,3.8725385132810852,1.0
19,3.9907060264617256,1.0
20,4.0353269641135165,0.0
21,4.112998715809502,4.0
22,4.115185832262074,0.0
23,4.253509942302048,1.0
24,4.621624194613949,2.0
25,4.881029011524505,1.0
26,5.455396338544102,1.0
27,7.175785152822798,1.0
28,7.5188927447437575,1.0
29,7.583063283944747,2.0
30,7.652067590762378,2.0
31,7.682407746223944,0.0
32,7.788084622897013,0.0
33,7.885630008920143,4.0
34,7.908766155372341,1.0
35,7.930340382743447,2.0
36,8.133188415808961,4.0
37,8.232831030501776,1.0
38,8.34922465934908,1.0
39,8.407152416924903,4.0
40,8.53353145045875,4.0
41,9.77221594240961,1.0
42,9.97285984216789,2.0
