,time,event
0,0.5108475226589512,1.0
1,0.756718475914943,0.0
2,0.8416838106379388,0.0
3,1.3461598658183382,0.0
4,1.4067093768271435,0.0
5,1.4706573129185807,0.0
6,1.4776292066443582,0.0
7,1.5291672168344834,1.0
8,1.577094726796251,1.0
9,1.6520563358333913,0.0
10,1.6680519972103822,3.0
11,1.8121995899993046,3.0
12,1.84164806066312,0.0
13,2.037518810016463,0.0
14,2.1302604426117786,2.0
15,2.6552366536654795,1.0
16,2.711544243346255,1.0
17,3.2196048705672125,1.0
18,3.2385110926874296,1.0
19,4.731636548276434,4.0
20,4.922253539768931,0.0
21,5.420286558865799,4.0
22,5.727219248987023,2.0
23,5.76879619671442,2.0
24,5.871955071199725,2.0
25,6.0460580661558145,2.0
26,6.090761054059212,1.0
27,6.28811387398265,0.0
28,6.56468695888292,4.0
29,7.235865151061,2.0
30,7.347360882226555,1.0
31,8.187886407756853,0.0
32,8.348860528463806,0.0
33,9.397757990606875,1.0
34,9.624978065752883,4.0
