,time,event
0,1.0618433282197508,0.0
1,1.7223933185968365,2.0
2,1.7388598631011885,0.0
3,1.9514361448989626,2.0
4,2.144542022478988,1.0
5,2.312909679651854,3.0
6,2.66928201373011,3.0
7,2.6922585420763507,3.0
8,2.8300789680039182,0.0
9,3.1548037695656683,1.0
10,3.216405070346088,1.0
11,3.3027661575978056,1.0
12,3.3581907035262133,4.0
13,3.3621046203569662,3.0
14,3.597834521492271,4.0
15,3.6412629251559676,4.0
16,3.9215112890023787,4.0
17,4.02376994132765,0.0
18,4.227555184623797,0.0
19,4.633822416442325,4.0
20,4.73530834179123,1.0
21,4.942137510082735,0.0
22,5.1130346835943525,2.0
23,5.113421962409189,2.0
24,5.358594032278746,3.0
25,5.409648170346897,0.0
26,5.544377024064538,0.0
27,5.548194259430333,2.0
28,5.610206693336305,3.0
29,5.62922077420995,2.0
30,5.661575215454657,3.0
31,5.701347175089373,1.0
32,5.72678454837738,4.0
33,5.735937095611717,2.0
34,5.770348738438958,2.0
35,5.777558400326261,2.0
36,5.782401943942366,0.0
37,5.8779755648646805,2.0
38,5.966693176415183,1.0
39,5.997281605352141,2.0
40,6.006595501768,2.0
41,6.0828603811672375,1.0
42,6.104652441083545,2.0
43,6.110778538697834,4.0
44,6.127995576601159,2.0
45,6.245616607189244,2.0
46,6.26575557840957,0.0
47,6.3280350687640885,2.0
48,6.383075742017335,1.0
49,6.391856544185813,0.0
50,6.4325478066195085,1.0
51,6.448607918905219,1.0
52,6.459478058735289,3.0
53,6.479529510379985,4.0
54,6.499415878465231,1.0
55,6.542347770037804,1.0
56,6.557952833354182,3.0
57,6.585914237945938,0.0
58,6.603907381711409,3.0
59,6.619636036697988,0.0
60,6.694058484537334,4.0
61,6.799914186280521,0.0
62,6.810476205253711,0.0
63,6.825699090383411,1.0
64,6.865897124798931,2.0
65,6.8682715101507,1.0
66,6.932168409864973,0.0
67,6.999563697405645,0.0
68,7.025258881547061,0.0
69,7.12606581047803,1.0
70,7.171680868607144,4.0
71,7.2318354293346045,1.0
72,7.342023204710694,1.0
73,7.414663407917331,4.0
74,7.420314841981359,2.0
75,7.449098910828363,1.0
76,7.559763223745787,2.0
77,7.705101215274166,4.0
78,8.259817638686636,2.0
79,8.621088270570944,0.0
80,8.648650075637015,0.0
81,8.670111436941971,1.0
82,8.819348966433024,1.0
83,8.899535698997811,2.0
84,8.955950537400652,2.0
85,9.00972958907713,2.0
86,9.052597547253407,0.0
87,9.21640227326589,0.0
88,9.333594430555074,4.0
89,9.359990584813097,3.0
90,9.428742532118076,0.0
91,9.524384916743205,2.0
92,9.57018692814885,2.0
93,9.731079522440945,2.0
94,9.795669680901183,3.0
95,9.943273444903483,3.0
