,time,event
0,0.09545615798787134,4.0
1,0.0985772960403697,2.0
2,0.4831066450590869,2.0
3,0.5333628348897755,0.0
4,0.5490952260924173,4.0
5,0.5803807505480824,2.0
6,0.6887689075977251,3.0
7,0.7166602434003047,4.0
8,0.9124960474640404,2.0
9,1.2981208749013047,3.0
10,1.3059232629148925,1.0
11,1.576901736550899,0.0
12,1.67422506665535,2.0
13,1.7842258488130305,1.0
14,2.0063403533843585,3.0
15,2.1449296399706257,0.0
16,2.330098853662494,3.0
17,2.4089837496639945,2.0
18,2.700934639748171,2.0
19,3.5631102729206874,0.0
20,3.7118050354619054,1.0
21,3.860959237861829,3.0
22,3.946125278289226,4.0
23,4.523312611216049,4.0
24,4.724354741979589,0.0
25,4.794242446379894,2.0
26,4.915965502138734,4.0
27,4.972142218267353,1.0
28,4.9963288856829715,1.0
29,5.002277742229497,2.0
30,5.045365350015985,2.0
31,5.049684706951423,0.0
32,5.095639579104881,2.0
33,5.120541558524827,2.0
34,5.121932875653439,4.0
35,5.205879043303323,0.0
36,5.9159903916001575,2.0
37,5.938900244782125,4.0
38,5.9967579412932475,0.0
39,6.077825269796943,0.0
40,6.608115559304987,1.0
41,6.994317235083237,1.0
42,7.044142295190588,2.0
43,7.176653407279971,4.0
44,7.857285526596142,2.0
45,7.944468855179394,0.0
46,8.48791694949428,1.0
47,8.642893543345938,1.0
48,8.700507169555852,2.0
49,8.792145682045147,1.0
50,8.880635485633695,0.0
51,8.966760408498674,2.0
52,9.6810409520066,1.0
53,9.89958243027309,4.0
54,9.941902072445089,3.0
