,time,event
0,0.6170946501162697,0.0
1,1.1081287127760286,1.0
2,1.122679728375114,2.0
3,1.2002319977665419,2.0
4,1.5379224167625891,2.0
5,1.633576104096815,2.0
6,1.720836139782402,0.0
7,1.9463855048783703,2.0
8,2.2071822966458985,4.0
9,2.22983221436048,1.0
10,2.6178773716627965,3.0
11,2.84758217657609,1.0
12,3.432334118737603,2.0
13,3.6977041819586085,2.0
14,4.213038264640427,2.0
15,4.307764738702668,3.0
16,4.40419030699993,2.0
17,4.455760436454951,0.0
18,4.637735801903557,4.0
19,4.745712522038546,1.0
20,4.754507271782286,4.0
21,4.778702267044218,1.0
22,4.908332279830697,1.0
23,5.1913294008586215,0.0
24,5.253412661391425,4.0
25,5.489932013721785,4.0
26,5.617382707634603,0.0
27,5.955310050527052,2.0
28,5.962542670340469,2.0
29,6.340631824197744,3.0
30,6.435766597048488,2.0
31,6.44236911150743,3.0
32,6.5057667350666275,4.0
33,6.550152573041789,4.0
34,6.55848974518192,0.0
35,6.596034188232361,0.0
36,6.755983864023443,2.0
37,6.866604451319414,2.0
38,6.8846256055215225,3.0
39,6.969624356642276,0.0
40,7.113707203190908,0.0
41,7.328924047950292,0.0
42,7.330032197356034,3.0
43,7.595268251608227,0.0
44,8.180725522918753,2.0
45,9.109302990572969,0.0
46,9.169895263034274,3.0
47,9.552670103541322,1.0
48,9.612675209966987,1.0
49,9.637192216816088,1.0
50,9.694182350678222,3.0
51,9.855406175579116,4.0
52,9.926511551302406,0.0
