,time,event
0,0.19334631238785435,0.0
1,0.28874849306612166,2.0
2,0.3229322232022443,1.0
3,0.44728916370102445,0.0
4,0.6343538629486856,1.0
5,0.7338276887778108,0.0
6,0.7409378489144899,4.0
7,0.7928836407269437,4.0
8,0.9247519083703984,1.0
9,1.3724777012703884,2.0
10,2.7285213061812312,1.0
11,2.991733559323742,2.0
12,5.1079286356457665,2.0
13,5.115581791101671,2.0
14,5.147964825348326,1.0
15,5.165972709672463,0.0
16,5.327291083672774,1.0
17,5.402978627589968,3.0
18,5.448068643628634,0.0
19,5.549010112693675,2.0
20,5.560178593518428,2.0
21,5.628935073158296,4.0
22,5.8522718724796965,4.0
23,5.903823725688164,2.0
24,5.907411568402649,2.0
25,5.99545140435658,2.0
26,6.0211464578822,0.0
27,6.233584037833709,2.0
28,6.274397475226069,2.0
29,6.27531563297916,2.0
30,6.36181158721077,3.0
31,6.54889532430272,3.0
32,6.604617809982657,2.0
33,6.789506239491268,4.0
34,7.015782757720623,4.0
35,7.100956782666466,4.0
36,7.177838895308591,2.0
37,7.754652917714134,2.0
38,8.508788839003431,2.0
39,8.63035631373293,0.0
40,8.884751040891532,1.0
41,8.888646713060815,2.0
42,9.025892194188698,2.0
43,9.133560630815028,3.0
44,9.14492229098969,0.0
