,time,event
0,1.5686976796497074,0.0
1,1.8648773113277295,4.0
2,2.6773574529940207,0.0
3,2.6844366055161504,4.0
4,2.879725657832186,3.0
5,2.9575397424025627,4.0
6,3.471510636464941,2.0
7,3.7400390419105736,1.0
8,3.818942849247357,2.0
9,3.8465078737226874,3.0
10,4.254280032542584,2.0
11,4.261865941167291,0.0
12,4.413074295644401,0.0
13,4.58832161860151,1.0
14,4.630097307002039,2.0
15,4.729997468710499,3.0
16,5.115629144004616,0.0
17,5.148174607084357,0.0
18,6.95893285362144,1.0
19,7.015243708840074,0.0
20,7.050700533353106,0.0
21,7.055381375180944,1.0
22,7.178145361917059,1.0
23,7.959633753164864,3.0
24,8.051055105127325,1.0
25,8.178129439791466,2.0
26,8.27300232464049,0.0
27,8.273682165344184,3.0
28,8.360682379204285,3.0
29,8.427950532762322,4.0
30,8.963602034630556,1.0
31,8.980166080302697,3.0
32,9.012065072835904,4.0
33,9.039859433959565,2.0
34,9.205099621314123,0.0
35,9.298923508071205,4.0
36,9.48011432551781,4.0
