,time,event
0,1.1942979180108462,2.0
1,1.5666537391972999,1.0
2,1.6290293795733604,3.0
3,2.2141504230958864,4.0
4,2.216406637448352,0.0
5,2.3619199141466645,4.0
6,2.386246096599795,0.0
7,2.5035630406903375,4.0
8,2.623536205261185,0.0
9,2.672969982991298,1.0
10,2.840403599073392,2.0
11,2.950395233765308,0.0
12,3.1268366775754246,3.0
13,3.1955904951796312,0.0
14,3.258635378287847,0.0
15,3.360873008097291,1.0
16,3.5148681489221314,0.0
17,3.5778867322851804,0.0
18,3.7862929515891417,3.0
19,4.010696078126605,4.0
20,4.14729001719521,0.0
21,4.5127504028066046,2.0
22,4.828562626993533,2.0
23,5.054627914482731,1.0
24,5.096251261327966,0.0
25,5.21752682435373,1.0
26,5.261628049872165,2.0
27,5.850522911951383,2.0
28,5.883224062818815,4.0
29,5.9223296964267655,1.0
30,5.993547006847577,0.0
31,6.045546791653636,0.0
32,6.155732784508247,2.0
33,6.165470676963878,0.0
34,6.562680922748668,0.0
35,6.614564597303694,1.0
36,7.557553499142351,0.0
37,7.608068992550938,0.0
38,7.690732092368764,0.0
39,7.868761347076553,0.0
40,7.953324778726316,2.0
41,8.088879576954703,0.0
42,8.167819788910322,0.0
43,8.193695125535637,1.0
44,8.226481250179836,1.0
45,8.27477387519475,0.0
46,8.304046574500585,1.0
47,8.52783581917017,0.0
48,8.7548028900905,2.0
49,8.861647132650308,3.0
50,8.928336615549668,0.0
