,time,event
0,0.20078392959612026,1.0
1,1.2187389332649385,0.0
2,1.8653269287309162,1.0
3,2.5692918408853087,2.0
4,2.719059275385461,0.0
5,2.8640664558966886,2.0
6,2.877811730608587,1.0
7,2.977174883362234,0.0
8,3.0003552781535756,2.0
9,3.0535442896118727,3.0
10,3.5896123260561725,3.0
11,3.8788522048134193,3.0
12,4.003008011245043,2.0
13,4.142353480970191,3.0
14,4.15817992910672,2.0
15,4.165473529619185,4.0
16,4.2517935115318926,0.0
17,4.287150071179895,1.0
18,4.325483367916722,0.0
19,4.375746114817869,1.0
20,4.4190842803790655,4.0
21,4.469364918590846,1.0
22,4.517238419328002,0.0
23,4.598607015019376,0.0
24,4.626714509491077,1.0
25,4.6362739190431705,0.0
26,4.689327561299504,4.0
27,4.796486323850716,0.0
28,4.855128143958341,1.0
29,4.877948611464446,0.0
30,4.879428599000824,2.0
31,4.8854488295428435,0.0
32,4.895350867238851,1.0
33,4.960723294998807,1.0
34,4.978034671935135,1.0
35,5.101702770337006,0.0
36,5.267639933784965,2.0
37,5.372859726160513,3.0
38,5.379446383929967,4.0
39,5.962603064257315,3.0
40,5.990522136290487,2.0
41,6.008537374014248,4.0
42,6.008937062114285,0.0
43,6.095297300474695,2.0
44,6.218752517012429,1.0
45,6.2208603882173374,2.0
46,6.243380056760957,2.0
47,6.318925636370589,4.0
48,6.33531052615572,3.0
49,6.351724533395077,2.0
50,6.3950421221593485,4.0
51,6.399995746154568,0.0
52,6.442696688747729,0.0
53,6.498452657420221,0.0
54,6.683449486860861,0.0
55,6.908685860729108,3.0
56,7.34182816725999,2.0
57,7.347360916041671,0.0
58,9.454627807036408,4.0
59,9.567805266667934,0.0
60,9.833069502748588,2.0
