,time,event
0,0.13628713525637232,1.0
1,0.3763108267507361,2.0
2,0.37982958004744055,2.0
3,0.4348042947535507,1.0
4,0.6391130229476466,3.0
5,0.6613605139045636,2.0
6,0.6787083683759161,0.0
7,0.9020439298993513,3.0
8,0.9213433091406856,3.0
9,0.9909531618503876,1.0
10,1.3736877383831447,2.0
11,3.325208837288155,0.0
12,3.467619389526746,0.0
13,3.5128479796425993,0.0
14,3.6348626179915104,2.0
15,3.8025231496387026,1.0
16,3.8298069712038045,4.0
17,3.8335815585659527,0.0
18,3.8412871711796255,1.0
19,3.8506824390786356,3.0
20,3.864100185966297,3.0
21,3.894992685452731,1.0
22,3.898501146522061,1.0
23,3.9704676417320655,4.0
24,4.063083069852771,1.0
25,4.08266662932056,4.0
26,4.093097431345855,3.0
27,4.382020726279412,1.0
28,4.5206973133227155,3.0
29,4.716908107882415,1.0
30,5.101693243624958,0.0
31,5.166808473071378,0.0
32,5.2835456334937225,4.0
33,5.314278249427851,0.0
34,5.3663884522872385,2.0
35,5.3990432801489705,2.0
36,5.441289437288601,1.0
37,5.46756660586073,1.0
38,5.4713549245689865,2.0
39,5.52045848891783,3.0
40,5.5356810188066286,4.0
41,5.5607115802235025,1.0
42,5.59305265015606,4.0
43,5.593484759430492,3.0
44,5.604840840875497,1.0
45,5.615152751681383,3.0
46,5.620790528166409,4.0
47,5.63003848137726,4.0
48,5.664959648533783,4.0
49,5.674893529415487,4.0
50,5.696788762804327,1.0
51,5.707145625642174,4.0
52,5.808272317919854,1.0
53,5.84233412330353,1.0
54,5.952781222265266,2.0
55,5.9989077753501485,4.0
56,6.015143761386539,2.0
57,6.018467742387349,1.0
58,6.026961170535268,2.0
59,6.0407857306427,3.0
60,6.070693964010823,4.0
61,6.120504328279433,2.0
62,6.135323393977353,1.0
63,6.1592532684439,2.0
64,6.188264219462371,2.0
65,6.188921974746038,0.0
66,6.204591747344342,0.0
67,6.263087390241115,2.0
68,6.399318280546429,1.0
69,6.470895068864893,4.0
70,6.502167343194247,0.0
71,6.636627431037218,1.0
72,6.645212859982607,0.0
73,6.7302316897644765,4.0
74,6.7414981791309705,3.0
75,6.747517696268726,3.0
76,6.858832247941052,4.0
77,7.004892111722787,4.0
78,7.008437266506545,1.0
79,7.018123266853319,0.0
80,7.044937547894909,3.0
81,7.133291152357528,4.0
82,7.300006489884479,1.0
83,8.222002925291559,4.0
84,8.801354989298897,4.0
85,9.201059754665534,2.0
86,9.457622501460811,2.0
87,9.820909089831801,0.0
88,9.884270824619279,3.0
89,9.99878147816718,1.0
