,time,event
0,0.11243057010236239,4.0
1,0.20369378321177983,2.0
2,0.358453941023388,4.0
3,0.9482538808304969,0.0
4,1.008382206409669,0.0
5,1.4654976747909327,2.0
6,1.4843567879107402,1.0
7,1.6716201795813093,2.0
8,1.7404686941232406,4.0
9,1.7594465367600098,2.0
10,2.4054173230249822,4.0
11,2.871884167976969,4.0
12,3.1568074184092363,0.0
13,3.3724927012166654,2.0
14,3.3882320900413596,3.0
15,3.415600377794478,0.0
16,3.4367806748001,2.0
17,3.518687857386789,2.0
18,3.569590508970926,0.0
19,3.609721203613459,0.0
20,3.6204628563677685,4.0
21,3.6851466744901367,4.0
22,3.835866620476995,1.0
23,3.980422085462247,2.0
24,4.165587369847071,3.0
25,4.61394310351831,4.0
26,4.712546390741546,0.0
27,4.896464537686406,1.0
28,5.010887356151408,0.0
29,5.11405734251135,1.0
30,5.463662998431691,1.0
31,5.614240874850568,2.0
32,5.981063898983307,2.0
33,7.451552222484538,3.0
34,7.780447719034815,4.0
35,8.023367306232934,1.0
36,8.173635732850142,3.0
37,8.259270986512245,0.0
38,8.282289546120229,1.0
39,8.70818308141243,0.0
40,8.867698699501144,3.0
41,8.961204674760623,2.0
42,8.992450096730781,4.0
43,9.158607887997485,2.0
44,9.353985941073125,1.0
45,9.487312445070351,0.0
46,9.70250962902038,3.0
47,9.801027814818177,3.0
48,9.898786809244582,2.0
49,9.917223989893948,1.0
