,time,event
0,0.12137334280888865,1.0
1,0.19595249626268268,1.0
2,0.5857903724289171,1.0
3,0.9672288033836787,3.0
4,0.9860148904195762,3.0
5,1.033396499440827,1.0
6,1.2813536746783323,1.0
7,1.6953065102542655,1.0
8,1.7687979176280488,1.0
9,1.8143672959335588,0.0
10,2.0111722214075,1.0
11,2.4890814969951904,0.0
12,2.943224857783465,3.0
13,3.3116394185016196,3.0
14,3.4951242402593965,1.0
15,3.5782752414580963,1.0
16,3.709089697928684,2.0
17,3.773311980605626,1.0
18,3.7953547236606906,0.0
19,3.796964343820088,2.0
20,3.9684787832557595,2.0
21,4.238188753054866,1.0
22,4.332738577179236,1.0
23,4.400890457830523,1.0
24,4.404624077855839,0.0
25,4.566247413390001,1.0
26,4.6932254702584055,0.0
27,4.74944313364669,1.0
28,4.945141998041488,3.0
29,5.0158520496249,0.0
30,5.021043290986774,0.0
31,5.0694681990468515,4.0
32,5.162224273243297,1.0
33,5.194130180875451,3.0
34,5.240312652911595,1.0
35,6.4805600162424195,1.0
36,6.58857436481733,1.0
37,7.2798683235840125,0.0
38,7.963743938562833,2.0
39,8.187234813911662,0.0
40,8.211649743904646,3.0
41,8.25040911408731,1.0
42,8.566666093915577,2.0
43,8.758174841764035,0.0
44,9.137696685689114,1.0
