,time,event
0,0.11819349461942616,0.0
1,0.8837239036469633,2.0
2,2.3161746312238467,2.0
3,2.326387577928358,1.0
4,2.466716756353973,0.0
5,2.6653872943421515,0.0
6,3.3085915084002657,4.0
7,3.5467385352336858,0.0
8,3.6596309342916142,1.0
9,3.8240168909701264,1.0
10,4.027531785952727,4.0
11,4.300317221303024,2.0
12,4.31718213579074,4.0
13,4.342183565889561,0.0
14,4.346510236267041,3.0
15,4.459937685417097,2.0
16,4.552937107265194,4.0
17,4.658146741594572,0.0
18,4.670775680368146,3.0
19,4.77010326715006,0.0
20,4.85865932022813,3.0
21,4.8687891572950415,2.0
22,4.925814551303633,4.0
23,4.927291135525497,0.0
24,4.975674290969168,4.0
25,5.024735859038704,1.0
26,5.127236348648285,3.0
27,5.143830588547053,1.0
28,5.173493373160608,2.0
29,5.245015649727985,4.0
30,5.275968664616142,0.0
31,5.495271462212366,3.0
32,5.520165506514095,1.0
33,5.534099433211264,4.0
34,5.562023788947173,3.0
35,5.609533339996811,1.0
36,5.685114916432421,2.0
37,5.749537950642218,4.0
38,5.771152613808702,3.0
39,5.833433443477828,1.0
40,5.940759221142598,2.0
41,5.973690426376404,2.0
42,6.133541795792799,3.0
43,6.1412411710645145,0.0
44,6.15343568681046,4.0
45,6.236541982927214,2.0
46,6.359665117170188,0.0
47,6.472628395091961,3.0
48,6.584634841176513,0.0
49,7.018646761688796,0.0
50,7.181753654693314,4.0
51,7.184191020927639,3.0
52,7.244840162776481,4.0
53,7.27970178161928,1.0
54,7.4012601892000935,4.0
55,7.404710592313106,1.0
56,8.487155401115187,0.0
57,8.570411561354565,2.0
58,8.65041279595898,1.0
59,8.984344051195581,0.0
60,9.017425226504455,4.0
61,9.093086091639785,2.0
62,9.104421108618702,4.0
63,9.218043230162278,3.0
64,9.219063624772366,4.0
65,9.247393470586253,4.0
66,9.254057331936155,4.0
67,9.27402037347951,4.0
68,9.279565492633921,2.0
69,9.459881925827709,1.0
70,9.542344852541618,3.0
71,9.655643966545053,3.0
72,9.813015485740838,1.0
73,9.867961835056581,1.0
74,9.907059863508803,0.0
75,9.99169384254254,3.0
