,time,event
0,0.16137036927058207,0.0
1,0.4469114070552742,1.0
2,0.5407254172007078,1.0
3,0.6275764366154739,0.0
4,0.7373486202134901,2.0
5,0.7795827337574568,2.0
6,0.7915424481896317,2.0
7,0.8206519904083484,2.0
8,1.304451816011513,4.0
9,1.3080290963546213,4.0
10,1.4000665630194378,4.0
11,1.4162383146594746,0.0
12,1.73625613821523,0.0
13,1.9219925798055555,1.0
14,4.920508725105598,0.0
15,4.999731424565705,0.0
16,5.184364654242606,4.0
17,5.2758222603713225,1.0
18,5.5448844804620565,2.0
19,5.558988172583838,2.0
20,5.863417296684065,2.0
21,6.613388471980848,0.0
22,9.098667660317604,0.0
23,9.201425592791102,1.0
24,9.213207336594259,3.0
25,9.282009228525936,2.0
26,9.463161761971824,0.0
27,9.56193191199528,0.0
28,9.837210098314971,0.0
29,9.867405758151524,1.0
