,time,event
0,0.34531058438487394,4.0
1,0.46463020186184506,3.0
2,0.5105472891544746,0.0
3,0.6600004176101177,2.0
4,0.660772665009894,2.0
5,0.7134921007307534,1.0
6,0.7725781544051863,1.0
7,0.8211772052219182,3.0
8,0.87927824588308,2.0
9,0.9203038315273284,4.0
10,0.9255324176543523,4.0
11,0.9823024902762322,2.0
12,1.13442778037016,3.0
13,1.173302558871976,4.0
14,1.1983506176912826,3.0
15,1.220324863947813,1.0
16,1.3418505617040917,1.0
17,1.6335831366406428,1.0
18,1.7978315924450712,2.0
19,2.170172882743179,3.0
20,2.318514784963144,2.0
21,2.390272755649649,2.0
22,2.5834874725968056,0.0
23,3.3529308351555347,2.0
24,3.5613399261734826,0.0
25,3.6054260046885735,0.0
26,3.629931053975837,0.0
27,3.755017613042505,4.0
28,3.842245983527488,2.0
29,6.159764920345787,4.0
30,6.262671076407225,3.0
31,6.850112834761262,1.0
32,7.4172789289418875,2.0
33,7.4788365040123965,2.0
34,7.629731291876212,3.0
35,7.773066255976935,2.0
36,7.968426275431572,3.0
37,8.613688715475847,1.0
38,8.6194040120053,0.0
39,9.281916370171254,2.0
40,9.318097698116485,2.0
41,9.434131238787065,2.0
