,time,event
0,0.3710253539567373,4.0
1,1.5614101852881377,3.0
2,1.9380113028796901,0.0
3,2.0120470718089893,4.0
4,2.0193374490199867,0.0
5,2.0392404992050337,3.0
6,2.2067975716124715,0.0
7,2.370637387595278,3.0
8,2.3853756643292576,1.0
9,2.640913709559474,2.0
10,2.688959573345002,4.0
11,2.8744162173837835,1.0
12,2.952241324896395,4.0
13,3.0872696218424944,1.0
14,3.146104057642957,2.0
15,3.400230678520563,1.0
16,3.4269963260368748,4.0
17,4.006913268376257,0.0
18,4.195335777071088,1.0
19,4.247669534984905,2.0
20,4.418450358765765,3.0
21,4.660972480431822,4.0
22,4.8158434427210235,1.0
23,5.337552247641671,2.0
24,5.4077012854997575,0.0
25,5.417879644374064,3.0
26,5.4210677624016395,0.0
27,5.60991239235228,4.0
28,6.166492196399141,2.0
29,6.606182139338967,3.0
30,6.829650090512362,3.0
31,7.101469354102263,1.0
32,7.160887812443298,3.0
33,7.161428883109271,4.0
34,7.219239286671164,2.0
35,7.239482278759323,1.0
36,7.293347625043849,0.0
37,7.317979594740821,2.0
38,7.335621658638455,3.0
39,7.386257946746514,3.0
40,7.664228521696227,2.0
41,7.677955058510255,1.0
42,7.687082552243583,0.0
43,7.728478987796917,2.0
44,7.757131728722155,2.0
45,7.825439308281776,2.0
46,7.922964808797342,2.0
47,8.065606778008295,2.0
48,8.162002121134076,2.0
49,8.230532537197286,0.0
50,8.297222609453074,4.0
51,8.529249828179616,2.0
52,8.545151109222799,2.0
53,8.62819953561338,4.0
54,8.650992289140978,0.0
55,8.680101863010208,1.0
56,8.683052284404608,4.0
57,8.729178095616586,4.0
58,8.753961919766848,1.0
59,8.785433041039052,4.0
60,8.890744262739581,0.0
61,9.005508149719688,3.0
62,9.072585186092336,2.0
63,9.100043158133749,4.0
64,9.123494228657261,2.0
65,9.371299224224005,3.0
66,9.459046214944195,1.0
67,9.63432432607263,4.0
68,9.957722657162273,4.0
69,9.966055161876376,4.0
