,time,event
0,0.2822618792836775,0.0
1,0.30990218805924946,0.0
2,0.514601595003379,3.0
3,0.5775840244277095,2.0
4,0.6847882356219612,4.0
5,0.8761003285459167,3.0
6,0.9978062464699903,3.0
7,1.0327726683113951,2.0
8,1.1306922634563181,2.0
9,1.1620392367340688,0.0
10,1.2320713570998398,1.0
11,1.3510898693090114,2.0
12,1.556817900603129,4.0
13,1.5889562814181055,0.0
14,1.6189790551207466,3.0
15,2.7346431519862495,0.0
16,2.920160174972083,2.0
17,2.994054955885377,1.0
18,3.1878307095785616,4.0
19,3.202452263527405,4.0
20,3.2360036989599665,3.0
21,3.3756132738112092,2.0
22,3.4524940039845435,3.0
23,3.510564567356609,3.0
24,3.817177518874189,3.0
25,3.8429969923570066,1.0
26,3.8872968560857752,4.0
27,3.9066105568447282,3.0
28,3.9116808286480613,0.0
29,3.914181323345109,4.0
30,4.007354809498835,0.0
31,4.06345518184824,1.0
32,4.145294262162468,2.0
33,4.190337005513853,3.0
34,4.428315396534632,4.0
35,4.48879668339396,0.0
36,4.5414201587845335,4.0
37,4.723770333352873,0.0
38,4.737869810459076,4.0
39,4.749506648941655,1.0
40,4.767494924955308,3.0
41,4.800111686046475,1.0
42,4.841549773428222,3.0
43,4.878154227440455,1.0
44,4.945873063859479,3.0
45,5.0296983099283965,4.0
46,5.17324194341837,4.0
47,5.249747766362252,3.0
48,5.285821774334056,1.0
49,5.367641000564114,4.0
50,5.667514457627116,0.0
51,5.863789057564882,0.0
52,6.325443239557272,4.0
53,6.448904948394654,2.0
54,6.803139054472294,1.0
55,6.886656635912016,1.0
56,7.227464720329207,2.0
57,7.260419669379753,2.0
58,7.484339753947346,2.0
59,7.6479975253370585,2.0
60,7.662073851431564,1.0
61,7.71023727175517,0.0
62,8.134282757530576,2.0
63,8.189788087070692,0.0
64,8.209067272307927,0.0
65,8.34037706636774,2.0
66,8.371693786236929,1.0
67,8.41562382466186,0.0
68,8.62880310588803,0.0
69,9.613878910349861,0.0
70,9.649771812648495,2.0
71,9.927597384210879,3.0
