,time,event
0,1.1635147972319535,3.0
1,1.341049783906956,2.0
2,1.4084410210059712,2.0
3,1.5218419259907057,1.0
4,1.7342919141897348,2.0
5,1.747081952100208,1.0
6,1.9346811564795643,1.0
7,2.0956814406640647,1.0
8,2.665585527839051,0.0
9,3.1302795247744917,0.0
10,3.227864398924131,2.0
11,3.5555516515576735,1.0
12,3.5795450332143837,3.0
13,3.7012704740072997,3.0
14,3.7072813280124577,0.0
15,3.770326725535616,3.0
16,3.81005265314972,0.0
17,3.8331160779995024,2.0
18,3.938269609920896,2.0
19,3.947430708163787,1.0
20,3.9498421093202087,2.0
21,3.963790070032382,4.0
22,4.1722871830807415,1.0
23,4.248141450054905,3.0
24,4.426123211416809,4.0
25,4.499184365228592,2.0
26,4.728332416104035,3.0
27,5.3792537696685505,0.0
28,6.084936053856843,4.0
29,6.583952889421705,0.0
30,6.60594296530317,1.0
31,6.679589566409203,0.0
32,6.719442076528824,2.0
33,7.011021946438446,4.0
34,7.69255413593671,2.0
35,8.00944665770721,1.0
36,8.309646356860695,0.0
37,8.347261954933419,0.0
38,8.729125567450092,3.0
39,8.910928556044484,4.0
40,9.132747468221742,1.0
41,9.17861499346956,0.0
42,9.183041224245553,1.0
43,9.20078509662966,1.0
44,9.384969442158988,2.0
