,time,event
0,1.5687892323695394,3.0
1,1.5813356094481756,1.0
2,2.006836709026139,3.0
3,2.137726103647968,3.0
4,2.154786902041881,1.0
5,2.3523441858228993,2.0
6,2.3725789853728783,0.0
7,2.5976315468058044,1.0
8,3.445788038223819,2.0
9,4.045477623277802,0.0
10,4.084653955236141,1.0
11,4.1610092169321495,1.0
12,4.561733650228822,3.0
13,4.652017906474662,3.0
14,4.874185001801291,2.0
15,4.898833694266191,3.0
16,4.926536342517042,1.0
17,4.972887097035915,0.0
18,4.995903466550929,2.0
19,5.0186521228738235,1.0
20,5.451476626681071,0.0
21,5.7910452030911,0.0
22,5.902925037234715,0.0
23,6.132974748516667,3.0
24,6.675637601464318,1.0
25,6.782578361151973,1.0
26,6.974313095790324,4.0
27,7.057554217801085,4.0
28,7.073616736571233,4.0
29,7.203701893652893,1.0
30,7.249184543559922,1.0
31,7.394312633424108,1.0
32,7.669606013940004,1.0
33,7.94047438336339,1.0
34,7.990826804038541,1.0
35,8.077172586542424,0.0
36,8.09643206507968,4.0
37,8.179417811085727,2.0
38,8.255099905626118,1.0
39,8.311497584296182,1.0
40,8.319876413424321,4.0
41,8.339035102704017,1.0
42,8.42171044078292,0.0
43,8.52889972539027,3.0
44,8.60890072089485,0.0
45,8.613087015971612,1.0
46,8.663422074594626,2.0
47,8.74946807222391,3.0
48,8.75160660317136,2.0
49,8.938813496413353,1.0
50,8.988054605556988,3.0
51,9.104134251997527,1.0
52,9.124205086439025,1.0
53,9.244671102696984,1.0
54,9.30936552953749,2.0
55,9.428023162103067,0.0
56,9.7642087679885,1.0
57,9.93670566512035,0.0
