,time,event
0,0.8958525689898671,3.0
1,1.0761583144937568,4.0
2,1.5217007821442543,3.0
3,1.9452284866405447,1.0
4,2.028578771157542,3.0
5,2.2167181745492237,0.0
6,2.330553558252881,2.0
7,2.3402695231134976,0.0
8,2.4122545367182173,0.0
9,2.756172885999866,1.0
10,3.0417616158022307,3.0
11,3.818943528181888,3.0
12,3.9114265331500997,1.0
13,4.0745700573657375,4.0
14,4.107116612861428,3.0
15,4.133732813537305,1.0
16,4.168419755986047,2.0
17,4.4708313425736455,1.0
18,4.540597763522034,0.0
19,4.5471374835201015,0.0
20,4.554066332485476,3.0
21,4.734505389113027,2.0
22,4.93418158493289,1.0
23,4.975701548675754,3.0
24,5.005446873978254,2.0
25,5.006876942268876,1.0
26,5.103075725902199,2.0
27,5.152055264926902,2.0
28,5.175838363339132,2.0
29,5.228805402255857,1.0
30,5.261984278699069,0.0
31,5.360656852644213,1.0
32,5.364295604049274,3.0
33,5.523180174467414,1.0
34,5.658229776162906,1.0
35,5.6644302748649995,1.0
36,5.836292599591839,3.0
37,5.8579186356441655,4.0
38,5.895025611807373,4.0
39,6.162982966821007,4.0
40,6.213927854354611,2.0
41,6.664929145127962,1.0
42,6.724424953293786,0.0
43,6.78129202301335,0.0
44,6.802725513480677,4.0
45,7.130365649792528,1.0
46,7.175926030703972,1.0
47,7.205461796521227,3.0
48,7.277614495871428,1.0
49,7.5389010262559095,3.0
50,7.822219329466265,3.0
51,8.254595487070597,1.0
52,8.266389738480683,4.0
53,8.608872838728397,4.0
54,9.014857577386122,1.0
55,9.048069838881398,4.0
56,9.157672232228007,3.0
57,9.238011873941282,1.0
58,9.373660765110003,1.0
59,9.510151742013598,3.0
60,9.511014891795336,4.0
61,9.723490222284536,4.0
62,9.729068240379632,1.0
63,9.804580284521945,4.0
64,9.870864878421663,2.0
65,9.909108715816348,0.0
66,9.946461271021787,2.0
67,9.964702060052305,4.0
