,time,event
0,0.010430831485631889,1.0
1,0.448154473718174,0.0
2,0.7666214864415515,3.0
3,0.9469374706023848,1.0
4,1.0175934643769815,2.0
5,1.0661034477133438,0.0
6,1.2703785899971753,4.0
7,1.4092704458283212,3.0
8,1.4418880300300636,1.0
9,1.5029173613236069,4.0
10,1.5327516138278316,4.0
11,1.634254578828659,4.0
12,2.759099590493976,3.0
13,3.086700195505622,1.0
14,3.5886931516196583,1.0
15,3.7654779647705348,0.0
16,3.796270502728063,1.0
17,3.883249889731342,3.0
18,3.9067556043823513,0.0
19,4.082654398565757,4.0
20,4.120311305768056,0.0
21,4.448360857765739,4.0
22,4.448547028086393,4.0
23,4.602869713808723,2.0
24,4.62581772498991,1.0
25,4.924028240576149,0.0
26,5.0120813343348365,2.0
27,5.118878140175019,2.0
28,5.137563454095059,3.0
29,5.188305886824467,2.0
30,5.26845773349616,4.0
31,5.304598987371378,0.0
32,5.427320540771621,4.0
33,5.458944983184668,1.0
34,5.773706561291797,1.0
35,5.864165405765513,4.0
36,5.870066527373585,1.0
37,5.923630878847211,3.0
38,6.032810551102991,1.0
39,6.082662017420935,0.0
40,6.115213923727546,4.0
41,6.1418765166050795,4.0
42,6.223802576282209,0.0
43,6.323669315718993,4.0
44,6.3555804286350215,1.0
45,6.3661632862248565,3.0
46,6.366432792725792,3.0
47,6.37660771987346,0.0
48,6.390704822493008,4.0
49,6.787844268127459,0.0
50,6.886049098740582,1.0
51,7.934479863489509,1.0
52,8.027334538279545,1.0
53,8.135030392738226,1.0
54,8.142094420972011,1.0
55,8.319727969525422,0.0
56,8.344916100691918,2.0
57,8.78027798614009,3.0
58,9.095632321019579,0.0
59,9.15277017965972,1.0
60,9.254797397645232,4.0
61,9.43895586868458,3.0
62,9.79714098204964,1.0
63,9.856061561858443,2.0
