,time,event
0,0.2260356263266556,2.0
1,1.0135413196930319,0.0
2,1.358563223631598,3.0
3,1.6479763216619179,1.0
4,1.7607778838488781,1.0
5,1.784001796510194,4.0
6,1.8459014755722232,4.0
7,1.9228784219386184,1.0
8,1.9317267739653503,0.0
9,2.0114478797746584,4.0
10,2.025615405582707,0.0
11,2.1827778370172157,3.0
12,2.1955120894819165,2.0
13,2.2264067392139015,2.0
14,2.2278640296698358,0.0
15,2.3101656279568967,0.0
16,2.3421622330201535,1.0
17,2.478205775581866,4.0
18,2.535155814444774,4.0
19,2.544581752757827,4.0
20,2.7713305807615303,3.0
21,3.137064513603659,2.0
22,3.3558567926293685,3.0
23,3.36485045417788,3.0
24,3.576479609584891,3.0
25,3.630030926731295,4.0
26,3.6436028565786542,4.0
27,3.6491400347396583,1.0
28,3.7707333884727197,3.0
29,3.8856404662729815,1.0
30,4.076687231350705,4.0
31,4.089359953021176,4.0
32,4.104575762814461,3.0
33,4.131995039860489,2.0
34,4.136703228908843,2.0
35,4.195666468669413,4.0
36,4.378317804951371,2.0
37,4.409358776408943,0.0
38,4.450568037471967,3.0
39,4.508694687899368,1.0
40,4.565263247684664,2.0
41,4.707518128057589,4.0
42,4.824938510221874,0.0
43,4.869028697768839,2.0
44,4.87843955025758,2.0
45,5.002481126087534,4.0
46,5.021991066966707,3.0
47,5.0254227240328415,4.0
48,5.477425328943496,0.0
49,5.946961317192639,0.0
50,6.046841757456032,3.0
51,6.162903843147529,2.0
52,6.314711013571854,3.0
53,6.346080652693012,3.0
54,6.513089249827768,4.0
55,6.84785952052207,0.0
56,7.272376953420906,3.0
57,7.51834498751916,3.0
58,7.550427903558951,2.0
59,7.601858263568616,2.0
60,7.644606905502195,2.0
61,7.658141419536857,1.0
62,7.800725202032439,4.0
63,7.869463131992699,4.0
64,7.972986729627072,1.0
65,8.054208611040208,2.0
66,8.144410967962742,3.0
67,8.343740173458881,3.0
68,8.511825293682554,0.0
69,8.6843488479053,3.0
70,8.866350015812541,3.0
71,8.879213387464437,2.0
72,9.165231830714609,4.0
73,9.20554001464352,0.0
74,9.367595207395576,4.0
