,time,event
0,0.1128479965815317,4.0
1,0.2828314774726229,4.0
2,0.38047667288229237,1.0
3,0.5345196765562137,2.0
4,0.5810310560842126,1.0
5,0.625378653668434,1.0
6,1.1321635147170284,1.0
7,1.143364527541617,4.0
8,1.2303586532088941,2.0
9,1.2419036930898646,4.0
10,1.3515220758213946,3.0
11,1.5077984970678981,2.0
12,1.558255624224664,0.0
13,1.5650611598835897,4.0
14,1.6758567796078685,1.0
15,1.6876067384768645,1.0
16,1.72906315872765,0.0
17,1.7599245055841428,4.0
18,1.8321510555052531,0.0
19,1.8857864648451859,4.0
20,2.266627116112891,4.0
21,2.2740168882933176,1.0
22,2.3265905806998304,1.0
23,2.415109489868209,3.0
24,2.557362004165068,1.0
25,2.5708524567919664,2.0
26,2.660905092899642,1.0
27,2.732398458962198,3.0
28,2.8433423217195526,1.0
29,2.878814576072977,4.0
30,3.048262408696556,0.0
31,3.374051838473885,1.0
32,3.996789538902129,1.0
33,4.139785471214471,1.0
34,4.356983780488333,1.0
35,4.408255713532101,1.0
36,4.460051022854386,3.0
37,4.510234649407383,0.0
38,4.5727184182068354,3.0
39,4.577405473820995,3.0
40,4.708022599091652,1.0
41,4.8239370743442285,1.0
42,4.841999716235656,0.0
43,4.895075843029558,3.0
44,5.089648822128381,3.0
45,5.206303187188768,3.0
46,5.475110364411958,1.0
47,5.625136228961258,0.0
48,6.121635868091263,0.0
49,6.421789293058419,1.0
50,6.432975975135058,1.0
51,6.504170022905058,4.0
52,6.656634474491891,0.0
53,6.679664450008912,1.0
54,6.698774754770594,0.0
55,6.787590459663452,1.0
56,6.8589184514569475,4.0
57,6.943051649080546,1.0
58,7.034608696050963,3.0
59,7.074408190876472,1.0
60,7.8976225115639105,3.0
61,8.347127749535034,3.0
62,9.596081037850553,1.0
63,9.78429512791319,3.0
64,9.809578559749882,3.0
65,9.849408758473103,3.0
