,time,event
0,0.30289463215329393,1.0
1,0.41156704811683364,4.0
2,0.6759833023725658,4.0
3,0.7991432256582952,4.0
4,0.8294812711144455,0.0
5,1.0570184995279608,4.0
6,1.0890694023936498,0.0
7,1.291647796398827,3.0
8,1.3110414118205005,3.0
9,1.484535468240478,0.0
10,1.6225880520860985,0.0
11,1.6703211439714858,3.0
12,1.6742919703131747,0.0
13,2.0375270851842755,4.0
14,2.0741060677469276,0.0
15,2.1047718420095576,4.0
16,2.1090768808425615,2.0
17,2.305331174987054,1.0
18,2.306783627491401,1.0
19,2.390145545358067,1.0
20,2.396498571224831,1.0
21,2.4285077402897266,4.0
22,2.430597016458541,0.0
23,2.497127496250212,4.0
24,2.59502011266715,4.0
25,2.60471055610873,1.0
26,3.2883468047574222,0.0
27,3.528327018157267,0.0
28,3.647325558484877,0.0
29,3.6645701344277635,0.0
30,3.6851795892164048,0.0
31,3.7797619091902823,0.0
32,3.9190513508354314,0.0
33,3.9395601264494915,1.0
34,4.244524560091695,1.0
35,4.364280082009282,1.0
36,4.574174743133549,0.0
37,4.603940284924303,1.0
38,4.624890401545413,3.0
39,4.766080161874536,2.0
40,4.899862366263882,2.0
41,4.920070608701024,0.0
42,5.126315306644526,1.0
43,5.311644388239389,1.0
44,5.59012606459692,3.0
45,5.637887684991198,0.0
46,5.653915181125727,2.0
47,5.936413376931799,4.0
48,6.0428509601748965,3.0
49,6.133106196579129,1.0
50,6.14927585194841,3.0
51,6.227655863903669,0.0
52,6.373829224109386,4.0
53,6.4273536431698375,2.0
54,6.542557131904507,2.0
55,6.679762278525648,1.0
56,6.72402460619834,0.0
57,6.747008795487495,1.0
58,7.072049961149132,1.0
59,7.124818665934398,2.0
60,7.1532122243790965,4.0
61,7.25513500828652,0.0
62,7.266770998805738,0.0
63,7.314776185788109,1.0
64,7.42129885898914,4.0
65,7.450924791791598,3.0
66,7.563696993092279,2.0
67,7.5851310565546,3.0
68,7.826437598668761,0.0
69,8.05636435145577,0.0
70,8.151102879188775,4.0
71,8.200496417376131,3.0
72,8.243860001752418,0.0
73,8.265289843721526,1.0
74,8.316455714113598,2.0
75,9.10783211447442,1.0
76,9.159723731326427,0.0
77,9.176478377992753,0.0
78,9.206064982382818,0.0
79,9.305618871198423,0.0
80,9.341702650477995,1.0
81,9.38131988668196,0.0
82,9.43617617184184,1.0
83,9.5543832155668,0.0
84,9.581774412934651,3.0
