,time,event
0,0.42893198086008755,3.0
1,1.8884223617121605,1.0
2,2.2179144431729183,0.0
3,2.4927663930371073,0.0
4,2.606004110434824,0.0
5,2.6577250206468492,3.0
6,2.961638784309056,1.0
7,3.0027884602435693,0.0
8,3.3888894256939484,1.0
9,3.4320356655003055,3.0
10,3.4926308470768648,3.0
11,3.501375438953973,4.0
12,3.609224462482345,3.0
13,3.7968781310726247,3.0
14,3.8653775572160236,3.0
15,4.445882763278004,1.0
16,4.566877348077439,1.0
17,5.002646989817644,2.0
18,5.538653174608059,0.0
19,5.698684155263384,1.0
20,6.24163238213909,4.0
21,6.4665997729228675,1.0
22,6.552628837966088,4.0
23,6.704863002978016,3.0
24,6.72843860923618,2.0
25,6.795930572742769,4.0
26,6.8048613253154,4.0
27,6.878755622310475,1.0
28,7.135218629087279,1.0
29,8.695008488331723,0.0
30,8.977092700403958,4.0
31,9.829443436200812,0.0
32,9.855948362715766,1.0
33,9.981690456152048,0.0
