,time,event
0,0.19075880819712054,3.0
1,0.4568277080519027,4.0
2,0.5727327076476132,4.0
3,1.4417495795456428,0.0
4,1.5152783560804388,4.0
5,1.732583545137272,2.0
6,1.952149099764488,0.0
7,2.1367847415081913,4.0
8,3.012265190939115,1.0
9,3.0143051586609046,3.0
10,3.0841473912699704,1.0
11,3.4544666145190313,3.0
12,3.569860874609065,1.0
13,3.712892164831128,3.0
14,4.014610465592092,0.0
15,4.443609953824981,4.0
16,4.819485978144607,4.0
17,4.897659519517526,1.0
18,5.361426642904636,4.0
19,5.391142504525685,1.0
20,5.3981741708080415,0.0
21,5.609709228427317,1.0
22,6.815600440548568,1.0
23,7.315540989235864,3.0
24,8.646917493448168,3.0
25,8.679560106979952,4.0
26,8.970605685884117,4.0
27,9.044549066552433,2.0
28,9.137996489304589,0.0
29,9.165294783637968,2.0
30,9.390042455421792,1.0
31,9.86139129987414,4.0
