,time,event
0,0.11206457682960379,1.0
1,0.6554006528492101,4.0
2,1.1942148818846139,3.0
3,1.207657721427162,4.0
4,2.025457084548787,3.0
5,3.231057662633091,1.0
6,4.390506924047964,0.0
7,4.455300753761211,2.0
8,4.5050966049085215,2.0
9,4.819670871373717,0.0
10,4.891459690363417,3.0
11,4.915886027636669,0.0
12,4.9703776737051735,1.0
13,5.0472284836497066,0.0
14,5.059854397005608,4.0
15,5.348368137150368,4.0
16,5.34901141838181,1.0
17,5.399457203933134,1.0
18,6.023865695333819,4.0
19,6.338392741646647,4.0
20,6.694121158591957,1.0
21,7.358249487123894,3.0
22,7.384807677759617,0.0
23,7.66020716542708,4.0
24,7.706978704614369,4.0
25,7.7356086986882255,2.0
26,7.8796333381558155,4.0
27,7.937673065102988,4.0
28,8.04768978207145,2.0
29,8.137919843107076,2.0
30,8.228448839206415,4.0
31,8.238525383067092,4.0
32,8.350129639398606,0.0
33,8.419054991161536,0.0
34,8.485304860360722,4.0
35,8.56902241951213,3.0
36,8.880120214185526,3.0
37,8.91125300017427,1.0
38,8.924531004460333,1.0
39,9.033803211284601,2.0
40,9.045058823813168,0.0
41,9.165650527060182,3.0
42,9.179919450991353,4.0
43,9.273896358026462,3.0
44,9.547728156183695,0.0
45,9.548579741999363,3.0
46,9.593638461719584,1.0
47,9.689224914286957,3.0
48,9.890005570686853,4.0
49,9.894225044143282,0.0
