,time,event
0,0.6379052438856293,2.0
1,1.3180318611596875,2.0
2,1.7317814607498934,0.0
3,1.9020108977381087,2.0
4,1.9990174566468382,3.0
5,2.1327156445227526,0.0
6,2.1981808216981475,1.0
7,2.2084895687832846,0.0
8,2.3254060288722416,3.0
9,2.343394198318928,3.0
10,2.379329198083739,0.0
11,2.383780068533842,2.0
12,2.399963809601484,1.0
13,2.450160259697694,2.0
14,2.515407677729971,0.0
15,2.55454807018791,1.0
16,2.5605832369309143,1.0
17,2.562815887077514,1.0
18,2.574651321866534,4.0
19,2.5845754865872688,1.0
20,2.6567522207400662,0.0
21,2.6767353373405993,2.0
22,2.8006195268508534,2.0
23,2.854592630017343,1.0
24,2.9229434146856503,0.0
25,3.0824009032900626,0.0
26,3.1008720518638246,1.0
27,3.1898789629658726,4.0
28,3.230271449323081,3.0
29,3.4245379949037384,0.0
30,3.4297106190892954,2.0
31,3.478188822724637,0.0
32,3.519736586693375,3.0
33,3.5866857983755978,0.0
34,3.6630345821642143,1.0
35,3.769797003582353,1.0
36,3.865092696464263,0.0
37,3.8753183485456413,1.0
38,4.10329940150077,2.0
39,4.276427655193069,0.0
40,4.394064872600621,1.0
41,4.412787098739203,0.0
42,4.444468512441193,0.0
43,4.517491089197489,4.0
44,4.572345048332333,4.0
45,4.601264602269494,4.0
46,4.699466258813831,0.0
47,4.740590694531759,0.0
48,4.814284055169833,3.0
49,4.839057487405483,3.0
50,4.839601913655333,2.0
51,4.9370249368417145,3.0
52,5.0326045836580064,0.0
53,5.378973584432123,3.0
54,5.550020160282899,0.0
55,6.510926796172618,1.0
56,6.673049394835333,3.0
57,6.690887339998327,0.0
58,6.895976223787414,1.0
59,6.897320551128905,0.0
60,7.212303215546817,2.0
61,7.74485853454903,1.0
62,7.908677070270882,2.0
63,7.971120073626081,0.0
64,8.110784157945135,1.0
65,8.18549013767137,2.0
66,8.297664672389411,3.0
67,8.297852487221427,3.0
68,8.319403309646495,4.0
69,8.401312453042188,1.0
70,8.465517588912846,1.0
71,8.705661445882006,1.0
72,8.843604776197452,1.0
73,8.8749887202712,0.0
74,8.940194412375767,1.0
75,9.015017200541976,4.0
76,9.149611848872384,4.0
77,9.188776288015827,2.0
78,9.255935653322686,1.0
79,9.359762470026121,2.0
80,9.377420260434533,3.0
81,9.57762947211478,0.0
82,9.801576273398796,3.0
83,9.821775294707937,0.0
84,9.825566908022846,0.0
85,9.830610305559512,0.0
86,9.979914167290936,1.0
