,time,event
0,0.35835635435399443,4.0
1,0.42176868734959017,0.0
2,0.600244746539319,2.0
3,0.6760195656291118,1.0
4,0.6871614143153698,3.0
5,0.7644313713511525,3.0
6,0.8844890902254682,3.0
7,0.939869296081161,3.0
8,1.2254896736702308,4.0
9,1.3707030565023235,4.0
10,1.4264728606867123,0.0
11,1.5004853899319412,3.0
12,1.5260812799373533,0.0
13,1.7354963943383748,0.0
14,1.8791410717486983,0.0
15,2.1470044892036455,1.0
16,2.1982443614892073,3.0
17,2.4452854119596807,4.0
18,3.153632559585262,1.0
19,3.6699088630182852,0.0
20,3.9633930087343057,0.0
21,4.056483774387081,1.0
22,4.128038822984787,1.0
23,4.214848288230691,2.0
24,4.385859563270904,2.0
25,4.44198988269945,1.0
26,4.544710136158301,1.0
27,4.575342792680037,0.0
28,4.699379884982397,4.0
29,5.0533502609139695,2.0
30,5.54744465356564,1.0
31,5.971259529272797,0.0
32,6.060385284990374,4.0
33,6.312684462715888,1.0
34,6.686324874466752,4.0
35,7.26504656553423,4.0
36,7.499093048695565,0.0
37,7.8547146686763565,3.0
38,8.23992187715637,3.0
39,8.379432281072823,3.0
40,8.862089753567126,2.0
41,8.945282530963196,4.0
42,9.025119746326972,3.0
43,9.44443052202071,2.0
44,9.7800702150599,0.0
45,9.907313298572767,4.0
46,9.962118244135922,3.0
