,time,event
0,0.621342536506089,0.0
1,0.645357387234709,3.0
2,0.8965811133086227,4.0
3,0.9123400400563639,3.0
4,1.0838095758898787,1.0
5,1.2029763389358434,0.0
6,1.3958407882187527,3.0
7,1.4278093524458917,0.0
8,1.501390561694065,2.0
9,1.5887866991523643,4.0
10,1.5966720643467298,0.0
11,1.7213956510557924,3.0
12,2.181016450722075,3.0
13,2.348513443188037,3.0
14,2.3897697266103437,1.0
15,2.552872788415247,3.0
16,2.5668727275627705,4.0
17,2.600592764684635,3.0
18,2.62727115187455,1.0
19,2.65966386299586,0.0
20,2.7903473487700285,4.0
21,2.961357987127554,2.0
22,3.8206927375156194,0.0
23,4.289596237978006,4.0
24,4.6231904371622345,3.0
25,4.72627006726783,3.0
26,5.063248494273899,3.0
27,5.80767255736003,0.0
28,6.11037946669046,2.0
29,6.169654807082736,0.0
30,6.169849983053698,0.0
31,6.212983762562025,3.0
32,6.3796182782731545,1.0
33,6.584398524084009,3.0
34,6.660452522627687,1.0
35,6.966577756554235,4.0
36,7.010174812863726,0.0
37,7.037755740173523,0.0
38,7.075887887060867,1.0
39,7.166792935830787,4.0
40,7.282197173009309,2.0
41,7.376560923298624,3.0
42,7.41174082702376,3.0
43,7.5953918102742035,2.0
44,7.622313225739505,1.0
45,7.68647125914942,1.0
46,7.696734963278145,3.0
47,7.716301647562713,4.0
48,7.780755952138176,2.0
49,7.839619421936737,2.0
50,8.023883663753022,1.0
51,8.108819727590884,4.0
52,8.389578200783651,3.0
53,8.441579118836275,0.0
54,8.448949703480645,1.0
55,8.491531538347358,1.0
56,8.553323033716316,1.0
57,8.71383970756825,2.0
58,8.750609915206708,0.0
59,9.033874591988681,0.0
60,9.062484481335066,1.0
61,9.183626148765788,4.0
62,9.244659251978678,0.0
63,9.303921067066137,3.0
64,9.31866280631118,3.0
65,9.342723290294396,3.0
66,9.573561195173916,4.0
67,9.591114333249548,0.0
68,9.654815630659558,3.0
69,9.766867216792967,1.0
70,9.800381384474706,1.0
71,9.871586560326053,2.0
72,9.886433807792057,0.0
73,9.906201611681892,0.0
