,time,event
0,0.047880062964458764,1.0
1,0.5533942127150873,1.0
2,1.066109231325079,0.0
3,1.073484537218158,4.0
4,1.1400862838578878,3.0
5,1.3648915828079557,1.0
6,1.3959748178880829,0.0
7,1.6508449277510129,1.0
8,1.6717716039905888,3.0
9,1.7176406769277086,0.0
10,1.76455481925861,4.0
11,1.8247377547175225,2.0
12,1.8429619429825528,3.0
13,2.1343299056148064,4.0
14,2.166584276642804,3.0
15,2.5261880610079332,3.0
16,3.023447832723053,3.0
17,3.3078148204502713,2.0
18,3.6805945172211763,1.0
19,3.715396544632926,1.0
20,3.803875787795926,1.0
21,3.907351018756691,0.0
22,3.9959249345122996,2.0
23,4.072435813555289,2.0
24,4.131781164533722,1.0
25,4.222281676282159,0.0
26,4.587925922357258,1.0
27,4.625396236659804,0.0
28,5.750977166163114,0.0
29,5.841170870688488,0.0
30,5.951240369173329,1.0
31,6.41085622108996,1.0
32,7.025469236468568,4.0
33,7.030387976918484,4.0
34,7.030445690658249,0.0
35,7.148252205461591,1.0
36,7.167084217791896,4.0
37,7.32822119580284,2.0
38,7.413687130533164,0.0
39,7.544874886773071,1.0
40,7.572299170502442,0.0
41,7.612143088708328,4.0
42,7.786830326634892,2.0
43,7.870153125807087,3.0
44,8.123170906294757,1.0
45,8.18873301480204,0.0
46,8.236487430724141,0.0
47,9.028031781235914,1.0
48,9.319505202496057,2.0
49,9.342400705142198,4.0
50,9.440640220163706,1.0
51,9.563631854616814,3.0
52,9.569094422486847,4.0
53,9.582273566417111,4.0
54,9.64305336229137,1.0
55,9.688673899351668,4.0
56,9.729054852221463,4.0
57,9.753891986738168,0.0
58,9.814564924892798,0.0
59,9.831722232914533,4.0
60,9.942673780839398,3.0
