,time,event
0,0.7441358691496844,1.0
1,0.7737036285161076,1.0
2,0.8877873367701772,0.0
3,0.8990123464818515,3.0
4,0.9762103052233869,2.0
5,1.0371777503649884,3.0
6,1.3970037248662426,0.0
7,1.4341312787554663,0.0
8,1.6153371311794775,3.0
9,1.8415908560124317,2.0
10,1.894306127829818,2.0
11,2.2838236877823386,0.0
12,2.3533971472579354,2.0
13,2.51581158081771,4.0
14,2.9627818903038756,1.0
15,3.0901870769384563,3.0
16,3.1307570318633093,3.0
17,3.136935748469114,1.0
18,3.2876852299548616,4.0
19,3.292711926222686,1.0
20,3.388004323903713,4.0
21,3.5290879526116887,3.0
22,4.195508828754714,1.0
23,4.57852844828772,2.0
24,5.658610962712625,2.0
25,6.389547932592925,1.0
26,6.438377555173326,1.0
27,6.525612774937152,2.0
28,6.82369536306956,3.0
29,7.139228027463915,4.0
30,7.149657860593881,2.0
31,7.475257996894176,3.0
32,7.720753103828072,3.0
33,7.82481418488375,1.0
34,7.826764894617468,3.0
35,7.9415874756852,3.0
36,7.962821028206747,1.0
37,7.997498305758378,1.0
38,8.020632575010186,0.0
39,8.060961703640926,2.0
40,8.08061270064883,3.0
41,8.191510820300241,3.0
42,8.26320842933315,1.0
43,8.310213226498322,3.0
44,8.3233760092601,0.0
45,8.338229719537077,2.0
46,8.375144908118092,3.0
47,8.397289330124186,2.0
48,8.401599547697183,3.0
49,8.404264884053283,3.0
50,8.488647777344623,0.0
51,8.554179378079649,4.0
52,8.583738667998166,1.0
53,8.6204976142704,4.0
54,8.635738924401378,2.0
55,8.720097320310142,4.0
56,8.734561288953651,2.0
57,8.844793207138627,4.0
58,8.854378872256373,3.0
59,8.909521192746283,1.0
60,8.916129877390544,4.0
61,8.987982003664127,4.0
62,9.033103515260223,4.0
63,9.061306038697241,2.0
64,9.093703952327333,3.0
65,9.123945179373994,3.0
66,9.136741572132363,1.0
67,9.1921071218026,3.0
68,9.298018369980142,0.0
69,9.328631694505997,4.0
70,9.33208459418147,3.0
71,9.356486839225049,2.0
72,9.46983490155609,3.0
73,9.478105013319654,3.0
74,9.63738917185125,3.0
75,9.72131812474832,2.0
76,9.829525878598952,3.0
77,9.938309121991384,1.0
