,time,event
0,0.22144771744065342,3.0
1,0.2785893307291874,0.0
2,0.33255040090641885,1.0
3,1.8160978625388728,2.0
4,1.8251517534800152,1.0
5,2.0506408021761438,0.0
6,2.3762411330248336,3.0
7,2.3965562005917813,3.0
8,2.400281013417299,0.0
9,2.5029446479765403,1.0
10,2.690130950039562,0.0
11,2.8442852498080797,0.0
12,2.9589402683151977,1.0
13,3.4814127936608097,0.0
14,3.507557798909817,4.0
15,3.6699811968385467,0.0
16,3.71623807344562,2.0
17,3.8416771810209527,4.0
18,3.9404853558613238,2.0
19,3.9888614330245256,1.0
20,4.104107309826505,1.0
21,4.223927923351893,4.0
22,4.228473563064059,3.0
23,4.257827994856966,1.0
24,4.335023249759341,1.0
25,4.352825749939701,1.0
26,4.3635998433690055,2.0
27,4.54625700683605,4.0
28,4.597449143841771,2.0
29,4.60096335710773,2.0
30,4.650322487327745,3.0
31,4.934636447908493,3.0
32,4.981212044936291,1.0
33,6.3328758824375,0.0
34,6.454965033473345,3.0
35,6.671731393773559,4.0
36,6.682038118337766,2.0
37,7.1129874394041686,0.0
38,7.1368032833084065,0.0
39,7.217965462012552,4.0
40,7.511072900331016,1.0
41,7.5283141630032135,0.0
42,7.708468028632264,1.0
43,8.652885902156351,1.0
44,8.88337987796312,2.0
45,8.905710923259221,0.0
46,8.958584167192127,3.0
47,9.087601255681243,1.0
48,9.1236069177444,4.0
49,9.37446593218408,1.0
50,9.56964931238178,0.0
51,9.71420299771258,1.0
52,9.760605961293638,4.0
53,9.795345578028272,4.0
54,9.820381116549616,1.0
55,9.842540448380726,3.0
56,9.864260560971454,1.0
57,9.926529003983068,4.0
58,9.998453337748447,1.0
