,time,event
0,0.5105445155343228,1.0
1,1.6657045959901393,0.0
2,1.7849799124467112,1.0
3,1.799004546374369,1.0
4,1.8179873308259584,0.0
5,2.07130535239936,0.0
6,2.103422220288009,0.0
7,2.1318628094087373,2.0
8,2.2607703740127465,2.0
9,2.3143246832017716,0.0
10,2.3259226152592167,3.0
11,2.576639914871384,3.0
12,2.5789881173391653,3.0
13,2.593056304926145,3.0
14,2.600208682279703,4.0
15,2.632630752845807,3.0
16,2.8035836641563945,0.0
17,2.9681564831517577,4.0
18,3.1954061699185474,2.0
19,3.2901155243055955,0.0
20,3.306924104149378,4.0
21,3.4654662874228626,1.0
22,3.5394935536767873,0.0
23,3.724717974759623,3.0
24,3.8828140721406186,4.0
25,4.094907805019428,1.0
26,4.116749743255389,3.0
27,4.145717799372635,1.0
28,4.150841114943256,1.0
29,4.366075738793911,0.0
30,4.933498349671521,3.0
31,4.935315572238365,1.0
32,5.0002211958609,2.0
33,5.052586992978696,2.0
34,5.0918546377308695,0.0
35,5.199361887671083,2.0
36,5.281538480004708,3.0
37,5.400846547547289,2.0
38,5.440891659116162,0.0
39,5.528418380662803,0.0
40,5.755446829459942,2.0
41,6.1529125030873475,0.0
42,6.649153849595526,0.0
43,6.6508738794752436,2.0
44,6.908534581910868,1.0
45,7.027894832934259,4.0
46,7.032979106166663,2.0
47,7.098973381374039,4.0
48,7.190749454932793,2.0
49,7.320945839606681,3.0
50,7.356794169857425,3.0
51,7.35745308580811,3.0
52,7.424586724210752,2.0
53,7.535373458231113,3.0
54,7.697059519095308,0.0
55,7.807919660072734,2.0
56,7.837458043388451,2.0
57,7.887426518013634,3.0
58,8.050023273616254,2.0
59,8.206822545695319,2.0
60,8.311809156232425,4.0
61,8.614000251517778,2.0
62,8.62069308730533,1.0
63,8.648318519786425,3.0
64,8.687836199264423,2.0
65,8.699325161897345,2.0
66,9.14655614841756,1.0
67,9.866591514389508,2.0
