,time,event
0,0.17158139482784773,0.0
1,0.24272927965226931,4.0
2,0.27641005101854965,4.0
3,0.33647773819738946,1.0
4,0.3442653584579553,2.0
5,0.512578108780061,4.0
6,0.7195636500498805,0.0
7,0.7312442137350099,0.0
8,0.7994305957604065,4.0
9,0.8519836331218779,0.0
10,0.8690628895634848,0.0
11,0.9291373672714143,3.0
12,0.9801122486996424,0.0
13,1.21952884323769,0.0
14,1.2294674595133963,1.0
15,1.3584655515481816,3.0
16,1.3821084313232617,4.0
17,1.8651746916603553,4.0
18,1.8834562846791891,4.0
19,1.9545186097627245,0.0
20,2.1638427956076773,4.0
21,2.298845509894992,0.0
22,2.618992841301375,1.0
23,2.834298957344101,1.0
24,4.1592331580034445,3.0
25,4.552755716260226,1.0
26,4.598565811066373,2.0
27,4.6846833809315775,3.0
28,4.949323973857998,3.0
29,5.350281519153701,0.0
30,6.382087189437577,1.0
31,6.677353805665346,3.0
32,6.7352847064191055,3.0
33,6.799497925296085,4.0
34,6.830904720862124,1.0
35,6.857366637179785,1.0
36,7.050886698386131,4.0
37,7.145073403445129,4.0
38,7.230542429563832,1.0
39,7.502774170796997,4.0
40,8.066312973030401,2.0
41,8.168771317259495,1.0
42,8.32639947426076,3.0
43,8.37721867137112,3.0
44,8.693751392390324,0.0
45,8.82932486484828,0.0
46,8.914774526855387,1.0
47,8.980958954538458,1.0
48,9.050860743389213,3.0
49,9.482569220586026,4.0
