,time,event
0,0.018390543330647092,1.0
1,0.3756358060786778,1.0
2,0.9089002404521012,0.0
3,1.0205795943801412,2.0
4,1.3112879860605777,3.0
5,1.335759586110127,4.0
6,1.5158420595089273,1.0
7,1.5600695285169095,4.0
8,1.8542468638374583,0.0
9,2.029141725050642,4.0
10,2.090447006055089,2.0
11,2.1204189237415534,1.0
12,2.6201727012669256,2.0
13,2.6286662145229256,2.0
14,2.636131899395448,1.0
15,3.2514563318799343,0.0
16,3.3883647790695006,4.0
17,3.41343455917217,1.0
18,3.4847237602090684,3.0
19,3.5237484505694745,0.0
20,3.5437584288273114,0.0
21,3.680754579038058,0.0
22,3.805160208468502,0.0
23,3.86931581409449,1.0
24,3.874477997093868,0.0
25,3.9348784404671306,1.0
26,4.002269352165756,3.0
27,4.041707688901226,3.0
28,4.042590919284537,4.0
29,4.111570264311438,0.0
30,4.204262881888989,2.0
31,4.264004112278751,2.0
32,4.293803456563328,4.0
33,4.475029761765799,3.0
34,4.488997180990383,1.0
35,4.515301990635931,4.0
36,4.800616343951666,0.0
37,4.808146928265788,2.0
38,4.9983381565116085,0.0
39,5.0337506774261245,4.0
40,5.081908573966972,1.0
41,5.277651489908538,2.0
42,5.637524186532789,0.0
43,5.970434031305792,0.0
44,6.221383315910468,1.0
45,6.2399585518812595,1.0
46,6.2670155050405185,1.0
47,6.292784328664714,3.0
48,6.298121788577652,0.0
49,6.3161767689417765,3.0
50,6.432247863573232,4.0
51,6.5187944003803695,3.0
52,6.598768098820645,1.0
53,6.606498290599377,0.0
54,6.652271469210497,4.0
55,6.730843681423206,4.0
56,6.76257934455886,2.0
57,6.848443185524847,0.0
58,6.957804081597837,3.0
59,6.979970922096925,4.0
60,6.98032711433606,2.0
61,7.116694340694716,1.0
62,7.161502163168621,0.0
63,7.180486003453931,3.0
64,7.466652873591204,2.0
65,7.854644698355426,3.0
66,8.013469248142576,2.0
67,8.19957297604658,4.0
68,8.462571305079276,1.0
69,8.531583328749013,0.0
70,8.968946070399546,0.0
71,8.987293387551633,3.0
