,time,event
0,0.03241094646168296,2.0
1,0.15937567454921825,1.0
2,0.6075441125540226,0.0
3,1.1354589335809218,3.0
4,1.4136916658748535,3.0
5,2.1939425572473072,2.0
6,2.36132406455268,4.0
7,2.5848696438133403,3.0
8,2.852658933447073,3.0
9,2.8902231993819063,0.0
10,2.891284861628574,4.0
11,2.974235229675637,2.0
12,3.103672539819113,3.0
13,3.4083951171762514,3.0
14,3.6742572587384155,0.0
15,3.8850062601308575,0.0
16,4.3486477173682525,3.0
17,4.376322494847161,3.0
18,4.423638967272724,3.0
19,4.473784131821506,0.0
20,4.5344908104838355,1.0
21,4.540190855438478,0.0
22,4.590990520521416,1.0
23,4.646957305838338,2.0
24,4.647446808201793,0.0
25,4.6534999183711685,4.0
26,4.655302930302543,4.0
27,4.670807528824519,3.0
28,4.6835696274763885,4.0
29,4.740654231285956,1.0
30,4.7786682660878785,1.0
31,4.787834440371015,0.0
32,4.797231613247132,3.0
33,4.864348118391975,2.0
34,4.904471979056304,1.0
35,4.9324536193491735,2.0
36,5.024000117245378,4.0
37,5.211545070722823,0.0
38,5.216072823823097,1.0
39,5.216687015230574,1.0
40,5.241273920366382,4.0
41,5.306074596302023,4.0
42,5.354699573440529,0.0
43,5.428198929692775,4.0
44,5.433975244186673,1.0
45,5.465333378933816,4.0
46,5.521944917031014,0.0
47,5.527238845607357,1.0
48,5.5328435944930705,0.0
49,5.57370255999361,3.0
50,5.644494864467556,2.0
51,5.933726471604265,4.0
52,5.935545428348944,1.0
53,6.000030775267734,1.0
54,6.26762703115086,3.0
55,6.517821489265084,4.0
56,6.808503826833906,0.0
57,6.87087163406391,4.0
58,7.341793528723157,4.0
59,7.442887857791039,1.0
60,7.500413450283114,3.0
61,7.553119897364083,4.0
62,7.868092687912165,0.0
63,8.029588662702006,3.0
64,8.36011300447601,0.0
65,8.544082165235803,3.0
66,8.609476692827052,4.0
67,8.721798751242579,3.0
68,8.755218381825394,1.0
69,8.898763508388766,0.0
70,9.025795135611927,4.0
71,9.035972041552677,0.0
72,9.04865012148506,1.0
73,9.058733787598095,1.0
74,9.396297695367297,4.0
75,9.490946957642707,0.0
76,9.695072227558676,0.0
77,9.832994590383416,3.0
