,time,event
0,0.5134119259884019,0.0
1,0.7825670098102409,4.0
2,0.9694159624680199,2.0
3,1.1521102244957373,2.0
4,1.1963777036012448,1.0
5,1.2716308695838354,3.0
6,1.3819948361786416,1.0
7,1.796989767016856,1.0
8,1.9185780703821267,1.0
9,1.9436721095895342,3.0
10,2.0044840139484785,1.0
11,2.111648942414142,1.0
12,2.3866752342071926,2.0
13,2.591035623158752,1.0
14,2.7258228470100105,3.0
15,3.05790067599441,1.0
16,3.177368772641173,1.0
17,3.58746555970878,3.0
18,4.116203678015155,0.0
19,4.3140943123908535,0.0
20,5.181911074192835,0.0
21,5.208662663481211,1.0
22,5.44250018579678,2.0
23,5.6935201211612245,3.0
24,6.062655311117947,4.0
25,6.576206291884618,0.0
26,6.825939676867986,2.0
27,6.986713229973733,3.0
28,7.001584184546174,1.0
29,7.349436382963436,1.0
30,7.4171730662786635,2.0
31,7.533905998503784,1.0
32,8.14555371663768,3.0
33,8.641558010038338,1.0
34,8.894037344564794,1.0
35,8.953512142613134,4.0
36,8.978419865519692,3.0
37,9.03059591916266,1.0
38,9.031161817601177,2.0
39,9.060920746362132,0.0
40,9.105049625173448,0.0
41,9.178828654683114,4.0
42,9.29325417405009,3.0
43,9.330752653597767,0.0
44,9.51437454596184,2.0
45,9.685112623670772,3.0
46,9.696197966712116,0.0
47,9.739432736475749,4.0
