,time,event
0,0.2867668143821481,3.0
1,0.7551772028711774,3.0
2,1.0377317789523564,1.0
3,1.9769798206294966,2.0
4,2.017737838093529,0.0
5,2.287950730262102,2.0
6,2.4031131296968296,1.0
7,2.8182832213848283,4.0
8,2.961438413122615,0.0
9,3.0346849351450853,1.0
10,3.1027011647292553,2.0
11,3.1854819748789494,3.0
12,3.2099535053885258,1.0
13,3.249042031158649,1.0
14,3.377548780765258,1.0
15,3.4474484217691024,0.0
16,3.529373404645676,0.0
17,3.673790594092554,3.0
18,3.722102525673234,2.0
19,3.9162015577498965,1.0
20,3.9209257516769815,4.0
21,3.9694679871451646,0.0
22,4.035106660368007,2.0
23,4.160412420909997,2.0
24,4.3027659343542854,1.0
25,4.3207935858971265,2.0
26,4.396009565729339,2.0
27,4.407360401872205,4.0
28,4.468070291102889,0.0
29,4.555971839509804,0.0
30,4.839145398052495,1.0
31,4.941869212693066,2.0
32,4.956489920394277,3.0
33,4.980872103630389,0.0
34,5.212438714094517,1.0
35,5.25347836998411,1.0
36,5.280109357636769,1.0
37,5.35763272122801,3.0
38,5.5313648594376605,0.0
39,5.58155769797083,4.0
40,5.616586680663347,4.0
41,5.678670789329285,1.0
42,5.7211532146086315,0.0
43,6.016690615699122,3.0
44,6.086568036932199,2.0
45,6.124243784895003,3.0
46,6.2770302138406215,1.0
47,6.650500670879249,0.0
48,6.801809779882608,4.0
49,6.909146765369076,1.0
50,7.048338870813655,4.0
51,7.121004846387884,4.0
52,7.246371781212653,2.0
53,7.531526812490666,2.0
54,7.578476414146298,1.0
55,7.746510603708875,3.0
56,7.798430320848711,4.0
57,7.804602472163547,4.0
58,8.19779801493329,4.0
59,8.410828685055023,2.0
60,8.651471046380774,3.0
61,8.719946474494293,0.0
62,8.75220043835474,1.0
63,9.198890481905131,3.0
