,time,event
0,0.09295794150110466,2.0
1,0.1610896845362427,1.0
2,0.1837345083857129,1.0
3,0.2953334385236267,3.0
4,0.45005216861463476,3.0
5,0.9371605728786483,1.0
6,1.16518779200471,2.0
7,1.9596688786996936,1.0
8,2.4893387646500202,4.0
9,2.493967965990078,3.0
10,2.5238338661988924,4.0
11,2.552796924389207,3.0
12,2.6234568826291764,2.0
13,2.660477689172007,3.0
14,2.7188098431234873,2.0
15,2.8253662389179617,0.0
16,2.9022731021958847,0.0
17,2.9049093553823964,3.0
18,2.958452904212635,4.0
19,3.0655147939927034,3.0
20,3.0773532194698228,0.0
21,3.29478259237749,0.0
22,3.337836861947289,3.0
23,3.343656052398502,4.0
24,3.4062787980213014,1.0
25,3.5717612771810154,1.0
26,3.6039699074772744,3.0
27,5.858528682964873,3.0
28,5.955928553647236,1.0
29,7.13749951162175,4.0
30,8.155467193961693,1.0
31,8.161666452907335,3.0
32,8.38362542362422,3.0
33,8.42877953638203,1.0
34,8.590478994890914,1.0
35,8.998699475075844,3.0
36,9.05746898849412,4.0
37,9.252114522072992,0.0
38,9.383337245515943,4.0
39,9.498791552252692,1.0
40,9.526229168312945,1.0
41,9.528408956953323,4.0
42,9.579506446965146,0.0
43,9.58839139539026,4.0
44,9.659136825025081,4.0
45,9.673880679830583,0.0
