,time,event
0,0.028726110430296745,0.0
1,1.2031007379938492,1.0
2,1.296859987883027,4.0
3,1.548296778347995,4.0
4,1.718080280418345,3.0
5,1.9198770069459938,2.0
6,2.043801303403514,3.0
7,2.465132030077379,1.0
8,2.487702045350382,2.0
9,2.6447725980233034,4.0
10,2.708763040859552,0.0
11,2.720782073057401,3.0
12,2.7753106528631086,4.0
13,3.241779912591908,1.0
14,3.329999937215263,1.0
15,3.5734483572720963,4.0
16,3.6062851268921685,3.0
17,3.6324850061078973,4.0
18,4.139435924050131,4.0
19,4.158300158624516,1.0
20,4.385444339870414,3.0
21,4.431355668156661,3.0
22,4.543442506874235,3.0
23,4.563459286441473,1.0
24,4.641043770603135,3.0
25,4.655806406325085,3.0
26,4.6888661419507205,1.0
27,4.823520723225208,0.0
28,4.838155243442742,3.0
29,4.982282588954126,2.0
30,5.013217286254781,2.0
31,5.524345534094369,2.0
32,5.551911440158887,3.0
33,5.552841401312369,4.0
34,5.619678088885378,1.0
35,5.677374209686272,2.0
36,5.908176066659046,1.0
37,5.975171815540688,4.0
38,6.223041327532832,0.0
39,6.35339932104399,0.0
40,6.458816747768039,2.0
41,6.934138369040549,3.0
42,7.167834697080916,3.0
43,7.1855995588530766,1.0
44,7.320523754796707,2.0
45,7.330910024886082,3.0
46,7.608942796960879,3.0
47,7.6701432783692285,1.0
48,7.7315676240934135,4.0
49,7.7392358893337825,3.0
50,7.759863218498184,2.0
51,7.779258610560633,3.0
52,7.784974442950283,0.0
53,7.785431842443138,3.0
54,7.84155724671633,4.0
55,7.8551581159975745,2.0
56,7.8784481213887405,1.0
57,7.997593677215594,4.0
58,8.08320896175116,3.0
59,8.16084677281047,0.0
60,8.26146799690392,2.0
61,8.522668586942038,3.0
62,8.596907784291025,3.0
63,8.661151936624233,4.0
64,8.677178555073612,2.0
65,8.779410220414505,4.0
66,9.044700988470877,3.0
67,9.06290116261512,1.0
68,9.16460777097871,4.0
69,9.21846284083461,0.0
70,9.354760824266751,3.0
71,9.362222991537685,0.0
72,9.41312234766648,1.0
73,9.426569310260348,0.0
74,9.455878572887194,4.0
75,9.852193652313481,2.0
76,9.945974890278745,1.0
77,9.973344367181046,3.0
