,time,event
0,0.3491951628275878,3.0
1,0.5097092469163541,2.0
2,0.663274000582952,1.0
3,0.688444874497656,2.0
4,1.2054593952073558,2.0
5,1.2509552262300156,1.0
6,2.170408870655951,4.0
7,2.6419750164885993,0.0
8,2.7392733169713135,3.0
9,2.7424319864915203,3.0
10,2.89158330450607,3.0
11,2.956395100545429,3.0
12,2.9844835927039535,2.0
13,3.007942059589568,0.0
14,3.056902730737658,1.0
15,3.1104696304942396,2.0
16,3.23111809403671,4.0
17,3.5202295175279774,1.0
18,3.9704166425433782,1.0
19,4.01028618815276,2.0
20,4.243771942833222,0.0
21,4.435656211329768,0.0
22,4.633956409933544,4.0
23,4.695785858914846,3.0
24,4.756846895249334,1.0
25,4.798165560551361,0.0
26,5.055991471445196,3.0
27,5.665422731530868,1.0
28,5.924553170743698,1.0
29,6.014054709197761,1.0
30,6.067849116172441,3.0
31,6.161106615579068,3.0
32,6.266381668244334,2.0
33,6.28789272666989,3.0
34,6.297803853324833,1.0
35,6.603501387712724,2.0
36,6.785352157825616,1.0
37,6.886628519210264,4.0
38,6.912877297700445,4.0
39,7.035531687728388,3.0
40,7.227512746828747,1.0
41,7.3503483065528945,0.0
42,7.615579030526403,1.0
43,7.983153722328153,2.0
44,8.044815759936524,1.0
45,8.102078608736198,3.0
46,8.146336142603708,1.0
47,8.164843587736357,0.0
48,8.665362040701588,3.0
49,9.118807911483344,1.0
