,time,event
0,0.42606028412028396,1.0
1,0.5908908686854537,1.0
2,0.7585480118930163,4.0
3,0.8612868219554988,3.0
4,1.4155842084238595,4.0
5,1.5851068529520476,2.0
6,2.0888731262697036,0.0
7,2.334250638596683,1.0
8,2.5474928857552013,0.0
9,2.670120312921489,2.0
10,3.1150502723617235,2.0
11,3.5654647776115995,3.0
12,3.5786911697006096,0.0
13,6.7409053779891845,1.0
14,6.805929608868141,3.0
15,6.842156201668474,4.0
16,6.944379254028074,1.0
17,6.954077391652767,3.0
18,6.978839362932049,1.0
19,7.012210262458046,0.0
20,7.0213678532594175,0.0
21,7.055297055761533,0.0
22,7.126182374413407,1.0
23,7.24873129226897,2.0
24,7.253498384637273,1.0
25,7.3387485304917535,3.0
26,7.476601968203369,0.0
27,7.710620006599639,0.0
28,7.713872307883639,4.0
29,7.930445221662659,2.0
30,7.971056498575686,1.0
31,8.078558840944325,3.0
32,8.482283203840554,0.0
33,8.502443366730638,1.0
34,8.633996338846416,2.0
35,8.67957475711107,3.0
36,8.765152943062695,3.0
37,8.849501280472,3.0
38,9.121137901412036,0.0
39,9.260129354651404,3.0
40,9.280123374501038,0.0
41,9.30767789999985,1.0
42,9.317049194286847,3.0
43,9.439542712108736,1.0
44,9.561057943539923,1.0
45,9.659041825458853,4.0
46,9.863577108314345,3.0
