,time,event
0,0.6862315141743462,2.0
1,0.7277715378391083,1.0
2,0.9254056771170639,1.0
3,1.3863432650760539,3.0
4,1.4090587882434948,1.0
5,1.4301213543132933,1.0
6,1.475869861041643,4.0
7,1.6030491754332337,2.0
8,1.6498109326767436,1.0
9,1.8239924505291394,2.0
10,1.889958235659694,0.0
11,2.5647740227210347,1.0
12,2.6525089675493065,3.0
13,2.7930635986506953,2.0
14,3.0077873661030012,3.0
15,3.7202811066531396,2.0
16,3.8733855782767144,2.0
17,4.037497157549104,3.0
18,4.611973821481223,3.0
19,4.930548827242171,2.0
20,5.49999778061695,3.0
21,5.775325682177933,3.0
22,5.845117858444295,2.0
23,5.888726853539828,4.0
24,6.1188841397513105,3.0
25,6.132427051859208,0.0
26,7.182790765017535,3.0
27,7.652745899811496,2.0
28,7.686285634604863,1.0
29,8.897915581770143,2.0
30,8.91303543925716,3.0
31,9.372802809876024,0.0
32,9.660557647755983,2.0
