,time,event
0,0.08437602065565684,1.0
1,0.6993658458000486,1.0
2,1.2635698535359214,1.0
3,1.2758363360660356,1.0
4,1.3434011250121356,0.0
5,1.8451065648929879,0.0
6,2.8180892527038877,1.0
7,2.85322156566049,1.0
8,3.202654980323697,3.0
9,3.3940850408328163,0.0
10,3.5332370258400574,4.0
11,3.5461024380306503,3.0
12,4.4956856917372665,3.0
13,5.140213486910041,3.0
14,5.211810289652332,2.0
15,5.299874866463709,1.0
16,5.58210664852001,3.0
17,5.690828693190705,4.0
18,6.183040371396539,3.0
19,6.295409701848906,2.0
20,6.617744132451048,3.0
21,6.689542100146328,2.0
22,6.85126263997745,0.0
23,6.854811296675214,4.0
24,7.315545501548808,2.0
25,7.322949115692494,2.0
26,7.457474249940563,1.0
27,7.483076455221057,1.0
28,7.557423071729306,0.0
29,7.563815717900949,3.0
30,7.697962049702925,3.0
31,7.91783417320657,2.0
32,7.934549251698284,3.0
33,8.29455543935387,2.0
34,8.301270409776146,3.0
35,8.449540861408629,2.0
36,8.499027233017566,3.0
37,8.775006658921296,2.0
38,8.827015569338519,4.0
39,9.044405321312396,3.0
40,9.100138326295998,4.0
41,9.14575530633673,3.0
42,9.411765855818672,0.0
43,9.5667155581474,3.0
44,9.588594067285017,1.0
45,9.773114823633279,2.0
46,9.79907102948438,2.0
47,9.835654769672914,4.0
48,9.894922176198092,3.0
49,9.90102519960644,1.0
50,9.99206602828007,2.0
