,time,event
0,0.5181498806939827,4.0
1,0.5827703129906269,3.0
2,0.7731677218349966,2.0
3,0.8028777776550828,2.0
4,0.8361835022372581,3.0
5,0.86201284175949,1.0
6,0.9198065591814845,0.0
7,0.9583821436332804,4.0
8,1.1753778243929065,0.0
9,1.2674879883451429,3.0
10,1.3411531217640107,1.0
11,1.6186580859440312,2.0
12,1.6257404790711014,3.0
13,1.854015006113623,3.0
14,1.8651717369287781,1.0
15,1.9747302729027347,2.0
16,2.663366306308263,4.0
17,2.748166139701043,0.0
18,2.9700700559591398,0.0
19,3.0996134542077973,1.0
20,3.1726687666248,2.0
21,3.2259607567842767,0.0
22,3.3082212200954864,2.0
23,3.3520925414734055,1.0
24,3.571146183277229,2.0
25,3.94827907733136,0.0
26,4.018793015087798,2.0
27,4.399127839177035,1.0
28,4.463375795435236,2.0
29,4.465011956988792,1.0
30,5.148183190838421,2.0
31,5.728715537877827,0.0
32,5.917626056622569,2.0
33,5.934470337662086,2.0
34,5.961585005030891,1.0
35,6.176111001691991,0.0
36,6.210699802308731,3.0
37,6.903045466608329,3.0
38,7.061751781355001,1.0
39,7.317052481270782,2.0
40,7.359938750067353,3.0
41,7.388336514491016,1.0
42,7.41596550807785,1.0
43,7.457328626214072,1.0
44,7.478643979641897,3.0
45,7.490288153897908,2.0
46,7.575054061302431,2.0
47,7.581227972113978,0.0
48,8.45112823426817,1.0
49,8.671466220934734,1.0
50,9.120682815054405,2.0
51,9.151063903969126,0.0
52,9.222513758228574,1.0
53,9.249416161248789,2.0
54,9.383713649805667,1.0
55,9.539727221854129,2.0
