,time,event
0,1.3180991095183563,2.0
1,1.909522146080622,1.0
2,1.926613707682518,2.0
3,2.140806109187758,0.0
4,2.150142416316394,4.0
5,2.1674501659824217,1.0
6,2.220529044921068,1.0
7,2.251845603201379,1.0
8,2.4814144410290297,0.0
9,2.6632439664435945,3.0
10,2.687746734493849,1.0
11,2.778975084411929,3.0
12,2.8411244070300694,4.0
13,3.2170616758630084,2.0
14,3.375777100733479,2.0
15,3.897475550144113,4.0
16,3.921276595180835,1.0
17,3.956357808274304,2.0
18,4.38602461775686,0.0
19,5.353439602543111,3.0
20,5.591609423286476,4.0
21,5.681122727215415,0.0
22,5.813550417002911,2.0
23,5.87748931785473,2.0
24,5.890539458153166,1.0
25,5.952329822036173,3.0
26,5.964771156274234,3.0
27,6.328173938965814,1.0
28,6.3384925440552236,2.0
29,6.374653321406234,2.0
30,6.412797930473111,0.0
31,6.613373088091141,2.0
32,6.711452814085732,0.0
33,6.743629437524406,0.0
34,6.8911524403578435,0.0
35,7.201839585631419,0.0
36,7.209872956065455,3.0
37,7.224162247178115,1.0
38,7.589488069576895,4.0
39,7.966638800247962,3.0
40,8.280492808189846,2.0
41,8.287102620351996,2.0
42,8.382628838966005,3.0
43,8.591110501404915,4.0
44,8.647626369565062,4.0
45,8.743487562044383,2.0
46,8.80177824610444,4.0
47,8.830124606868921,2.0
48,8.997201240258622,3.0
49,9.046588440131206,3.0
50,9.088865744669853,1.0
51,9.115949922213252,4.0
52,9.138587574521381,4.0
53,9.147994925729456,2.0
54,9.149589739919426,1.0
55,9.150941968357229,4.0
56,9.17096196499741,2.0
57,9.179949481399413,1.0
58,9.233441311528043,4.0
59,9.24037265354087,1.0
60,9.243370976948862,2.0
61,9.272022953559599,2.0
62,9.371632281307011,2.0
63,9.385356689626718,2.0
64,9.418554031654306,0.0
65,9.448594040042163,2.0
66,9.478209378330675,4.0
67,9.516064444565727,0.0
68,9.64774372738571,1.0
69,9.869713778343609,1.0
70,9.884783813526298,0.0
71,9.933175876573761,0.0
