,time,event
0,0.213570223122316,3.0
1,1.132308858196538,2.0
2,1.1821030056028352,1.0
3,1.2333495693517509,2.0
4,1.4101044362317037,4.0
5,1.509697836945761,3.0
6,1.5141226918987252,1.0
7,1.5961409093359695,4.0
8,1.7500577552296872,3.0
9,1.7516055179261631,4.0
10,2.1615442973612486,3.0
11,2.281549102388966,0.0
12,2.5305816589271566,0.0
13,2.7077148674745235,4.0
14,2.76500469652559,3.0
15,2.815871500794556,2.0
16,3.0243483490313237,4.0
17,3.1367239706857606,1.0
18,3.535755543496373,0.0
19,3.546932446787837,1.0
20,4.406528886334746,4.0
21,5.9715109855100525,2.0
22,6.014885187563602,4.0
23,6.8500228026238545,1.0
24,6.885591209914756,2.0
25,6.9209672705626994,1.0
26,6.932210442437174,4.0
27,6.951341122466375,4.0
28,6.979896798306578,0.0
29,6.984800361947172,1.0
30,7.087827352929869,0.0
31,7.129930750801385,4.0
32,7.151034722312454,2.0
33,7.196305509049408,4.0
34,7.282795286782211,4.0
35,7.297185740407243,0.0
36,7.3349084407067044,0.0
37,7.474440501377251,0.0
38,7.498150585764521,0.0
39,7.508727576471481,4.0
40,7.563967968645533,1.0
41,7.606910414853303,4.0
42,7.654540587624267,2.0
43,7.658299660355586,1.0
44,7.678993974094911,1.0
45,7.771879679307883,0.0
46,7.8307100657214646,1.0
47,7.849648376336648,2.0
48,7.902284082506263,1.0
49,7.926383226087569,4.0
50,7.985934731598494,4.0
51,8.027831884562156,4.0
52,8.055626660257976,1.0
53,8.066476938818875,4.0
54,8.124449926100501,2.0
55,8.16714452898104,2.0
56,8.172117089651339,2.0
57,8.185785691696923,1.0
58,8.191970772090322,1.0
59,8.197806314072531,1.0
60,8.244377232695069,1.0
61,8.249828339383896,1.0
62,8.250798740046886,1.0
63,8.303193772358586,3.0
64,8.309023153206939,2.0
65,8.314583405039205,1.0
66,8.4212022379337,3.0
67,8.457544231888082,2.0
68,8.51343175990843,3.0
69,8.58832658821778,2.0
70,8.85843543255537,3.0
