,time,event
0,0.22982929573278435,2.0
1,0.26998606862697744,4.0
2,0.31222754509187833,1.0
3,0.4375881008071387,1.0
4,0.4883770052116825,2.0
5,0.536140171750474,0.0
6,0.6176370471679418,0.0
7,0.645434329218485,3.0
8,0.8646172626556425,0.0
9,0.9926505476185514,3.0
10,1.2221131864723944,1.0
11,1.3785191238855496,3.0
12,1.389192140898098,2.0
13,1.4169241909054227,4.0
14,1.5348531516648898,0.0
15,1.5646647325399163,3.0
16,1.7885976790645801,3.0
17,2.108119834530115,2.0
18,2.242873153329988,4.0
19,2.4759276229029235,3.0
20,2.830487572029144,4.0
21,3.146116998034922,0.0
22,3.218372749232326,2.0
23,3.2909151075612235,1.0
24,3.3749311002946256,4.0
25,3.4484789935057574,4.0
26,3.4963252499374438,2.0
27,3.985757265210211,2.0
28,5.4527319974870805,1.0
29,5.715645371724347,2.0
30,6.341821806638672,2.0
31,6.628432961023153,2.0
32,6.78721130675606,2.0
33,6.9256439000326315,2.0
34,7.343900109865731,4.0
35,7.589703317794911,2.0
36,7.631677430676761,3.0
37,7.70230790083089,3.0
38,7.85761619739468,4.0
39,7.874750596325179,3.0
40,8.13182995006317,3.0
41,8.212487753227474,2.0
42,8.221928339674024,0.0
43,8.3002063782961,4.0
44,8.325737764449302,3.0
45,8.335637083375522,4.0
46,8.34173436373465,1.0
47,8.354900620383804,1.0
48,8.371538561049455,2.0
49,8.851468513596881,2.0
