,time,event
0,0.30790502485485727,3.0
1,0.3204171579105475,4.0
2,0.5061272386308251,0.0
3,0.8570994555246103,3.0
4,1.1542434061851208,1.0
5,1.1822264860636402,2.0
6,1.2207183574803324,0.0
7,1.3970778606925587,0.0
8,1.4005082537602647,4.0
9,1.4562998082950256,3.0
10,1.6251990330347736,0.0
11,2.0347276164262933,1.0
12,2.2007703316986458,2.0
13,2.206155841838503,3.0
14,2.3195893412988227,1.0
15,2.345692839890349,0.0
16,2.409607886098225,0.0
17,2.4333397995603803,0.0
18,2.4625856784949787,2.0
19,2.5068111286225574,3.0
20,2.774724366390449,1.0
21,2.9132487012624035,4.0
22,3.025696279980084,0.0
23,3.037480596615428,4.0
24,3.3355584325065406,0.0
25,3.3673861918928947,2.0
26,3.371940255950286,0.0
27,3.380692923433777,0.0
28,3.4958353106496696,3.0
29,3.499503934766292,4.0
30,3.503028199853372,4.0
31,3.566980791776642,0.0
32,3.5997712530704105,4.0
33,3.7101575510675766,0.0
34,3.7681334807630535,0.0
35,4.069507353038796,0.0
36,4.7468196527088855,0.0
37,4.973395195998204,2.0
38,5.247966819145816,1.0
39,5.284963913275862,1.0
40,5.790441054573441,4.0
41,6.1910719507881735,3.0
42,6.276004526700104,1.0
43,6.529565188156661,0.0
44,7.222531676760243,3.0
45,7.8677342614420045,0.0
46,8.238165163876985,3.0
47,8.867697229959267,3.0
48,8.9107516506308,2.0
49,9.06128074271249,2.0
50,9.162210415434627,3.0
51,9.206578199554222,2.0
52,9.244542704811195,1.0
53,9.361437100101611,0.0
54,9.437937252790036,1.0
55,9.438840247204059,3.0
56,9.456640207238847,1.0
57,9.464967582695813,3.0
58,9.482644436181099,2.0
59,9.499058203561804,0.0
60,9.604662915968357,0.0
61,9.66864708411121,2.0
62,9.679413681386837,1.0
63,9.695496538395185,1.0
64,9.71306094123566,0.0
65,9.792647793553435,3.0
66,9.877973407042155,4.0
67,9.909149135360956,1.0
