,time,event
0,0.1561761643872478,2.0
1,0.2838730392070202,0.0
2,0.285183420075748,3.0
3,0.4045684761356442,3.0
4,0.4440095864473097,4.0
5,0.5475839542358761,1.0
6,0.591317769248022,4.0
7,0.8256983997579507,1.0
8,0.9102774822595263,3.0
9,0.9274657512365743,0.0
10,1.2248165197928733,3.0
11,1.2984799096867565,2.0
12,1.4085668953422332,1.0
13,1.4113636526605786,0.0
14,1.4232762172954638,2.0
15,1.4419809889412625,4.0
16,1.5711578107432533,2.0
17,2.5446769420123285,2.0
18,2.5454820923101873,1.0
19,2.894555834596472,2.0
20,3.843419890117281,3.0
21,4.2083172862091365,2.0
22,4.491964104142925,1.0
23,5.468162707978529,1.0
24,5.669797688062333,2.0
25,6.588495903616654,2.0
26,6.601657237519485,3.0
27,6.9122094502068485,0.0
28,6.987113241266802,0.0
29,7.02674670034029,2.0
30,7.090686818154616,4.0
31,7.18243981835558,1.0
32,7.226090371987392,1.0
33,7.521627357750022,3.0
34,7.586551232562372,4.0
35,7.6593707291933955,3.0
36,7.759746963639916,1.0
37,8.085180857895264,2.0
38,8.133415490628371,0.0
39,8.141260473141935,3.0
40,8.375976982599843,3.0
41,8.438769122972703,3.0
42,8.488991356144346,1.0
43,8.677823578326723,2.0
44,8.746805799113263,2.0
45,8.833554411959646,2.0
46,9.237524326796645,1.0
47,9.773503897355532,2.0
48,9.84766003494399,1.0
49,9.865559407593139,1.0
