,time,event
0,0.031514604226715426,3.0
1,0.07420166670333653,2.0
2,0.1414503240413032,0.0
3,0.1973431073305887,3.0
4,0.23615553901058886,1.0
5,0.2685752131513514,1.0
6,0.2701430080763097,3.0
7,0.44510017615669595,1.0
8,0.8140261543061034,3.0
9,0.9403441731562079,3.0
10,0.9476524084058939,0.0
11,1.6537141757249356,1.0
12,1.9523123269364395,1.0
13,2.766020447213727,3.0
14,2.8411513512594424,3.0
15,3.241606295043713,1.0
16,3.399065554195465,1.0
17,3.6586352802179456,3.0
18,3.6704928687184544,2.0
19,3.8967747358364235,1.0
20,3.9392540024502143,2.0
21,4.324811252811312,1.0
22,4.641492592712498,1.0
23,4.752516385164722,2.0
24,4.976338457513511,3.0
25,5.613055089871395,1.0
26,6.016137378352017,2.0
27,6.447969497806442,3.0
28,6.630294776628604,2.0
29,6.664696845828804,2.0
30,7.061272065854787,1.0
31,7.088600542453861,1.0
32,7.111980824864597,4.0
33,7.2239244039890425,1.0
34,7.2456017393801435,2.0
35,7.2965014010650835,3.0
36,7.411069807014506,1.0
37,7.533902144695471,1.0
38,7.68918743934596,0.0
39,7.772204932055102,3.0
40,7.990501835211021,1.0
41,8.042870822339955,2.0
42,8.266288269306425,1.0
43,8.542698796742696,2.0
44,8.551318974091584,4.0
45,8.715171336543584,1.0
46,8.9071855959645,3.0
47,9.297382201052185,4.0
48,9.32951052026338,1.0
49,9.90347138366828,3.0
