,time,event
0,1.1042133908260496,4.0
1,1.1571429702771845,1.0
2,1.3314889374996242,4.0
3,1.597731126974282,3.0
4,1.6583527105151894,1.0
5,1.6904970733997955,1.0
6,1.7115730784980507,0.0
7,2.0827715819048365,1.0
8,2.2059407209684427,0.0
9,2.249039522399832,2.0
10,2.275649988698317,2.0
11,2.387802465630067,4.0
12,2.5335009135422375,4.0
13,2.6300758055326243,0.0
14,2.7497966613949973,4.0
15,3.1506642814616055,0.0
16,3.2284161776725937,4.0
17,3.2538629848907785,0.0
18,3.400376170517513,4.0
19,3.429306385593691,0.0
20,4.2262769142152,4.0
21,4.262473968493726,1.0
22,4.268684955078452,1.0
23,4.606536503135875,1.0
24,4.897913105355867,2.0
25,5.03532868624476,1.0
26,5.080449249742111,4.0
27,5.22541637697558,0.0
28,5.873385023418522,2.0
29,6.7981829339365065,0.0
30,6.911040152124062,0.0
31,7.44456963995992,2.0
32,7.495382535527424,4.0
33,7.515050517009885,1.0
34,7.529595034752195,0.0
35,7.8766533845524895,0.0
36,7.922918058971029,1.0
37,7.94734588298226,1.0
38,8.026408461924001,4.0
39,8.113775066986873,2.0
40,8.25730231850791,2.0
41,8.262731785854985,4.0
42,8.283072506220265,1.0
43,8.331966164497576,2.0
44,8.399473458268345,3.0
45,8.408146241290815,2.0
46,8.416052965640677,0.0
47,8.41746706978246,2.0
48,8.482730687572584,2.0
49,8.573264528622158,3.0
50,8.583975301611906,1.0
51,8.632883342331214,2.0
52,8.644912555315747,2.0
53,8.690643060950302,1.0
54,8.691939325574754,2.0
55,8.705471768699296,1.0
56,8.725494993920982,3.0
57,8.726554533659248,3.0
58,8.74623158690072,2.0
59,8.811877506409646,3.0
60,8.820936563890768,3.0
61,8.825261967820177,2.0
62,8.862842885540966,1.0
63,8.905524158299196,2.0
64,8.944681812777171,3.0
65,8.966203110174762,3.0
66,9.003976937579434,2.0
67,9.017061395307799,1.0
68,9.0204556042086,2.0
69,9.039633827139616,3.0
70,9.068589461936764,4.0
71,9.206843020811775,1.0
72,9.212397355100316,4.0
73,9.32210404934469,0.0
74,9.350288579128033,3.0
75,9.393327767857013,1.0
76,9.417416157201282,3.0
77,9.461993537070038,3.0
78,9.516927307501286,2.0
79,9.951370812921413,1.0
