,time,event
0,0.6964628114523074,4.0
1,1.3630956699515684,0.0
2,1.428523307905137,1.0
3,1.498020396370968,3.0
4,1.5474474864726575,1.0
5,1.6022195877316614,3.0
6,1.6127727787126258,4.0
7,1.6407848232530913,4.0
8,1.6981384292245612,2.0
9,1.7553104795483452,4.0
10,1.7881723855979006,0.0
11,1.8095376472035603,2.0
12,1.8628074028418509,4.0
13,1.8705765662380702,3.0
14,1.8947826040797453,2.0
15,1.9993831046146366,0.0
16,2.011638978097075,0.0
17,2.111477493644976,3.0
18,2.1638722692507453,4.0
19,2.2802311360752503,4.0
20,3.271319414077587,4.0
21,3.4242639006647213,1.0
22,3.427447930883646,1.0
23,3.528073968999541,1.0
24,3.535135960212119,4.0
25,3.5359551033936008,0.0
26,3.5703804116289293,4.0
27,3.6802308601074585,3.0
28,3.7531346294976498,1.0
29,3.7834486737864186,4.0
30,3.9241581174749065,3.0
31,3.9350201374789764,4.0
32,4.2704243650397125,1.0
33,4.39234011357637,3.0
34,4.4798432861460045,0.0
35,4.557036327175541,3.0
36,4.5840898707467606,0.0
37,4.845970307647256,4.0
38,4.856044120681238,1.0
39,5.114030381657278,3.0
40,5.197760048243063,1.0
41,5.4190475391905295,4.0
42,5.425153641567424,0.0
43,5.766907089356804,0.0
44,5.794009375727656,1.0
45,5.827754708328831,4.0
46,6.077263849452862,0.0
47,6.092669835533238,4.0
48,6.33854086087873,0.0
49,6.445758260124331,3.0
50,6.449166735190872,0.0
51,6.60154313119727,0.0
52,6.65101654052833,4.0
53,6.7929901160131365,4.0
54,6.814431146539945,0.0
55,6.916134947076612,4.0
56,6.979682015123757,1.0
57,6.99832920656382,0.0
58,7.004761487711644,4.0
59,7.072310828334946,0.0
60,7.095869522639477,1.0
61,7.158192057495372,4.0
62,7.350357809888706,1.0
63,7.3703544955113545,1.0
64,7.440199466993093,4.0
65,7.4683634087861535,0.0
66,7.863964064716922,4.0
67,8.327003786472398,4.0
68,8.43997239922735,1.0
69,8.486164700531871,3.0
70,8.502381948600851,1.0
71,8.875149983461812,2.0
