,time,event
0,0.3450239848291255,1.0
1,0.5528872324403085,3.0
2,0.5538383375933773,3.0
3,0.598659187568896,1.0
4,0.6073648565447787,0.0
5,0.6807027525835212,1.0
6,0.8748117414759807,3.0
7,0.8917407415535622,1.0
8,1.1497312791711358,1.0
9,1.2237793692966115,1.0
10,1.4108468270856798,1.0
11,1.4342521526927254,1.0
12,1.4549116391472152,2.0
13,1.6891993234660143,4.0
14,1.8622349125323876,3.0
15,1.9167536876100157,1.0
16,2.0986373403907903,0.0
17,2.5095963909388157,2.0
18,2.8527046688318283,0.0
19,2.999556166115481,1.0
20,3.047921599420753,4.0
21,3.0704471068751755,0.0
22,3.1301381407855775,3.0
23,3.33450120110207,4.0
24,3.3488493301675497,0.0
25,3.627781257037257,1.0
26,3.691007326770795,2.0
27,3.7365651090342946,1.0
28,3.8972680416429597,2.0
29,4.07295015390771,2.0
30,4.118920710372554,0.0
31,4.281507019237285,2.0
32,4.38770420231321,4.0
33,5.822157413471777,4.0
34,5.8519747670836715,1.0
35,5.984342187311954,0.0
36,6.030842867118996,4.0
37,6.242525237690972,1.0
38,6.78954355782,1.0
39,7.776507316754602,1.0
40,8.048799481126483,4.0
41,8.419031682614525,1.0
42,8.588079230400666,3.0
43,8.861009137236838,3.0
44,8.909018083650238,2.0
45,9.113739840740676,1.0
46,9.301228142060697,1.0
47,9.389662921109142,2.0
48,9.558489724029029,0.0
49,9.685038276314696,1.0
50,9.888639873721072,1.0
51,9.897413795514764,0.0
52,9.95491605544212,1.0
