,time,event
0,0.48510099301440207,1.0
1,0.616352022043696,4.0
2,0.678816254010401,4.0
3,0.7425245198822943,3.0
4,0.897287954462257,1.0
5,1.1623971222339697,1.0
6,1.166322726401383,3.0
7,1.1805051263866362,1.0
8,1.2496106514357515,4.0
9,1.3505438537391103,4.0
10,1.3630784838813566,4.0
11,1.4367723385635378,4.0
12,1.5073253870481544,2.0
13,1.5197895353578463,2.0
14,1.6409677350005043,1.0
15,1.6417900311439502,0.0
16,1.8067610734230863,4.0
17,1.8380312363876914,4.0
18,1.8810220630559167,2.0
19,1.962488470129907,4.0
20,2.5461754361713598,1.0
21,2.5570323539689856,4.0
22,2.8941444823467024,1.0
23,2.9692728180835894,0.0
24,2.991858764180263,2.0
25,3.0462601638688023,4.0
26,3.473023765620409,0.0
27,4.995773138976177,4.0
28,5.210949927636052,1.0
29,5.289725276007321,3.0
30,5.501781406709677,1.0
31,5.522535875338874,1.0
32,5.687309374881887,4.0
33,6.023030852444201,3.0
34,6.418360829677737,0.0
35,6.575188927559324,3.0
36,8.088540481984847,1.0
37,8.142453513030533,4.0
38,8.19681065789764,3.0
39,8.632166704328746,3.0
40,8.76927467043546,3.0
41,8.845685146806387,1.0
42,9.078219689166596,1.0
43,9.76763660496387,1.0
44,9.889116906505262,0.0
45,9.966460425988524,3.0
