,time,event
0,1.445833779693588,1.0
1,1.737611059643808,0.0
2,1.7397900110266034,2.0
3,1.9866515252939565,1.0
4,2.197432839788384,4.0
5,2.4649973971183132,4.0
6,2.4705456071066414,3.0
7,2.5158081794638854,1.0
8,2.78338768148141,4.0
9,2.9790582795091676,2.0
10,2.9862898609221156,1.0
11,3.014599874784585,1.0
12,3.0175641401697377,2.0
13,3.108189743784254,0.0
14,3.137456449117748,1.0
15,3.3012681497934295,1.0
16,3.3767188732686764,3.0
17,3.432836603086241,0.0
18,3.588556058859046,1.0
19,3.5902879494845807,4.0
20,3.8046555402802027,0.0
21,4.623587811307459,0.0
22,4.69698400647009,2.0
23,4.699116255474448,1.0
24,6.421192291644302,1.0
25,6.919557320842864,1.0
26,6.973598455667055,0.0
27,7.042062526806841,3.0
28,7.94410343965619,1.0
29,9.91457653695368,0.0
