,time,event
0,0.38375323589344457,1.0
1,0.5038383683777811,1.0
2,0.529794349594731,1.0
3,0.6270916321869195,1.0
4,0.9389933312154877,3.0
5,1.010360494167004,4.0
6,1.0739605117168514,2.0
7,1.295057307107024,2.0
8,1.3246610179044034,3.0
9,1.4221033527782196,1.0
10,1.5018163769720543,1.0
11,1.623282484802527,0.0
12,2.1070240896396606,4.0
13,2.2763923263265022,3.0
14,2.3559512556685025,1.0
15,2.373887119166694,0.0
16,2.46314960072831,1.0
17,2.7061603550615128,4.0
18,2.7736905362870794,2.0
19,2.945152817778106,2.0
20,3.210892958814949,2.0
21,3.2187625429448694,0.0
22,3.491385264445415,3.0
23,3.5195916288640796,4.0
24,3.530924561086683,3.0
25,3.5438473942506694,3.0
26,3.5638090004634644,3.0
27,3.6140913074359298,0.0
28,3.6554596248081297,0.0
29,3.656864158149879,3.0
30,3.7951481431139125,0.0
31,3.9104368337041238,3.0
32,3.9410352841214427,4.0
33,4.00009764248123,1.0
34,4.247780798694245,2.0
35,4.25482811623607,0.0
36,4.262656389596949,2.0
37,4.294569274230395,0.0
38,4.300513659647678,1.0
39,4.38792703352878,0.0
40,4.406500793496011,3.0
41,4.466083824840758,4.0
42,4.51551915856045,3.0
43,4.534482491390212,4.0
44,4.5707208349326,4.0
45,4.671875748849083,2.0
46,4.690713853619704,4.0
47,4.7407623694849255,4.0
48,4.846831339224771,2.0
49,4.859430201844264,2.0
50,5.057092466922912,2.0
51,5.235826289394262,2.0
52,5.254090662830471,4.0
53,5.382591447901559,2.0
54,5.613674514837183,1.0
55,6.388918526474585,1.0
56,6.817861483842804,1.0
57,7.691928233984721,3.0
58,8.006527790153001,3.0
59,8.256487622126198,0.0
60,8.677922554937663,1.0
61,9.7770133463555,3.0
62,9.879355975503897,0.0
