,time,event
0,0.23147075542484732,0.0
1,0.7501777265544849,1.0
2,0.8034374445471624,1.0
3,0.9684485305705441,0.0
4,1.1662193933657603,4.0
5,1.6256274459296807,4.0
6,2.1917852171858714,1.0
7,2.239809486510076,0.0
8,2.5189153054538123,0.0
9,2.833643722410619,2.0
10,2.8365495998237913,1.0
11,2.8486497484813182,0.0
12,3.2453620488556543,4.0
13,3.3001512110436404,4.0
14,3.4721162702576516,3.0
15,3.7209113798345457,4.0
16,3.8468746842074695,3.0
17,3.9500397014078463,4.0
18,4.411595015667928,2.0
19,4.697968135538162,4.0
20,4.780169121714072,3.0
21,4.809968736776726,1.0
22,4.816595188745605,0.0
23,4.889582574328396,4.0
24,4.910456538316225,0.0
25,5.097865712525899,1.0
26,5.10066119079186,4.0
27,5.213570652133001,1.0
28,5.2250134217805595,2.0
29,6.561568347863437,0.0
30,6.876934663400444,4.0
31,7.084877826956338,4.0
32,7.131244928051956,2.0
33,7.158594969053899,4.0
34,7.197929197225971,1.0
35,7.262508810226606,2.0
36,7.41231165210199,4.0
37,7.457626352587625,4.0
38,7.460829166169849,2.0
39,7.467930002095086,0.0
40,7.48135651341091,2.0
41,7.592591231002345,4.0
42,7.608594666900639,4.0
43,7.66682638914647,4.0
44,7.768677406422403,2.0
45,7.774089209473629,4.0
46,7.777510019128981,4.0
47,7.792373581767063,3.0
48,7.7924943523608405,4.0
49,7.80966159756815,0.0
50,7.870914375291208,4.0
51,7.9042357436512,1.0
52,7.950872822339602,3.0
53,8.019852784959106,4.0
54,8.134697823161437,4.0
55,8.142891135285522,4.0
56,8.148349377707046,3.0
57,8.16916772839895,2.0
58,8.197322142856112,4.0
59,8.212518571738206,0.0
60,8.247190197056735,3.0
61,8.290409794389275,1.0
62,8.349723446512872,2.0
63,8.35012202016605,4.0
64,8.37193265904338,3.0
65,8.407405418943188,4.0
66,8.426014429445269,2.0
67,8.462309624548915,0.0
68,8.568619692555904,3.0
69,8.586900555433427,4.0
70,8.864396069796367,4.0
71,8.909757587149059,2.0
72,8.96130684123804,4.0
73,9.000967506733568,2.0
74,9.019835152541088,0.0
75,9.025470691907383,4.0
76,9.049110831511921,1.0
77,9.265173153957466,3.0
78,9.361968477681305,0.0
79,9.528498359849666,3.0
80,9.548167932340052,3.0
81,9.656847377602288,4.0
82,9.683966711528404,1.0
83,9.762710842705792,0.0
84,9.815908342370285,3.0
85,9.827084405759805,0.0
