,time,event
0,0.06226666391448295,1.0
1,0.23121248526697652,1.0
2,0.811892117850555,1.0
3,0.858467083924167,2.0
4,1.0200710762005554,1.0
5,1.1158435242188418,4.0
6,1.3307715977493382,4.0
7,1.5176658035884059,2.0
8,1.77630623273421,1.0
9,3.4986756521637536,1.0
10,3.5088766284242556,4.0
11,3.623631196380844,0.0
12,3.8320699358633634,3.0
13,4.369175578948052,0.0
14,5.258878788418734,4.0
15,5.323917389938378,0.0
16,5.391385262744743,4.0
17,5.760774384899103,1.0
18,6.671313301436203,4.0
19,6.852544407676927,0.0
20,7.0447181997953745,3.0
21,7.271886733409229,1.0
22,7.365076827620081,4.0
23,7.78001391767281,4.0
24,7.859190261650404,2.0
25,7.9561333580410025,0.0
26,8.298795979371338,1.0
27,8.402224517885,1.0
28,8.51469991650264,1.0
29,8.694183306872105,0.0
30,9.085064356291323,0.0
31,9.913321863158995,1.0
