,time,event
0,0.34163772627184286,1.0
1,0.4773250786033958,4.0
2,0.7661575685480009,1.0
3,0.8622551557158026,1.0
4,0.8889374696993679,3.0
5,0.9881912403728998,4.0
6,1.0000459055977504,1.0
7,1.10079959556679,0.0
8,1.1326437356432177,3.0
9,1.2249875542393762,1.0
10,1.273524107020993,4.0
11,1.3834135935867387,3.0
12,1.434386373633978,0.0
13,1.592839268720482,4.0
14,1.7734102994489824,1.0
15,1.9616028246827981,1.0
16,2.0202376257573245,0.0
17,2.2309723064761435,3.0
18,2.250588824418425,0.0
19,2.3600613285020673,4.0
20,2.447632643185342,0.0
21,2.5244408519228383,1.0
22,2.5762133199762194,3.0
23,2.5858824864492096,3.0
24,2.598191624869785,1.0
25,2.681394774579825,3.0
26,2.7517175823043214,1.0
27,3.0799035463140654,1.0
28,3.4225220966210053,1.0
29,3.4509468136052224,3.0
30,4.107897615113255,4.0
31,4.178680847455714,4.0
32,4.2429644826648705,2.0
33,4.277812944634214,4.0
34,4.322137803524138,4.0
35,4.408081600268487,4.0
36,4.494878442430895,4.0
37,4.510552037263361,1.0
38,4.556383885692667,0.0
39,4.690079938150382,4.0
40,4.764164437784377,3.0
41,4.977712385403498,0.0
42,5.042966106514836,4.0
43,5.2311018715119335,1.0
44,5.4547696824095935,1.0
45,5.619649322965075,3.0
46,5.640055813335446,1.0
47,5.648648228067634,2.0
48,5.701428314538038,4.0
49,5.782302345207239,4.0
50,6.0567709487102945,0.0
51,6.077833732421145,1.0
52,6.214962173465813,4.0
53,6.246690951545432,0.0
54,6.305368667018687,3.0
55,6.338545046953211,0.0
56,6.374070763396968,3.0
57,6.514531003138988,4.0
58,6.542216339599096,0.0
59,6.574792002769545,0.0
60,6.589731062980558,1.0
61,6.75845080343363,4.0
62,6.765098811966637,0.0
63,6.8309443857000085,1.0
64,6.8393139343917495,0.0
65,7.087097101068529,3.0
66,7.658197669798354,1.0
67,7.793900192534451,3.0
68,7.9802337953990135,1.0
69,8.191162327943408,1.0
70,8.254924531537018,3.0
71,8.257634339604373,1.0
72,8.262243959728687,4.0
73,8.271843564610416,1.0
74,8.476482048765915,3.0
75,8.540550883612884,4.0
76,8.67911425355537,2.0
77,8.700743380877029,1.0
78,8.871276175110854,1.0
79,9.142488600132536,1.0
80,9.18811826233367,3.0
81,9.297602675264413,1.0
82,9.377529142272754,2.0
83,9.4770129869003,1.0
84,9.580058776000216,4.0
85,9.620590786565053,2.0
86,9.7276028514459,4.0
