,time,event
0,0.06625216873769586,4.0
1,0.18710317682838012,4.0
2,0.3237236669818827,4.0
3,0.6171976632805959,0.0
4,0.9977829528186797,1.0
5,1.4160007302181516,1.0
6,1.557639009842139,1.0
7,2.587497564603524,1.0
8,2.725977255762526,4.0
9,2.75858247704168,1.0
10,2.8667770963993777,3.0
11,2.8808915384267237,4.0
12,2.9574910262842753,1.0
13,3.076456212470911,0.0
14,3.2673824453562297,4.0
15,4.085946071334556,3.0
16,4.183463827944059,2.0
17,4.242542873320768,1.0
18,4.2717509006266,1.0
19,4.344530833873731,4.0
20,4.514234749620835,0.0
21,4.577613617980994,4.0
22,4.643320342357643,3.0
23,4.748579896338562,1.0
24,4.790101250754248,3.0
25,5.10308409156157,1.0
26,5.110329399678993,4.0
27,5.169072144386236,1.0
28,5.2162755710643856,0.0
29,5.341553500352158,4.0
30,5.447640415980042,0.0
31,5.5289946003795745,2.0
32,5.631753279076196,3.0
33,5.722580741821548,1.0
34,5.888437581202767,4.0
35,5.921014013023642,0.0
36,6.120835394096987,1.0
37,6.775585699763128,4.0
38,7.6781040738440245,1.0
39,7.763712307828649,4.0
40,7.930707141744203,4.0
41,8.244078182044033,1.0
42,8.277930740651152,4.0
43,8.311359121994087,1.0
44,8.789435259391748,4.0
45,8.883019406949463,1.0
46,8.89083064164976,1.0
47,9.034088249309937,2.0
48,9.074776175305376,2.0
49,9.621431544756808,1.0
50,9.654746498977119,1.0
