,time,event
0,0.18303885452753932,1.0
1,0.19860926224021436,2.0
2,0.4660012818711059,2.0
3,0.4670356299574987,4.0
4,0.6110925522452105,4.0
5,0.677579619530937,4.0
6,1.362691212850609,2.0
7,1.8084440096345489,4.0
8,1.8383126840748625,4.0
9,1.859886990148318,2.0
10,2.075388990243662,0.0
11,2.3001491738007793,4.0
12,2.3181196516482716,1.0
13,2.364206846484793,4.0
14,2.464231942999841,1.0
15,2.5972722209574304,4.0
16,2.611346602236815,4.0
17,2.9744970026334654,1.0
18,3.1696660932836673,2.0
19,3.400729953251624,1.0
20,3.7763480910167186,1.0
21,3.8459617053729396,4.0
22,3.981856444328325,1.0
23,4.785790732688096,0.0
24,4.909104850868147,4.0
25,5.649115769154337,2.0
26,5.817700776844888,4.0
27,6.30148161825777,3.0
28,6.568279891828974,0.0
29,6.987913270723663,0.0
30,7.23298600050896,3.0
31,7.301445927911331,4.0
32,7.461933041475261,0.0
33,7.871875545403442,3.0
34,8.062005047149718,4.0
35,8.122495596012527,1.0
36,8.743515095689883,2.0
37,8.82442150913434,1.0
38,8.853782163989456,1.0
39,8.85835879990201,1.0
40,9.024072204422756,4.0
41,9.20669841660228,4.0
42,9.282257663881085,1.0
43,9.286931452242516,3.0
44,9.838375902318365,0.0
