,time,event
0,0.09186346393843864,1.0
1,0.14658486259460354,2.0
2,0.3974749234346433,3.0
3,0.8056073818446092,3.0
4,1.0513576970618939,2.0
5,1.0971095061480811,1.0
6,1.1548018957479138,1.0
7,1.2198166974210503,3.0
8,1.2923854173065688,0.0
9,1.3103444255170429,3.0
10,1.5728063479200456,4.0
11,1.715436552874606,0.0
12,2.0813206058443745,1.0
13,2.3446199209161263,2.0
14,2.4457002835794937,4.0
15,2.642758033242516,1.0
16,2.80701499755497,2.0
17,3.1391445089605154,0.0
18,3.230443480605302,0.0
19,3.3199674506982992,0.0
20,3.5087994160179456,0.0
21,3.7189093194222695,4.0
22,3.8556851914323613,1.0
23,3.938345764782873,1.0
24,4.02769196701404,4.0
25,4.096535086193081,0.0
26,4.919097563634627,2.0
27,5.297697905691851,1.0
28,6.054068731952458,3.0
29,6.105550315375214,2.0
30,6.324719820880125,1.0
31,6.374655181100006,4.0
32,6.390867218496844,3.0
33,6.43266165808387,2.0
34,6.625580158402128,3.0
35,7.043478659252864,0.0
36,7.0492950433272785,1.0
37,7.145821179039242,2.0
38,7.150483154687379,4.0
39,7.203262207558398,2.0
40,7.241918898172402,1.0
41,7.244696909189768,4.0
42,7.422250442886787,4.0
43,7.538523018869574,0.0
44,7.54577770997762,0.0
45,7.613023414119431,2.0
46,7.645242861877554,4.0
47,7.72430179872183,4.0
48,7.899342319028363,1.0
49,7.948148905642705,0.0
50,8.036397515736976,3.0
51,8.093937735004692,4.0
52,8.206499529157115,0.0
53,8.220357353197707,0.0
54,8.296878337958798,1.0
55,8.312174786585981,4.0
56,8.364091876180531,1.0
57,8.396095498628927,0.0
58,8.422497092806465,2.0
59,8.444254523484013,2.0
60,8.52904506641126,0.0
61,8.668179330608702,1.0
62,9.089737291167019,4.0
63,9.410940175433225,2.0
64,9.413915126697795,2.0
65,9.419258425196041,0.0
66,9.499552887899311,2.0
67,9.652357355960197,3.0
68,9.68078641108183,1.0
69,9.688523161050368,4.0
70,9.734295367962508,4.0
