,time,event
0,0.35971887361513966,2.0
1,0.4713662732234823,0.0
2,0.4769588134990339,2.0
3,0.5367591282775845,0.0
4,1.107514094755188,3.0
5,1.52211601199162,1.0
6,1.6510736953248935,0.0
7,1.8541386243831868,1.0
8,1.9311264715317074,0.0
9,2.0640488632723244,4.0
10,2.2864642330136538,2.0
11,2.4411618284179246,2.0
12,2.5864536612585898,4.0
13,2.608317679205287,4.0
14,2.8001414943591887,1.0
15,3.02139934858701,2.0
16,3.141551004156209,2.0
17,3.229634375800942,4.0
18,4.1887433965835745,4.0
19,4.951404611711915,3.0
20,4.972451333409796,0.0
21,5.493819499712682,3.0
22,5.692400225045288,3.0
23,6.747839629556134,0.0
24,6.763775562172997,4.0
25,6.9684410439051305,4.0
26,7.017195786708222,4.0
27,7.218285984811604,3.0
28,7.219976660102696,0.0
29,7.589590422778194,3.0
30,8.65812905953607,0.0
31,8.738610139843576,4.0
32,8.7722688238602,1.0
33,8.915383773218268,2.0
34,9.11211301099842,3.0
35,9.739029935080714,0.0
36,9.87973683229964,4.0
