,time,event
0,0.7650009521935272,2.0
1,0.7782265249095119,2.0
2,1.0936533849721284,4.0
3,1.3428087768110906,3.0
4,1.3629777091123598,1.0
5,1.389974821856438,2.0
6,1.3904484157800976,4.0
7,1.398212834179101,4.0
8,1.5510472129946062,0.0
9,1.571278053568295,3.0
10,1.6015222035751315,2.0
11,1.696785088774047,4.0
12,1.8107097622831547,3.0
13,2.1397867259112435,3.0
14,2.170289328533793,4.0
15,2.781765912136149,3.0
16,2.798335785500087,3.0
17,3.7693520406402308,4.0
18,3.82585322122872,3.0
19,3.888709994243799,2.0
20,3.911169085929759,3.0
21,4.171604858881076,4.0
22,4.274591920889663,3.0
23,4.370820817651231,4.0
24,4.88938231397039,3.0
25,4.983507717043285,1.0
26,5.208988638789092,3.0
27,5.431477369673717,3.0
28,5.518188854054846,4.0
29,5.542679046642163,3.0
30,5.578110365069323,4.0
31,5.585091396028456,2.0
32,5.60516626288923,4.0
33,5.667759973736062,2.0
34,5.670647189724684,3.0
35,5.690450318817155,0.0
36,5.702784821806495,1.0
37,5.7211717101677255,1.0
38,5.759287086375079,2.0
39,5.761330584455644,3.0
40,5.950139919294457,4.0
41,6.014511634820416,2.0
42,6.053121526180302,4.0
43,6.2890615129990035,4.0
44,6.526938628295885,4.0
45,6.545361412504415,4.0
46,6.546717278635491,4.0
47,6.600447552723201,3.0
48,6.655726517282244,3.0
49,6.6937417066013065,4.0
50,6.765859079057841,1.0
51,6.86055415609238,3.0
52,6.996508256086705,4.0
53,7.01767783257702,2.0
54,7.029223440513292,2.0
55,7.256707501249444,4.0
56,7.263363419433869,2.0
57,7.2853149213267265,3.0
58,7.337017029774911,2.0
59,7.347526172099442,3.0
60,7.370240168179599,0.0
61,7.459151087906724,0.0
62,7.524872102155247,3.0
63,7.55179485157148,4.0
64,7.646410780954654,0.0
65,7.809964666631517,1.0
66,7.911477086738505,4.0
67,7.948614436056965,2.0
68,8.006545900095102,3.0
69,8.0993477868935,2.0
70,8.126781180528786,3.0
71,8.143857401112417,4.0
72,8.178820884868705,1.0
73,8.188846011855201,4.0
74,8.248458514515047,4.0
75,8.25815568078853,3.0
76,8.283431884541804,0.0
77,8.412328232612314,1.0
78,8.696974998055907,4.0
79,8.785666128825337,3.0
80,9.638880089858048,2.0
81,9.67062291634709,0.0
82,9.879909443095809,0.0
83,9.912748910492338,4.0
