,time,event
0,0.5508587146803638,4.0
1,1.5376700590343444,4.0
2,1.539715051473459,4.0
3,2.1024018772949473,4.0
4,2.2836607522811994,2.0
5,2.64599017300725,3.0
6,2.653117037410464,4.0
7,2.958179991926863,3.0
8,3.2550368178569955,1.0
9,3.3204609583307496,4.0
10,3.4263473488667366,3.0
11,3.4438153982280846,3.0
12,3.457457514657432,3.0
13,4.51394386771387,4.0
14,4.523167642320436,2.0
15,4.708908356473943,2.0
16,4.896047709057575,4.0
17,5.670432378600856,3.0
18,5.984165012035758,2.0
19,6.757440599685098,3.0
20,6.789129783728015,3.0
21,6.946167173776636,1.0
22,6.9562901545938995,4.0
23,7.344577931697258,3.0
24,7.504394493961069,4.0
25,7.775373929136668,1.0
26,7.82687383045905,2.0
27,7.978675738894529,3.0
28,9.559589103904752,2.0
