,time,event
0,0.39130245390391577,0.0
1,0.8098617827968568,4.0
2,0.8345159118516926,2.0
3,1.0707202309805957,1.0
4,1.0799333988904425,4.0
5,1.2985651008833325,1.0
6,1.330034399694975,0.0
7,1.6481245157543134,2.0
8,1.7514301818311004,4.0
9,1.8066253122748848,2.0
10,1.9361191652920844,4.0
11,2.110502549648885,0.0
12,2.118918069402016,4.0
13,2.427841342164841,4.0
14,2.4285288142310066,0.0
15,2.522399308345179,3.0
16,2.6422024447984604,1.0
17,2.7952626553289326,3.0
18,3.333127842165739,3.0
19,3.4981737251545266,4.0
20,4.046700545707561,3.0
21,4.057575758867482,4.0
22,4.152286981181313,4.0
23,4.209869968189495,2.0
24,4.230740744133291,0.0
25,4.39862550413297,4.0
26,4.561669686127299,2.0
27,4.57916426481471,4.0
28,4.634568517529758,4.0
29,4.668167200659342,1.0
30,4.69041083129191,4.0
31,4.723712094441578,1.0
32,4.729984578444723,4.0
33,4.74577099662005,4.0
34,4.8011151518001745,4.0
35,4.881426735621639,1.0
36,4.884290643384052,0.0
37,4.977382435938551,0.0
38,5.0326903674545305,3.0
39,5.051002366969549,4.0
40,5.066297857612563,3.0
41,5.114007491111126,0.0
42,5.147723502574131,4.0
43,5.1684663837433655,3.0
44,5.247220435753268,0.0
45,5.254012644978696,4.0
46,5.2544887778387075,1.0
47,5.266421224090216,1.0
48,5.419465365940365,3.0
49,5.436699878320667,4.0
50,5.469624351282415,4.0
51,5.470518816712246,0.0
52,5.477500635257017,0.0
53,5.489245474019885,4.0
54,5.538031010037377,2.0
55,5.627099835319173,3.0
56,5.699089796204051,1.0
57,5.702642842154048,4.0
58,5.710790553868197,4.0
59,5.726730319240953,3.0
60,5.7481951851107755,4.0
61,5.787864098078643,4.0
62,5.792323345928032,0.0
63,5.80805226637209,2.0
64,5.839602008489934,2.0
65,6.063028390490675,2.0
66,6.068491882516776,2.0
67,6.113944732366254,4.0
68,6.266860603448538,2.0
69,6.276859435023234,4.0
70,6.29187763527649,0.0
71,6.299984918237539,0.0
72,6.658464131199173,0.0
73,6.677272298932905,0.0
74,7.223604312083809,4.0
75,7.294489716157027,3.0
76,7.296419378015819,4.0
77,7.36821965652062,2.0
78,7.412203905009747,3.0
79,7.6884648432180205,4.0
80,7.716127252923286,0.0
81,7.971965876894482,1.0
82,8.112255883548352,0.0
83,8.22980803316022,0.0
84,8.297772841462374,1.0
85,8.301866612170608,2.0
86,8.483496664435899,3.0
87,8.691019795147485,3.0
