,time,event
0,0.2219664497121831,1.0
1,0.2795484148181759,4.0
2,0.37808914027600365,4.0
3,0.4572690233010044,4.0
4,0.48708348411789415,2.0
5,1.0159708548933355,4.0
6,1.7644695358581926,2.0
7,1.7837055663082966,1.0
8,1.7924322474857537,3.0
9,1.9176017939299332,0.0
10,1.9511468053361682,4.0
11,2.347201525667757,4.0
12,4.502665443115335,4.0
13,5.61059692082223,4.0
14,5.7680160304558665,4.0
15,6.047763135197885,2.0
16,6.056720111751325,4.0
17,6.452825179941751,4.0
18,6.465337269973549,0.0
19,6.475933724556189,3.0
20,6.4786237991226,3.0
21,6.479483524889778,1.0
22,6.530811348465929,2.0
23,6.599261743599687,4.0
24,6.6772378588871115,0.0
25,6.698767452426151,3.0
26,6.724736547745923,2.0
27,6.727009956793105,4.0
28,6.7314781141991,0.0
29,6.8082963206048595,3.0
30,6.84149956764633,2.0
31,6.844031962094842,1.0
32,6.84643656895724,4.0
33,6.857426419889644,1.0
34,6.999424936420959,2.0
35,7.008135908252833,4.0
36,7.14063625323044,4.0
37,7.149549097259924,4.0
38,7.648720679826149,4.0
39,7.6805792736014356,4.0
40,8.044256486763476,4.0
41,8.088771969133568,3.0
42,8.118023579173988,0.0
43,8.281184881166782,1.0
44,8.361852882118825,0.0
45,8.371238962697547,3.0
46,8.41236262993647,1.0
47,8.692819503594619,4.0
48,8.752107425429577,1.0
49,8.786999519656591,0.0
50,8.945700200333123,3.0
51,9.047884726435257,3.0
52,9.068288015692684,2.0
53,9.078982751488207,1.0
54,9.127326567631817,3.0
55,9.479163615369382,2.0
56,9.69696908320711,3.0
57,9.880185804074683,1.0
58,9.922004344341374,1.0
59,9.935412120170156,3.0
60,9.980482243993881,3.0
