,time,event
0,0.5150314127468457,4.0
1,0.6761551414908145,4.0
2,0.6768583762188902,3.0
3,0.8839947220890261,4.0
4,0.916933214095305,4.0
5,1.0900994288612853,0.0
6,1.1423468745520633,4.0
7,1.2043645686466553,2.0
8,1.3445209998316032,2.0
9,1.5134682274283398,4.0
10,2.557832139375194,0.0
11,2.8145944800486684,4.0
12,2.8868332398822023,2.0
13,2.919758072358371,1.0
14,3.0073369993744925,4.0
15,3.017568658023952,3.0
16,3.028632746552728,0.0
17,3.043737341831634,4.0
18,3.0651555135659128,4.0
19,3.1732024266265975,1.0
20,3.2548276895846326,1.0
21,3.3278700552189497,2.0
22,3.4190323734053716,0.0
23,3.658230356473999,1.0
24,3.6922472520094023,0.0
25,3.7712679990965365,1.0
26,4.307414351877334,1.0
27,5.812671578479919,4.0
28,6.032499716900019,0.0
29,6.158438890454374,3.0
30,6.192631656926167,0.0
31,6.340488363722679,3.0
32,7.069901716760726,4.0
33,7.094922910632323,1.0
34,7.141282579402861,3.0
35,7.2433582887509385,0.0
36,7.597660765291266,2.0
37,7.5979522528747525,0.0
38,7.91879837459218,3.0
39,7.9296185612644985,1.0
40,7.949481609661926,0.0
41,7.959510674198147,4.0
42,7.961611240139174,0.0
43,7.9788755020674875,2.0
44,7.9876593879432525,1.0
45,8.063838099932484,1.0
46,8.074099318272483,1.0
47,8.123427126581078,2.0
48,8.19641211942935,2.0
49,8.250161098288936,1.0
50,8.2675943015566,2.0
51,8.631452491483774,0.0
52,8.95407340631393,1.0
53,8.979281619021771,3.0
54,8.981990557190588,2.0
55,9.032984764737297,4.0
56,9.261821565948438,0.0
57,9.31090047482894,4.0
58,9.413359473939677,4.0
59,9.533802596662353,3.0
60,9.614628750108668,1.0
61,9.647425698128105,1.0
62,9.750708371295346,3.0
63,9.795910829429362,1.0
