,time,event
0,0.26581160502687357,0.0
1,1.2989320744046693,2.0
2,2.3030270956229866,0.0
3,2.423556116927444,2.0
4,3.069759744978928,3.0
5,3.105338909329762,1.0
6,3.2212333073127644,2.0
7,3.655133250571262,3.0
8,3.8682885526904323,0.0
9,3.9064200762984647,4.0
10,4.048348808274108,1.0
11,4.080221442504245,1.0
12,4.835935535226861,3.0
13,6.52846632689462,1.0
14,6.553193795498838,4.0
15,6.623556167265752,3.0
16,6.665154834126005,2.0
17,6.669584574895687,2.0
18,6.859444591708308,3.0
19,6.884856642964517,1.0
20,6.973605787705164,1.0
21,7.006170784109534,3.0
22,7.141739454559504,3.0
23,7.729112591974657,3.0
24,7.809569642364924,1.0
25,8.366090569881141,3.0
26,8.493158122013215,4.0
27,8.649946637871002,1.0
28,8.684411387200084,3.0
29,8.83533309423421,3.0
30,8.989808860854332,2.0
31,9.281005007141916,3.0
32,9.502268368952443,3.0
