,time,event
0,0.6825200361870822,2.0
1,2.1922403492491265,1.0
2,2.2101653478648244,1.0
3,2.3180418927533495,0.0
4,2.511712259918776,0.0
5,2.791739145820459,2.0
6,2.8365257867621905,0.0
7,2.9842595105808587,4.0
8,3.30043339620314,2.0
9,3.4024969777009533,0.0
10,3.4928863940854042,4.0
11,3.566628275687705,1.0
12,3.5683306487134803,0.0
13,3.667033141743852,0.0
14,3.8454808640730858,4.0
15,3.922573457311203,0.0
16,4.59887383496087,4.0
17,4.768984063422339,2.0
18,5.198134584086678,2.0
19,5.315741424016748,3.0
20,5.551839125648957,1.0
21,6.442378658787768,2.0
22,7.129633722249159,0.0
23,8.128827831971485,2.0
24,8.306306222975948,2.0
25,8.50522788193969,4.0
26,8.659139862025409,1.0
27,8.727612790348896,0.0
28,8.904629105407874,4.0
29,8.915344447309087,0.0
30,8.962216323661325,2.0
31,8.983585536094909,0.0
32,9.021511610824104,4.0
33,9.059798662430824,4.0
34,9.311387813006615,4.0
35,9.325427873841267,1.0
36,9.356054532863329,2.0
37,9.4052116154422,4.0
38,9.412557575869682,2.0
39,9.45347684820279,2.0
40,9.534241234027276,0.0
41,9.579744606160496,0.0
42,9.680373113233859,0.0
43,9.690220513567958,4.0
44,9.692299598647276,0.0
45,9.804638262374139,0.0
46,9.8089437078659,2.0
47,9.867825386715703,0.0
48,9.907654803063606,2.0
49,9.916354994845134,4.0
