,time,event
0,0.17863851405549058,0.0
1,0.5838884744490498,4.0
2,1.8109196755729062,1.0
3,1.9612822765192068,1.0
4,1.9988047237642528,0.0
5,2.417581451771612,0.0
6,3.0846743540652914,2.0
7,3.813264835491671,2.0
8,3.8519636667605983,2.0
9,3.8842429277264356,3.0
10,3.955812927752635,2.0
11,3.9928833870287916,3.0
12,4.176416652460708,3.0
13,4.233359877000143,2.0
14,4.532278077156738,1.0
15,4.885058361296105,1.0
16,5.1204576256141605,0.0
17,5.963519245835057,0.0
18,6.335309701868795,1.0
19,6.340174195276685,0.0
20,6.480723669698671,0.0
21,7.383825144387364,3.0
22,7.8404346347035005,3.0
23,8.731304357805556,0.0
24,8.736071966146637,4.0
25,9.005889692157373,0.0
26,9.103731934624406,2.0
27,9.110355824688844,2.0
28,9.856027063555029,1.0
