,time,event
0,0.2619031558725177,3.0
1,0.5823722539118561,2.0
2,0.6203257566355271,0.0
3,0.7652766321527142,0.0
4,1.4796990710474363,1.0
5,1.4831518890812825,2.0
6,1.5114876457829316,1.0
7,1.6797916123118903,1.0
8,1.7148676375744132,1.0
9,1.7274141376116066,0.0
10,1.7658394135648239,3.0
11,1.8715938717568417,0.0
12,1.9371890609283837,0.0
13,1.9556343124279825,2.0
14,1.963158099651408,0.0
15,1.9891561066577805,1.0
16,2.0047576524568695,0.0
17,2.019590302611673,4.0
18,2.045508284622508,3.0
19,2.145863183851806,2.0
20,2.1717755143817508,1.0
21,2.281182332832866,4.0
22,2.6143097830334936,3.0
23,3.278310472857988,1.0
24,3.425198146486826,2.0
25,4.164747629147376,1.0
26,4.270664635062524,1.0
27,4.29023954846403,4.0
28,4.309644234155993,1.0
29,4.324959201406394,3.0
30,4.415952170590054,0.0
31,4.5278099724691545,3.0
32,4.53440986568114,2.0
33,4.715311050410607,2.0
34,4.735251464126336,3.0
35,4.747274764857289,4.0
36,4.75729498674283,3.0
37,4.831769023015772,2.0
38,4.856014835201021,3.0
39,4.947945445859826,3.0
40,5.326180533901237,1.0
41,5.655966585498364,1.0
42,5.83421457782636,4.0
43,7.052090653482756,3.0
44,7.4570355196699944,2.0
45,7.573534646500032,1.0
46,7.850012348560513,4.0
47,7.879590124118374,0.0
48,8.36012010890628,1.0
49,8.558130155035986,0.0
50,8.613529433084357,3.0
51,8.622829041926945,1.0
52,8.788383686064579,4.0
53,8.850207619568172,0.0
54,9.16419904352553,1.0
55,9.234525726339188,1.0
56,9.35563112880485,1.0
57,9.441351515207822,0.0
58,9.521069443894831,2.0
59,9.548090735135954,3.0
60,9.658336793627354,4.0
61,9.824669240854496,1.0
