,time,event
0,0.10438946617463754,3.0
1,0.5604364069543675,2.0
2,0.5731289110868574,1.0
3,0.6011814434251892,3.0
4,0.7561443430998742,4.0
5,0.8017386293686765,1.0
6,2.3429304519049188,1.0
7,2.4581335370839383,1.0
8,2.4884720353390266,0.0
9,2.537733630250043,2.0
10,3.7319263197133137,1.0
11,4.097171377850919,1.0
12,4.251976168081786,4.0
13,5.398051078030801,1.0
14,5.821311163296663,0.0
15,5.916961523009654,0.0
16,6.1899085194474965,2.0
17,6.92353852899871,1.0
18,6.968122323174971,4.0
19,6.977946461304271,1.0
20,7.136245608291771,1.0
21,7.141428206178157,2.0
22,7.238118602455169,4.0
23,9.168161538952074,1.0
24,9.293594389671032,4.0
25,9.478850916891197,3.0
26,9.629348953591288,2.0
