,time,event
0,0.08117379409456628,1.0
1,0.2089577672645544,3.0
2,0.4709845748026689,3.0
3,0.549670429599875,3.0
4,0.7858732426146678,1.0
5,0.8998312564000499,1.0
6,1.0900422599948638,2.0
7,1.4056763090700828,1.0
8,1.4279891930260928,1.0
9,1.444127719808481,1.0
10,1.4634382213369672,1.0
11,1.469622737516461,1.0
12,1.4734953104481048,3.0
13,1.6831939627874128,0.0
14,1.7201619490387394,1.0
15,1.7526151303023132,0.0
16,1.9135822516103465,3.0
17,1.9290113281265437,1.0
18,2.0052159313542885,0.0
19,2.0924952682690465,2.0
20,2.2611600667909224,4.0
21,2.342579522043997,1.0
22,2.3891124672519792,4.0
23,2.4766881459612966,1.0
24,2.5346309198693224,3.0
25,2.6120452673158425,3.0
26,2.942404892522906,4.0
27,2.95270618066661,4.0
28,2.999965333130378,1.0
29,3.011196867408643,0.0
30,3.057520130675446,1.0
31,3.182726370702544,4.0
32,3.1958102495943876,0.0
33,3.2196168116190047,4.0
34,3.5814798630611744,1.0
35,3.9279593111600577,1.0
36,4.060166271148869,1.0
37,4.072586343568371,1.0
38,4.135260547719875,1.0
39,4.549931810082435,1.0
40,4.724746445614058,1.0
41,4.787610062486193,3.0
42,5.233129368076316,1.0
43,5.402459038784326,1.0
44,5.774699853428202,2.0
45,5.869323277106529,3.0
46,5.876317312929802,3.0
47,6.015295227491275,2.0
48,6.017768400501648,2.0
49,6.029801023663628,2.0
50,6.166118384560999,1.0
51,6.169365819486216,3.0
52,6.284209641598252,3.0
53,6.347195884105469,4.0
54,6.395058638809009,4.0
55,6.43162155498492,1.0
56,6.722684565299042,1.0
57,6.969690460672815,1.0
58,6.995302174442526,3.0
59,7.1049158155921095,3.0
60,7.168264645594989,1.0
61,7.227901388680679,2.0
62,7.327379999474853,3.0
63,7.348324418476244,1.0
64,7.411722312053366,3.0
65,7.447970432499094,2.0
66,7.5402127912201475,2.0
67,7.598918907395044,2.0
68,7.687530784979493,4.0
69,7.98590348948399,1.0
70,7.987997400554232,4.0
71,8.061097776390625,2.0
72,8.09114403429794,1.0
73,8.117992439791491,4.0
74,8.178753690493881,3.0
75,8.215192250922968,1.0
76,8.32238567053535,3.0
77,8.351936024164317,0.0
78,8.42383335206892,3.0
79,8.794055861573007,1.0
80,9.264907625432828,1.0
