,time,event
0,0.4160678025117894,1.0
1,0.5603042499013315,4.0
2,0.7208761737595748,0.0
3,0.8223964149351979,0.0
4,1.0275242827314242,0.0
5,1.0626141615550284,3.0
6,1.6659373579998076,2.0
7,1.8010650693170756,0.0
8,1.8475266301095878,1.0
9,2.445995275503428,2.0
10,2.5269353159737893,4.0
11,2.980326657255814,3.0
12,3.649403976704452,3.0
13,4.044616542829216,0.0
14,4.419088127459448,3.0
15,4.529717402447304,0.0
16,4.561548213425224,0.0
17,4.6204707438950114,0.0
18,4.685248218470226,1.0
19,4.690915249563728,1.0
20,4.718635217456882,4.0
21,4.9521448903406595,0.0
22,5.318997279994191,0.0
23,5.475400361335522,1.0
24,6.123045577210756,0.0
25,6.124538146446435,0.0
26,6.618021119688613,2.0
27,6.91421622661877,1.0
28,7.077396823912976,1.0
29,7.159355992805027,1.0
30,7.185828464340823,3.0
31,7.318796245129334,1.0
32,7.459030433897668,3.0
33,7.488239765169849,2.0
34,7.499188549165474,0.0
35,7.523666700297594,3.0
36,7.538108414772136,2.0
37,7.781348986757958,3.0
38,7.8904379309305215,3.0
39,7.929996850449245,1.0
40,9.146684486239211,2.0
41,9.47702988931802,1.0
42,9.676402474541494,1.0
43,9.750154863014401,1.0
44,9.89579405483015,1.0
45,9.920043746890856,4.0
46,9.957508474896235,2.0
