,time,event
0,0.05573707507997591,3.0
1,0.32982107828387797,2.0
2,0.34834514504491193,4.0
3,0.36832217550519813,1.0
4,0.5229958465092357,2.0
5,0.6042736077325257,0.0
6,0.6049310091104644,2.0
7,0.630308129937242,3.0
8,0.7599642758022696,0.0
9,0.7731923407222212,3.0
10,0.9918607325302056,2.0
11,1.1106816811272022,0.0
12,1.2947000625453495,4.0
13,1.3161434229023143,0.0
14,1.418062366674804,3.0
15,1.4617067781335813,4.0
16,1.7282044711269418,1.0
17,2.447553950311551,1.0
18,2.5733812198009374,2.0
19,2.945818625000761,2.0
20,3.506653631595041,3.0
21,4.923736410241528,1.0
22,5.027627607814846,1.0
23,5.278887006503904,2.0
24,5.5497802072070845,1.0
25,6.083282303828809,0.0
26,6.242123636009676,1.0
27,6.4768883673870175,2.0
28,6.555922773049682,0.0
29,6.584132726042887,0.0
30,6.604825609800919,2.0
31,6.695548447394751,2.0
32,6.833149007849093,3.0
33,6.846072806698085,3.0
34,6.883530071389472,1.0
35,6.887016810691946,4.0
36,6.918408657624111,1.0
37,7.009049288703167,1.0
38,7.0182153908537614,3.0
39,7.059221162709905,2.0
40,7.068684043554805,4.0
41,7.1694151583375545,1.0
42,7.183706820637791,0.0
43,7.206001705858246,0.0
44,7.228069510521851,0.0
45,7.255736895162982,0.0
46,7.272292612728653,2.0
47,7.297436753346207,1.0
48,7.3221398284833175,0.0
49,7.396713713820469,1.0
50,7.399580323435414,4.0
51,7.417145521088834,1.0
52,7.466804216163392,3.0
53,7.49241886205683,0.0
54,7.563323561499151,0.0
55,7.59936686893808,3.0
56,7.607254658196766,1.0
57,7.647165061979906,3.0
58,7.650739259934072,4.0
59,7.671556494701587,2.0
60,7.7288534365047035,1.0
61,7.919151550958445,3.0
62,8.080354219060847,2.0
63,8.233328164120561,2.0
64,8.478797470269516,4.0
65,8.676443800622732,1.0
66,8.692515542683447,4.0
67,8.747734500347946,4.0
68,8.784759770264708,0.0
69,9.047869470211147,0.0
70,9.172923492149415,0.0
71,9.525443094779497,1.0
72,9.526928265640084,0.0
73,9.871681667780328,3.0
