,time,event
0,1.4720877960360985,0.0
1,1.8002046664976576,0.0
2,1.8191410849579073,0.0
3,3.7766660743377924,4.0
4,4.617451170067568,4.0
5,4.751165379198325,0.0
6,4.779501058282454,3.0
7,4.79475085226504,1.0
8,4.802595764555455,4.0
9,4.816618347479128,3.0
10,4.851651600844295,4.0
11,4.9732896568702225,3.0
12,5.04813038392015,0.0
13,5.149196033138551,3.0
14,5.187330495854553,0.0
15,5.244195800806519,1.0
16,5.309051386837268,3.0
17,5.661593338523853,1.0
18,5.670531588016208,3.0
19,5.6717571038453345,0.0
20,5.709313650486125,4.0
21,5.714428142727354,3.0
22,5.812196657075461,0.0
23,5.846957925251824,2.0
24,5.858130782733985,4.0
25,5.864840048612101,4.0
26,5.928324857014413,4.0
27,5.996398525595902,4.0
28,6.006181093212385,1.0
29,6.011719331894535,2.0
30,6.052342116492464,4.0
31,6.173410696576393,2.0
32,6.281591538739127,2.0
33,6.334063478207214,2.0
34,6.357725988824259,0.0
35,6.36591782328446,2.0
36,6.38305434027817,1.0
37,6.447939640271354,4.0
38,6.621490903040159,4.0
39,6.643587497750297,0.0
40,6.668425324481048,4.0
41,6.687728268035944,2.0
42,6.796251308039555,4.0
43,6.979214135370292,2.0
44,6.985435136802812,0.0
45,7.012504305268062,4.0
46,7.091978980952534,4.0
47,7.125932731131645,0.0
48,7.327001541588065,2.0
49,7.410579711748439,1.0
50,7.475630757482502,1.0
51,7.486318253191791,4.0
52,7.560230564529054,3.0
53,7.592213156102403,4.0
54,7.595938463439674,1.0
55,7.866416060693209,3.0
56,8.141833059690244,4.0
57,8.356518018416214,0.0
58,8.362386231570722,1.0
59,8.74956039857456,0.0
60,9.198650425927607,0.0
61,9.289030026055045,4.0
