,time,event
0,0.05140659561804708,4.0
1,2.9967013479221283,1.0
2,3.1792028694343024,1.0
3,3.2215040343063985,2.0
4,3.3593125931286973,3.0
5,3.503354830507393,2.0
6,6.129743884666663,1.0
7,6.263286523960525,3.0
8,6.735259610894963,1.0
9,7.347691310091536,0.0
10,7.713600640024334,0.0
11,7.776027069128027,1.0
12,7.808982278609967,4.0
13,7.834356446271427,0.0
14,8.189094839337347,4.0
15,8.308978951763898,3.0
16,8.879879434127119,0.0
17,9.384725465819225,1.0
18,9.427494242336493,2.0
19,9.506509877093098,0.0
20,9.757679236480927,0.0
21,9.775160422606868,3.0
22,9.914892483533762,2.0
23,9.999220573975151,4.0
