,time,event
0,2.0967640542077306,2.0
1,2.399157833233488,1.0
2,2.4904908747235623,3.0
3,2.6746396600473226,3.0
4,2.7738899976403157,3.0
5,2.9398006292507506,4.0
6,2.9775451546568736,4.0
7,2.9977119104704193,0.0
8,2.998996347161817,1.0
9,3.0679350589617864,1.0
10,3.1077495082815836,0.0
11,3.3969688957424125,4.0
12,3.4478710033855915,3.0
13,3.4878483644132023,1.0
14,3.6304260151303205,0.0
15,3.7225930868346615,4.0
16,3.7288083456172285,2.0
17,3.98791796285349,1.0
18,4.120588072620592,1.0
19,4.171578669385416,2.0
20,4.352315142469989,2.0
21,5.384913131458917,2.0
22,5.40298156334897,3.0
23,5.432146779318358,0.0
24,5.457462922207792,0.0
25,5.522687061567394,1.0
26,5.659921665737364,0.0
27,5.76892462895965,1.0
28,5.825121367356122,1.0
29,5.885861888478281,2.0
30,5.960673560120912,2.0
31,5.977988371699592,4.0
32,5.987403555473423,2.0
33,6.007590526109343,0.0
34,6.066619919039177,0.0
35,6.069244323466507,4.0
36,6.145381408667056,4.0
37,6.1453874856568,1.0
38,6.161680858593656,1.0
39,6.174581604063739,3.0
40,6.2148190775987215,0.0
41,6.233309981813817,1.0
42,6.24082056204338,3.0
43,6.24930276091914,2.0
44,6.317481717020966,0.0
45,6.343153947534482,4.0
46,6.357342083551469,3.0
47,6.397306419692562,4.0
48,6.449178657856214,0.0
49,6.4527562599637,2.0
50,6.514352156322872,1.0
51,6.535747185092626,4.0
52,6.734956102819911,1.0
53,6.835389201256141,2.0
54,6.8551529518897985,4.0
55,7.07997984931062,3.0
56,7.411931889622812,0.0
57,7.432093504632489,1.0
58,7.474954015934858,0.0
59,7.494384765510963,2.0
60,7.522112244690229,3.0
61,7.587013719976239,3.0
62,7.753970732406092,4.0
63,7.766977389311562,4.0
64,7.826063149546983,2.0
65,7.83234488999958,4.0
66,7.919988296834357,2.0
67,8.038017538298288,4.0
68,8.055087514420606,2.0
69,8.22365460882063,1.0
70,8.306553655040549,2.0
71,8.38927990747813,1.0
72,8.940452707694051,1.0
73,9.201970734941776,4.0
74,9.6493158238865,2.0
