,time,event
0,0.049577952239691137,4.0
1,0.15407301757942163,0.0
2,0.5477339422900489,0.0
3,1.403097169799498,0.0
4,1.619796621231748,0.0
5,1.6371926794522917,4.0
6,4.1374809822675065,0.0
7,4.300744822712791,0.0
8,4.377051975386193,2.0
9,4.404961280992897,0.0
10,4.493313500529967,3.0
11,4.609465034551043,3.0
12,4.620549308364563,3.0
13,4.7666886184144355,0.0
14,4.9129487568646235,4.0
15,5.090076322877105,1.0
16,5.180373554407081,0.0
17,5.213681006422523,4.0
18,5.2187480419684,2.0
19,5.353016666588264,0.0
20,5.3904462580865,0.0
21,5.531337174750088,0.0
22,5.556043859152107,3.0
23,5.903574194566072,3.0
24,6.049035211253392,4.0
25,6.256823146580432,2.0
26,6.4570268361233705,1.0
27,6.482845872994975,0.0
28,6.598283233243958,1.0
29,6.606424451923973,3.0
30,6.6127497392743715,4.0
31,6.669966842362092,4.0
32,6.675269001059655,3.0
33,6.890709434983583,3.0
34,6.991348523457555,2.0
35,7.252861705687023,0.0
36,7.545769704610162,3.0
37,7.645467729053921,3.0
38,7.741979945980236,0.0
39,7.749851834055845,3.0
40,7.75148366300258,1.0
41,7.923856622122445,0.0
42,8.075149186328016,0.0
43,8.12358699364486,0.0
44,8.14816114536267,0.0
45,8.237460949325852,1.0
46,8.26064803464978,0.0
47,8.262791649752131,4.0
48,8.274610020519376,3.0
49,8.303926654706407,3.0
50,8.42523479715481,3.0
51,8.434709176782285,0.0
52,8.666493312774582,4.0
53,8.673571958642786,0.0
54,8.678444521130775,4.0
55,8.7684222183508,3.0
