,time,event
0,1.6572629447691918,0.0
1,1.9459780844357035,2.0
2,3.3718448137322907,3.0
3,3.482969865666199,1.0
4,4.263400988842113,0.0
5,4.445671337272809,0.0
6,4.547769070036628,3.0
7,4.732191166326651,1.0
8,5.01381574585322,3.0
9,5.561995998307604,0.0
10,5.78715070362113,1.0
11,5.971247442748905,2.0
12,6.00470510318962,0.0
13,6.25799676430651,1.0
14,6.319929614796693,3.0
15,6.505776659247168,2.0
16,6.560214244541132,1.0
17,6.639533680807223,0.0
18,6.862849424079534,1.0
19,6.955877185777217,4.0
20,7.085149955846841,0.0
21,7.188304499634455,0.0
22,7.236053925947471,0.0
23,7.288314970635563,1.0
24,7.290635835502419,0.0
25,7.397671107095891,1.0
26,7.434064559432444,0.0
27,7.446758787374977,2.0
28,7.595865604268461,0.0
29,7.637991401725971,2.0
30,7.644914541067924,4.0
31,7.7617108959831125,0.0
32,7.880782192140904,4.0
33,7.930599598363109,2.0
34,8.1817752917843,3.0
35,8.192471119511008,1.0
36,8.419889210119695,0.0
37,8.660479934809626,3.0
38,8.890897769851057,1.0
39,8.993168865959731,1.0
40,9.132932763898602,0.0
41,9.220274141022863,0.0
42,9.368474556734922,2.0
43,9.370013114817771,4.0
44,9.4567362649006,2.0
45,9.500248696907823,2.0
46,9.598752265677259,1.0
47,9.59926932518423,2.0
48,9.847720363899159,3.0
