,time,event
0,0.17977298329150387,3.0
1,0.44167154415655924,0.0
2,0.48645464112020737,1.0
3,0.5814341473811734,2.0
4,0.7574584783848335,1.0
5,0.8608221181904898,0.0
6,1.0314127570170393,0.0
7,1.0476230351782714,0.0
8,1.0747697581133073,4.0
9,1.2252720952103446,4.0
10,1.2391996012275077,3.0
11,1.4392944633284692,4.0
12,1.6603485499520438,0.0
13,2.4563811900009767,0.0
14,3.19011642872489,0.0
15,3.3015397002562716,4.0
16,3.5298608794611464,4.0
17,3.701969858089036,0.0
18,3.810873603279337,2.0
19,3.923305739696887,0.0
20,4.230222453699702,4.0
21,4.7893308696646315,0.0
22,4.988411840083855,4.0
23,5.639396825873084,0.0
24,5.858760223423527,2.0
25,6.110090456876535,0.0
26,6.161014146330143,0.0
27,6.47997490547284,4.0
28,6.520413968162029,0.0
29,6.565361436705803,2.0
30,6.738077489666308,2.0
31,6.854596263071289,4.0
32,6.925657146605878,3.0
33,6.926274970762211,2.0
34,6.930265006735435,1.0
35,7.084221187737614,3.0
36,7.202267660333288,1.0
37,7.303852801714569,1.0
38,7.3908430555216595,0.0
39,7.417862094628704,0.0
40,7.418475819671,3.0
41,7.962862913524195,0.0
42,8.00571805352917,3.0
43,8.077824269192751,1.0
44,8.424426664478995,0.0
45,8.629948730118786,1.0
46,8.985583794441844,1.0
47,8.985609983947004,1.0
48,9.67109907019012,1.0
49,9.685998872693316,0.0
50,9.93185485235723,0.0
51,9.964292324280766,2.0
52,9.964813307739862,4.0
