,time,event
0,0.3318695710315014,1.0
1,1.1679078927161997,4.0
2,1.1969880639365023,2.0
3,1.423414111258499,1.0
4,1.4253826113375299,4.0
5,1.476740761222697,0.0
6,1.5123932682548133,4.0
7,1.6943047275571028,2.0
8,1.7524442145389654,3.0
9,1.8205783463265275,0.0
10,1.881023018560562,4.0
11,2.0503881889654774,0.0
12,2.147751559093415,2.0
13,2.171159962402202,2.0
14,2.2222562882131993,4.0
15,2.963215503101026,3.0
16,3.443791660251132,4.0
17,3.942944541578649,0.0
18,4.166462414714797,0.0
19,4.287060319813609,2.0
20,4.592625147038728,0.0
21,5.039249340858338,3.0
22,5.192832512797671,0.0
23,5.457098814854079,4.0
24,5.678097558985335,0.0
25,5.680388507568227,0.0
26,5.825941204594472,1.0
27,7.126035215543378,0.0
28,7.412957816812686,2.0
29,8.562425515721815,0.0
