,time,event
0,0.075986911465379,1.0
1,0.08267403675818309,0.0
2,0.371466133636292,3.0
3,0.43772230053946903,4.0
4,0.590182671642044,0.0
5,0.599286875762869,0.0
6,2.3659176863408105,4.0
7,3.749589075964087,0.0
8,3.7965802879139985,0.0
9,4.352705886780309,1.0
10,5.140677119159667,3.0
11,5.192001048433638,1.0
12,5.216359892592808,1.0
13,5.299792950548192,4.0
14,5.458156900555107,4.0
15,5.604209991969926,4.0
16,6.32708511650465,4.0
17,7.6829256911020325,0.0
18,7.805905245147748,4.0
19,8.359485952051468,0.0
20,8.582935160516369,2.0
21,8.697887273386735,0.0
22,8.814864374679681,1.0
23,9.083012881494502,1.0
24,9.12170762554987,1.0
25,9.289719665754761,0.0
26,9.292638226273292,4.0
27,9.351232580151613,3.0
28,9.407106069826078,1.0
29,9.418849442537,3.0
30,9.440797178139775,0.0
31,9.441985711410522,2.0
32,9.457760437425009,0.0
33,9.512629223873658,0.0
34,9.588415559737077,1.0
35,9.981477539162949,4.0
36,9.99839649518238,0.0
