,time,event
0,0.17693902518273602,3.0
1,0.4113847134909302,0.0
2,1.0616200253227603,4.0
3,1.2749336068052157,3.0
4,2.0352126376382205,0.0
5,2.174445716008769,0.0
6,2.2276053939566123,3.0
7,2.455290810076081,3.0
8,2.456098658274517,4.0
9,2.5020343289777878,4.0
10,2.607352886904819,4.0
11,2.720952513400448,0.0
12,2.7325621597150347,0.0
13,2.897865746838506,0.0
14,3.0355936201309754,0.0
15,3.315492103398098,3.0
16,3.462874450109297,1.0
17,3.712478420351456,2.0
18,3.7821361727687535,1.0
19,3.7902359010032054,4.0
20,4.021762377169325,0.0
21,4.122717837178723,4.0
22,4.240390520115697,4.0
23,4.976010334290585,0.0
24,5.037069015832775,0.0
25,5.145418531174424,1.0
26,5.374210387832748,3.0
27,5.424473334768817,3.0
28,5.720895141340171,0.0
29,5.727609789069207,3.0
30,5.761303342971786,2.0
31,5.829875971161129,0.0
32,5.856671252774637,1.0
33,5.874470156919401,4.0
34,6.244433153090635,2.0
35,6.257175788936763,1.0
36,6.492124348397018,4.0
37,6.532771596625709,0.0
38,6.745125595408951,0.0
39,6.767200276643872,4.0
40,6.7695339026555255,0.0
41,6.808076433383239,0.0
42,6.864773858367533,2.0
43,6.910649596451782,0.0
44,6.9432685198516015,3.0
45,7.019331533617523,4.0
46,7.286772648399204,0.0
47,7.45578448086601,3.0
48,7.466452862580374,0.0
49,7.482981568040972,0.0
50,7.515529722211996,1.0
51,7.647170351730891,1.0
52,7.735984815046739,0.0
53,7.847952359175587,4.0
54,7.9190019123049815,0.0
55,7.930127834384193,0.0
56,8.048974028240215,0.0
57,8.144586156208858,0.0
58,8.193421550263803,3.0
59,8.24293237785257,4.0
60,8.553084212190747,4.0
61,8.786214301623566,0.0
