,time,event
0,0.05437270302536464,2.0
1,0.33292005308638,1.0
2,0.41091801686889556,2.0
3,0.6294002471011015,0.0
4,0.6874391100611537,0.0
5,0.816568451608497,3.0
6,0.9937671270777001,1.0
7,1.0761865094638003,3.0
8,1.1774631056355145,1.0
9,1.3580929592839945,1.0
10,1.3859332415083956,0.0
11,1.412903355958827,1.0
12,1.557284797402606,0.0
13,1.5634986757058542,2.0
14,1.6015025291347393,1.0
15,1.6543464221110697,1.0
16,2.1341350933770924,2.0
17,2.2052771831778784,1.0
18,2.363612775124085,1.0
19,2.4910025096175157,4.0
20,2.5485553818515583,1.0
21,2.7334476379722235,4.0
22,3.2784266015758416,2.0
23,3.503998201023361,2.0
24,3.719553289056456,0.0
25,3.753861502240608,2.0
26,3.9077628841553222,1.0
27,3.9503340996086576,2.0
28,4.07283026685751,4.0
29,4.0989324841785795,1.0
30,4.239937683562655,4.0
31,4.278606138019183,3.0
32,4.311199703066888,1.0
33,4.409154484700866,0.0
34,4.741103513448036,3.0
35,4.925582908060419,2.0
36,4.950317164275408,1.0
37,5.249934537601643,1.0
38,5.299050900354161,1.0
39,5.411813821349389,4.0
40,5.413190916662643,4.0
41,5.436978672957957,2.0
42,5.536136272422893,3.0
43,5.600868409072436,1.0
44,5.604797388943736,4.0
45,5.6758416971068515,1.0
46,5.777030971687033,1.0
47,5.795615998087446,2.0
48,5.812564328689186,2.0
49,5.826798727254112,1.0
50,5.850811444182614,3.0
51,5.904857721312983,3.0
52,5.943054854398132,0.0
53,6.087884003061146,0.0
54,6.198775219470804,2.0
55,6.1996840627722865,0.0
56,6.2518600305364505,4.0
57,6.393180580374282,4.0
58,6.545289516426275,2.0
59,6.654977782928868,0.0
60,6.873440700564646,0.0
61,6.9414261189068895,3.0
62,7.002795400022008,2.0
63,7.596653252985657,1.0
64,8.217803588658768,1.0
65,8.68070332723886,2.0
66,9.053967804165419,0.0
67,9.379624261607386,0.0
68,9.509034607941432,1.0
69,9.663850612745286,1.0
70,9.796446677700471,4.0
71,9.807734888954501,2.0
72,9.891695886199807,2.0
73,9.953226556206312,0.0
