,time,event
0,0.12843194636629351,0.0
1,0.5679516014875872,0.0
2,0.6607762998171863,2.0
3,0.9974669257545421,2.0
4,1.1138987855929543,3.0
5,1.1818800801494476,0.0
6,1.8568503081626677,4.0
7,1.9752703798940554,0.0
8,2.727941464946669,1.0
9,4.159798465319081,4.0
10,4.2327672770814155,0.0
11,4.325913576430107,2.0
12,4.378244959085984,1.0
13,5.694710919876994,0.0
14,5.728593917188979,4.0
15,5.914157646872094,0.0
16,6.297901930789385,0.0
17,6.342669886364306,0.0
18,6.369143147488124,0.0
19,7.059643704611849,0.0
20,7.253920575746707,0.0
21,7.387753470386093,0.0
22,7.7838960694846255,2.0
23,8.881752253001068,0.0
24,9.46013925872904,0.0
25,9.602776737709725,2.0
26,9.961174758678506,1.0
