,time,event
0,0.2952101166263746,2.0
1,0.45299142206328574,1.0
2,0.5457932802472836,1.0
3,0.5827908947429374,1.0
4,0.6031807484457712,4.0
5,0.7706358726672378,3.0
6,0.7720693396121359,1.0
7,0.8158071541823763,2.0
8,0.8828038338667934,1.0
9,0.9258287800177664,2.0
10,0.9783319937674536,4.0
11,1.0477266748308687,2.0
12,1.0861730131694727,3.0
13,1.090858946208677,1.0
14,1.1882868977146672,3.0
15,1.5234696244224024,3.0
16,3.423480223787821,0.0
17,3.444473458724254,4.0
18,3.464449835326101,0.0
19,3.4846575292238287,0.0
20,3.4979109288901014,4.0
21,3.5363675208406224,2.0
22,3.5967532842129377,0.0
23,3.6229725147077962,0.0
24,3.8056195428955295,0.0
25,4.461656754767017,1.0
26,4.60724592874382,1.0
27,4.921679191280969,2.0
28,5.631450398996311,1.0
29,5.874054889586018,4.0
30,5.899145670469792,3.0
31,5.901613602350723,1.0
32,6.20800688216172,0.0
33,6.2194464888055,3.0
34,6.294961367125482,0.0
35,6.312269687169168,0.0
36,6.3758662254715315,1.0
37,6.404944490501859,2.0
38,6.475106797705331,4.0
39,6.624220416643611,0.0
40,6.6782994247546235,1.0
41,7.400134457116369,1.0
42,7.606372630660634,0.0
43,7.785336313864442,2.0
44,8.033693002428224,4.0
45,8.926898276036452,0.0
46,9.047796030504164,0.0
47,9.377802934878417,1.0
