,time,event
0,0.31254176217205387,1.0
1,0.5984550738203198,0.0
2,1.9041374797457618,0.0
3,2.206698829339814,1.0
4,2.2439014427649164,1.0
5,2.4221806926529963,3.0
6,2.5728476544135015,4.0
7,2.9704002654659676,4.0
8,3.0955217172695666,3.0
9,3.166880961823284,0.0
10,3.2422932132173177,0.0
11,3.3765761310331777,3.0
12,4.252121985037629,1.0
13,4.52890749600289,0.0
14,4.974291691731532,0.0
15,5.4572046309171425,3.0
16,7.323463387398687,2.0
17,7.663800972064182,0.0
18,7.690615833828485,0.0
19,7.702500213254271,3.0
20,7.735431622153249,1.0
21,7.881522255761061,4.0
22,7.964485615731195,1.0
23,8.09267602142752,3.0
24,8.144332028934189,2.0
25,8.158037929970076,0.0
26,8.20106835567779,4.0
27,8.274861307661954,0.0
28,8.358959270556367,0.0
29,8.373721967059245,1.0
30,8.46358626369472,1.0
31,8.524728691226237,3.0
32,8.730258366229412,1.0
33,8.87642165153645,1.0
34,9.661757371431682,0.0
