,time,event
0,0.21327373486787507,0.0
1,0.46062530782264133,4.0
2,0.7221683300659406,0.0
3,0.741959511095829,0.0
4,1.9514020089473123,1.0
5,2.195725715196478,0.0
6,2.472468374054316,0.0
7,2.6785927334651296,0.0
8,3.03614523170296,0.0
9,3.3193295709327706,4.0
10,3.378246628218654,3.0
11,3.432592749952868,1.0
12,3.5078543717119985,2.0
13,4.350834841434316,0.0
14,4.416025518909847,3.0
15,4.476375241992604,0.0
16,4.570513783718233,1.0
17,5.27136169117266,0.0
18,5.372373662567369,2.0
19,6.171078844392246,2.0
20,7.3422110414336315,0.0
21,7.500204577969257,0.0
22,8.014171639647028,0.0
23,8.069516391797128,0.0
24,8.501718596739206,4.0
25,8.97871908834453,1.0
26,9.058795848933261,1.0
27,9.179505316167036,3.0
28,9.1819288992396,0.0
29,9.223604157994917,2.0
30,9.626553469500374,0.0
