,time,event
0,0.7357484275914792,4.0
1,0.9733142412072527,4.0
2,0.9964415235868717,0.0
3,1.2235867154776838,0.0
4,1.264180809876003,3.0
5,1.4383476411992087,2.0
6,1.5052161692258852,2.0
7,1.732477983705534,3.0
8,1.8640315667906722,0.0
9,4.145041366828755,0.0
10,4.284638967164119,2.0
11,4.617363387290461,1.0
12,4.994340190379292,2.0
13,5.15961120346562,2.0
14,5.236169759376975,0.0
15,5.692729254647866,1.0
16,5.968536252320893,0.0
17,6.100905520450298,0.0
18,6.271883152048812,3.0
19,6.727666543956149,4.0
20,6.7378934020502665,0.0
21,6.8678746178306955,0.0
22,6.877978439633544,1.0
23,6.922466782908702,2.0
24,6.994855719020934,0.0
25,7.03786066693162,4.0
26,7.074985358739195,2.0
27,7.230131299969728,0.0
28,7.232071511079995,3.0
29,7.236115865327605,0.0
30,7.310993070039799,0.0
31,7.6437245582734015,2.0
32,7.9375012447835305,0.0
33,8.08106188121728,4.0
34,8.102758006167818,0.0
35,8.118851689650066,4.0
36,8.295063696829711,0.0
37,8.29914051891484,1.0
38,8.36721934297007,4.0
39,8.608751907632403,0.0
40,8.609108393035731,1.0
41,8.694711935681728,1.0
42,8.856867353602727,4.0
43,9.076118818213896,3.0
44,9.110309462358698,1.0
45,9.11226575433947,0.0
46,9.17850998840233,2.0
47,9.20528582780836,0.0
48,9.468555339737673,3.0
49,9.855771065414768,3.0
