,time,event
0,0.04927963862962899,2.0
1,1.9213197517865157,1.0
2,2.02277305260519,0.0
3,2.028945413121965,1.0
4,2.0839830535230988,0.0
5,2.097551245717219,4.0
6,2.1136489556138764,1.0
7,2.1595358696043325,4.0
8,2.597544376991634,4.0
9,2.8836225855564743,1.0
10,3.228109343714445,1.0
11,5.034148109084672,1.0
12,5.036897664628847,4.0
13,5.174605133796336,0.0
14,6.234206059405035,1.0
15,6.628108977768308,4.0
16,6.795899251298286,4.0
17,6.802766749365649,2.0
18,6.877463195890255,2.0
19,7.1165619682846115,3.0
20,7.282702978630388,4.0
21,7.403763573593722,4.0
22,7.425310180137427,4.0
23,7.495165087105607,2.0
24,7.529587345672992,2.0
25,7.753288877684968,2.0
26,7.7738741767726545,2.0
27,8.010591874902225,1.0
28,8.315103705347136,1.0
29,8.318230416575906,4.0
30,8.428435864622653,4.0
31,8.527630049607026,2.0
32,8.903891658880775,0.0
33,8.977334778414567,1.0
34,9.145507541483969,0.0
35,9.224451977031574,4.0
36,9.238209154535108,0.0
37,9.255313773920468,0.0
38,9.31269881582986,0.0
39,9.315461428098738,0.0
40,9.346668210960603,2.0
41,9.365138846165637,1.0
42,9.376933934394364,0.0
43,9.388494928363968,4.0
44,9.393637444519651,3.0
45,9.419750657604393,3.0
46,9.444548357021054,3.0
47,9.448812597484565,0.0
48,9.465421544904993,3.0
49,9.494870191226285,0.0
50,9.510771598582847,4.0
51,9.622313516026134,4.0
52,9.671986635360986,4.0
53,9.69598021451504,0.0
54,9.696723138036385,3.0
55,9.933349155908228,1.0
