,time,event
0,0.47033871765739754,4.0
1,0.505168069267872,3.0
2,0.5187585713521314,0.0
3,0.980776677328856,3.0
4,1.0894356247673633,0.0
5,1.3020367632839622,4.0
6,1.4239665010117506,4.0
7,1.4419418589707116,0.0
8,1.7871374133513833,4.0
9,2.5447551621305013,4.0
10,2.6338521943555944,3.0
11,2.9624094186765646,3.0
12,3.3686827918749045,4.0
13,3.3710052690433634,3.0
14,3.475196984410365,1.0
15,3.6817391607173002,4.0
16,3.7301752784692517,2.0
17,3.807331763577077,4.0
18,3.9594449886860374,3.0
19,4.103758897996988,2.0
20,4.2344384973915625,0.0
21,4.273649175241486,2.0
22,4.2798808797568375,3.0
23,4.339147874163925,3.0
24,4.437690838408409,1.0
25,4.501943932092677,1.0
26,4.872275446302605,2.0
27,4.9191807900210645,4.0
28,5.058536781029977,2.0
29,5.367779424864375,4.0
30,5.397776852508795,4.0
31,5.458213781762653,4.0
32,5.600812133558784,0.0
33,5.644451483103509,3.0
34,5.8656450875816475,1.0
35,6.222217052351434,4.0
36,6.340524236735684,1.0
37,7.167287430610287,2.0
38,7.369207156213528,3.0
39,7.497206547575844,0.0
40,8.028183675442842,3.0
41,8.246801987982291,3.0
42,8.424494376190632,1.0
