,time,event
0,0.7177890745375688,0.0
1,0.8981775144867703,0.0
2,1.0637657581368691,1.0
3,1.2060117905132965,4.0
4,1.2633029454265465,3.0
5,1.26726507662874,0.0
6,1.331946443503501,0.0
7,1.3420927204757143,3.0
8,1.4449136255971606,2.0
9,1.4533832517415295,3.0
10,1.5179375457893176,0.0
11,1.5883332228095217,1.0
12,1.725969937288037,1.0
13,1.8382020089871483,4.0
14,2.4040790189738397,4.0
15,2.913117213172865,4.0
16,2.988196243729231,3.0
17,3.3383586119678053,1.0
18,4.603956756122475,4.0
19,4.680602826889531,4.0
20,4.87033144217783,1.0
21,4.915188928811526,4.0
22,5.103813022015698,1.0
23,5.10903051083162,4.0
24,5.113338035010748,4.0
25,5.151576056469566,0.0
26,5.287027711553935,0.0
27,5.419588419304907,0.0
28,5.456230464145511,3.0
29,5.689456367150296,4.0
30,5.711859930884261,0.0
31,5.717114441131441,3.0
32,5.844715244732095,0.0
33,5.974943250116866,0.0
34,6.236814852791402,2.0
35,6.279544108713381,3.0
36,6.445958234926081,0.0
37,6.478594003944902,4.0
38,6.591853882963571,2.0
39,6.596155895767917,2.0
40,6.604086842119912,1.0
41,6.650267287598791,1.0
42,6.689034779583386,1.0
43,6.833295245307794,2.0
44,6.966384566915951,4.0
45,6.987423609061011,0.0
46,7.0295732868786605,3.0
47,7.045318605889534,1.0
48,7.103027643709874,1.0
49,7.178477326230278,0.0
50,7.208599434977554,2.0
51,7.224594056611367,2.0
52,7.2602134071283,4.0
53,7.395623805501274,2.0
54,7.449946624262299,3.0
55,7.62311461258675,4.0
56,7.636241043450379,1.0
57,7.739179311700504,2.0
58,7.752742867286445,1.0
59,7.798898308531173,3.0
60,7.88582352167592,3.0
61,7.8902869513613005,0.0
62,8.053220423363433,4.0
63,8.26336389192167,1.0
64,8.41692056772693,1.0
65,8.422578589792005,4.0
66,8.758769197134466,3.0
67,8.76804929076124,0.0
68,8.772238683980255,4.0
69,8.888823184114244,3.0
70,8.900710712413296,3.0
71,8.975754655497987,0.0
72,9.147243428102684,0.0
73,9.169114230548402,3.0
74,9.277898340201265,3.0
75,9.453879807366786,4.0
76,9.47114321698069,4.0
77,9.528302970190893,4.0
78,9.553312759123997,2.0
79,9.655389348270177,2.0
80,9.720879255363233,0.0
81,9.743415777016759,1.0
82,9.918561038202087,0.0
83,9.94128747490889,1.0
84,9.951300632108515,4.0
