,time,event
0,0.35853630679330684,2.0
1,2.03895419500864,3.0
2,2.492607869348014,3.0
3,2.7406426391092924,3.0
4,2.942765679720193,1.0
5,3.0386133812500224,4.0
6,3.1698539128112726,2.0
7,3.4216811504226015,3.0
8,3.47610082308726,0.0
9,3.5602584100812376,0.0
10,3.578822966117816,3.0
11,3.9068962191590324,2.0
12,4.036405027389404,2.0
13,4.141320789897374,2.0
14,4.189144514720965,0.0
15,4.526199461400656,4.0
16,5.002815644881826,2.0
17,5.2581625218988135,3.0
18,5.335334545503459,0.0
19,5.57237893238983,0.0
20,5.648210195114672,3.0
21,5.9677652429815,2.0
22,5.9819840310987935,3.0
23,6.16618651467839,2.0
24,7.392041487767155,3.0
25,7.5831891108911975,3.0
26,8.003992380906281,1.0
27,8.057007360535986,1.0
28,8.181431282784985,3.0
29,9.027595594607192,1.0
30,9.380617899985971,0.0
31,9.40446463785383,4.0
32,9.654530346942213,1.0
