,time,event
0,0.06431609434185785,4.0
1,0.126641545437294,4.0
2,1.2366742497159309,2.0
3,1.7648847803873857,1.0
4,1.850238106038278,2.0
5,1.8978774025957288,4.0
6,2.079163056454587,0.0
7,2.1051895006737213,2.0
8,2.5397154552061343,3.0
9,2.6214148501800887,3.0
10,2.6406769865468127,2.0
11,2.811529720771199,1.0
12,2.9924759253186095,4.0
13,3.0375130389707965,3.0
14,3.3668792395959497,4.0
15,3.5145552921272496,2.0
16,3.540559370153124,4.0
17,3.6489696959258473,4.0
18,4.34421533436513,4.0
19,4.595607866027721,4.0
20,4.658303668380757,0.0
21,4.824511969607779,3.0
22,4.863773894168331,2.0
23,4.889449892928137,1.0
24,4.926004850881822,3.0
25,5.0096552896854325,3.0
26,5.031021801939542,4.0
27,5.301939508784742,4.0
28,5.41007064793646,1.0
29,5.578462573554764,3.0
30,5.89395329933014,1.0
31,5.952358773465689,2.0
32,7.042845920244591,4.0
33,7.314891683443552,4.0
34,7.543085943667182,3.0
35,7.547195895167564,1.0
36,7.569853765048799,3.0
37,7.803844611053121,0.0
38,8.027080245343372,4.0
39,8.068844484365242,1.0
40,8.322998915989055,0.0
41,8.571275786220497,4.0
42,8.578287894538486,1.0
43,8.621238657526769,1.0
44,8.781433040013164,2.0
45,8.863339594962389,1.0
46,8.894547364682383,2.0
47,8.98852046359967,2.0
48,9.019942351378486,0.0
49,9.04714898292619,3.0
50,9.05100569872815,1.0
51,9.07053971259699,2.0
52,9.165130042534692,3.0
53,9.264480601797693,4.0
54,9.278904877090614,3.0
55,9.2873951889915,3.0
56,9.398162556013206,0.0
57,9.440856470542947,0.0
58,9.575667074318973,1.0
59,9.749925083569899,4.0
60,9.807820198943793,1.0
61,9.820375921734778,4.0
