,time,event
0,0.9112834261154228,4.0
1,0.9487389213898846,2.0
2,0.9586759452786309,4.0
3,1.2563304509964914,4.0
4,2.7290536225408197,4.0
5,2.895199732836975,2.0
6,2.906058332207696,2.0
7,3.2281265315935226,2.0
8,3.5166679645206695,0.0
9,3.600094052348515,1.0
10,3.8464423153959784,1.0
11,3.868221147716767,0.0
12,4.043335809040081,1.0
13,4.0833294700594935,2.0
14,4.086581241436345,0.0
15,4.196399465445359,4.0
16,4.3533761351328675,3.0
17,4.733542055585944,2.0
18,4.740488792342159,4.0
19,4.85518461329447,0.0
20,4.867090828032205,3.0
21,4.870729094603197,4.0
22,4.9060819497303765,0.0
23,5.058372921942452,4.0
24,5.629980735707519,4.0
25,6.296089827246257,3.0
26,6.3013881814449055,3.0
27,6.369993009659918,1.0
28,6.541924197223552,4.0
29,6.7633244068405345,2.0
30,6.79280863104611,4.0
31,6.892796784737053,2.0
32,6.972332044070981,1.0
33,7.209565219362303,4.0
34,7.274050912608604,3.0
35,7.290912090075244,3.0
36,7.411816803805294,0.0
37,7.453369362501086,3.0
38,7.876642489402028,0.0
39,8.462218877403915,2.0
40,8.797722553202997,4.0
41,9.112473297454592,4.0
42,9.401367475711913,3.0
43,9.877386788066165,1.0
