,time,event
0,0.3577388494230394,2.0
1,0.6265993016527959,3.0
2,0.9931620564414047,1.0
3,1.023507148717556,1.0
4,1.1175015035128937,2.0
5,1.160352795198253,0.0
6,1.2072028784885551,2.0
7,1.7545948631593087,0.0
8,1.8037001779915194,4.0
9,1.9151973318303865,2.0
10,1.9425693263927486,3.0
11,1.9639473811619346,3.0
12,2.054445013747755,0.0
13,2.094757227364125,2.0
14,2.1142152574767006,4.0
15,2.2992351067762624,4.0
16,2.2997844720386325,1.0
17,2.3037776928640463,4.0
18,2.363983374504809,3.0
19,2.407723073763824,0.0
20,2.5567852895646057,2.0
21,2.617542731100271,1.0
22,2.7145442950741323,1.0
23,2.7354251225797515,1.0
24,2.7433117676733914,4.0
25,2.836446386224573,4.0
26,2.839731199257097,1.0
27,2.8557205099294896,1.0
28,2.863393595730745,4.0
29,2.9768056826125324,2.0
30,2.9953678615007946,3.0
31,3.0706479396322535,3.0
32,3.0940467200410984,4.0
33,3.2183241408914074,4.0
34,3.233342760786682,0.0
35,3.3083171572864276,4.0
36,3.3241483095764153,1.0
37,3.324856485977406,4.0
38,3.3449728317661482,4.0
39,3.349912870801248,3.0
40,3.4679983660595677,0.0
41,3.7532028338341803,2.0
42,3.7583542192660113,3.0
43,3.78432153415155,1.0
44,3.80044665549908,0.0
45,3.811033336592448,2.0
46,3.880778242335781,4.0
47,4.197006849388442,4.0
48,4.212934764534068,3.0
49,4.317206784832362,4.0
50,4.326019737540293,0.0
51,4.346463790325934,0.0
52,4.5669837192831,3.0
53,4.6400186288738965,0.0
54,4.642805856610634,4.0
55,4.652518058586759,1.0
56,4.662486670554502,4.0
57,4.7378632788008375,3.0
58,4.751504485314076,2.0
59,4.81977511721533,0.0
60,4.82306449354843,4.0
61,4.89067096882234,0.0
62,4.982317472296268,4.0
63,5.1035297296227355,4.0
64,5.1049638028721915,0.0
65,5.220562642893058,1.0
66,5.241063317325235,2.0
67,5.246183669177084,2.0
68,5.303265462185312,0.0
69,5.485795406738536,1.0
70,5.534748563365001,0.0
71,5.777556283826931,4.0
72,6.064393817896488,2.0
73,6.119102591127807,4.0
74,6.76956699156044,4.0
75,6.850197468050064,1.0
76,7.438421793305985,3.0
77,7.681807078738538,3.0
78,7.852182099234349,0.0
79,7.993669118626461,2.0
80,8.24511889282031,0.0
81,9.034224748679925,2.0
82,9.08275217646413,4.0
83,9.352750762820614,3.0
84,9.435380161471022,3.0
85,9.591660190650526,4.0
86,9.648338737799916,1.0
87,9.654052471396316,4.0
88,9.975374075070008,3.0
