,time,event
0,1.2370238155450075,2.0
1,1.2669517738145295,4.0
2,1.3858721781618968,4.0
3,1.4387799321990538,4.0
4,2.0868945645194517,0.0
5,2.102575618960785,3.0
6,2.360941161626118,0.0
7,2.7897639343970067,3.0
8,2.8722956232619823,3.0
9,3.1741317634259842,4.0
10,3.6584588606874373,2.0
11,3.9661786933517145,2.0
12,3.9926500128418545,4.0
13,4.136626446333376,4.0
14,4.3833766426428555,3.0
15,4.535992411873227,4.0
16,4.569455451496215,0.0
17,4.670893205309337,1.0
18,4.765132835305676,2.0
19,4.822891995251945,0.0
20,4.948548002875355,0.0
21,5.080813682642384,0.0
22,5.310836632762483,4.0
23,5.337063518229627,0.0
24,5.404144399349161,2.0
25,5.548780436168719,2.0
26,5.627334448035408,1.0
27,5.647687061349098,4.0
28,7.3672461235620545,0.0
29,7.7690930805116025,2.0
30,9.403731694737877,4.0
31,9.525443676049152,2.0
32,9.591060102693927,3.0
33,9.893067289669192,4.0
