,time,event
0,2.3932487488900906,3.0
1,2.405141181253611,4.0
2,2.4640966590023785,0.0
3,2.474077968093126,0.0
4,2.570171286179822,1.0
5,2.573986938676239,1.0
6,2.5833827513923295,4.0
7,2.6107910817656363,0.0
8,2.6170845835665975,1.0
9,3.1167670915504018,0.0
10,3.1979595624716937,0.0
11,3.203355785159007,4.0
12,3.2474226540888655,4.0
13,3.307324723047776,0.0
14,4.312376460465938,2.0
15,4.8550341696725585,0.0
16,4.860216556534964,1.0
17,4.886022479699525,4.0
18,5.0563303209263175,3.0
19,5.069413004137103,1.0
20,5.132908381237646,0.0
21,5.36207265697964,3.0
22,5.3780693062466955,0.0
23,5.55122760667233,3.0
24,5.71580378045908,1.0
25,5.825839954295873,0.0
26,6.5421931414073216,3.0
27,6.707732417501295,1.0
28,6.747180383842617,4.0
29,6.815152438525626,3.0
30,6.821699927344149,1.0
31,6.957171380684744,1.0
32,7.064532254278902,4.0
33,7.549180657722295,2.0
34,7.7945160431451646,0.0
35,8.279945149926043,4.0
36,8.515103382427556,3.0
37,8.77470948213072,1.0
38,8.819771505056366,3.0
39,9.175871507729623,4.0
40,9.19588143452304,3.0
41,9.32445530764308,0.0
42,9.338758377557774,3.0
43,9.373140904641856,0.0
44,9.598366039582448,2.0
45,9.638059539829765,4.0
46,9.750059688983518,1.0
47,9.797866730769348,4.0
48,9.80593998817433,0.0
49,9.892115714859445,3.0
50,9.920570325743409,0.0
51,9.94159407377168,0.0
52,9.951493012281922,1.0
