,time,event
0,0.2745225949149927,4.0
1,0.7750320539544377,4.0
2,0.8381948266409213,0.0
3,1.4942942485522397,0.0
4,1.6785953506683708,0.0
5,1.7146228125291538,2.0
6,1.7460906260941418,1.0
7,1.8380647139217594,3.0
8,1.9445682393097734,1.0
9,1.978893044496622,0.0
10,2.043033455533069,3.0
11,2.069028511343378,0.0
12,2.2241913215880054,2.0
13,2.2864726989990958,1.0
14,2.3271072025068245,1.0
15,2.497454322632423,1.0
16,2.518746588017539,4.0
17,2.665137502057493,3.0
18,2.8368702801883097,2.0
19,2.9178307701506463,4.0
20,2.9882801167804183,1.0
21,3.0308022523123745,1.0
22,3.364574552746779,0.0
23,3.3839541974675775,3.0
24,3.387149863006759,2.0
25,3.509113591931406,4.0
26,3.542261028122764,4.0
27,3.566347587072772,2.0
28,3.6345908369854665,4.0
29,3.7164840061983098,3.0
30,3.8459642632652855,2.0
31,3.8467715972679146,0.0
32,3.9668704746802113,3.0
33,4.170717230494128,4.0
34,4.377569136092514,0.0
35,5.0565890215836395,1.0
36,5.430238887744409,0.0
37,5.4412217718998335,1.0
38,5.47502706031612,0.0
39,5.612075410719049,1.0
40,5.641960590010407,0.0
41,5.7231134699014845,4.0
42,5.845830741366641,1.0
43,6.213066229886605,1.0
44,6.430300274299112,0.0
45,6.688187546291293,0.0
46,6.860165447905804,0.0
47,6.91404491582448,2.0
48,6.939170990889663,3.0
49,7.371468186262367,4.0
50,7.487309759986689,0.0
51,7.845739802371423,0.0
52,8.033746961604766,1.0
53,8.036725478223106,0.0
54,8.248626827658867,1.0
55,8.41297200855116,0.0
56,8.415874464485565,1.0
57,8.49243261882659,2.0
58,8.700386332404664,1.0
59,8.705468511735871,2.0
60,8.80363014553457,1.0
61,8.874864054758055,0.0
62,8.881117432544062,3.0
63,9.229512912579375,1.0
64,9.713241622322219,0.0
65,9.768927142052402,2.0
66,9.905439917372446,1.0
67,9.9952775412379,1.0
