,time,event
0,0.5782224021481058,0.0
1,0.7743899029773536,1.0
2,1.0693045437528164,1.0
3,1.477149057203271,0.0
4,1.4789440041967459,4.0
5,1.5353548576553708,0.0
6,1.7246056103750402,3.0
7,1.9180819632230566,4.0
8,2.0211372999574184,4.0
9,2.0429140446681604,0.0
10,2.0705312225606973,1.0
11,2.0985573916170885,0.0
12,2.099931025700058,1.0
13,2.3891928597793664,4.0
14,2.559604554475543,4.0
15,2.741468015403289,1.0
16,3.786021292676942,0.0
17,3.8485440094817687,3.0
18,4.0328702622335,0.0
19,4.160615459410266,3.0
20,4.238882168029586,4.0
21,4.5405449372636895,3.0
22,4.777120630074455,1.0
23,5.114734508718743,2.0
24,5.885961712496364,0.0
25,5.967928482585331,3.0
26,6.100843721739825,4.0
27,6.8504837440708,3.0
28,6.889944585858245,1.0
29,7.1936892296732,1.0
30,7.432432644986899,4.0
31,7.481847408958997,1.0
32,7.599279286315027,1.0
33,7.787289248165794,0.0
34,7.926959507033309,4.0
35,7.932700505070637,3.0
36,7.936784521991745,2.0
37,8.053782091922546,1.0
38,8.306956391740435,2.0
39,8.332699598367768,1.0
40,8.442495793273158,3.0
41,8.52885055583448,0.0
42,8.650571461036298,4.0
43,8.66356479363837,1.0
44,9.172507464498667,3.0
45,9.22259431293988,1.0
46,9.314528713638405,3.0
47,9.356384990295137,2.0
48,9.395926227844706,2.0
49,9.39645358091119,3.0
50,9.654370234438156,1.0
51,9.992601485072498,1.0
