,time,event
0,0.13096426914410686,1.0
1,0.33680877228406897,4.0
2,0.485804955370695,0.0
3,0.646889712790952,3.0
4,0.7891066139430557,4.0
5,0.8293758417025646,1.0
6,0.8920133411901824,1.0
7,0.9985719601885282,4.0
8,1.1818651001602551,0.0
9,1.2540625435817452,0.0
10,1.335448655423651,3.0
11,1.3960516317300633,1.0
12,1.4647167126158318,0.0
13,1.5170414407279988,0.0
14,1.5546073691120164,0.0
15,2.046315943575855,4.0
16,2.2383830106911566,4.0
17,2.25718599251735,1.0
18,2.8290782518085957,0.0
19,3.1570170868090126,0.0
20,3.2126648535743243,0.0
21,3.44493817877298,0.0
22,3.4787777551386148,2.0
23,3.584202955850599,0.0
24,3.622106952267605,4.0
25,3.654452548001041,4.0
26,3.857174926161267,0.0
27,4.239362779860046,3.0
28,5.063283985503828,1.0
29,6.50186411054834,3.0
30,6.7269783987494955,4.0
31,7.0342928032906125,3.0
32,7.170453509532502,0.0
33,7.198122461140349,3.0
34,7.214763805263913,4.0
35,7.267729435905448,0.0
36,7.500529127570466,1.0
37,7.537381617942563,0.0
38,7.560332500064919,0.0
39,7.7122577487263,4.0
40,7.986843134455037,0.0
41,8.07606603214973,4.0
42,8.07757620302057,3.0
43,8.095820693769822,3.0
44,8.096910934115009,2.0
45,8.193245314048514,4.0
46,8.236796750075085,2.0
47,8.402599408709495,4.0
48,8.561592679887275,0.0
49,8.586644813384558,3.0
50,8.599470542672162,0.0
51,8.66161241457503,0.0
52,8.756778871845082,0.0
53,8.82878095164746,0.0
54,8.98362501422414,1.0
55,9.017894328054275,4.0
56,9.052900828014817,2.0
57,9.377414682574548,2.0
58,9.505220692286782,1.0
59,9.53215861949911,4.0
60,9.538273401566647,0.0
61,9.793345020449888,1.0
62,9.852369334172186,3.0
63,9.856049002267353,1.0
