,time,event
0,0.2480406475148357,1.0
1,0.5739724331519501,0.0
2,0.6036815334032269,1.0
3,1.0259177479187493,2.0
4,1.3718459213779484,0.0
5,1.5118346803573242,2.0
6,1.6114596369026752,1.0
7,1.653352786134089,0.0
8,2.005576845128926,4.0
9,2.1061793028640143,3.0
10,2.290990229961241,1.0
11,3.0486020938431153,4.0
12,3.4079821658156018,0.0
13,3.577895403010762,4.0
14,3.583116833944145,4.0
15,3.608910434063712,0.0
16,4.147904323176373,3.0
17,4.303508223520589,1.0
18,4.3297800820795525,4.0
19,4.368443151190779,1.0
20,4.3699042931694745,0.0
21,4.542547727236234,4.0
22,4.599872045293774,2.0
23,4.716701177288923,3.0
24,4.946547919935803,4.0
25,4.958611609579645,1.0
26,5.384881383015279,4.0
27,5.863151217390826,1.0
28,5.95035459237163,3.0
29,5.996489010023563,4.0
30,6.0167260886895955,2.0
31,6.250962633628675,1.0
32,6.325193309337002,3.0
33,6.427252369030659,0.0
34,6.446984041892309,3.0
35,6.625525917009371,0.0
36,6.804509676294047,1.0
37,7.132021001041249,0.0
38,7.2666196307411655,0.0
39,7.36179422801405,4.0
40,7.388352291501874,2.0
41,7.523554028594619,1.0
42,7.541123526427668,0.0
43,7.614597106667344,2.0
44,7.62870467400449,1.0
45,7.852877057915457,1.0
46,7.878695139692747,2.0
47,7.951482172630122,0.0
48,8.165995602962404,0.0
49,8.20636000735956,2.0
50,8.292957010068303,4.0
51,8.334147640788558,1.0
52,8.490050465923012,1.0
53,8.575678752361327,4.0
54,8.603012699749215,1.0
55,8.666489360623409,2.0
56,8.679792852500466,4.0
57,8.770105801441174,1.0
58,8.787144555507105,2.0
59,8.7910204355592,3.0
60,8.808871986194948,1.0
61,8.868892028158946,0.0
62,8.879943218227385,3.0
63,9.201305741397446,4.0
64,9.407517593643814,1.0
65,9.499963692247379,0.0
66,9.556136618855223,4.0
67,9.63304055820844,4.0
