,time,event
0,0.6197952748729915,4.0
1,0.6769818886302194,4.0
2,0.9253941925617013,4.0
3,1.1300696596883333,3.0
4,1.1891556571082447,1.0
5,1.6003982440983142,1.0
6,1.8127298431671246,3.0
7,1.8953469154764415,3.0
8,1.9022714919257482,4.0
9,1.9522076875111327,2.0
10,2.022491963770721,0.0
11,2.042419465003943,1.0
12,2.047952629212917,0.0
13,2.049326983546708,3.0
14,2.055041887621032,1.0
15,2.0589233286138273,4.0
16,2.087218394296739,3.0
17,2.141076402322115,0.0
18,2.1956837928547333,2.0
19,2.206114800243878,1.0
20,2.2521184440743314,2.0
21,2.2651412197994945,3.0
22,2.2884989277132095,0.0
23,2.3598961166160315,3.0
24,2.36174008186424,0.0
25,2.3782550547199275,0.0
26,2.4141916639531087,2.0
27,2.4339130376968305,4.0
28,2.473980509764506,1.0
29,2.4893838911638833,0.0
30,2.5556761930083423,1.0
31,2.737703519451039,4.0
32,2.754627346166883,4.0
33,2.773104382143316,2.0
34,2.8342927608785717,3.0
35,2.8628512355202034,0.0
36,2.9254960830052537,3.0
37,3.068894147687133,1.0
38,3.0704480444374602,1.0
39,3.2677945265176476,0.0
40,3.317625992126316,0.0
41,3.327802211655803,3.0
42,3.3288941099616127,3.0
43,3.3819813711113156,0.0
44,3.4290556622816624,4.0
45,3.5144460749999773,1.0
46,3.593005473767979,3.0
47,3.9549586780678707,4.0
48,5.539658132512736,1.0
49,6.42138643769095,0.0
50,6.5273849783564435,4.0
51,6.688648229341419,1.0
52,6.9663046993230875,0.0
53,8.188431645354635,3.0
54,8.70599914309652,0.0
55,8.746472956196861,4.0
56,8.898781313424537,4.0
57,8.904317043206293,2.0
58,8.957590162594714,4.0
59,9.096196454748215,2.0
60,9.47356852283992,2.0
61,9.670165933357824,4.0
62,9.704953000607297,0.0
