,time,event
0,0.1379462988646707,0.0
1,0.1968654351747006,1.0
2,0.28803810931635115,3.0
3,0.3077436248663901,1.0
4,0.3257092137593755,4.0
5,1.1753192285124556,4.0
6,1.352475555930303,0.0
7,1.3706342741558488,4.0
8,1.389874781514852,4.0
9,1.5877773439157032,0.0
10,1.753353266425026,1.0
11,2.3403100474081158,4.0
12,2.3456848524476577,0.0
13,2.456601933441231,1.0
14,2.5531638081886117,4.0
15,3.1331993367855824,3.0
16,3.78165937802368,3.0
17,4.015671613239111,4.0
18,4.083277601470686,0.0
19,4.6034148772675225,0.0
20,4.6062393146081035,2.0
21,4.686041131528419,0.0
22,4.6952987472941015,0.0
23,4.798803903052719,1.0
24,4.832801470688501,4.0
25,4.948184310611186,3.0
26,5.132645827441595,1.0
27,5.18702093909841,0.0
28,5.282974617258686,3.0
29,5.51469229060035,0.0
30,5.625653957194684,1.0
31,6.580051883853139,4.0
32,6.894731279829804,0.0
33,7.322736009599501,3.0
34,7.389163851580703,1.0
35,7.402273567029398,0.0
36,7.875593512042639,3.0
37,7.879336031231172,0.0
38,8.041834941568274,4.0
39,8.35222296117412,1.0
40,8.40939767090686,0.0
41,8.538408209138977,4.0
42,9.017412914314104,4.0
43,9.406871584694546,0.0
44,9.473362861516089,0.0
45,9.630752592256785,1.0
46,9.64550353677652,1.0
47,9.699421270094849,2.0
