,time,event
0,1.0779728799982347,1.0
1,1.8596393013082082,4.0
2,2.2946645621670103,1.0
3,2.3424752657296612,4.0
4,2.8465023850389013,0.0
5,2.853688757601554,0.0
6,2.910150481147222,4.0
7,3.198432038802888,1.0
8,3.327559034718586,4.0
9,3.4005756845878157,1.0
10,3.5740316570778643,4.0
11,3.8004183733101686,0.0
12,3.8139849646519357,1.0
13,3.9656637464880244,3.0
14,4.2122654072872345,4.0
15,4.3504801880890005,0.0
16,4.385604508735818,3.0
17,4.434459374783015,4.0
18,4.460446986326735,4.0
19,4.533325004468443,0.0
20,4.6986707099969,3.0
21,4.833086044142641,3.0
22,4.840398994262737,2.0
23,4.8689597934377975,1.0
24,4.893318143139938,0.0
25,4.895959926793952,4.0
26,4.94437789867118,1.0
27,5.193246302918343,3.0
28,5.200009098685081,3.0
29,5.488914741972798,2.0
30,5.494512048264623,4.0
31,5.625017297572468,2.0
32,5.757754864813884,4.0
33,5.935067509366274,4.0
34,5.943539077847722,4.0
35,5.9943062439390635,1.0
36,6.010485339835882,4.0
37,6.15971375982657,0.0
38,6.329481744757133,1.0
39,6.442183673007544,0.0
40,6.640746784516659,4.0
41,6.730397817866494,0.0
42,6.954564426379496,2.0
43,7.012474390921356,0.0
44,7.065555778197957,0.0
45,7.096256360408566,0.0
46,7.148012484406794,0.0
47,7.148079094810796,2.0
48,7.190034775090927,4.0
49,7.398843125128099,3.0
50,7.52828933974457,2.0
51,7.596045199947121,4.0
52,7.7231206096344085,1.0
53,7.737837766414356,3.0
54,7.829703066116678,3.0
55,7.879849121579159,4.0
56,7.883332740874401,2.0
57,7.8839711086292965,1.0
58,7.89033979237497,3.0
59,7.892207584553661,4.0
60,7.922669883892297,0.0
61,7.997631331447035,4.0
62,8.131553036498806,1.0
63,8.137575766338633,4.0
64,8.222658759544425,3.0
65,8.240402447322284,1.0
66,8.39464141555162,1.0
67,8.402106725639687,4.0
68,8.422116842543838,1.0
69,8.44289249464047,0.0
70,8.455672976128351,2.0
71,8.526185386638327,2.0
72,8.536610952962674,0.0
73,8.549263017959573,3.0
74,8.589338633440237,0.0
75,8.594940791624534,2.0
76,8.605058661201145,3.0
77,8.633178456093436,0.0
78,8.637587817360817,4.0
79,8.647762127258972,3.0
80,8.7162542177964,2.0
81,8.717932298412592,3.0
82,8.763918833453682,2.0
83,8.776503156407427,2.0
84,8.842903688879518,3.0
85,8.868954088986865,1.0
86,8.964003304576536,2.0
87,9.388303541681557,4.0
88,9.535463199792774,0.0
89,9.542222337497972,0.0
90,9.551162528933068,0.0
91,9.811625183801253,4.0
92,9.889569844956238,1.0
