,time,event
0,0.28916520288590153,3.0
1,0.36418554245999746,0.0
2,0.39825681575420085,1.0
3,0.4390082487207353,1.0
4,0.5379983614092785,1.0
5,0.6053923516812995,2.0
6,0.6100956245646085,4.0
7,0.6514660385039202,0.0
8,0.8134472578242452,4.0
9,0.837165956754871,3.0
10,0.943433214270631,4.0
11,0.9991525927610914,0.0
12,1.105908510947787,1.0
13,1.1993841780869747,4.0
14,1.4460127354566708,4.0
15,1.454196807357112,1.0
16,2.202066865042134,4.0
17,2.286107575968915,4.0
18,2.490610529440193,4.0
19,2.586309035494363,1.0
20,2.8128655578912842,0.0
21,3.7883292976678984,4.0
22,3.884452995042577,4.0
23,3.941190848038281,0.0
24,4.018424182750829,3.0
25,4.215709034625897,3.0
26,4.3319248316205465,3.0
27,4.360049505508088,2.0
28,4.491572149059008,1.0
29,4.604203521088489,4.0
30,4.658400742499899,1.0
31,4.784801486037522,4.0
32,4.844545768640505,0.0
33,4.867710858014659,0.0
34,5.288190147993336,1.0
35,5.297519687550604,3.0
36,5.297541837038508,4.0
37,5.479937381368501,3.0
38,5.665929040442462,3.0
39,5.805752385608936,1.0
40,5.871438710311185,3.0
41,6.0371854410041905,3.0
42,6.067454618662444,3.0
43,6.072721511268439,4.0
44,6.37575428865462,3.0
45,6.411621562902436,0.0
46,6.477380239593436,4.0
47,6.501048212093306,0.0
48,6.516183626221256,4.0
49,6.617387299236473,4.0
50,6.657838123043043,0.0
51,6.693529156969905,0.0
52,7.520320775552548,0.0
53,7.737794292341338,4.0
54,7.796658261530758,4.0
55,7.839521384197114,0.0
56,7.878135458897652,0.0
57,7.923868483740593,0.0
58,7.9835704717570595,0.0
59,8.124352138438809,2.0
60,8.129335436105118,0.0
61,8.166387389495924,0.0
62,9.281808129096595,0.0
63,9.326619254120281,4.0
64,9.355543165092536,3.0
65,9.578895327390157,0.0
66,9.618066370482952,0.0
67,9.795522861837824,0.0
68,9.798425114389724,0.0
69,9.867490502389668,0.0
70,9.891418776047875,4.0
