,time,event
0,0.09871389217669173,0.0
1,0.6002569409877071,4.0
2,0.7314232227862362,3.0
3,0.8502713876680934,4.0
4,0.9118480433192194,0.0
5,0.9730667901920114,2.0
6,0.9775825526665396,1.0
7,1.0509551698688129,1.0
8,1.0542058724234262,4.0
9,1.2586040778404608,2.0
10,1.28272350238927,4.0
11,1.337883653876626,0.0
12,1.3790035753181817,2.0
13,1.472970179813529,2.0
14,1.507220379297163,3.0
15,1.545643353023598,0.0
16,1.5534952785922809,3.0
17,1.5805200220027524,0.0
18,1.6202931558894815,3.0
19,1.6298095782079924,4.0
20,1.6834785250007653,4.0
21,1.694376057387981,0.0
22,1.7061284954856586,4.0
23,1.7122004804039148,2.0
24,1.8188433741818064,0.0
25,1.8290678204011706,2.0
26,1.8403924604912953,1.0
27,1.8917471036157725,4.0
28,1.8931124720903107,3.0
29,1.9334642717565427,0.0
30,1.9941876628484205,0.0
31,2.0767521149582158,2.0
32,2.1373558138990663,0.0
33,2.2273934946982985,4.0
34,2.311366281941814,0.0
35,2.4426866016727704,4.0
36,2.530248049374882,4.0
37,2.6521270031514192,3.0
38,2.67888452901596,2.0
39,2.733111714616204,4.0
40,2.833378157151453,3.0
41,2.8618746301114983,0.0
42,2.94702584774184,0.0
43,2.9547130429163926,4.0
44,3.0528732257107727,0.0
45,3.0576683905228172,0.0
46,3.3766579151322094,0.0
47,3.455001847652441,1.0
48,3.6415967277560566,0.0
49,3.646556937253804,4.0
50,6.28323477203201,1.0
51,7.027388109229781,4.0
52,7.180513943091694,0.0
53,7.3119122163177055,1.0
54,7.739310166761261,0.0
55,7.803760350307436,2.0
56,8.023790300489242,4.0
57,8.044556383696461,2.0
58,8.228988332683873,2.0
59,8.303896409959082,4.0
60,8.42179113226014,1.0
61,8.446732663766378,0.0
62,8.818629334014156,4.0
63,8.83016780760537,0.0
64,8.86156848210166,0.0
65,8.959258978453867,4.0
66,9.001766197363377,4.0
67,9.053705626545355,4.0
68,9.184682018016481,0.0
69,9.34837548606707,4.0
70,9.504938082746545,0.0
71,9.67251511458441,0.0
72,9.904707975378468,4.0
