,time,event
0,0.00795206481291169,4.0
1,0.03512915851586801,4.0
2,0.7229155187141917,4.0
3,0.809971375105276,4.0
4,2.784874649394312,3.0
5,3.039922365525765,4.0
6,3.170287621099632,3.0
7,3.2217376708817476,2.0
8,3.2406082090430255,1.0
9,3.240800866747899,3.0
10,3.413381392192818,4.0
11,3.4754352696728157,2.0
12,3.7653686755617093,3.0
13,3.780628465433778,4.0
14,3.8230963187933287,3.0
15,3.8616435677225835,2.0
16,3.8767884110000588,3.0
17,4.167755279848474,0.0
18,4.27328548475751,0.0
19,4.369312369056424,4.0
20,4.634352855848413,3.0
21,4.700515169306502,2.0
22,4.716267569416119,1.0
23,4.738354251098152,4.0
24,4.91401687778949,3.0
25,5.406175248209148,2.0
26,5.50810902629466,1.0
27,5.543339328553104,3.0
28,5.5470994579911865,3.0
29,5.60135018627599,4.0
30,5.69674017006598,2.0
31,5.766310723825938,0.0
32,5.811550496567808,3.0
33,6.205419806555737,3.0
34,6.274533992392515,3.0
35,6.4808539083264876,2.0
36,6.484216294567387,3.0
37,6.495861970431537,0.0
38,6.7986551345373005,2.0
39,6.843772204489435,4.0
40,6.8678747259927295,4.0
41,6.899867570849778,0.0
42,7.1948651988671175,4.0
43,7.394928935522752,3.0
44,7.572854774453683,2.0
45,7.587274498567789,2.0
46,7.640722946460921,2.0
47,7.700285213681331,3.0
48,7.881541720676484,2.0
49,8.566420502510855,4.0
50,8.664225534300764,3.0
51,9.320131822736743,1.0
52,9.444440033714383,3.0
53,9.502001901489,2.0
54,9.527599084922318,3.0
55,9.555196400289413,3.0
56,9.698493023888753,3.0
57,9.784036221253439,4.0
58,9.794053861109964,4.0
59,9.80280638680334,2.0
60,9.925834903037375,2.0
61,9.944010265435661,2.0
62,9.970912361613012,2.0
