,time,event
0,0.43789085395084326,2.0
1,0.45440170355419074,3.0
2,0.5018361020926039,1.0
3,0.6999404342055415,4.0
4,0.7321918946689036,1.0
5,0.7651385300510342,0.0
6,0.8736119398268459,3.0
7,0.9590591009279279,0.0
8,1.082009086689356,4.0
9,1.1840834101998,1.0
10,1.241353945452439,4.0
11,1.3053326907429688,0.0
12,1.3754544733182967,0.0
13,1.4431876331745581,1.0
14,2.141496442887005,3.0
15,2.206660245964736,1.0
16,3.0481945412702776,3.0
17,3.1660895678857512,1.0
18,3.251159278798092,1.0
19,3.269321772181866,1.0
20,3.3611579050835974,2.0
21,3.381244572015714,4.0
22,3.609063343943785,3.0
23,3.954011069107801,4.0
24,4.178618990255066,1.0
25,4.1932739222595,0.0
26,4.206445651252366,1.0
27,4.560057400252733,2.0
28,4.649080388450688,4.0
29,4.668524316833343,3.0
30,4.737953261688109,3.0
31,4.863963700630409,1.0
32,4.881496624357621,4.0
33,4.887398420901292,0.0
34,4.900391523627356,0.0
35,4.934751021996475,0.0
36,4.9727052214986,4.0
37,5.392550885378806,4.0
38,5.401575860056767,4.0
39,5.410346738095835,4.0
40,5.448176246520601,0.0
41,5.695756988162341,0.0
42,5.700956628366883,4.0
43,5.786422964435508,1.0
44,5.89329835556098,2.0
45,5.900703821191548,2.0
46,5.910475008966732,0.0
47,6.046030239564801,3.0
48,6.107889644572274,1.0
49,6.177288734310832,1.0
50,6.450447731555725,3.0
51,6.7839684390261485,0.0
52,7.016029332817584,0.0
53,7.482838711063752,3.0
54,8.866753449204053,3.0
55,9.188236414596856,1.0
56,9.803074331794212,4.0
57,9.92800488507492,1.0
58,9.976330557310474,0.0
