,time,event
0,0.1133321732334367,0.0
1,0.45059700802459457,2.0
2,0.523265461901352,3.0
3,0.5334424119184794,1.0
4,0.5421586759476885,1.0
5,0.5562463822564537,0.0
6,0.6251491519219502,2.0
7,0.691704163466788,0.0
8,0.7790429719554178,0.0
9,1.7955559172281954,1.0
10,3.7006827400088547,3.0
11,3.828885219326893,1.0
12,4.215419860404572,0.0
13,4.394599432385334,2.0
14,4.619994922501093,2.0
15,5.363857672173568,4.0
16,5.516190622720964,3.0
17,5.745236654024324,1.0
18,5.896633790623501,4.0
19,5.927048005309365,4.0
20,5.927957606057006,4.0
21,5.99103546215636,2.0
22,6.015536455586376,4.0
23,6.174355136413082,3.0
24,6.283131257533812,4.0
25,6.62953724932415,2.0
26,6.905806023234316,2.0
27,6.948761399089285,1.0
28,7.044017949035272,0.0
29,7.190348769695679,3.0
30,7.219137484607275,1.0
31,7.273916784105222,4.0
32,7.329382409774976,0.0
33,7.395899711432374,4.0
34,7.4870909320188925,4.0
35,7.515243667193928,3.0
36,7.538688964217447,1.0
37,7.574442213571686,4.0
38,7.616236822425975,1.0
39,7.618791156201628,4.0
40,7.625160790236353,4.0
41,7.800823406579603,4.0
42,7.865702457418089,1.0
43,7.970674594181437,1.0
44,8.137299789407427,0.0
45,8.210827659744524,3.0
46,8.248584405552302,2.0
47,8.710977547342981,2.0
48,8.815537277246664,0.0
49,8.907332448704754,1.0
