,time,event
0,0.5113981068318001,0.0
1,1.0397396008299862,4.0
2,1.4032949522879201,1.0
3,1.683740420678871,0.0
4,1.6963919788267665,2.0
5,1.8550097043184939,1.0
6,2.0563045323574567,3.0
7,2.1573268990050365,4.0
8,2.4228016133740513,1.0
9,2.483834355794448,4.0
10,2.6506613525795664,0.0
11,3.380865847324032,4.0
12,3.4753298971708806,4.0
13,3.5327621892038725,0.0
14,3.6164810975162514,4.0
15,3.637391472913855,0.0
16,3.638122785541757,1.0
17,3.8477790213433005,2.0
18,4.157483128014675,3.0
19,4.2048808991273745,1.0
20,4.635003830821688,0.0
21,4.759038418824539,4.0
22,4.796157706570355,2.0
23,5.611738987409192,0.0
24,5.772115173818619,0.0
25,5.772734948137307,0.0
26,6.084826907913916,2.0
27,6.155894355545218,3.0
28,6.2454821401902665,3.0
29,6.341220136760681,0.0
30,6.401246452228144,4.0
31,6.402913225831618,4.0
32,6.429592496520654,4.0
33,6.441594776982265,2.0
34,6.574579052110544,0.0
35,6.604819939940294,2.0
36,6.671944378338588,2.0
37,6.832194900632479,2.0
38,6.836805673687011,2.0
39,6.851124608363044,3.0
40,7.14040593659263,1.0
41,7.34506032429045,0.0
42,8.359572663701135,3.0
43,8.691829713450014,3.0
44,9.337701588599904,4.0
45,9.754626103693372,0.0
46,9.823616756398728,2.0
