,time,event
0,0.23236809903333053,1.0
1,0.49187895480390503,3.0
2,0.6197568874040517,3.0
3,0.8194209270283548,4.0
4,1.2633196174743677,4.0
5,1.3703330733826058,2.0
6,1.6941867594344042,2.0
7,2.02923969976463,0.0
8,2.1364478355650287,4.0
9,2.1491096920323587,2.0
10,2.3703112975957574,2.0
11,2.6926078122132067,0.0
12,2.7874570894785924,0.0
13,2.9010945650099913,3.0
14,3.3911654375848976,0.0
15,3.5534881640898566,2.0
16,3.733798319679528,3.0
17,3.943305318807637,0.0
18,3.972103798454383,4.0
19,4.125206368384384,2.0
20,4.229278402196169,1.0
21,4.8880904648110155,1.0
22,4.891582926153906,2.0
23,4.903702622230792,1.0
24,4.978216293077232,0.0
25,4.989597546278992,0.0
26,4.9926713992438465,0.0
27,5.039173900412606,1.0
28,5.050565899774731,4.0
29,5.074929056071109,4.0
30,5.092618859238876,3.0
31,5.152046302595216,3.0
32,5.263538332048271,1.0
33,5.429850821289804,1.0
34,5.477886110125154,2.0
35,5.48999161303856,3.0
36,5.504977517220497,3.0
37,5.521089561725019,1.0
38,5.538049269548035,4.0
39,5.609557768098117,4.0
40,5.658599752674171,4.0
41,5.789473837992771,2.0
42,5.828165657706853,0.0
43,5.83790586876259,0.0
44,5.851666245534399,2.0
45,6.003650964232738,1.0
46,6.104668269714458,0.0
47,6.149243343342754,0.0
48,6.194674757727555,1.0
49,6.197630000771492,0.0
50,6.654542449062935,4.0
51,6.776755009213629,4.0
52,6.802250339674356,3.0
53,6.946101481008328,3.0
54,7.1516558961038585,2.0
55,7.203325475251067,2.0
56,7.2267993267345,1.0
57,7.268583579647471,0.0
58,7.328554818099294,1.0
59,7.692763541357591,0.0
60,7.718714760195302,4.0
61,7.990118403737861,2.0
62,8.044532751858396,0.0
63,8.203472438626557,3.0
64,8.483421736872076,3.0
65,8.53523148104646,2.0
66,8.546440310582783,0.0
67,8.54795804458213,0.0
68,8.575592286058576,1.0
69,8.670515258234945,3.0
70,8.675033033283842,4.0
71,8.71794314301543,4.0
72,8.726939979912391,2.0
73,8.878529055341238,4.0
74,8.951353867204512,2.0
75,8.96496273240232,3.0
76,9.088169689229321,1.0
77,9.113987212984819,2.0
78,9.17798817119116,0.0
79,9.202693418944397,4.0
80,9.54370831998463,2.0
81,9.706635324707225,1.0
82,9.739444461266155,1.0
83,9.832578081892347,0.0
84,9.881578256988506,2.0
