,time,event
0,0.04984820689918398,3.0
1,0.1053046344365059,0.0
2,0.17105422803458809,0.0
3,0.40360464387388784,3.0
4,0.5553240392325625,0.0
5,0.6404203621898601,2.0
6,0.6968419618448728,0.0
7,0.7055276723215994,0.0
8,0.7339473144112663,2.0
9,0.7739699363707339,0.0
10,0.8246162673974805,3.0
11,0.8503804390706418,2.0
12,1.0500183958059244,0.0
13,1.0691853169120114,1.0
14,1.0984637953488894,3.0
15,1.1010253383042754,0.0
16,1.175437118997428,2.0
17,1.2081147180979253,2.0
18,1.2286099126847478,1.0
19,1.278209753348757,3.0
20,1.3635139615240197,3.0
21,1.4463686750734401,1.0
22,1.5000325126150569,1.0
23,1.6830244180081928,0.0
24,1.7859518426159688,4.0
25,1.8632253736670963,4.0
26,1.9958167237761377,2.0
27,2.00999064861895,2.0
28,2.0444346333257473,4.0
29,2.611192829706682,4.0
30,3.554987511117109,0.0
31,5.023738015809413,3.0
32,5.175251334869566,2.0
33,5.40551776544579,0.0
34,6.068411320436971,2.0
35,6.280453872627032,3.0
36,6.338687703516581,4.0
37,6.419197664440449,0.0
38,6.491653277604004,2.0
39,6.491665612855877,3.0
40,6.513014393090603,0.0
41,6.602287370172288,2.0
42,6.7307237549217644,1.0
43,6.741295592297501,0.0
44,6.754106962709887,4.0
45,6.884357425265765,0.0
46,6.925949920010652,4.0
47,7.003284866803853,4.0
48,7.051071857324018,1.0
49,7.3880893827298735,2.0
50,7.572027301468163,1.0
51,7.743756676486034,2.0
52,7.984264149268169,4.0
53,8.062981218985396,1.0
54,8.191630058651683,4.0
55,8.19428963156861,4.0
56,8.200808310254821,3.0
57,8.261178141089406,3.0
58,8.26476656041583,0.0
59,8.396094528712842,3.0
60,8.438189230842298,1.0
61,8.581543717620747,3.0
62,8.754301199276881,2.0
63,8.852993378430652,1.0
64,8.946201483781197,0.0
65,8.959758981153048,0.0
66,8.993076199621068,0.0
67,9.009825021486513,0.0
68,9.141410678779785,4.0
69,9.573456786897637,4.0
70,9.721393201579204,0.0
71,9.84172448741942,1.0
72,9.859143217795985,2.0
