,time,event
0,0.1621048342820809,2.0
1,1.1589545866955242,1.0
2,1.3731018446550454,4.0
3,1.388532581319807,1.0
4,1.4301949042678077,1.0
5,1.5502798774667486,2.0
6,1.5508471806714448,4.0
7,1.6291507501221199,1.0
8,1.6303736173941827,3.0
9,1.6378531463484916,0.0
10,1.7752712176809886,2.0
11,1.8164722860288127,1.0
12,1.8273977660222098,3.0
13,1.8362753924353519,0.0
14,1.885939222974819,1.0
15,1.9736216082558755,4.0
16,2.1646275978749716,4.0
17,2.1958656710839537,2.0
18,2.2807039803792772,1.0
19,2.3038102441162183,4.0
20,2.3143400663540197,4.0
21,2.327138060573558,2.0
22,2.5661291134875195,0.0
23,2.5983119257935883,4.0
24,2.905937998811214,1.0
25,3.155165622866534,4.0
26,3.385716906258777,2.0
27,4.320753910983757,3.0
28,4.441805512558634,1.0
29,4.49333151214714,1.0
30,4.495139468594045,2.0
31,4.545907180528332,2.0
32,5.577981619830692,3.0
33,5.770560922115198,1.0
34,5.804613829769586,3.0
35,5.895961668163631,2.0
36,6.348879189188161,2.0
37,6.469208452040929,1.0
38,6.558746548444322,0.0
39,6.663947855023957,0.0
40,6.766550483563489,0.0
41,6.89158721485298,0.0
42,7.074056413808754,4.0
43,7.163031117186211,3.0
44,7.202864446948403,4.0
45,7.671621730284481,4.0
46,9.120474067050948,3.0
47,9.120861062196495,1.0
48,9.162836494272428,3.0
49,9.34916455707152,1.0
50,9.42304189824853,4.0
51,9.487663033772614,1.0
52,9.501880725734846,1.0
53,9.51841038392883,1.0
54,9.52786661529611,0.0
55,9.544470842666955,1.0
56,9.561091716003107,4.0
57,9.561627478348049,1.0
58,9.591539278204861,3.0
59,9.611950905702932,3.0
60,9.653580478387585,2.0
61,9.668951513187475,2.0
62,9.705192646641356,3.0
63,9.748171450540353,4.0
64,9.751804154103556,2.0
65,9.793791718377536,4.0
66,9.8121780597542,4.0
67,9.817186751760154,3.0
68,9.966058753553341,4.0
69,9.973831935297682,2.0
