,time,event
0,0.010081618953838713,1.0
1,0.06589563497896773,1.0
2,0.14061032405312343,4.0
3,0.1911944956980321,4.0
4,0.26094578200244456,1.0
5,0.6002134747138475,1.0
6,0.7916867821872473,4.0
7,0.8717614210272933,4.0
8,1.0087134113474672,4.0
9,1.2075429858922486,4.0
10,1.333664776976133,1.0
11,2.115997800119192,1.0
12,2.3065751992476105,4.0
13,2.599407564480034,3.0
14,2.8804571804313097,1.0
15,3.1075158728774204,1.0
16,3.719876690829829,4.0
17,3.7677684036797765,3.0
18,3.880794929256778,1.0
19,4.046634373566372,4.0
20,4.063284084233673,4.0
21,4.068505619863272,1.0
22,4.1374636373356655,3.0
23,4.365966540793623,0.0
24,4.378204915752304,1.0
25,4.399208883562758,3.0
26,4.452280989946949,4.0
27,4.600468281752091,1.0
28,4.690172650482997,2.0
29,4.7840204659975525,4.0
30,4.911944381835383,4.0
31,4.988446941890527,3.0
32,5.075894416620558,4.0
33,5.125938286430815,3.0
34,5.141177967948801,4.0
35,5.152175310294368,0.0
36,6.2677881909923645,2.0
37,6.414190408309386,1.0
38,7.38236911114871,3.0
39,7.41153248759677,3.0
40,7.494762268360535,4.0
41,8.212826849676803,4.0
42,8.549741058386603,4.0
43,8.689801721895508,4.0
44,8.722421090672139,4.0
45,8.993632740016679,1.0
46,9.034075530947636,2.0
47,9.264561723462839,3.0
48,9.296885493985831,4.0
49,9.540176703403944,1.0
50,9.592464003699861,0.0
51,9.59256355958624,4.0
52,9.624563708566306,4.0
53,9.703479879642126,1.0
54,9.952126029383429,2.0
