,time,event
0,1.7982829160789646,0.0
1,2.0970581144952494,3.0
2,2.1807156936771652,2.0
3,2.322217464174378,1.0
4,2.4064876725493245,0.0
5,2.455536115725818,1.0
6,2.4700994466887223,3.0
7,2.5063975703895047,2.0
8,2.660115817223198,1.0
9,2.777879995575503,3.0
10,2.8497891303600262,4.0
11,2.863318506274056,2.0
12,2.8904733625229366,2.0
13,3.196305556818968,1.0
14,3.230274142943748,0.0
15,3.2972103226452605,2.0
16,3.3086496078200147,3.0
17,3.310119807400747,4.0
18,3.3727610696902874,1.0
19,3.5317165128954464,1.0
20,3.548504851863356,0.0
21,3.576800840719107,4.0
22,3.676648486168571,2.0
23,3.718554708227071,2.0
24,3.7363282407218468,2.0
25,3.7946382741828115,3.0
26,3.9317506458981986,3.0
27,3.9621215363743874,4.0
28,3.9645806478282055,4.0
29,3.979475588443056,0.0
30,3.9833250344731246,0.0
31,4.064716900353925,0.0
32,4.252105559969637,0.0
33,4.374038140904601,0.0
34,4.492421708889332,3.0
35,4.517587330095612,1.0
36,4.703116927803261,0.0
37,4.8099049574395725,3.0
38,4.925096581497798,0.0
39,4.98720788789587,3.0
40,6.134077682525555,1.0
41,7.382940207878209,0.0
42,7.699023868188837,4.0
43,7.764142355746865,0.0
44,7.837450025695582,3.0
45,8.152645686376852,3.0
46,8.201094716284578,4.0
47,8.273468292955087,0.0
48,8.276696952522235,3.0
49,8.356020619652808,3.0
50,8.560470114149345,1.0
51,8.695354223325229,2.0
52,8.731558297870926,1.0
53,8.75644467008481,3.0
54,8.880593869442912,3.0
55,8.899794868464808,1.0
56,9.145653285633193,3.0
57,9.18804014402637,3.0
58,9.200864136406155,2.0
59,9.212560290620477,1.0
60,9.514424311505184,0.0
61,9.53576269637358,4.0
62,9.58087078065409,4.0
