,time,event
0,1.0439223184515862,0.0
1,2.036625720062748,0.0
2,2.3291270204523586,1.0
3,2.751242382102273,3.0
4,3.083282943970319,4.0
5,3.1294522401485714,3.0
6,4.245983724294602,0.0
7,4.317297362152207,3.0
8,6.524089707356015,0.0
9,11.754795536094566,0.0
10,12.601037556179461,2.0
11,12.667551275823818,3.0
12,12.69733422037001,3.0
13,13.178101482024344,3.0
14,13.799475175121746,1.0
15,13.97555614674665,1.0
16,14.543244197665164,4.0
17,15.279596592859807,0.0
18,17.767988400480288,0.0
19,18.28365163225247,2.0
20,19.316431112960306,1.0
21,19.99524528748798,0.0
22,22.155597366971957,1.0
23,22.225066630244285,3.0
24,22.96753930045721,1.0
25,24.265547882251735,3.0
26,26.066297806197415,0.0
27,26.94374972850986,0.0
28,27.31946028583091,1.0
29,27.41208966196213,0.0
30,27.43580441577706,4.0
31,28.122463869572403,1.0
32,28.149044851892693,2.0
33,28.166514351324007,4.0
34,28.561775185062867,1.0
35,28.640213656247443,3.0
36,28.843399518664636,4.0
37,28.849995751296227,4.0
38,30.610964986910034,3.0
39,31.002422497564645,3.0
40,31.34605856617239,1.0
41,31.352398879977216,0.0
42,35.09519883302173,3.0
43,35.43849570868766,4.0
44,36.45231655798672,3.0
45,45.03394942188102,1.0
46,46.38959558210383,3.0
47,48.79489915800389,1.0
48,52.05349507125347,1.0
49,52.328183135996056,2.0
50,52.346668871962954,3.0
51,52.47384034031951,1.0
52,52.556345198015144,0.0
53,52.91386378585604,4.0
54,53.21652105160019,3.0
55,53.23950777174637,0.0
56,54.31481523322507,1.0
57,55.35312683878889,4.0
58,56.1138198500358,1.0
59,56.17874112830328,1.0
60,56.56482306881206,0.0
61,57.13715424856374,4.0
62,57.77888881711778,4.0
63,58.10089777858269,4.0
64,60.33966935779668,1.0
65,62.137760791027354,1.0
66,64.20369769196772,3.0
67,64.6212695218233,3.0
68,65.14248392603135,4.0
69,66.24090109110556,4.0
70,66.34708306860396,4.0
71,66.62539422422638,1.0
72,66.85068978672822,4.0
73,66.95223875735779,4.0
74,72.3624467624936,0.0
75,74.6498110279223,0.0
76,75.458867346324,2.0
77,76.48902108781628,0.0
78,76.8093051668596,0.0
79,77.62461678788195,3.0
80,77.7106683919027,3.0
81,78.58430535711001,4.0
82,78.61358716140161,3.0
83,81.82593084705636,1.0
84,82.75087009328176,2.0
85,84.93290824793495,0.0
86,85.19255270272677,0.0
87,85.6564261948036,1.0
88,86.19167354044517,4.0
89,89.48898721120564,0.0
90,93.00799401776418,1.0
91,93.65726622076947,1.0
92,94.80094685481777,4.0
93,95.13558932320929,1.0
94,96.63696920474928,3.0
