,time,event
0,0.7508595204936768,1.0
1,5.502849321926041,3.0
2,5.591454311201006,3.0
3,6.657929821270846,4.0
4,7.5686149677784575,0.0
5,8.647575331203754,1.0
6,8.998481849156018,1.0
7,9.07543026135201,1.0
8,9.20956413006175,4.0
9,10.925568745499707,4.0
10,15.315721937314494,3.0
11,16.174300666358338,3.0
12,17.880529198360687,1.0
13,20.035329751471764,0.0
14,22.143614630480513,2.0
15,22.1818814447357,1.0
16,22.236544858890788,4.0
17,22.387692205077293,3.0
18,22.780111473639455,3.0
19,23.383707991728535,3.0
20,23.873219513229273,3.0
21,29.241959196959733,0.0
22,31.350595372103786,1.0
23,35.81568064851324,3.0
24,38.559955252539716,3.0
25,39.126100453602184,3.0
26,39.72473087148906,1.0
27,40.229792839546,2.0
28,40.34663999004066,3.0
29,41.88185346314888,4.0
30,43.88233098075852,0.0
31,44.32450470506274,4.0
32,44.602072297239935,4.0
33,44.800605452138164,1.0
34,45.08298829846564,0.0
35,45.64856827211228,0.0
36,45.766517459158386,4.0
37,46.33331666149871,4.0
38,48.127688025459825,2.0
39,48.32943936214235,3.0
40,48.50602286224925,3.0
41,48.64095490549382,0.0
42,49.38345677733533,3.0
43,49.97364757268884,1.0
44,50.38331881921202,0.0
45,51.11865061617773,0.0
46,51.13297217705811,3.0
47,51.2424212053889,2.0
48,51.333248854083365,4.0
49,51.66140323182298,2.0
50,51.78518290591358,0.0
51,51.90068226589396,3.0
52,53.16934383911845,3.0
53,53.31699471607558,3.0
54,53.60878024014674,1.0
55,53.687775762151986,3.0
56,54.52399990170559,3.0
57,55.45353748910504,3.0
58,55.7178205508182,3.0
59,56.10431605094492,3.0
60,56.33964680890976,2.0
61,57.446153370284115,3.0
62,58.78734330034229,3.0
63,60.55975359691487,0.0
64,62.503924038142415,1.0
65,62.71732670010045,1.0
66,63.84444267154216,1.0
67,65.45425546977376,1.0
68,65.49105433658193,0.0
69,65.68263242102378,2.0
70,65.72205436213034,0.0
71,66.87546757285023,4.0
72,69.19947610582781,1.0
73,69.20111530503404,1.0
74,69.46706049204569,4.0
75,69.54847107457515,4.0
76,70.19942106237193,1.0
77,71.8828725712551,1.0
78,72.19668969582528,4.0
79,73.13780667561028,4.0
80,74.95009009169982,1.0
81,75.08738770862021,0.0
82,81.11474023338148,3.0
83,83.05049414051884,1.0
84,90.31925726962034,1.0
85,94.27434797910776,0.0
86,94.7853512689605,3.0
87,95.32083972863613,3.0
88,96.46422800912138,3.0
89,98.1131831551381,3.0
90,99.04786725079117,2.0
91,99.08660567669222,0.0
92,99.80696571437635,4.0
