,time,event
0,0.22257813108063607,0.0
1,2.907793777783448,3.0
2,3.8387380529826904,3.0
3,9.15923112281862,3.0
4,9.574808244064382,3.0
5,10.925388058223147,4.0
6,11.788852875911127,0.0
7,12.592218645464285,0.0
8,13.459281564717173,0.0
9,13.84915259745675,1.0
10,14.567638586928096,3.0
11,14.632434505690375,2.0
12,17.349687129126735,3.0
13,25.291732066404418,3.0
14,25.437827268352482,0.0
15,25.914001074466697,0.0
16,26.539430974739133,1.0
17,27.943820696130643,4.0
18,28.559652260627768,4.0
19,28.82122514238377,4.0
20,31.76338881792004,1.0
21,32.594477848651486,0.0
22,32.918491549636514,3.0
23,33.18284985854411,2.0
24,35.200126102404674,1.0
25,35.849928875515566,3.0
26,36.05671213863346,2.0
27,36.13979429271289,1.0
28,36.689805678746325,1.0
29,38.30743751257687,0.0
30,38.55600430764269,0.0
31,41.64591390483873,4.0
32,46.204128858250144,1.0
33,48.32699965914001,3.0
34,49.852958556893526,3.0
35,51.05673021573509,3.0
36,52.925984379783614,4.0
37,55.11786645582327,0.0
38,55.23765810430187,2.0
39,55.4099977927061,0.0
40,55.60645673729937,3.0
41,57.20400859982847,1.0
42,57.424125117594684,4.0
43,57.52813304987335,0.0
44,57.852524608199985,3.0
45,62.9281242303788,3.0
46,63.56801079271478,0.0
47,65.1694950864493,1.0
48,68.1693825980987,3.0
49,74.66765491670031,3.0
50,75.10225659723562,3.0
51,75.17461285682047,3.0
52,75.42149184898008,3.0
53,75.74062986024454,2.0
54,75.79498304105091,2.0
55,76.27240007576343,3.0
56,77.08637152930955,4.0
57,77.32095349128444,2.0
58,78.49977654659924,1.0
59,78.70561441080368,3.0
60,78.81984350537215,0.0
61,79.14939211632402,3.0
62,79.17632982140712,1.0
63,79.26420710708616,1.0
64,79.58374893483696,0.0
65,79.59680375122394,4.0
66,79.67200864782673,1.0
67,79.87156305446676,4.0
68,80.01994972747684,4.0
69,80.03283332560906,0.0
70,80.10712714887,3.0
71,80.22423464742174,1.0
72,80.29674797135533,3.0
73,80.65546165178074,3.0
74,80.70554521629592,4.0
75,80.80056046841273,1.0
76,81.27526036645587,1.0
77,81.48175483641965,0.0
78,81.73841376321629,1.0
79,82.03560061178692,3.0
80,83.02105107631118,3.0
81,83.96875010372179,3.0
82,92.83524995552733,3.0
83,93.9142327142072,0.0
84,95.62795267654198,0.0
85,95.93394333297518,4.0
86,96.10084719226975,0.0
87,96.1708883523497,4.0
88,96.50169695651478,3.0
89,97.58221242788942,0.0
90,98.07434616965364,2.0
91,98.24069639015553,2.0
92,98.47850195428921,0.0
93,98.53476883222042,3.0
94,98.85188831649344,0.0
95,99.29665866499826,1.0
96,99.38252739462507,0.0
