,time,event
0,0.7343425840185467,1.0
1,1.05264601104235,3.0
2,1.058211800766411,0.0
3,1.2884041940903739,1.0
4,1.3673086775550536,4.0
5,1.3809912437710685,3.0
6,1.4828653397947118,0.0
7,1.6673355436623336,4.0
8,1.7094275552607248,0.0
9,1.7571964330948957,2.0
10,2.0239839165056623,4.0
11,2.357640184002511,0.0
12,2.4287842022460726,1.0
13,2.495567747115807,3.0
14,2.5875389787924834,0.0
15,2.84716384452581,4.0
16,2.9166843874216473,1.0
17,2.9310708628743334,1.0
18,2.9752592892399443,1.0
19,3.1080388157858314,1.0
20,3.143080453244464,3.0
21,3.326125311828062,4.0
22,3.332162027595924,4.0
23,3.864906709908464,4.0
24,3.884558936491351,3.0
25,3.9436720356765456,2.0
26,5.140548236186021,1.0
27,5.801854595143138,4.0
28,5.809529570827037,3.0
29,6.2618131087677185,3.0
30,6.703599701629649,0.0
31,6.714830637282136,2.0
32,7.068536899308874,0.0
33,7.18222805104408,4.0
34,7.245492301594779,4.0
35,7.253946641340706,1.0
36,7.259683194607742,4.0
37,7.339088676995726,3.0
38,7.363224363305218,4.0
39,7.404862063674972,0.0
40,7.441616097626577,0.0
41,7.470607442277171,0.0
42,7.50146745142508,1.0
43,7.536723648826601,3.0
44,7.556021873264465,4.0
45,7.643355054099621,3.0
46,7.671193513635549,0.0
47,7.794313591348091,2.0
48,7.916806393905263,0.0
49,8.149293822164804,3.0
50,8.216638100349819,0.0
51,8.219548823953486,4.0
52,8.225147175777353,0.0
53,8.326046599773916,1.0
54,8.371597431967173,4.0
55,8.476197453772077,1.0
56,8.485152983689838,4.0
57,8.531934064118975,3.0
58,8.733588034312831,1.0
59,8.800410764200858,0.0
60,9.257142551999207,3.0
61,9.367258193726938,1.0
62,9.47166029605022,4.0
63,9.482154441030117,1.0
64,9.52779734653059,0.0
65,9.625753492658529,1.0
66,9.637956703497244,3.0
67,9.800702077588896,0.0
68,9.903704770608275,1.0
