,time,event
0,0.03647764364907505,4.0
1,0.22178819866541044,0.0
2,0.6284391449697182,0.0
3,0.9775818012303741,3.0
4,1.3001104239246488,2.0
5,1.3955978937413893,4.0
6,1.468687097649226,3.0
7,1.5703660516767526,1.0
8,1.6811036582520151,4.0
9,1.7741292400385194,0.0
10,1.8684388072233375,0.0
11,1.8695590278845813,4.0
12,1.957551135048071,0.0
13,2.0575845815681473,4.0
14,2.153795239850168,2.0
15,2.16845151941217,0.0
16,2.2412246823895634,0.0
17,2.4395936160143052,3.0
18,2.4813390050667934,3.0
19,2.9488144531238163,2.0
20,3.0026692744418466,1.0
21,3.0163111306875594,1.0
22,3.0463972321820454,1.0
23,3.1246467384624492,3.0
24,3.1594306127102962,2.0
25,3.2856371406793277,1.0
26,3.317550315610091,3.0
27,3.3826198905066946,1.0
28,3.386365147620618,3.0
29,3.5224444946578846,3.0
30,3.6422926808688585,3.0
31,3.965566109485201,3.0
32,4.124160620097328,4.0
33,4.223252373290184,1.0
34,4.2582955203894945,0.0
35,4.281124736619655,4.0
36,4.412455868627671,3.0
37,4.428547617738707,0.0
38,4.481510351690786,2.0
39,4.885713910639122,0.0
40,4.895297375803419,4.0
41,5.00643870071148,0.0
42,5.175308411297578,1.0
43,5.334161035922045,2.0
44,5.47853832709135,2.0
45,5.813868683158221,1.0
46,5.946782452620709,4.0
47,6.093421164439704,0.0
48,6.226786552489142,2.0
49,6.251641953186306,1.0
50,6.268220873652801,2.0
51,6.589265842189455,1.0
52,6.7075744555407475,3.0
53,6.843893056261225,0.0
54,6.867496282255764,1.0
55,6.996889824499754,2.0
56,7.046581432090731,0.0
57,7.1119343369275905,3.0
58,7.117225906511708,0.0
59,7.164563572995849,2.0
60,7.165956061384736,4.0
61,7.36345908675281,2.0
62,7.481625529736202,2.0
63,7.548529554572769,4.0
64,7.621053862997382,3.0
65,7.656042070029093,2.0
66,8.072660686753304,1.0
67,8.774419178737704,4.0
68,8.837311216303778,0.0
69,8.847201873744472,4.0
70,9.977748619255399,0.0
