,time,event
0,0.47783296743059833,0.0
1,0.5537022430982175,4.0
2,0.6075116601046117,3.0
3,0.7278845337353399,2.0
4,0.9468700214601012,3.0
5,1.3298268990946185,2.0
6,1.4064562630436694,1.0
7,1.8448040183339873,3.0
8,1.892855589956331,1.0
9,1.9764916061506215,3.0
10,2.020196414561785,3.0
11,2.11190167179199,3.0
12,2.2235091476479196,4.0
13,2.51477172573096,1.0
14,2.547159311811975,4.0
15,2.775412891667629,1.0
16,2.8564477268764907,4.0
17,3.190685526443829,3.0
18,3.2586267442584393,3.0
19,3.364653578263418,1.0
20,3.598136397581164,3.0
21,3.613921527542046,0.0
22,3.70303785961541,2.0
23,3.844392929196979,0.0
24,3.892568395834498,1.0
25,3.958510192469663,4.0
26,3.9760949662858125,0.0
27,4.196948877451084,2.0
28,4.2775626215244795,2.0
29,4.383021016451714,3.0
30,4.498310814341479,2.0
31,4.5806995399321515,0.0
32,4.609212405959887,4.0
33,4.616186799214137,1.0
34,4.637343278664929,2.0
35,4.663971725462984,1.0
36,4.6667488833134945,3.0
37,4.7432096982860115,3.0
38,4.745633388622901,2.0
39,4.90174878364642,2.0
40,4.9049163543456835,3.0
41,4.978587599370581,4.0
42,5.083837226232037,1.0
43,5.1359973674331325,4.0
44,5.176055745753738,1.0
45,5.197679858026874,2.0
46,5.71146523099496,1.0
47,6.10733634630802,1.0
48,6.341318894095157,2.0
49,6.667134070337836,2.0
50,7.188522181269283,4.0
51,7.297164958954821,2.0
52,7.342968244921188,1.0
53,7.512564695793767,1.0
54,7.7589171182339545,3.0
55,7.914397210050089,1.0
56,7.918223707434295,2.0
57,7.934537898918139,1.0
58,8.055349333095,1.0
59,8.449709454703443,1.0
60,8.504868735914668,1.0
61,8.51916815660762,3.0
62,8.572190910843283,4.0
63,9.026027295076616,3.0
64,9.342444523287497,4.0
65,9.371499000806123,3.0
66,9.44411506382528,1.0
