,time,event
0,0.25769422117407015,2.0
1,0.5634236546925211,3.0
2,0.8164509094875202,4.0
3,0.9758048253289261,2.0
4,1.1052435106965013,0.0
5,1.127614255280802,1.0
6,1.1522404805838944,3.0
7,1.3610739913455627,2.0
8,1.3712054225650199,1.0
9,1.424149143587001,3.0
10,1.4728774155906388,3.0
11,1.533591846757422,0.0
12,1.5946075784439964,0.0
13,1.6427100856004504,1.0
14,1.6863752487780537,2.0
15,1.7277024202875062,0.0
16,2.6851085698734547,0.0
17,2.761835882082396,0.0
18,2.820540164217256,3.0
19,2.90303967670246,0.0
20,3.0223360019863597,3.0
21,3.070618632157158,4.0
22,3.119512569641384,4.0
23,3.1459612418233434,1.0
24,3.2174766498584333,1.0
25,3.5524615762869685,1.0
26,3.610720088533707,4.0
27,3.8623471569167815,1.0
28,3.928457126004197,3.0
29,3.9314399306206864,0.0
30,4.536126137065297,3.0
31,4.577907122203758,3.0
32,4.781512423045845,2.0
33,4.788197072535191,4.0
34,4.816340786607206,0.0
35,4.816907302624727,1.0
36,4.849611061587087,1.0
37,4.94047333367528,4.0
38,5.048541796787879,1.0
39,5.061491074357799,3.0
40,5.187365167298003,0.0
41,5.193818971709371,0.0
42,5.455543496554743,1.0
43,5.8864365131383956,2.0
44,5.989712846195632,3.0
45,6.033334812054117,3.0
46,6.034353154108101,1.0
47,6.104106749541786,3.0
48,6.23534420794674,2.0
49,6.31602110174109,0.0
50,6.529656861848503,0.0
51,6.548518952788007,2.0
52,6.596842465972214,0.0
53,6.705221899012515,2.0
54,6.823969707448404,0.0
55,6.832990178711451,3.0
56,6.8391901063391,0.0
57,6.994789212687605,1.0
58,7.175810848423621,2.0
59,7.179182572723204,0.0
60,7.2429826940939215,3.0
61,7.277186760879389,3.0
62,7.339570086595256,3.0
63,7.345616864597588,3.0
64,7.41684203460354,1.0
65,7.872911819744322,4.0
66,8.03464289362018,2.0
67,8.094973609733788,1.0
68,8.233061229807742,2.0
69,8.282522805400017,3.0
70,8.284440803506506,2.0
71,8.492225322713846,2.0
72,8.722159554905762,2.0
73,8.72573379911606,4.0
74,8.788034823967287,2.0
75,8.806274671085207,3.0
76,8.910946683828444,0.0
77,8.99533854637339,2.0
78,9.294197909294176,3.0
79,9.380469069322297,0.0
80,9.438278596205876,3.0
81,9.545684591894462,2.0
82,9.767746428646113,0.0
83,9.772700167728889,4.0
84,9.855183526844325,2.0
