,time,event
0,0.525286478248102,3.0
1,0.7392266292539522,0.0
2,0.8048294585629615,3.0
3,1.4421685531952062,0.0
4,2.0971263031853744,1.0
5,2.1321863387148596,0.0
6,2.2950163908596415,0.0
7,2.7189615751333376,3.0
8,2.892512735235824,1.0
9,3.5793819303631325,1.0
10,3.707325795506669,1.0
11,4.40957483622084,3.0
12,4.455296269463328,1.0
13,4.628239776027172,0.0
14,4.765398307226936,2.0
15,4.78321359977561,0.0
16,5.025776154660008,0.0
17,5.4480268468302535,1.0
18,5.673886155273635,1.0
19,5.7086205195341675,2.0
20,5.907652519428619,0.0
21,5.917216096992949,2.0
22,5.956797457601368,3.0
23,6.148508620711779,1.0
24,6.178577781814562,3.0
25,6.239889721542842,1.0
26,6.563267157170978,4.0
27,6.691362825757827,1.0
28,6.705795984911042,0.0
29,6.952876724761783,1.0
30,6.984326668431369,2.0
31,7.1998570939188955,4.0
32,7.41568736501541,0.0
33,7.551161317600071,3.0
34,7.757724904948769,0.0
35,7.830564273651929,4.0
36,8.588531274325504,4.0
37,8.865863805212262,4.0
38,9.168660444190882,4.0
