,time,event
0,0.7920268150073573,3.0
1,0.9204774032794115,2.0
2,2.165985168468378,3.0
3,2.761480517215137,4.0
4,3.5771502892177196,2.0
5,3.6830008231085585,4.0
6,3.7647876674461997,3.0
7,3.8253839396861613,3.0
8,3.940403553317264,0.0
9,3.99234932727786,0.0
10,4.064631180337103,3.0
11,4.345747642915554,2.0
12,4.354298681168812,0.0
13,4.80459500602825,2.0
14,4.8081337193524725,2.0
15,4.821760843364,2.0
16,5.000284392356253,2.0
17,5.023829865515754,2.0
18,5.099551964425923,0.0
19,5.240479963514276,3.0
20,6.944941068422972,3.0
21,7.311470829327172,2.0
22,7.505891251010417,4.0
23,7.803423471262,0.0
24,8.449401123547036,2.0
25,8.567361607156224,4.0
26,8.592815685525789,4.0
27,8.668729155890333,3.0
28,8.697947882297447,3.0
29,8.781011734192909,2.0
30,8.81225714762514,1.0
31,8.846679468465231,0.0
32,8.849014408720253,0.0
33,8.952572130943476,3.0
34,9.015031297495508,3.0
35,9.016336839860996,1.0
36,9.189828502606089,3.0
37,9.191435191416216,2.0
38,9.330531131168048,4.0
39,9.392005099911795,4.0
40,9.449499542148546,4.0
41,9.523024689245768,2.0
42,9.635916721656095,2.0
43,9.678250874054703,2.0
44,9.712931132606117,4.0
45,9.732327653126521,3.0
46,9.953851663939833,1.0
47,9.96072835552179,4.0
48,9.982503255260463,4.0
