,time,event
0,0.29466215104761917,2.0
1,0.3008122623622154,2.0
2,0.3319708934153703,2.0
3,0.34046248212029,3.0
4,0.518393148356081,0.0
5,0.5260938359551551,1.0
6,0.5280874508173871,2.0
7,0.5472055120215465,2.0
8,0.550035468596829,2.0
9,0.5862496052091342,0.0
10,0.7902864104920311,3.0
11,0.8532556639408888,3.0
12,0.9132722924331037,4.0
13,0.9765860927592608,0.0
14,1.0287530709048411,0.0
15,1.0706146233118212,3.0
16,1.0994016402808464,3.0
17,1.1095499535792996,0.0
18,1.1138738941379762,3.0
19,1.262173172237067,3.0
20,1.33174364273684,3.0
21,1.3802408549737757,0.0
22,1.4548452819888953,2.0
23,1.4813004863873487,3.0
24,1.5773597646937452,0.0
25,1.623692107829634,0.0
26,1.7037792441509618,2.0
27,1.740668248446951,4.0
28,1.8584413404419495,1.0
29,1.9043429796667706,1.0
30,1.9072870553501184,3.0
31,1.9786740634976936,4.0
32,1.9858225623619254,2.0
33,2.016464205881344,2.0
34,2.0409382655919277,3.0
35,2.0640231719120177,0.0
36,2.1601759018004647,0.0
37,2.1820643493246576,3.0
38,2.422545397943706,1.0
39,2.4630854113800975,0.0
40,2.5142946115896505,1.0
41,2.6328763976711365,4.0
42,3.079541082613409,2.0
43,3.271008287927865,3.0
44,3.897642245549789,2.0
45,4.3083808601348235,2.0
46,4.3243380986632785,2.0
47,4.71990220614027,3.0
48,5.009384927300039,2.0
49,5.022295848488959,3.0
50,5.062312213877078,3.0
51,5.236602412378399,2.0
52,5.464991902158522,3.0
53,5.467671502270829,4.0
54,5.504206488685134,2.0
55,5.508018598656444,2.0
56,5.614410743458902,3.0
57,5.6772635572523775,4.0
58,5.758025316261279,3.0
59,6.207977016763472,4.0
60,6.8892852204177615,2.0
61,6.956739799415239,1.0
62,7.019761106120012,4.0
63,7.113956630795353,2.0
64,7.151864423837042,2.0
65,7.540190818458778,1.0
66,7.803932221785235,0.0
67,8.041819226932041,2.0
68,8.061907293892187,2.0
69,8.201574450999377,4.0
70,8.236171669825302,4.0
71,8.31634739330674,2.0
72,8.413949834553973,3.0
73,8.447251968422135,4.0
74,8.508759243791067,3.0
75,8.545796172328401,3.0
76,8.683374659315666,3.0
77,8.912375291030902,2.0
78,8.968964322315502,3.0
79,8.998699119944341,0.0
80,9.111442602825715,2.0
81,9.126256754065347,4.0
82,9.396413374664595,2.0
83,9.578088855498432,3.0
