,time,event
0,1.1342524623979628,3.0
1,1.2258864430578287,3.0
2,1.2605535220017794,4.0
3,1.3365122455460001,1.0
4,1.471729314546613,4.0
5,1.6078535469703226,2.0
6,1.6137730164761548,3.0
7,1.61770250404935,4.0
8,1.6188950578690362,3.0
9,1.6259823106766675,4.0
10,1.6416651909693343,3.0
11,1.6648682891340127,3.0
12,1.6936640535332148,3.0
13,1.7255425165664242,1.0
14,1.777818251188649,4.0
15,1.8884540829112324,4.0
16,2.0436013397882578,4.0
17,2.057888392966179,3.0
18,2.060117105344826,1.0
19,2.1294953343434257,4.0
20,2.370501577636276,1.0
21,4.042453018371679,3.0
22,4.226069711541399,3.0
23,4.549616963438768,4.0
24,4.5738720217705575,4.0
25,4.5743880181607945,4.0
26,4.632934132039887,1.0
27,4.91015309877831,3.0
28,5.000225191927748,3.0
29,5.224204101677723,2.0
30,5.422054088494071,2.0
31,5.493682813346846,1.0
32,5.989908685720254,3.0
33,6.013915281560813,4.0
34,6.049217782896657,3.0
35,6.099470013282543,4.0
36,6.594770662111274,3.0
37,7.561380128505997,3.0
38,7.727919387022199,2.0
39,7.819869973192596,0.0
40,7.820445486290208,0.0
41,7.950083681273615,0.0
42,8.485457284582996,3.0
43,8.550838225615133,2.0
44,8.78178612137434,3.0
45,8.808514471212758,2.0
46,8.836156545201304,2.0
47,8.906846368077998,2.0
48,8.920217637974472,4.0
49,8.953663477320243,3.0
50,9.017657300174111,2.0
51,9.048750447812344,3.0
52,9.106978452862627,4.0
53,9.126556873600606,2.0
54,9.156579525378032,1.0
55,9.30638729921375,2.0
56,9.334209931059101,1.0
57,9.451136276772104,0.0
58,9.456282524563882,2.0
59,9.527745857793713,2.0
60,9.57802258463095,2.0
61,9.6659791101376,3.0
62,9.912910701583712,3.0
