,time,event
0,0.8374601460101254,2.0
1,0.8429431706151173,4.0
2,1.1595669255187577,2.0
3,1.1697460412493814,3.0
4,1.174889478147664,3.0
5,1.1761423679105578,1.0
6,1.5731356480362308,2.0
7,1.5951237301969692,3.0
8,2.162554970199063,1.0
9,2.181209405805745,2.0
10,2.181490387970931,2.0
11,2.195768774360566,3.0
12,2.307492606005211,4.0
13,2.340690246793471,2.0
14,2.375064819584893,3.0
15,2.391611709256846,2.0
16,2.397471004865289,4.0
17,2.428731886904881,3.0
18,2.51527954857297,3.0
19,2.609371649246755,0.0
20,2.6569394765889975,1.0
21,2.661814235011388,3.0
22,2.6833339977050454,4.0
23,2.720720802717005,3.0
24,2.7294443776014856,2.0
25,2.961274745923889,2.0
26,3.0194827357684004,3.0
27,3.2263430198724428,0.0
28,3.451320057296152,2.0
29,3.497880901708097,0.0
30,3.6453914007239705,3.0
31,3.7434501314743263,3.0
32,3.878729898523435,3.0
33,3.884762090498907,2.0
34,3.8899410182242287,4.0
35,3.895267405297141,2.0
36,3.9639449155725712,1.0
37,3.9676421794048244,2.0
38,3.9894703651605683,4.0
39,3.990458966076668,2.0
40,4.058939084009784,2.0
41,4.134809031808316,4.0
42,4.135169744930201,1.0
43,4.18822691814049,3.0
44,4.197277346741152,4.0
45,4.351954801865885,4.0
46,4.41296189580261,4.0
47,4.445967515887392,1.0
48,4.587711185628829,4.0
49,4.6875095168604455,1.0
50,4.692673294808559,1.0
51,4.737730756625326,3.0
52,4.784407461265265,2.0
53,5.392814164354792,1.0
54,5.567717309371149,2.0
55,7.467315103727309,2.0
56,9.278558188578499,1.0
