,time,event
0,0.3998832158047166,1.0
1,1.7000299574308446,3.0
2,2.6623280112765153,2.0
3,3.1182209799348266,1.0
4,3.2766794700460187,0.0
5,3.685197670842955,1.0
6,3.8364451240048156,1.0
7,4.069897936227829,2.0
8,4.227196306199267,4.0
9,4.283235786547513,3.0
10,4.3382655804569685,3.0
11,4.348302320480973,2.0
12,4.384398736132358,1.0
13,4.440231559803477,3.0
14,4.444841148298103,2.0
15,4.476260241453808,0.0
16,4.489099858017482,2.0
17,4.615021776292582,0.0
18,4.618940000647605,1.0
19,4.698733279644059,2.0
20,4.718841246018862,0.0
21,4.791913172898123,1.0
22,4.809768867422929,2.0
23,4.846355479284457,0.0
24,4.91738735212906,0.0
25,4.984399488952568,2.0
26,5.108125754349637,4.0
27,5.5471935876571745,3.0
28,5.662152577312151,4.0
29,5.7584993840802206,3.0
30,6.370527531757402,4.0
31,7.035304529796037,4.0
32,7.038053155287695,0.0
33,7.045517789839538,2.0
34,7.268762606868793,3.0
35,7.457199996780816,1.0
36,7.723615262089149,2.0
37,9.100581687712369,2.0
38,9.376354165963662,4.0
39,9.46000660375316,2.0
40,9.569861662734509,2.0
41,9.59851239902786,0.0
42,9.70240266470474,2.0
43,9.71993184626819,0.0
44,9.815073134313685,2.0
45,9.895685192635122,2.0
46,9.961260975096641,2.0
47,9.979793256894625,1.0
48,9.993422521817727,1.0
49,9.993848046547397,3.0
50,9.996242454864428,4.0
