,time,event
0,0.14355380504328602,3.0
1,0.15034056028267861,2.0
2,0.2668186512891378,3.0
3,1.9445891145703313,3.0
4,2.3500295728125216,2.0
5,2.4723003562095336,0.0
6,2.536096914944311,4.0
7,2.6191380903609267,2.0
8,2.6283308702207613,2.0
9,2.6390255142831553,0.0
10,2.640926037575263,1.0
11,2.742907380868737,4.0
12,2.863974955649741,0.0
13,2.9498101518140056,0.0
14,3.034790516339993,0.0
15,3.134912580767687,4.0
16,3.2164121302344086,1.0
17,3.24721250013757,1.0
18,3.397481097100891,2.0
19,3.4256930708358047,0.0
20,3.4400310683291946,3.0
21,3.692937758105464,0.0
22,3.7721105256601235,1.0
23,3.7837792704732656,2.0
24,3.8272004899025966,3.0
25,3.8475098930914413,3.0
26,4.119504956472673,3.0
27,4.242881493956729,4.0
28,4.25171670019449,4.0
29,4.528560850409951,1.0
30,4.57645511059126,4.0
31,4.5868801886212225,3.0
32,4.591460772104204,3.0
33,4.804991047179149,4.0
34,5.257248547170173,4.0
35,5.389444726639684,2.0
36,5.408045035506998,2.0
37,5.453813464818322,3.0
38,5.667920513942368,3.0
39,5.701992914015036,3.0
40,5.7645841432237885,4.0
41,5.870694089953753,4.0
42,5.9207135955394445,2.0
43,6.0175556545380235,4.0
44,6.088285626378906,3.0
45,6.282642647626914,1.0
46,6.290409238017511,3.0
47,6.325913859711823,2.0
48,6.518634266559898,4.0
49,6.540242656752492,3.0
50,6.556817818589238,4.0
51,6.745834262596981,3.0
52,6.7574002706820515,1.0
53,6.765932212348765,4.0
54,7.0986272338112455,2.0
55,7.130336466396253,2.0
56,7.184351940726273,4.0
57,7.234546850790525,3.0
58,7.267603404457248,1.0
59,7.291749696821711,3.0
60,7.303787052526568,1.0
61,7.343882696585788,2.0
62,7.345872626543363,4.0
63,7.354735534788798,3.0
64,7.370934681202182,1.0
65,7.379151216309462,3.0
66,7.394474498352149,3.0
67,7.410981694466438,2.0
68,7.453428305219936,2.0
69,7.531941909621932,1.0
70,7.563409303990102,4.0
71,7.5702213377823595,1.0
72,7.580610615011593,1.0
73,7.617456939873644,2.0
74,7.85090379151493,3.0
75,8.757059292616189,1.0
76,9.052211647611887,2.0
77,9.431799591207945,3.0
78,9.563056717198856,2.0
79,9.612375847589666,1.0
