,time,event
0,0.18609796750496888,3.0
1,0.4186558821814092,3.0
2,0.4556802363537266,2.0
3,0.975547591178826,2.0
4,1.1758881450249694,4.0
5,1.656320431332695,4.0
6,2.0249069414522745,2.0
7,2.2004844758846698,1.0
8,2.2375407826291,2.0
9,2.249269491390318,0.0
10,2.28539814963223,0.0
11,2.3190607154898064,3.0
12,2.321073108428793,1.0
13,2.435791566299647,2.0
14,2.4413620883710445,1.0
15,2.4436592127106254,1.0
16,2.5658662538003933,3.0
17,2.5774355953796366,3.0
18,2.669005318432606,3.0
19,2.6918071068940215,3.0
20,2.6925038741112446,1.0
21,2.726742637000494,0.0
22,2.80777707643035,4.0
23,2.8431643837614464,1.0
24,2.8659816940261074,0.0
25,2.8783763252110144,1.0
26,2.917867523120381,1.0
27,2.982394919387863,3.0
28,3.115576590409677,1.0
29,3.1979535277733953,0.0
30,3.670238704885675,0.0
31,3.826576348180325,4.0
32,4.028578695202297,2.0
33,4.124443659359393,0.0
34,4.1450711380624945,2.0
35,4.194999071341459,0.0
36,4.406542401321612,0.0
37,4.943478810544819,3.0
38,5.550927857449091,3.0
39,6.644206495382017,2.0
40,7.056363852929444,1.0
41,7.444163815334427,4.0
42,7.64161004465392,4.0
43,7.73610539781417,0.0
44,7.893423057052834,1.0
45,8.155287794168487,0.0
46,8.163753559370655,3.0
47,8.192019282618524,3.0
48,8.293926603183301,1.0
49,8.670098674158218,2.0
50,8.816157905281775,3.0
51,9.00214226482974,0.0
52,9.658176133120817,2.0
53,9.763252707327895,3.0
54,9.838740476909711,0.0
