,time,event
0,0.21207780866391468,4.0
1,1.083771010039852,3.0
2,1.4454303126032877,2.0
3,2.0705136951302054,4.0
4,2.203839104356529,2.0
5,2.29466364682815,3.0
6,2.511459410625477,2.0
7,2.578397699817945,0.0
8,2.7048867921463806,2.0
9,3.0301580097760334,1.0
10,3.1743459955930464,2.0
11,3.630742730184428,4.0
12,3.769898388672883,2.0
13,4.131609574241553,3.0
14,4.241682041550423,0.0
15,4.2940527396271815,2.0
16,4.982246115989173,4.0
17,4.98831581061564,0.0
18,5.075226522115573,0.0
19,5.121241157492788,1.0
20,7.300427254693755,2.0
21,7.88998241312232,2.0
22,7.999251317543804,3.0
23,8.032472963172182,0.0
24,8.300855870284503,1.0
25,8.307210366299067,2.0
26,8.424553139529014,4.0
27,8.467096724001737,3.0
28,8.471950911762509,4.0
29,8.482670787048768,0.0
30,8.688726243447995,0.0
31,8.905754806554762,2.0
32,8.915938386459894,3.0
33,9.01752008630869,3.0
34,9.111836495946882,0.0
35,9.415703982613039,2.0
36,9.455802367575977,3.0
37,9.572446753969647,3.0
