,time,event
0,0.29929862497714166,1.0
1,0.40176986611809257,2.0
2,0.8361952720265557,2.0
3,1.0039832382565193,2.0
4,1.1272009199863597,2.0
5,1.326362966664104,2.0
6,1.490186888304646,4.0
7,1.4957951236654925,4.0
8,1.8386689729663002,1.0
9,2.135550424169727,4.0
10,4.074495279695037,2.0
11,4.1142273123672135,2.0
12,4.645139674436106,2.0
13,4.765102035090059,2.0
14,4.8257037376846155,3.0
15,4.828590552210533,3.0
16,4.837760278327535,3.0
17,4.985832553283343,2.0
18,5.055336384638642,3.0
19,5.060704554804527,2.0
20,5.109247074577295,3.0
21,5.109848374362102,1.0
22,5.194141492631208,2.0
23,5.24677484874853,0.0
24,5.393209820141325,3.0
25,9.465650477149405,4.0
26,9.966804352013503,1.0
