,time,event
0,0.13466130989284808,0.0
1,0.674926107406565,2.0
2,0.9049153067423795,1.0
3,0.9218505200217945,2.0
4,1.1321700104001942,0.0
5,1.1456259961978337,4.0
6,1.206052198686582,4.0
7,2.5828457390626083,4.0
8,2.8617248691831336,2.0
9,3.165210833248576,2.0
10,3.198638151841557,1.0
11,5.3121554336958665,2.0
12,6.231450769714353,1.0
13,6.3678067607909865,2.0
14,6.579923942149583,3.0
15,6.671979371969946,3.0
16,6.728576806785607,3.0
17,6.738495974720574,2.0
18,7.0180865516790325,3.0
19,7.0503486366911865,4.0
20,7.172200418492011,3.0
21,7.448723777161472,0.0
22,7.534053687665039,2.0
23,8.379485196989911,2.0
24,8.635024094520224,3.0
25,9.695748911616803,3.0
