,time,event
0,0.4128070082180668,2.0
1,0.509972552504682,1.0
2,0.5452848101467258,2.0
3,0.6073687034028489,0.0
4,1.029363247756338,2.0
5,2.2466837705808462,2.0
6,3.728491872678158,3.0
7,5.45693589247705,3.0
8,5.842474024053418,1.0
9,6.048023183176641,3.0
10,6.172217121554388,3.0
11,7.081170828952796,3.0
12,7.129188824235003,1.0
13,7.178145213244879,1.0
14,7.218008207892431,3.0
15,7.273031358788915,1.0
16,7.540573220345226,3.0
17,7.603846293920327,2.0
18,8.557324986207094,2.0
19,8.805075649896443,4.0
20,8.993817344280885,3.0
21,9.02451373749277,3.0
22,9.051596816540167,2.0
23,9.140126517811117,2.0
24,9.143366948932952,1.0
25,9.243458371191519,3.0
