,time,event
0,0.9695485802431366,3.0
1,1.9538389268255065,2.0
2,2.191892737313713,2.0
3,2.2023089150070714,2.0
4,2.4963831347589864,3.0
5,2.652671872079534,1.0
6,2.7070815247684723,0.0
7,3.110993572502825,4.0
8,3.1375674424824367,2.0
9,3.2003645468524553,1.0
10,3.3033161033569765,3.0
11,3.3466489813543614,1.0
12,4.0085933440217,2.0
13,4.299698870752477,2.0
14,4.424802108046294,4.0
15,4.438344273270257,1.0
16,5.136262957436981,3.0
17,5.289680707829071,3.0
18,5.4924993215624545,3.0
19,6.202444313021456,2.0
20,6.363679377285118,1.0
21,6.449051098525914,4.0
22,6.9075073215029485,3.0
23,6.994842725320041,3.0
24,7.08465212294483,0.0
25,7.2992746924315535,3.0
26,7.676086083371399,1.0
27,8.42985182922408,3.0
28,8.729684417228372,3.0
29,8.981790954069057,3.0
30,9.229392994844629,3.0
31,9.365412709912551,1.0
32,9.440741791939816,1.0
33,9.63752220491375,2.0
