,time,event
0,0.18638843632608826,0.0
1,1.1446272536474682,3.0
2,1.2555517402624943,2.0
3,1.6548425318688855,2.0
4,1.7372075955115727,3.0
5,2.2388423862802753,2.0
6,3.1137814362437948,2.0
7,3.140740359319399,2.0
8,4.261509566131714,3.0
9,4.434510119932409,3.0
10,5.444765760208131,3.0
11,5.821586527808972,3.0
12,9.178594273715763,2.0
13,9.606314088154866,2.0
14,9.887582778136728,2.0
