,time,event
0,0.12813276880954022,2.0
1,0.8575787530344676,3.0
2,0.8961119949241408,3.0
3,0.9062858999898196,1.0
4,1.0154571179325182,2.0
5,1.0252688712230213,3.0
6,1.0690623238646504,4.0
7,1.3360743849539074,2.0
8,1.377302640829787,4.0
9,1.3900931221653856,3.0
10,1.3957055024500054,2.0
11,1.475830073028736,4.0
12,1.4768920757750192,2.0
13,1.5333895633238162,0.0
14,1.5696361830160745,4.0
15,1.6198404994329851,0.0
16,1.6664286269758084,3.0
17,1.6696273258274388,3.0
18,1.7006783959087077,0.0
19,1.7027410886242695,0.0
20,1.7368383196672188,3.0
21,1.8274943516244146,1.0
22,2.10313090832846,0.0
23,2.1338431563383744,1.0
24,2.1492138535280083,3.0
25,2.1604479727427806,2.0
26,2.174337638623009,1.0
27,2.2013201393216577,2.0
28,2.201930202430236,3.0
29,2.386725354377915,3.0
30,2.5060209413520096,0.0
31,2.7173380366318516,2.0
32,2.875425423078574,2.0
33,2.9467674532150987,0.0
34,3.330258352833798,3.0
35,3.491038446564098,0.0
36,3.6206566231158837,4.0
37,3.6615003270349513,1.0
38,3.744469151353719,0.0
39,4.237589576987952,3.0
40,4.312891662972235,2.0
41,4.35702795668779,2.0
42,4.394108470943157,4.0
43,4.463330885187962,1.0
44,4.57619130614013,2.0
45,4.698742234976028,2.0
46,4.802546209746654,4.0
47,4.836234647606669,4.0
48,4.967288048279434,2.0
49,5.117971256236027,2.0
50,5.198412280818187,2.0
51,5.488936673957783,3.0
52,6.503518104548229,3.0
53,6.513373139279121,1.0
54,7.280348052976327,2.0
55,8.020815989349671,2.0
56,8.051221101379458,4.0
57,8.13719363212031,2.0
58,8.460928746038142,4.0
59,8.554460305414539,3.0
60,8.560850949651371,3.0
61,8.655506693947224,4.0
62,8.666431800008182,3.0
63,8.709842820697128,2.0
64,8.75329337438758,0.0
65,8.757461164219983,0.0
66,8.776482615795043,1.0
67,8.88952862072839,2.0
68,8.898053765920064,4.0
69,8.899584993167313,2.0
70,9.049096526121877,3.0
71,9.076087534398312,3.0
72,9.130899606182698,0.0
73,9.215307228616284,0.0
74,9.307357102073343,2.0
75,9.326379449577455,0.0
76,9.326504628275677,0.0
77,9.386521386059194,1.0
78,9.465559502002138,2.0
79,9.465942823073899,1.0
80,9.47716805793007,1.0
81,9.479685684616474,2.0
82,9.508724827521085,4.0
83,9.525028078496998,2.0
84,9.537611859517916,0.0
85,9.538132574346601,2.0
86,9.573177904732825,1.0
87,9.725142087797447,0.0
