,time,event
0,0.013242618033645407,3.0
1,0.14579704444684052,0.0
2,0.846881161942148,3.0
3,1.0040596590426139,0.0
4,1.9919702299280555,2.0
5,3.7710820685289175,2.0
6,3.929795582213661,4.0
7,3.9691532281834716,1.0
8,4.136048223470437,2.0
9,4.263043236121686,4.0
10,4.6322208939743295,2.0
11,4.65104127370062,2.0
12,4.692835696103284,4.0
13,4.789877332171228,1.0
14,4.79637306684667,4.0
15,4.810774748130636,4.0
16,4.859530758664623,0.0
17,5.08139096641374,3.0
18,5.086270749739198,1.0
19,5.167206276325878,2.0
20,5.18403671173307,1.0
21,5.25647328544924,2.0
22,5.300365061322246,1.0
23,5.3368794593437325,2.0
24,5.3511744854034635,4.0
25,5.360468258609541,4.0
26,5.386069929190442,0.0
27,5.647431048253393,4.0
28,5.764847137799498,3.0
29,5.828999295694134,2.0
30,5.90629315070905,3.0
31,6.013491311768207,1.0
32,6.027940553035943,3.0
33,6.235695815847379,3.0
34,6.374464551175009,1.0
35,6.382885991235607,3.0
36,6.456737993364295,4.0
37,6.4592939855328755,2.0
38,6.599851606736144,4.0
39,6.721941369868349,1.0
40,6.728041484945514,4.0
41,6.900215145115866,2.0
42,6.945932431563097,1.0
43,7.025657512998124,2.0
44,7.08487930252244,2.0
45,7.119689879625101,1.0
46,7.1525398282558665,2.0
47,7.312159304963942,3.0
48,7.349333536249025,2.0
49,7.380758915602883,4.0
50,7.395547890303062,0.0
51,7.43424893888928,0.0
52,7.463182033717975,1.0
53,7.5063851298170885,1.0
54,7.51112072250291,1.0
55,7.606561010136198,4.0
56,7.636269533699187,1.0
57,7.638549518685745,3.0
58,7.696668718223414,1.0
59,7.710015399995684,3.0
60,7.846490957598775,1.0
61,7.852046685946799,0.0
62,7.9131691962033734,3.0
63,8.07969224477846,4.0
64,8.118793053440088,2.0
65,8.122341534980656,1.0
66,8.301323258316797,2.0
67,8.341224456092595,3.0
68,8.407858738957371,2.0
69,8.495715171595096,1.0
70,8.52807684873824,0.0
71,8.529007395721477,0.0
72,8.55477087711833,3.0
73,8.60576537951879,4.0
74,8.721934400521679,1.0
75,8.77416123584887,0.0
76,8.831182254884924,2.0
77,8.84332244552576,1.0
78,8.849637131048157,0.0
79,8.85194676980407,4.0
80,8.944813824086575,0.0
81,9.0992191003242,4.0
82,9.179142658882556,3.0
83,9.360852277092278,1.0
84,9.5216591409834,3.0
85,9.905335515883383,4.0
86,9.920229668926767,1.0
87,9.993180083370559,2.0
88,9.99740299077984,0.0
