,time,event
0,0.2221685798797583,4.0
1,0.33288814240303477,3.0
2,0.7221004313384755,3.0
3,0.733018453597754,2.0
4,0.9083231361232379,4.0
5,1.163713355832558,2.0
6,1.535101860843138,3.0
7,1.5354334569654873,4.0
8,1.653572168165351,1.0
9,1.889884875242201,3.0
10,2.015781063531621,4.0
11,2.633421866083054,2.0
12,3.139376310519923,3.0
13,3.4236962707164946,3.0
14,3.6494015726130637,1.0
15,4.222955337796664,3.0
16,4.459940878593621,2.0
17,5.071215659180621,0.0
18,5.460240474970633,3.0
19,5.673516264587726,3.0
20,5.827839882609662,2.0
21,6.00874271038465,0.0
22,6.152678468942036,0.0
23,6.31201781270589,4.0
24,6.415016356073134,1.0
25,6.455206414169745,0.0
26,6.74418867328097,1.0
27,7.027279226122113,0.0
28,7.142913542467392,3.0
29,8.010752601270035,2.0
30,8.337039052141074,3.0
31,8.343238015276244,0.0
32,8.38317327345795,4.0
33,8.396441836217328,2.0
34,8.460470306985235,0.0
35,8.471598154888078,0.0
36,9.04491312795916,1.0
37,9.200737209713617,1.0
38,9.354623576710697,3.0
39,9.532152484454793,1.0
40,9.84069210584722,0.0
41,9.982471582760903,4.0
