,time,event
0,0.381750159762793,0.0
1,0.6170729970528868,1.0
2,0.6656893919339011,0.0
3,0.6688415611237617,2.0
4,0.7517517033002566,0.0
5,1.2587995338504492,2.0
6,1.6218389071829666,0.0
7,1.871080131968108,3.0
8,2.1053361779612914,3.0
9,2.2376391675657463,3.0
10,2.7503219757982995,2.0
11,2.804679767113376,1.0
12,3.2210554958563913,2.0
13,3.2557342956311563,2.0
14,3.3350482134362425,0.0
15,3.463266353891984,1.0
16,3.7534909481557026,3.0
17,3.796821197319603,3.0
18,3.9645814487120004,4.0
19,3.9783284985450167,2.0
20,4.259069417865352,4.0
21,4.315984315037895,4.0
22,4.352626775764258,1.0
23,4.392355357003572,0.0
24,4.406027868804819,4.0
25,4.692116333597474,3.0
26,4.86471225077096,3.0
27,4.902818536769208,1.0
28,5.017787116926421,2.0
29,5.251104605297382,3.0
30,5.292173020537323,4.0
31,5.323741695947292,4.0
32,5.389807702402229,3.0
33,5.6429402247161535,3.0
34,5.715051299057249,0.0
35,5.937489374891802,3.0
36,6.048935256872967,0.0
37,6.191051097050546,2.0
38,6.415806424267095,1.0
39,6.461611453117844,0.0
40,6.503401476000498,2.0
41,6.609627065990906,4.0
42,7.0833378486919445,4.0
43,7.111569143503562,3.0
44,7.194343324302637,3.0
45,7.248706085482024,0.0
46,7.268356444168569,4.0
47,7.2899221022512615,3.0
48,7.304487217061393,1.0
49,7.329903533324271,2.0
50,7.440571328209458,0.0
51,7.495966971555914,1.0
52,7.595719031015195,2.0
53,7.662412966042723,2.0
54,7.767563684844361,3.0
55,7.769303558724055,4.0
56,7.794601008715695,1.0
57,7.810785084361305,2.0
58,7.949211388550912,1.0
59,7.9996154963274835,0.0
60,8.000293618214075,2.0
61,8.043635857538266,3.0
62,8.096212916226987,0.0
63,8.410080614019048,1.0
64,8.490901792145216,3.0
65,8.545772986693033,4.0
66,8.625793724043188,3.0
67,8.646557496795305,2.0
68,9.119010725134704,2.0
69,9.153508696950789,3.0
70,9.642193635467516,3.0
71,9.93180800455238,1.0
