,time,event
0,0.03978622496176322,4.0
1,0.07724302201653058,4.0
2,0.15581808729901847,1.0
3,0.42787619419620954,0.0
4,0.4584371383707477,1.0
5,0.7232191388416289,0.0
6,1.047159633757051,3.0
7,1.5564063107998807,2.0
8,1.7416679434774938,2.0
9,1.7964888097350264,2.0
10,1.9003605040835028,0.0
11,1.9226856996592399,1.0
12,1.979422024486826,1.0
13,2.0311959856923827,0.0
14,2.032571723559163,3.0
15,2.065339527750278,1.0
16,2.0789458108702483,4.0
17,2.136667854228761,2.0
18,2.1959126188289293,0.0
19,2.2748924101694343,3.0
20,2.285870666105578,2.0
21,2.3224927760903595,3.0
22,2.4739176929176425,1.0
23,2.5207473041293667,3.0
24,3.052042525631262,2.0
25,3.108284380202843,0.0
26,3.135908337710577,3.0
27,3.2952141134535964,0.0
28,3.455448729548205,1.0
29,3.4859088245353536,0.0
30,3.4925810169135154,1.0
31,3.82917782654056,2.0
32,3.999611147243658,4.0
33,4.195357294954796,2.0
34,4.377429336885109,3.0
35,4.450807124245679,2.0
36,4.706596985338905,4.0
37,4.757433977689599,0.0
38,4.83214049594979,0.0
39,4.83895890373906,3.0
40,4.897003877239882,3.0
41,4.990905774156254,4.0
42,5.231243563906537,1.0
43,5.248190943739157,3.0
44,5.4205969929101325,4.0
45,5.632217007967573,4.0
46,5.708447434222724,3.0
47,5.717119890418019,4.0
48,5.831997772582986,1.0
49,6.006466058141396,3.0
50,6.072172486271087,3.0
51,6.175362694272189,0.0
52,6.240681155055098,1.0
53,6.277084016524961,4.0
54,6.301261804864406,1.0
55,6.3520083572666035,2.0
56,6.397750871350957,1.0
57,6.430805968915545,3.0
58,6.459485666999558,0.0
59,6.560679548643118,4.0
60,6.681004016613933,2.0
61,6.702386781342819,1.0
62,6.818616405874611,0.0
63,6.847252471092145,0.0
64,7.054746692642136,1.0
65,7.054841669154469,2.0
66,7.062221674423471,1.0
67,7.088569467153088,2.0
68,7.202633055251953,0.0
69,7.377836085402429,2.0
70,7.644468385594348,2.0
71,7.928307933981336,2.0
72,7.960767619913042,3.0
73,8.171992697602455,2.0
74,8.405521129000578,2.0
75,8.418758405250994,1.0
76,8.461481404128683,4.0
77,8.522203231926394,3.0
78,8.637494565075007,1.0
79,9.064255713349901,1.0
80,9.153559354212787,3.0
81,9.179652232107763,2.0
82,9.66011176679197,0.0
83,9.767085190242122,0.0
84,9.781281952172689,3.0
85,9.820196676220439,2.0
86,9.935041939199525,1.0
87,9.942782259381012,4.0
