,time,event
0,0.10809337313657923,4.0
1,0.31490848929384874,2.0
2,0.3229694410404506,2.0
3,0.327606639624857,3.0
4,0.6261869920998274,3.0
5,0.6462606145690016,1.0
6,0.6812772476426492,1.0
7,1.026054559201233,2.0
8,1.0827202928826454,1.0
9,1.2112058516444493,4.0
10,1.446690804080007,1.0
11,1.525394841227862,1.0
12,1.7116029124232057,4.0
13,1.8918606489927952,4.0
14,2.14493654866134,4.0
15,2.189085297091003,3.0
16,2.224330855129996,3.0
17,2.2986140030672098,4.0
18,2.3541579872832785,3.0
19,2.384490035345661,3.0
20,2.581283498234446,4.0
21,3.0488070668087786,3.0
22,3.052768471772091,4.0
23,3.066202517343906,3.0
24,3.107846142177897,2.0
25,3.147610207787021,3.0
26,3.236999478314564,0.0
27,3.3300357135852914,3.0
28,3.421756413464752,4.0
29,3.526085695390754,4.0
30,3.828249813469361,0.0
31,3.864861674325224,0.0
32,4.057918440847467,3.0
33,4.16296150602812,4.0
34,4.193933533460403,3.0
35,4.504531901245275,0.0
36,4.513474141636371,1.0
37,4.8079959901743825,3.0
38,4.959630249249688,4.0
39,5.147882655969043,3.0
40,5.306108878764573,2.0
41,5.31831673911831,1.0
42,5.352788871550188,1.0
43,5.4771216462940435,4.0
44,5.588297011211247,0.0
45,5.610834987261672,2.0
46,5.625033730634767,4.0
47,6.357104960748816,3.0
48,7.400181016597594,2.0
49,7.492117731010685,0.0
50,7.691261156417019,0.0
51,7.75670579864331,3.0
52,8.29463123585007,4.0
53,8.464892764488367,4.0
54,8.543634705082043,3.0
55,8.735654871820335,4.0
56,8.794216375156823,4.0
57,8.863652702092775,3.0
58,9.03092861740547,2.0
59,9.47482505449379,4.0
60,9.476793963681706,0.0
61,9.62976412650555,3.0
62,9.944861235839639,4.0
63,9.959411985781754,1.0
