,time,event
0,0.9908655799836092,2.0
1,1.0108392563911386,4.0
2,1.3396933968228646,4.0
3,1.561430491480956,0.0
4,1.662378243576399,3.0
5,1.8363851565869196,2.0
6,1.8654678352449259,0.0
7,2.3448850544862214,4.0
8,2.4306399044178764,2.0
9,2.6604465338659975,3.0
10,2.8128576228740623,3.0
11,2.8865961016511785,2.0
12,3.2809261410688655,2.0
13,3.3693937147802147,1.0
14,3.434702283730392,1.0
15,3.6083514471844285,0.0
16,3.775448924712322,1.0
17,4.31922387202989,1.0
18,4.559684146079559,2.0
19,4.580621339490988,2.0
20,4.653967839477953,4.0
21,4.697133896935112,4.0
22,4.767278209440319,4.0
23,4.801142183908287,4.0
24,4.804706147377866,3.0
25,4.884998445573583,2.0
26,5.177082339463397,2.0
27,5.311173965753306,0.0
28,5.450704896138042,4.0
29,5.486268792717023,4.0
30,5.515649771874332,3.0
31,5.527351151042792,2.0
32,5.562674723019478,4.0
33,5.563458348861075,2.0
34,5.733247959905782,2.0
35,5.856087172585651,4.0
36,6.124519173574935,1.0
37,6.170063085700717,2.0
38,6.181561698568457,4.0
39,6.286776121758486,1.0
40,6.301201402026419,3.0
41,6.309579601095334,4.0
42,6.490029415393399,1.0
43,6.602879137831707,0.0
44,6.711342940130137,3.0
45,6.720366466435018,2.0
46,6.965186410004575,2.0
47,6.997082725795406,1.0
48,6.999817181387714,3.0
49,7.048642841899131,1.0
50,7.112841775887357,4.0
51,7.183501875125486,1.0
52,7.2253287044218135,1.0
53,7.274826636709745,1.0
54,7.379770449688744,2.0
55,7.620796828441038,3.0
56,7.6869902154494545,3.0
57,8.160456977001514,1.0
58,8.599917980984536,0.0
59,8.708991147523173,2.0
60,8.970631849016304,3.0
61,9.034907953631505,1.0
62,9.266059356389867,4.0
63,9.285185087091392,3.0
64,9.644717859021993,2.0
65,9.661746293323647,2.0
