,time,event
0,0.47575613495633773,2.0
1,0.5233054374348745,1.0
2,0.5453049611814323,1.0
3,0.6045268530748898,3.0
4,1.3951570099938966,2.0
5,1.505784401195359,3.0
6,1.8736300537648654,2.0
7,1.8937770892378736,4.0
8,1.8941344879905293,2.0
9,1.9151358567278065,1.0
10,2.1074124705632866,4.0
11,2.1377416111701186,3.0
12,2.25209858725678,0.0
13,2.2824176041084066,3.0
14,2.2842362570485872,0.0
15,2.2930565360506927,2.0
16,2.4102194632233434,3.0
17,3.144403664223133,3.0
18,3.7178707274082137,1.0
19,3.8451456679229796,3.0
20,3.8492481534705045,4.0
21,3.9878456426725126,0.0
22,4.05343007076766,0.0
23,4.06066132606454,0.0
24,4.170340664063926,0.0
25,4.197781079497451,2.0
26,4.279702487161952,2.0
27,4.421373233539248,0.0
28,4.431624901361705,4.0
29,4.469824034790465,0.0
30,4.6784219973263195,2.0
31,4.6836958518427485,3.0
32,4.692687403693292,3.0
33,4.701893445560096,1.0
34,4.743706954972703,3.0
35,4.759568737583005,0.0
36,4.85443985648263,1.0
37,4.93240763547127,4.0
38,4.937165504455815,3.0
39,4.968164192154348,0.0
40,4.972265016033166,4.0
41,4.978125358998818,2.0
42,4.988637110090243,3.0
43,4.989973090607608,0.0
44,5.037308932232915,2.0
45,5.070434991860108,4.0
46,5.218237420298701,2.0
47,5.3070196410014345,4.0
48,5.320276906746447,4.0
49,5.325938389260296,2.0
50,5.496719608975119,4.0
51,5.6080222344459605,0.0
52,5.621154821934177,0.0
53,5.659753752046295,3.0
54,5.6907739560696085,3.0
55,5.717123512346503,4.0
56,5.762794210638866,0.0
57,6.159692226377126,4.0
58,6.210405362135684,1.0
59,6.434312501646174,2.0
60,6.458296990380713,4.0
61,6.728649692762652,2.0
62,6.795419260491377,2.0
63,6.841019704523056,2.0
64,6.8495860850433035,4.0
65,6.916925645965062,0.0
66,7.170316836296404,4.0
67,7.193974909596966,4.0
68,7.508002527253562,4.0
69,7.5815309633141545,0.0
70,7.661272826589785,1.0
71,7.772353437403441,1.0
72,7.8049673232037895,0.0
73,7.9206398566878375,0.0
74,8.060255116618812,4.0
75,8.071603343586293,4.0
76,8.544858041571128,1.0
77,8.584665063580195,0.0
78,8.855686797245067,0.0
79,9.104875746172707,2.0
80,9.122041096223485,4.0
81,9.352172665379474,3.0
82,9.355571360263363,1.0
83,9.44109394828608,4.0
84,9.441322210421314,4.0
85,9.445163926755162,2.0
86,9.87715472366694,3.0
87,9.970883381153222,1.0
88,9.99181445874068,1.0
