,time,event
0,0.3438034379473206,1.0
1,0.4662828715538584,1.0
2,0.6119663328349472,4.0
3,0.7634867183419421,0.0
4,1.716577702243109,0.0
5,2.0056915403537796,3.0
6,2.0335214868499185,0.0
7,2.350973034483617,0.0
8,2.3925364888543763,1.0
9,3.0895641122523916,2.0
10,3.349650947665272,3.0
11,4.964639692391614,0.0
12,4.998751361855905,0.0
13,5.292584770220743,1.0
14,5.961043455083296,0.0
15,6.095884739438542,0.0
16,6.449836150177191,0.0
17,7.000233406388059,1.0
18,8.725630248247317,3.0
19,8.910805022786727,3.0
20,8.971203404204818,4.0
21,9.23703596506985,0.0
22,9.452104168866757,1.0
23,9.50578222381638,1.0
24,9.588379215756337,0.0
25,9.624802384942594,1.0
26,9.666833806689219,0.0
27,9.704263167404408,3.0
28,9.716168928204898,3.0
29,9.791437428180284,3.0
30,9.800752046434184,3.0
31,9.824983369598657,3.0
32,9.853380973558505,0.0
33,9.903160147084083,3.0
