,time,event
0,0.12474912819142167,3.0
1,0.20613550875815811,0.0
2,0.2840427976211255,0.0
3,0.5958725355857113,4.0
4,0.6145807276704851,1.0
5,0.6235544598932169,0.0
6,0.6584876341097672,0.0
7,0.7708047526964263,0.0
8,0.8525683318882747,0.0
9,0.8562791955277353,3.0
10,0.8756757622238608,1.0
11,1.25170913545644,3.0
12,1.3707457188269752,3.0
13,1.3799672037728772,3.0
14,1.4456017162083132,4.0
15,1.5694199352436278,1.0
16,1.7847897470695016,0.0
17,1.7934282210267614,3.0
18,2.0283651161349607,1.0
19,2.052048887066693,4.0
20,2.3816010685310744,3.0
21,2.438819411157979,4.0
22,2.667159593589718,3.0
23,2.691718141800437,1.0
24,3.2147529166285778,0.0
25,4.288191304605918,3.0
26,4.33092407028629,3.0
27,4.590884922066158,3.0
28,4.823441716389353,0.0
29,5.693722359491084,1.0
30,5.73579612573763,3.0
31,5.820037409703477,1.0
32,6.008822451618323,4.0
33,6.038818006133491,4.0
34,6.205316749724965,3.0
35,6.299796382728473,2.0
36,6.513873135763791,0.0
37,8.150512993579397,0.0
38,8.209592264997216,3.0
39,8.30545681726954,1.0
40,8.312552625052632,3.0
41,8.632732077004661,2.0
42,8.853257641616354,1.0
43,8.949207459246342,1.0
44,9.140243349622605,3.0
45,9.21467030735863,3.0
46,9.273848951250699,0.0
47,9.29963987424029,4.0
48,9.350761890063502,0.0
49,9.499252843130309,4.0
50,9.658075483201277,0.0
51,9.69353395511395,2.0
52,9.948892093923735,3.0
