,time,event
0,0.1586014040902324,1.0
1,0.3434956001410202,3.0
2,0.37744708369891483,0.0
3,0.5062176457123759,0.0
4,1.0893928886434725,4.0
5,1.1090843365968288,0.0
6,1.138283791693672,2.0
7,1.1916373894434802,0.0
8,1.8868759187561945,4.0
9,1.946672563290745,3.0
10,2.59002595475258,3.0
11,2.610391632479024,3.0
12,3.6365902227815003,3.0
13,3.6784574868086968,0.0
14,4.0138222721591275,2.0
15,4.178951506354229,3.0
16,4.256810825441669,4.0
17,4.580960262032851,1.0
18,4.712102639834893,1.0
19,5.071153043111252,0.0
20,5.456811480775223,3.0
21,6.107334196658836,4.0
22,6.809798128031514,3.0
23,6.819439714845009,1.0
24,6.829864750102896,0.0
25,7.254227639195346,2.0
26,7.259202244395059,3.0
27,7.499111787782499,3.0
28,8.010208934143176,3.0
29,8.155326103907019,3.0
30,8.237610569459322,3.0
31,8.38273115077,1.0
32,8.721961950823662,1.0
33,8.823609939188941,3.0
34,9.203754693599516,0.0
35,9.45922611344188,0.0
