,time,event
0,1.1019124393912938,4.0
1,2.4679994104606564,2.0
2,2.9196820400229924,0.0
3,3.0639596153964015,2.0
4,3.123382437133959,3.0
5,3.2182074248690418,2.0
6,3.2491930646999894,4.0
7,3.2629072590194528,0.0
8,3.357390296363023,4.0
9,3.4363018974564294,4.0
10,3.548903779205434,2.0
11,3.706943061693942,1.0
12,3.719948535096986,1.0
13,3.7815938719767996,3.0
14,3.9252992103374766,0.0
15,4.0373298253533765,2.0
16,5.843104241931563,3.0
17,5.9045225197119695,1.0
18,5.971520298073417,3.0
19,6.226830711937641,1.0
20,6.369198552128962,1.0
21,6.40443578182169,2.0
22,6.410681305551027,3.0
23,6.893068239467656,3.0
24,6.914049246299924,3.0
25,7.718017941735383,1.0
26,8.541841346742089,3.0
27,9.171179736664165,1.0
