,time,event
0,0.18510519141003998,3.0
1,0.41864902921685065,3.0
2,0.4943186364081071,4.0
3,0.7745255627962707,0.0
4,0.9201632983816859,1.0
5,1.1000656861393234,0.0
6,1.114854612189761,0.0
7,1.492360651305606,0.0
8,2.611290137692127,0.0
9,3.2273410876076354,3.0
10,4.228445783742123,3.0
11,4.395748343076362,3.0
12,4.54338032869484,0.0
13,4.614537243730243,2.0
14,4.842987390153216,0.0
15,4.941302546159735,3.0
16,4.955295159287154,1.0
17,5.10546979925953,3.0
18,5.5562431976263795,0.0
19,7.145878944709014,3.0
20,7.197769396585924,3.0
21,7.237863328507952,3.0
22,7.274006363598746,4.0
23,7.35601205154224,0.0
24,7.448812256294135,3.0
25,7.630756063643842,4.0
26,8.109473500657502,2.0
27,8.796638955320665,0.0
28,8.82096757881031,2.0
29,8.909695344523515,1.0
30,9.097134354767027,0.0
31,9.1108916104866,3.0
32,9.128254861017872,1.0
33,9.511346963449952,4.0
34,9.52075061014284,0.0
35,9.551935496108117,0.0
36,9.610113560131898,1.0
37,9.784996633051039,1.0
38,9.902918922547673,0.0
39,9.965293528247768,0.0
40,9.996688012034495,1.0
