,time,event
0,0.642692620266326,1.0
1,1.3571694359069357,3.0
2,1.3780822186499924,2.0
3,1.8206816892415638,0.0
4,2.94606997303585,3.0
5,3.175265308519175,0.0
6,3.3166139429768866,1.0
7,3.5477295130364155,2.0
8,3.7986893405431235,0.0
9,3.8014410617875067,3.0
10,3.8826237404938246,4.0
11,4.03458171515276,3.0
12,4.450985498219692,0.0
13,4.627917207475489,3.0
14,4.7690355090983445,0.0
15,4.863226871986693,1.0
16,5.1448205282913,3.0
17,5.2215454757317845,1.0
18,5.428377074791405,0.0
19,5.487873467902078,0.0
20,5.498685771785243,0.0
21,5.606663500526716,0.0
22,6.115431568616034,2.0
23,6.127539888068634,0.0
24,6.14030664821257,2.0
25,6.1772928124635165,0.0
26,6.289867693740038,1.0
27,6.300191751738875,0.0
28,6.333068047712143,1.0
29,6.363133193531902,4.0
30,6.450519036007263,2.0
31,6.502467613745826,3.0
32,6.645452273811294,3.0
33,6.714188169602242,1.0
34,6.740806971504871,3.0
35,6.743483170289761,2.0
36,6.901447050296131,0.0
37,6.959184244808104,4.0
38,7.146918529242337,4.0
39,7.5341956842362166,0.0
40,7.876646759854666,3.0
41,7.884304076362761,0.0
42,7.902233659086395,4.0
43,8.076577900235943,4.0
44,8.373200512249944,3.0
45,8.425451862098232,0.0
46,8.870885892735341,1.0
47,8.96260001274504,0.0
