,time,event
0,0.6018440355355281,3.0
1,1.6353298462417298,3.0
2,1.9356324060336891,3.0
3,1.977081811435337,4.0
4,2.0068878088700353,4.0
5,2.1938260222687505,3.0
6,2.2739998978736327,3.0
7,2.2793457843461553,3.0
8,2.350221585291461,3.0
9,2.39436336471856,4.0
10,2.434769085633866,0.0
11,3.167152524922767,0.0
12,3.215695022438305,3.0
13,3.397882324431645,0.0
14,3.6422805530934017,4.0
15,4.07004606301074,3.0
16,5.065741566328978,3.0
17,5.418886267427396,3.0
18,5.5726416508512235,0.0
19,5.57694003306468,3.0
20,5.618567158905968,3.0
21,5.709834965419734,4.0
22,5.750411976128683,0.0
23,5.858697062653728,1.0
24,5.905003433628535,4.0
25,5.90864741563369,2.0
26,6.0038917448290565,2.0
27,6.0565106284289225,0.0
28,6.169310477618381,0.0
29,6.274569372906265,0.0
30,6.348670487510868,0.0
31,6.38801389797786,0.0
32,6.516822768453965,0.0
33,6.5317680965303975,3.0
34,6.691066372168048,3.0
35,7.047653338048307,4.0
36,7.088226080439264,4.0
37,7.569547967282055,0.0
38,8.570137243307132,3.0
39,8.667516575801862,3.0
40,9.211371042795294,0.0
41,9.366678163409057,0.0
42,9.378613489477114,3.0
43,9.612441839909565,4.0
44,9.840775210532044,3.0
45,9.976595065280597,3.0
46,9.990449633004499,2.0
