,time,event
0,0.2302179576575921,4.0
1,0.2696693376716248,3.0
2,1.6766281891756365,3.0
3,1.6843971565617857,3.0
4,1.6971697865714066,3.0
5,1.8593946106463948,3.0
6,2.066819957605835,1.0
7,2.0960006651708434,0.0
8,2.2517813952994286,1.0
9,2.46190872273545,4.0
10,2.645992611839423,4.0
11,3.5614572970952567,4.0
12,4.045955730613001,3.0
13,4.116747739316349,2.0
14,4.15961036391145,2.0
15,4.2275125061755405,1.0
16,4.460164584619261,0.0
17,4.49061918862936,4.0
18,4.5520571746523295,0.0
19,4.762569146378602,1.0
20,4.8583338016700806,2.0
21,5.098412862443345,3.0
22,5.216458746745163,3.0
23,5.237216215702129,4.0
24,5.279107226049401,2.0
25,5.3244540040328765,2.0
26,5.347861844855645,4.0
27,5.397562546573446,1.0
28,5.421119571627069,0.0
29,5.464302684317257,0.0
30,5.517710694170435,3.0
31,5.517903182716332,1.0
32,5.696398969181118,4.0
33,5.698523028124343,0.0
34,5.9598928278065735,0.0
35,5.998175587546245,1.0
36,6.339709690941975,0.0
37,6.353418486037184,3.0
38,6.667444894549076,0.0
39,6.725851011910175,1.0
40,7.071052319347223,4.0
41,8.50691634413946,3.0
42,9.882486697703502,4.0
43,9.935572334794822,3.0
