,time,event
0,0.8851118061248372,3.0
1,1.194688750726936,0.0
2,1.4239859835200257,3.0
3,1.4956052754887856,4.0
4,1.6428204249817762,0.0
5,1.646185333962441,3.0
6,1.661260827154459,3.0
7,2.2955997298341706,3.0
8,3.147963009332223,3.0
9,3.353938764301906,3.0
10,3.571248932679973,2.0
11,3.75604357032436,4.0
12,3.842447565099884,2.0
13,3.958101506879798,2.0
14,4.114720192250932,3.0
15,4.128707809511731,1.0
16,4.630118606500818,1.0
17,4.631973688941394,4.0
18,4.711171644090821,3.0
19,5.8899450184372375,3.0
20,7.049065425862462,3.0
21,7.427447069754127,3.0
22,7.695243892462473,1.0
23,8.039572847566726,3.0
24,8.070252623947402,4.0
25,8.459368175644762,0.0
26,8.779551150792065,3.0
27,9.108987751341386,1.0
28,9.248969423769218,1.0
