,time,event
0,0.5265754230980094,0.0
1,0.5667830454897166,2.0
2,0.7016248209409931,4.0
3,0.7148507754829588,4.0
4,0.8286652981255362,2.0
5,0.8551871652541704,2.0
6,0.8846396018474075,0.0
7,1.227117542302278,4.0
8,1.2341090789487799,0.0
9,1.367304604853665,3.0
10,1.5458042233415146,1.0
11,1.770359478922878,2.0
12,1.8389067865635205,0.0
13,1.853277431481595,2.0
14,2.114530891795789,4.0
15,2.904362966608841,3.0
16,3.1123974930986558,4.0
17,3.5938587785001346,1.0
18,4.049081037227587,0.0
19,4.813578991970797,3.0
20,5.511411048724714,3.0
21,5.5297811639704175,4.0
22,5.5665308223063645,0.0
23,5.856186218397746,3.0
24,5.887939511342745,0.0
25,6.712348415232673,3.0
26,6.73880789214666,0.0
27,7.058212942960744,4.0
28,7.113923765082014,3.0
29,7.879060559344698,0.0
30,8.10216952227624,0.0
31,8.187472836108912,1.0
32,8.23496622632934,4.0
33,8.349504016850718,0.0
34,8.435406400104274,3.0
35,8.687043999108196,4.0
36,8.752619751862797,3.0
37,9.34191370508581,3.0
38,9.455539196016487,3.0
39,9.54880495808598,0.0
40,9.688590382362099,2.0
41,9.809549970859102,2.0
42,9.818477685495534,4.0
