,time,event
0,0.9167302813398231,3.0
1,1.9707094421905493,3.0
2,2.3752846941933834,2.0
3,2.568293200832252,1.0
4,2.5776986403069992,4.0
5,2.5979022776195673,1.0
6,2.6026345183178266,4.0
7,2.9146093234786274,3.0
8,3.2455437027245058,0.0
9,3.4097731107042346,0.0
10,3.5840438321749746,2.0
11,3.7231038653310806,0.0
12,3.7353845016792864,3.0
13,3.771314512146553,1.0
14,3.8830858309823277,2.0
15,4.1044632776300345,0.0
16,4.291903038603166,0.0
17,4.3572452630457335,3.0
18,4.417399722179464,4.0
19,4.465080917818867,3.0
20,4.539386133448252,1.0
21,4.635135427460104,1.0
22,5.166190248825467,4.0
23,5.231139503098442,3.0
24,5.272601788390925,4.0
25,5.315514492223233,1.0
26,5.3663956115610585,1.0
27,5.371087597807487,3.0
28,5.429191500244594,2.0
29,5.433756224231049,0.0
30,5.752818773322273,4.0
31,5.807698598790033,1.0
32,5.946677219947751,3.0
33,5.95915433477994,2.0
34,5.994981674655957,3.0
35,6.107243133530762,4.0
36,6.124088241201792,1.0
37,6.1471083743168204,0.0
38,6.212119251096358,3.0
39,6.254163812619467,1.0
40,6.275084778712933,0.0
41,6.370100903453783,3.0
42,7.444982041004636,0.0
43,7.5243925081296315,0.0
44,8.234753644588398,0.0
45,8.535925641289673,3.0
46,8.552963024390008,4.0
47,8.579077256448546,2.0
48,8.84631032830948,3.0
49,8.865231871749513,4.0
50,8.929601451047327,1.0
51,9.879806441592883,0.0
