,time,event
0,0.12320236612883753,3.0
1,0.16857113935630147,1.0
2,0.27769331627162075,4.0
3,0.3527083816416895,0.0
4,0.44947754341321494,1.0
5,0.530072869092781,4.0
6,0.65875823432952,2.0
7,0.8270790568783117,1.0
8,0.8905204835490298,4.0
9,1.0111951906695766,0.0
10,1.2333804228631489,0.0
11,1.4941713208712657,0.0
12,1.6312077449805407,1.0
13,2.8923284621131664,4.0
14,3.1351452666950936,3.0
15,3.3352712446599235,4.0
16,3.4004870035048826,4.0
17,3.401684169993392,2.0
18,3.459022302756328,1.0
19,3.493217039644195,0.0
20,3.6435494283664562,3.0
21,3.6733978419209206,3.0
22,3.68613263702187,2.0
23,4.479528118254478,4.0
24,4.5349699836847925,1.0
25,4.617414634137221,0.0
26,4.68117295243641,0.0
27,4.69103799463761,0.0
28,5.095065293913709,4.0
29,6.0773169807137375,1.0
30,6.102071826647971,3.0
31,6.121441680381613,4.0
32,6.522778480362902,2.0
33,6.800809145715236,4.0
34,6.88870470108415,2.0
35,7.1327700127041735,3.0
36,7.3313063126557845,1.0
37,7.335987956903427,1.0
38,7.749948166462111,3.0
39,8.410148484822601,3.0
40,8.709859891168412,4.0
