,time,event
0,1.28525439644826,3.0
1,1.4605374850722916,3.0
2,1.5307080429081432,2.0
3,2.7348638178607736,4.0
4,3.083407513882859,4.0
5,3.224639709612624,0.0
6,3.347042687240069,0.0
7,3.521346041832595,4.0
8,3.58190771058852,2.0
9,3.793359708143057,1.0
10,3.8042158885308486,4.0
11,3.952480047302518,2.0
12,3.979626968474313,4.0
13,4.0513396278688365,0.0
14,4.063071120264645,0.0
15,4.388376871198247,3.0
16,4.500334321935216,2.0
17,4.5123774149559255,0.0
18,4.542750200869291,4.0
19,4.631257942994625,1.0
20,4.758991117267912,1.0
21,4.864424923666962,1.0
22,4.877508129564149,2.0
23,5.061628027684831,4.0
24,5.493226624672081,1.0
25,5.894296633251486,0.0
26,5.915486657951818,2.0
27,6.116149102515407,1.0
28,6.213210149480111,4.0
29,6.260588757851942,4.0
30,6.667217377882902,4.0
31,8.150644675149918,1.0
32,8.275188195485073,1.0
33,8.573488341032887,1.0
34,8.67757044338881,0.0
35,8.68090076648342,0.0
36,8.68821055331694,3.0
37,8.708361795584885,1.0
38,8.741220478245253,1.0
39,8.746223694367153,0.0
40,8.979788586752077,3.0
41,9.007645877091917,3.0
42,9.06033769966385,2.0
43,9.065553601816248,1.0
44,9.214036253294237,4.0
45,9.27121754604453,2.0
46,9.62028669478476,1.0
47,9.67946791050558,4.0
48,9.72314329214343,1.0
49,9.80019682282371,3.0
50,9.936166498221858,0.0
51,9.94179429429605,2.0
52,9.997083603990367,4.0
