,time,event
0,0.6163600482661032,1.0
1,0.6464479428804184,2.0
2,0.700851981911358,1.0
3,1.0649034848528922,0.0
4,1.286256936339036,4.0
5,1.340190636963174,4.0
6,1.656460449099401,1.0
7,1.7462590760251893,1.0
8,1.838441510044515,3.0
9,1.9551771360649923,2.0
10,1.9709706495164125,0.0
11,2.2611276071136057,0.0
12,2.290658302329917,1.0
13,2.3780679051261315,2.0
14,2.4655603919124167,4.0
15,2.4839930887308173,2.0
16,2.5409764414273788,1.0
17,2.6557938973500548,2.0
18,2.695182837719712,1.0
19,2.69860018848285,4.0
20,2.835726538149808,1.0
21,2.8576337972335106,1.0
22,2.90953354791221,1.0
23,2.9236725699194706,1.0
24,2.9249575464161657,3.0
25,3.0490295194307624,1.0
26,3.1228081343390746,2.0
27,3.19881674929177,1.0
28,3.437256891506296,0.0
29,3.6362313130438735,0.0
30,3.6424451573429635,3.0
31,3.8619522113152027,3.0
32,3.9046544801632703,3.0
33,3.9258547029045134,2.0
34,3.9835336443498464,3.0
35,4.021006542353263,0.0
36,4.237986061715342,4.0
37,4.256761791152143,0.0
38,4.358102521837828,4.0
39,4.418283872708314,0.0
40,4.473147632131947,0.0
41,4.479389686314073,0.0
42,4.486166236692052,2.0
43,4.593043614548259,1.0
44,4.621555345835849,1.0
45,4.631187880378441,2.0
46,4.642587471329523,0.0
47,4.694296076408094,0.0
48,4.6996213367720125,2.0
49,4.867253815503154,4.0
50,4.95174090439352,1.0
51,5.0143286915219765,2.0
52,5.322909333096829,4.0
53,5.7003876312982396,3.0
54,5.8864067277399155,2.0
55,5.908579788569437,1.0
56,6.026004583547225,1.0
57,6.0437126961538645,1.0
58,6.363221885648991,0.0
59,6.371373389619693,3.0
60,6.429150902895922,1.0
61,6.436829917465138,0.0
62,6.733403337933079,3.0
63,6.777708242513685,1.0
64,6.811065194200138,0.0
65,6.937814016063064,1.0
66,6.940123866943367,1.0
67,7.096844355223537,2.0
68,8.469414621222834,0.0
69,8.531445761612789,4.0
70,8.551108262669553,0.0
71,8.577943878556544,0.0
72,8.57905981305228,4.0
73,8.580958986299054,3.0
74,8.630898879065255,4.0
75,8.671256871051462,2.0
76,8.74386785981861,4.0
77,8.866102846370602,2.0
78,8.89832823978637,1.0
79,8.920834629198671,4.0
80,8.941188477170224,1.0
81,9.000948664592727,0.0
82,9.009028176906103,2.0
83,9.048111222010384,4.0
84,9.07195906577335,1.0
85,9.09077007604661,1.0
86,9.116986286152654,2.0
87,9.17594977375151,3.0
88,9.248051412084049,1.0
89,9.289510744074613,0.0
90,9.294293698683274,0.0
91,9.336987245565593,0.0
92,9.356596124645828,1.0
93,9.571715086215898,0.0
94,9.874841345014456,1.0
