,time,event
0,0.4848912768948345,3.0
1,0.6089732710231636,2.0
2,1.9815311446920623,3.0
3,2.2570871972464266,4.0
4,2.323911227045918,1.0
5,2.6972915802670903,2.0
6,2.8044301850250575,2.0
7,2.8714061106935342,2.0
8,2.8983925059341242,0.0
9,2.9044522796949552,1.0
10,2.9446959360033413,4.0
11,3.070484062341038,3.0
12,3.1484916144915296,1.0
13,3.274456729868206,2.0
14,3.3515177683329127,0.0
15,3.3543305816416558,2.0
16,3.6242026536333847,4.0
17,3.6489312862945558,3.0
18,3.738904301760215,3.0
19,3.750213541796804,1.0
20,4.130767430955951,2.0
21,4.559195877857074,2.0
22,4.989927322027557,3.0
23,5.182822881045677,1.0
24,5.467358158102476,0.0
25,5.943096434538878,3.0
26,6.025780674837149,4.0
27,6.052512967241938,3.0
28,6.209284263422414,1.0
29,6.302311017212173,4.0
30,6.536365254319559,2.0
31,6.585625348441845,4.0
32,6.6498704224676235,2.0
33,6.7515939913316565,2.0
34,6.759012483961451,1.0
35,6.778461122760752,3.0
36,7.088643446704776,0.0
37,7.226364935436107,1.0
38,7.269501315892772,4.0
39,7.358838609108131,0.0
40,7.594612807972758,2.0
41,8.40851103423134,3.0
42,8.494562051274407,2.0
43,8.521012621176185,0.0
44,8.604293003059487,2.0
45,8.727486068161571,1.0
46,9.471706235078486,2.0
47,9.669456706021721,3.0
