,time,event
0,0.9263034294324364,0.0
1,1.4604987798354627,1.0
2,2.1329978316852323,1.0
3,2.229191327175229,3.0
4,2.388625966340424,1.0
5,2.625930671764097,4.0
6,3.3191077664219146,3.0
7,3.5622689581615585,3.0
8,3.6465705963247763,1.0
9,4.08482165777602,1.0
10,4.669750389634307,3.0
11,4.941740094340304,4.0
12,5.998658710961354,3.0
13,6.05428893425452,1.0
14,6.13025185228908,0.0
15,6.334700678992606,3.0
16,6.966860206148341,4.0
17,6.994635101618723,1.0
18,7.110500321750961,0.0
19,7.613924678083553,0.0
20,7.623208685315776,2.0
21,7.66425122578648,3.0
22,7.72231766656237,0.0
23,8.229698359772884,0.0
24,9.24123700976359,1.0
25,9.733017950933238,4.0
26,9.83430554862996,0.0
