,time,event
0,0.5690074117859171,1.0
1,1.0716281777881171,0.0
2,1.589730307198616,1.0
3,1.9153140775542612,4.0
4,1.9794223064111456,2.0
5,2.029770648617135,1.0
6,2.09609440857133,2.0
7,2.149953801245401,4.0
8,2.2392652268059683,3.0
9,2.3735967161607667,2.0
10,2.5680563597863593,4.0
11,2.5801778053164934,4.0
12,2.6148108120052305,2.0
13,2.619763044161654,3.0
14,2.9425235348003684,3.0
15,2.949797632751275,3.0
16,3.088197223614816,1.0
17,3.1006714104761786,4.0
18,3.501379544977871,0.0
19,3.7350846278806715,1.0
20,3.812312711414242,0.0
21,4.599692165632234,1.0
22,4.604152408351729,3.0
23,4.706241302340096,0.0
24,4.743780578591509,3.0
25,4.75224120303032,2.0
26,4.789478014282839,1.0
27,4.956001215424249,1.0
28,5.055496823689122,0.0
29,5.198319228440371,3.0
30,5.26275408889111,4.0
31,5.618291255547825,4.0
32,5.702916750948165,0.0
33,5.92383390833206,4.0
34,6.162813425786753,1.0
35,6.3693723648369875,0.0
36,6.500282506571349,4.0
37,6.935105356350522,3.0
38,7.703428412370537,4.0
39,7.8982161110672635,4.0
40,8.00609957504507,0.0
41,8.244480894848373,0.0
42,8.645935901160048,3.0
43,8.817222406367554,1.0
44,8.82773156043562,1.0
45,9.007851027800715,1.0
46,9.310948019113106,3.0
47,9.48309320634822,0.0
48,9.929244819646673,2.0
