,time,event
0,0.10841561839123774,0.0
1,0.1841567865991205,1.0
2,0.32904636281274396,3.0
3,0.6185328569035213,4.0
4,0.6323305019570866,1.0
5,0.6954341349958301,1.0
6,1.0156985354124521,3.0
7,1.1340503426374138,4.0
8,1.1345447552840273,2.0
9,1.2328877592168013,2.0
10,1.3014749895132207,2.0
11,1.311881949926855,1.0
12,1.362505792642336,2.0
13,1.371092797802682,4.0
14,1.3929110616442817,3.0
15,1.4000676589972856,0.0
16,1.440103529900162,3.0
17,1.5702716547823363,2.0
18,1.702469106618337,0.0
19,1.7084927648427959,0.0
20,1.714273118959903,0.0
21,1.733818641086165,2.0
22,1.7960700791369355,0.0
23,1.8664707404253527,1.0
24,1.9951373061433768,0.0
25,2.036335202756759,3.0
26,2.1947351355050175,3.0
27,2.207690518482456,3.0
28,2.496790701397212,0.0
29,2.556433651846278,1.0
30,2.763293343476433,0.0
31,3.013867227244669,2.0
32,3.1373119293245635,3.0
33,3.13926509561074,2.0
34,3.8586036431465516,2.0
35,4.06878290431821,3.0
36,4.379872873790899,2.0
37,4.405489613006562,2.0
38,4.563556710774505,0.0
39,4.719407043656857,2.0
40,4.794311093838449,3.0
41,4.806639930890965,0.0
42,4.837660374237605,0.0
43,4.880070265450894,3.0
44,4.906853384106345,3.0
45,5.022790877392721,1.0
46,5.072920337957455,3.0
47,5.246447324004125,2.0
48,5.350252285482948,2.0
49,5.453837142256543,1.0
50,5.5671093911127025,2.0
51,5.596899373485515,2.0
52,5.876662612841439,3.0
53,6.030199732169845,3.0
54,6.047461858086037,4.0
55,6.18448722623414,3.0
56,6.2224741476700896,4.0
57,6.259923638673885,4.0
58,6.408863543069932,2.0
59,7.0597049828678395,4.0
60,7.084185142995544,3.0
61,7.084865422070656,0.0
62,7.320249931817987,4.0
63,7.931650004576027,3.0
64,8.157263653309737,3.0
65,8.166342770787526,2.0
66,8.538578140970577,3.0
67,8.632723270496184,1.0
68,8.928716249612421,1.0
69,8.968752104666795,2.0
70,8.97005007330867,0.0
71,9.161644191725776,3.0
72,9.200930960776132,2.0
73,9.24615963744389,2.0
74,9.79228081471496,3.0
75,9.848741973333489,0.0
76,9.856994707519654,0.0
77,9.870598025871457,2.0
78,9.881222036852504,4.0
79,9.884961905266005,3.0
80,9.948041062808786,4.0
81,9.982167828802064,4.0
82,9.98567002885265,3.0
