,time,event
0,1.351743892126833,2.0
1,1.53947800065645,1.0
2,1.5500577828865678,3.0
3,2.0959286835707998,2.0
4,2.3741115078145563,0.0
5,2.7373793863764324,1.0
6,3.4166427763596365,1.0
7,3.4934658620279206,3.0
8,3.605639561703554,2.0
9,3.6328344419738468,3.0
10,3.6532598506326996,2.0
11,3.8642875351884016,2.0
12,4.043315096953737,4.0
13,4.645067805002631,3.0
14,4.751990552243118,2.0
15,4.988368688911038,2.0
16,5.010899309905571,0.0
17,5.037292949514686,3.0
18,5.225210743791398,1.0
19,5.312305399640513,2.0
20,5.543948390562302,2.0
21,5.6200999388030075,3.0
22,5.742343518408021,3.0
23,5.843896845407756,2.0
24,5.890096515369045,2.0
25,5.946692500954427,0.0
26,6.019263863980988,0.0
27,6.201679909647917,1.0
28,6.279010120297803,0.0
29,6.43678977952939,0.0
30,6.7033301052251755,2.0
31,6.778123130109945,2.0
32,6.831162147541404,2.0
33,6.840213391189463,3.0
34,7.077719233197125,0.0
35,7.101215632943379,0.0
36,7.230132348858788,4.0
37,7.246258829093837,4.0
38,7.3695778242647565,2.0
39,7.4176550316350465,3.0
40,7.494800661928335,3.0
41,7.5486159783258655,2.0
42,7.651943079034338,1.0
43,7.670059123013908,2.0
44,7.691964873262836,2.0
45,7.828114732847912,2.0
46,7.995853948749766,3.0
47,8.016311604681679,4.0
48,8.030841104971515,0.0
49,8.101291485413672,2.0
50,8.137245532863293,4.0
51,8.279784896600184,0.0
52,8.403721796074102,3.0
53,8.453246733653588,4.0
54,8.66095142172612,4.0
55,8.662156048859371,3.0
56,9.24962471695678,0.0
57,9.397565072893173,0.0
58,9.414051425739142,4.0
59,9.613607620331969,2.0
60,9.628351222926252,0.0
61,9.684190282260293,3.0
62,9.727320045480257,2.0
63,9.930613652104364,3.0
