,time,event
0,0.5006938930087547,1.0
1,0.6989284117840067,2.0
2,0.7045690484990518,1.0
3,0.8190082624136206,1.0
4,2.7389890134854817,2.0
5,3.0594203524114425,1.0
6,3.1153427279331956,2.0
7,4.548613883375022,2.0
8,4.7637030713160735,1.0
9,4.941710880034066,2.0
10,5.3373513655017,3.0
11,5.463255403476734,4.0
12,5.503874591490899,4.0
13,5.617821594097613,3.0
14,6.3390224074444586,2.0
15,6.901110631797562,1.0
16,6.965498292590158,2.0
17,7.002618083804559,1.0
18,7.167259079954623,1.0
19,7.322995693703376,1.0
20,7.768593855811147,1.0
21,7.809232075158354,3.0
22,7.844675034533191,2.0
23,7.914529448214654,4.0
24,7.952630207812636,2.0
25,8.625572107816046,4.0
26,8.694235323400381,3.0
27,8.85780481948256,2.0
28,9.054936033186678,2.0
29,9.139230740166235,2.0
30,9.353924437373756,4.0
31,9.395939189560602,3.0
32,9.92284519542273,4.0
