,time,event
0,0.7054218708759982,1.0
1,1.9956206984724931,1.0
2,2.487782036467466,1.0
3,2.5268538356079997,1.0
4,2.7713054281238207,4.0
5,2.8164387970950404,1.0
6,3.157468839272314,4.0
7,3.9192762696730674,2.0
8,3.9448374404847963,4.0
9,4.107044250464093,4.0
10,4.3670374173909225,0.0
11,4.373201261354838,1.0
12,4.524016081670168,2.0
13,4.595117738626486,1.0
14,4.6932379953609225,2.0
15,4.71345683753509,0.0
16,4.740706650489922,4.0
17,4.743196795627993,4.0
18,4.854055471785585,1.0
19,4.9201546509148955,1.0
20,5.431777932542708,2.0
21,5.50706504468579,1.0
22,6.305811885704766,2.0
23,6.3548183444037125,2.0
24,6.397421623450165,3.0
25,6.494909290775238,1.0
26,6.645862715377128,0.0
27,6.784487573165613,3.0
28,6.794455211715881,4.0
29,6.906266934742861,2.0
30,6.915912288014699,4.0
31,6.934723538421636,3.0
32,7.10771047635993,1.0
33,7.152867448377278,4.0
34,7.292647864838494,1.0
35,7.294946734765204,4.0
36,7.366614870630047,3.0
37,7.513787719671077,0.0
38,7.599172051308081,2.0
39,7.699291118542532,3.0
40,7.756262726594033,2.0
41,7.910793979197167,2.0
42,7.912475599352171,2.0
43,8.356957213621962,3.0
44,8.457912664031012,3.0
45,8.471611072991134,2.0
46,8.56122970733756,3.0
47,8.66744954836593,3.0
48,8.770511250998343,3.0
49,8.807208176360065,4.0
50,8.832330406995792,0.0
51,8.854664102007323,3.0
52,8.94136127764281,1.0
53,9.090529067758744,2.0
54,9.227900019708839,3.0
55,9.311555203086018,1.0
56,9.312249182212078,1.0
57,9.551139216778388,0.0
58,9.57305518970626,3.0
59,9.70544547139756,2.0
60,9.730094976089374,4.0
61,9.761458525827214,1.0
62,9.766513348518732,0.0
63,9.833017979508526,3.0
64,9.877487658883032,2.0
65,9.881638568546109,3.0
66,9.951053086412564,2.0
