,time,event
0,0.002728427299078105,2.0
1,1.641830999842286,2.0
2,2.402737563457118,0.0
3,2.4948770378967446,0.0
4,2.6836230015290297,1.0
5,2.8911865124467377,1.0
6,3.344677876440068,2.0
7,4.512608548615585,0.0
8,4.690321773092768,4.0
9,4.769993544654861,0.0
10,4.981519417247846,2.0
11,5.327544386594767,1.0
12,5.40108467760042,0.0
13,5.739267336800272,0.0
14,5.772121116697599,0.0
15,5.791017288593493,2.0
16,6.711978647831695,3.0
17,6.717826122460912,1.0
18,6.776995540839708,0.0
19,6.798756186900424,4.0
20,7.100647337504218,4.0
21,7.180555394919558,2.0
22,7.183621778744779,3.0
23,7.274491891873838,2.0
24,7.4237430885893705,2.0
25,7.464847936084078,4.0
26,7.615348114325848,1.0
27,7.686038315128899,1.0
28,7.738371721976027,2.0
29,7.745452141316748,1.0
30,7.784162984625218,4.0
31,7.792052181780624,0.0
32,7.8036843717247395,1.0
33,7.9194114750149,1.0
34,8.09002080580007,2.0
35,8.108284997942588,0.0
36,8.229137063409196,2.0
37,8.265066984752803,0.0
38,8.784490379640276,0.0
39,8.881678360026015,1.0
40,9.051386122310742,4.0
41,9.0789413676251,1.0
42,9.08407901125989,2.0
43,9.149823165441733,4.0
44,9.183886379491904,4.0
45,9.24075966148299,4.0
46,9.2419359618639,0.0
47,9.321487428252594,2.0
48,9.40916134373956,2.0
49,9.4434507725168,4.0
50,9.476883448660542,2.0
51,9.500321173623501,4.0
52,9.566698492572081,3.0
53,9.574100662524271,1.0
54,9.601664556080868,2.0
55,9.620578772449088,0.0
56,9.652026726500555,4.0
57,9.661700329115545,0.0
58,9.768646847862088,0.0
59,9.794312407052571,0.0
60,9.859020439361908,2.0
61,9.907307502250028,0.0
62,9.930809854956598,2.0
63,9.94585118278914,0.0
64,9.952589328287706,0.0
65,9.981638752710754,2.0
66,9.999891076955599,2.0
