,time,event
0,0.39630074080578687,3.0
1,0.6615302764624533,4.0
2,1.0691344086902301,3.0
3,1.1387438775548218,3.0
4,1.5295238832268667,3.0
5,1.5954549621295777,3.0
6,1.6296761347863211,3.0
7,3.3315427736617678,0.0
8,3.37201455870928,4.0
9,3.5054704363744214,1.0
10,3.568640556478249,4.0
11,3.5754641379899677,3.0
12,3.62418892600162,1.0
13,3.6335442689525,0.0
14,4.386597244061162,3.0
15,4.857816750236362,2.0
16,5.481523724144241,2.0
17,5.589469434277007,3.0
18,5.8296788195869205,2.0
19,5.837898263718421,3.0
20,5.894656144652626,2.0
21,5.912559690626833,3.0
22,5.955588477498221,2.0
23,5.974116719144032,3.0
24,5.98063413555915,4.0
25,5.981055945459856,4.0
26,5.9924572450050455,4.0
27,6.670747697210836,0.0
28,6.740240418081264,0.0
29,7.04123505791412,4.0
30,7.115204078596571,2.0
31,7.880997814119639,0.0
32,7.8857195151339265,4.0
33,7.93361607639652,4.0
34,7.938568317844135,1.0
35,7.978628801835089,1.0
36,8.214190721946128,1.0
37,8.232852709842751,2.0
38,8.373895034963489,2.0
39,9.083529063129346,2.0
40,9.161698035139453,4.0
