,time,event
0,0.8794307038619877,3.0
1,1.2626362773661406,0.0
2,1.5906019533957465,3.0
3,2.358163638177393,2.0
4,2.937619561067123,3.0
5,3.135060925745374,4.0
6,3.3515462876939344,4.0
7,3.994355967091711,4.0
8,4.819190607255284,0.0
9,5.108872716344061,3.0
10,5.42721196954778,0.0
11,5.60626435946816,1.0
12,5.893279167321898,1.0
13,5.984278204283818,4.0
14,6.177840860397787,4.0
15,6.757056321379295,2.0
16,7.3303355361866664,4.0
17,7.576030712326602,4.0
18,7.808531060680879,4.0
19,8.011310469864119,4.0
20,8.398197558883904,4.0
21,8.519463195752525,2.0
22,8.609554758234301,0.0
23,8.63123887001075,3.0
24,8.906376845584854,0.0
25,8.938273495480765,0.0
26,9.16234125009011,1.0
27,9.73817872210467,4.0
