,time,event
0,0.0696352746274272,0.0
1,0.5820338768137818,2.0
2,0.5899575309985086,2.0
3,1.3313613025086553,3.0
4,1.5509004603287764,4.0
5,2.1188151690032226,1.0
6,2.226687699659068,1.0
7,2.411483039629104,1.0
8,2.5285602790491866,0.0
9,2.6192984961456034,4.0
10,2.9107282783573307,1.0
11,4.05271780658079,4.0
12,4.242794367961276,3.0
13,4.380704028598656,3.0
14,4.767690451113504,0.0
15,4.771955635892666,2.0
16,5.551851434033108,4.0
17,6.133665710020737,0.0
18,6.688737377963693,4.0
19,6.837688822365521,3.0
20,6.864748477403386,0.0
21,6.883540666375659,3.0
22,7.07085376176567,2.0
23,7.160342314773035,0.0
24,7.1683097961713305,2.0
25,7.185875034837984,1.0
26,7.2392242907701405,1.0
27,7.480671340708506,0.0
28,7.6228046896483574,2.0
29,7.782100054845163,0.0
30,9.36388579638099,0.0
31,9.553521724467993,1.0
32,9.56562942121456,2.0
33,9.722967082023278,0.0
34,9.89185964163329,0.0
35,9.935324567513137,1.0
