,time,event
0,0.7239984849859631,4.0
1,1.482975309550129,0.0
2,1.505487397925804,2.0
3,2.935714346909099,1.0
4,3.1888254638906135,2.0
5,3.4744760619505843,0.0
6,3.6013512171943276,0.0
7,4.195759723799555,0.0
8,4.589962871384571,4.0
9,5.110545432886785,1.0
10,5.252430938034474,0.0
11,5.3334443119659865,0.0
12,5.359802683544078,1.0
13,5.5043041593069715,4.0
14,5.638132480361631,3.0
15,5.7291799856314665,4.0
16,5.9954119282420235,2.0
17,6.794767521709451,1.0
18,6.8902645794037385,0.0
19,7.173515987338168,0.0
20,7.279493130693527,1.0
21,7.279709037771569,1.0
22,7.309842470975372,0.0
23,7.361732075667332,0.0
24,7.478590072344,0.0
25,7.515720525643581,0.0
26,7.582790104317908,3.0
27,7.594175299667907,3.0
28,7.606432977709429,1.0
29,7.611532584147237,3.0
30,7.622440888251244,0.0
31,7.64484419490093,3.0
32,7.681628611724894,0.0
33,7.714802259211457,0.0
34,7.723236997441598,4.0
35,7.780205830658864,4.0
36,7.786426201410431,0.0
37,7.795419002316725,0.0
38,7.805037599494748,0.0
39,7.816132035043658,3.0
40,7.885660558473807,1.0
41,8.099387190843148,1.0
42,8.121868975856758,1.0
43,8.129456829787523,1.0
44,8.138234632002513,0.0
45,8.407394470484988,0.0
46,9.086458832764011,3.0
47,9.342467043346367,0.0
48,9.471956510936083,2.0
49,9.472766176400313,0.0
50,9.561581650666826,0.0
51,9.578481941980549,3.0
52,9.598829710282002,0.0
53,9.615161079389656,3.0
54,9.716618394762962,1.0
55,9.753040581936862,1.0
56,9.764792475611278,1.0
57,9.773117917486495,4.0
58,9.796110461684433,3.0
59,9.813779971277278,4.0
60,9.815706778880113,4.0
61,9.821834769693869,1.0
62,9.873708748109,3.0
63,9.941633663728274,1.0
64,9.952458088322564,3.0
65,9.97889528298779,4.0
66,9.982306139701205,1.0
