,time,event
0,0.9620594874310551,0.0
1,0.9646998136653677,0.0
2,1.0399911045739632,3.0
3,3.1405578234578906,2.0
4,3.1722926551219803,2.0
5,3.250472590570836,0.0
6,3.251540269997091,3.0
7,3.263628179072922,2.0
8,3.465898243964243,4.0
9,4.327708323166942,2.0
10,4.638074142741328,4.0
11,4.683620298479099,2.0
12,4.888772867978701,4.0
13,5.323042182172102,0.0
14,5.468004654753859,0.0
15,5.516660496916556,0.0
16,5.538881681071237,2.0
17,5.665911803696452,0.0
18,5.684628519566029,2.0
19,5.687443497412113,2.0
20,5.72670381878323,4.0
21,5.75553139625964,0.0
22,5.884297983439589,3.0
23,6.389943703363042,3.0
24,6.4134176566739605,4.0
25,6.546004054928372,0.0
26,6.589039718277324,3.0
27,6.641618845343519,0.0
28,6.854125704836265,2.0
29,6.967592195069893,0.0
30,6.986828964387645,0.0
31,7.164965579518524,0.0
32,7.258644872505345,3.0
33,7.539807895899263,0.0
34,7.744288975528804,2.0
35,7.744871535666695,1.0
36,7.793057108219281,1.0
37,7.813007833157756,2.0
38,7.859508857236802,2.0
39,7.859809886162789,2.0
40,7.890436393033893,3.0
41,7.954751215008857,0.0
42,7.960375027405748,0.0
43,8.055593835504862,3.0
44,8.145014530431277,0.0
45,8.334746253331316,3.0
46,8.359200990782275,3.0
47,8.41430551819458,2.0
48,8.463292241180916,4.0
49,8.522582473435314,1.0
50,8.579027320436753,1.0
51,8.592933352289263,2.0
52,8.649044532715077,0.0
53,8.84282759152348,4.0
54,8.847799205927355,2.0
55,8.878365986040851,4.0
56,9.134267679028424,1.0
57,9.156707525659343,1.0
58,9.216766832474011,1.0
59,9.351166191109808,2.0
60,9.423752287341642,1.0
61,9.453241879217053,2.0
62,9.609714096869688,1.0
63,9.941953149834122,1.0
64,9.994222125210106,1.0
