,time,event
0,0.03962826658607627,2.0
1,0.8307762855288189,4.0
2,1.870208102795193,3.0
3,2.3673817694681856,0.0
4,2.466415547519445,4.0
5,2.5015811749834067,1.0
6,2.784671894495604,4.0
7,3.810523439031078,3.0
8,4.302855320752649,3.0
9,5.508950729357538,3.0
10,5.558502432238669,1.0
11,5.851384047257152,4.0
12,6.127655451115531,1.0
13,6.1819787742349295,3.0
14,6.684943488762357,3.0
15,6.768181981089962,3.0
16,6.928118303508631,0.0
17,7.175386846980559,0.0
18,7.358011162884625,2.0
19,7.874633280947317,0.0
20,7.954739218145793,0.0
21,8.001819477948645,2.0
22,8.268649305114613,0.0
23,8.43870023248443,4.0
24,8.445978444620534,3.0
25,8.607184030732663,3.0
26,8.774142941218209,1.0
27,8.911523236974114,3.0
28,9.46534544376532,0.0
29,9.833961946600914,0.0
30,9.847428813065049,0.0
