,time,event
0,0.03977744190026396,0.0
1,1.196963019583089,4.0
2,1.822373174319006,0.0
3,2.5260966873397304,4.0
4,3.553097014712463,0.0
5,3.6347793844616643,0.0
6,3.639099853534276,1.0
7,3.664721661446842,1.0
8,3.680295843664221,4.0
9,3.7978078289275903,4.0
10,3.9968982604520082,2.0
11,4.112015780450634,2.0
12,4.16139095578445,4.0
13,4.738314156310178,1.0
14,4.805727154100839,0.0
15,4.916554891009891,3.0
16,4.963602308253262,2.0
17,5.243502578602645,4.0
18,5.336779841766539,4.0
19,5.397280554502372,0.0
20,5.679686289090623,4.0
21,6.0095319467970985,0.0
22,6.0148768650657995,2.0
23,6.032340513244587,4.0
24,6.03419580867146,0.0
25,6.054623134234133,1.0
26,6.094831130522656,4.0
27,6.113549719866751,0.0
28,6.286141251071935,1.0
29,6.442381226845641,4.0
30,6.974586353247523,4.0
31,7.070684258025689,4.0
32,7.194136398145802,4.0
33,7.234342098742127,4.0
34,7.319883144109405,4.0
35,7.3608286196897055,0.0
36,7.4091968696042905,4.0
37,7.615282720944552,4.0
38,7.731774174976058,4.0
39,7.814381169118106,1.0
40,7.820054103149293,2.0
41,8.121235237582987,1.0
42,8.192604840650363,4.0
43,8.194971998349537,2.0
44,8.352213633716016,1.0
45,8.366802323590163,1.0
46,8.441688139748136,4.0
47,8.521814242052624,4.0
48,8.588931719827459,0.0
49,8.980682490707533,0.0
50,9.057093092737997,2.0
51,9.575093468307788,1.0
52,9.589100465979511,0.0
53,9.620072040412657,0.0
54,9.649193778705389,2.0
55,9.650269743093416,0.0
56,9.668148364149962,4.0
57,9.70029039555916,2.0
58,9.855880934840027,0.0
59,9.930089743966501,1.0
