,time,event
0,0.7810108640829714,4.0
1,1.5113394741865722,2.0
2,1.6102082662599662,0.0
3,1.6275029694704861,0.0
4,1.7599628185746838,3.0
5,2.07208531037256,3.0
6,2.4997577039020378,2.0
7,2.7521701859845025,0.0
8,2.938847685179564,4.0
9,3.091116943866249,1.0
10,3.1878052556996717,0.0
11,3.450889351392606,2.0
12,3.7656855479635962,2.0
13,3.8050277730664384,0.0
14,4.019762279775545,4.0
15,4.041922012535293,4.0
16,4.623164879332643,2.0
17,4.660825719562954,2.0
18,4.783619533765516,0.0
19,5.141172986813605,4.0
20,5.585683185575154,1.0
21,5.790825025859385,4.0
22,5.839303891840944,2.0
23,5.848806075119014,4.0
24,6.196583853954027,1.0
25,6.504262864805365,2.0
26,6.7288491380119995,2.0
27,6.843793595497303,2.0
28,6.852637279934419,4.0
29,6.8729443169968585,4.0
30,6.899446541849131,4.0
31,6.983533682167515,2.0
32,7.17984845420178,4.0
33,7.335198644618919,3.0
34,7.51545939713148,0.0
35,7.608551754598819,4.0
36,7.856920190716404,2.0
37,7.858785058496546,4.0
38,7.908538613094504,3.0
39,7.965398250844494,3.0
40,8.000122178180895,3.0
41,8.057380441612322,1.0
42,8.202771196816132,1.0
43,8.303622030761721,1.0
44,8.54445709061771,2.0
45,8.683835737871881,3.0
46,8.945621521108405,1.0
47,8.963929525986803,1.0
48,9.129656537032151,4.0
49,9.139024663684587,2.0
50,9.149857992700024,4.0
51,9.269872309561466,4.0
52,9.414134880713013,0.0
53,9.643013331140034,4.0
54,9.7695822979225,1.0
55,9.84507046113587,4.0
56,9.873274250486466,4.0
