,time,event
0,1.0133691674877292,0.0
1,1.3700581950810502,4.0
2,1.5550379985015788,0.0
3,1.911048237661057,3.0
4,2.026724875997864,0.0
5,3.0437541093337703,1.0
6,3.1139958135468255,4.0
7,3.2421989974114984,4.0
8,3.3468781509344887,2.0
9,3.4194300286531987,1.0
10,3.5557038113596757,0.0
11,3.6065283887560473,1.0
12,4.04559455105907,4.0
13,4.605061926896254,0.0
14,4.763066723748332,3.0
15,5.038140910920362,0.0
16,5.545325748595862,2.0
17,5.608380505476853,2.0
18,5.664002086110591,2.0
19,5.960994392188002,1.0
20,6.687022547862659,4.0
21,6.818229541378482,0.0
22,6.843490953490616,0.0
23,7.161135938208164,1.0
24,7.176972475164387,4.0
25,7.305602909051157,4.0
26,7.358221150217326,1.0
27,7.5859489176237185,0.0
28,7.699329878632551,2.0
29,7.7158373766374,0.0
30,7.9293768515863094,0.0
31,7.978939744938768,4.0
32,8.021666354864141,0.0
33,8.479627327314041,4.0
34,9.82956581817546,2.0
35,9.887944439695588,3.0
36,9.92695027909883,1.0
37,9.970733881991002,2.0
