,time,event
0,0.17308057208665248,3.0
1,0.4066503525953884,0.0
2,0.5647411487265037,0.0
3,0.6224826392388171,0.0
4,0.6846635176533467,0.0
5,0.9798424054149416,4.0
6,1.1450356620364737,0.0
7,1.1839891467917834,3.0
8,1.3948368504354192,2.0
9,1.6619258835681692,2.0
10,1.8783025192774647,3.0
11,2.4619148622157505,4.0
12,2.5183248058686227,4.0
13,3.072601747933903,1.0
14,3.9525597682778613,2.0
15,4.456711313105247,4.0
16,4.532501759109623,4.0
17,4.6814439508127235,4.0
18,4.9614549546959354,0.0
19,5.21814944228624,0.0
20,5.328415899338374,0.0
21,5.698144995107957,2.0
22,6.007180487741467,3.0
23,6.532958468597667,4.0
24,6.758249285561355,4.0
25,6.832520568868697,0.0
26,6.884204113948114,4.0
27,6.892502291466898,3.0
28,7.439149722887393,1.0
29,7.537728141149243,1.0
30,7.783541899282174,3.0
31,7.798261524105254,2.0
32,8.025916281146532,4.0
33,8.04805319245942,2.0
34,8.320473863403654,3.0
35,8.934635657711999,4.0
36,8.975507349690998,3.0
37,9.114106668369619,4.0
38,9.421379445711066,4.0
39,9.643151541349974,3.0
40,9.877091729693268,0.0
41,9.956821851842738,4.0
