,time,event
0,0.4606681703935003,0.0
1,0.7616891139224441,0.0
2,1.3907610745106853,0.0
3,1.8936883085592167,0.0
4,2.4541122648166587,1.0
5,2.487998061382038,2.0
6,2.572497842071175,1.0
7,2.867483084967867,3.0
8,2.8862535670585925,1.0
9,2.9569126604915765,3.0
10,3.4288106749631706,1.0
11,3.519524483585831,1.0
12,3.916837912805028,1.0
13,3.97816567769844,3.0
14,4.0557329510638445,0.0
15,4.063991226546992,0.0
16,4.141073205545209,1.0
17,4.216114266688024,3.0
18,4.604567250697201,0.0
19,4.735895408139563,4.0
20,4.999434829366411,2.0
21,5.145998503665384,0.0
22,5.26561194576521,1.0
23,5.381310467572647,4.0
24,5.402087491412409,2.0
25,5.697055085025398,0.0
26,5.943586425203558,0.0
27,6.248735572823448,0.0
28,6.396353160010245,3.0
29,6.4233995773770145,0.0
30,6.500035356598604,3.0
31,6.544551129334828,3.0
32,6.577079265522035,4.0
33,6.608631284485494,2.0
34,7.536626264210779,2.0
35,7.726124372965527,0.0
36,7.738186987838974,4.0
37,7.8388213094476695,1.0
38,8.281521524988152,1.0
39,8.405605361522227,4.0
40,8.483501626712341,0.0
41,8.591137706248775,4.0
42,8.660435765787343,3.0
43,8.709448341581643,3.0
44,8.764659505201863,4.0
45,8.78043867095071,1.0
46,8.82494390391505,3.0
47,8.85681286665174,2.0
48,9.701290084986514,1.0
49,9.944572915495149,0.0
