,time,event
0,0.37946752029958275,0.0
1,0.6734432267417592,0.0
2,1.0328387003638846,0.0
3,2.249373844337825,1.0
4,2.853501259725744,1.0
5,3.6186370551595886,0.0
6,3.7419560029641525,4.0
7,4.079916258235477,4.0
8,4.959795551906963,0.0
9,5.265007521798122,0.0
10,5.393150055869953,1.0
11,5.600512985782348,1.0
12,5.796423506434949,4.0
13,6.307425083267142,0.0
14,6.510009281541122,3.0
15,7.050925333601886,0.0
16,7.1297063474280735,3.0
17,7.546714948120001,1.0
18,7.679067013075027,3.0
19,7.720639197485298,4.0
20,7.801649581737668,4.0
21,7.823551186877878,3.0
22,7.916459861470828,4.0
23,8.053497260852378,3.0
24,8.105221569420268,1.0
25,8.161990269536043,4.0
26,8.574794360131014,1.0
27,8.774729666514643,3.0
28,9.615655355868505,1.0
29,9.658452884024811,4.0
30,9.699729159474858,3.0
31,9.776816294096772,3.0
32,9.901582999682644,3.0
33,9.953465304999483,2.0
34,9.953775918820813,4.0
35,9.97953597566194,3.0
