,time,event
0,0.8045159680736006,1.0
1,0.8113310857355596,4.0
2,1.1530553695448131,1.0
3,1.2341005056897418,1.0
4,1.8895317946375543,0.0
5,1.9440401267808478,4.0
6,2.170429450097433,4.0
7,2.2967807422939144,1.0
8,2.403011488699546,4.0
9,3.0235054316771177,1.0
10,3.4729666461150455,1.0
11,3.4770161670502073,3.0
12,3.498789802853735,3.0
13,3.6118272749646043,1.0
14,3.6486618052259736,1.0
15,3.6953889614532156,0.0
16,4.0892760275269096,2.0
17,4.159303968446562,2.0
18,4.471458585156672,1.0
19,4.56575460910332,4.0
20,4.7690897800521075,3.0
21,5.202768383073311,1.0
22,5.297337256049496,0.0
23,5.3694308055509605,0.0
24,5.43682142253766,1.0
25,5.598446378896152,3.0
26,5.601371547248304,1.0
27,5.635068804595845,3.0
28,5.777167953412142,1.0
29,5.805303448159142,1.0
30,5.819313911359157,0.0
31,5.845596998570192,0.0
32,5.89294467361467,1.0
33,5.903266832340879,3.0
34,5.9230963600605016,1.0
35,6.033798801222283,1.0
36,6.436678666302333,1.0
37,6.653903142595726,1.0
38,6.798845569126074,0.0
39,6.809881598421477,0.0
40,6.863542524959134,3.0
41,6.912954859835794,1.0
42,6.987712614812005,0.0
43,7.195870055595557,2.0
44,7.398991551763401,0.0
45,7.442257441753819,1.0
46,7.60352793808782,0.0
47,7.634254890638633,3.0
48,7.66020527575081,1.0
49,7.809356156535533,3.0
50,7.879614536381739,3.0
51,7.928705743462954,3.0
52,7.930798680026624,3.0
53,7.958266432561852,2.0
54,8.040836972324891,3.0
55,8.098086974600088,1.0
56,8.137999373047917,1.0
57,8.16652124214771,2.0
58,8.199235160385433,2.0
59,8.271585537770342,3.0
60,8.38111654292134,1.0
61,8.410715218170584,1.0
62,8.431954303524591,4.0
63,8.448793084231005,1.0
64,8.554104871601005,0.0
65,8.581174357098233,0.0
66,8.874949256043038,0.0
67,9.09850638042568,1.0
68,9.178731789791074,2.0
69,9.235020186618991,2.0
70,9.35565920996009,2.0
71,9.361182380480498,0.0
72,9.385846719206693,1.0
73,9.395406654305654,1.0
74,9.592123491133039,1.0
75,9.7088324593917,1.0
76,9.934856279037508,1.0
77,9.945606052858,0.0
78,9.96304343506257,0.0
79,9.996091533153367,0.0
