,time,event
0,0.6094380359286438,0.0
1,1.3322928891905097,0.0
2,1.332567441055388,0.0
3,1.3369225329715422,3.0
4,2.1353167112383806,4.0
5,2.555696443121722,3.0
6,2.6377076758463947,3.0
7,2.8735489752524175,4.0
8,3.0180461456735936,1.0
9,3.0214209584608818,1.0
10,3.7904180481831324,3.0
11,3.9234012756303414,0.0
12,4.328197565742245,3.0
13,4.461929400989364,4.0
14,4.610167440547451,3.0
15,5.186405985531254,1.0
16,5.265861358132815,0.0
17,5.346868085413632,3.0
18,5.399625228020614,3.0
19,5.470073728860368,1.0
20,5.509827504895445,0.0
21,6.124164175692173,0.0
22,6.1377191846041965,4.0
23,6.256208289274458,1.0
24,6.689911765223529,4.0
25,6.8094200577418915,3.0
26,6.825736473524226,2.0
27,6.91865061571626,3.0
28,6.956513220995034,2.0
29,6.96102395485546,1.0
30,7.395389270605289,0.0
31,7.75784405826711,3.0
32,7.777575269592301,3.0
33,7.820487938549988,1.0
34,8.203812602598006,2.0
35,8.5854757869768,2.0
36,8.856335809835246,4.0
37,9.00164811106637,0.0
38,9.088784488709782,4.0
39,9.222260563709394,2.0
40,9.242606253335124,3.0
41,9.269543146106098,1.0
42,9.295306694833384,0.0
43,9.584238646005666,4.0
44,9.752048627585026,1.0
