,time,event
0,0.5750419493003965,4.0
1,1.0116507026978934,4.0
2,1.4078567721581383,1.0
3,2.2218477471481117,1.0
4,2.6773720061047364,1.0
5,2.7526758986073876,1.0
6,3.341536256851972,3.0
7,3.349119539528695,1.0
8,3.4503807485388114,0.0
9,3.8189830649784855,0.0
10,4.2237450525145475,1.0
11,4.648193665007621,0.0
12,4.869033509678222,1.0
13,4.965786562672333,1.0
14,5.102000535953067,0.0
15,5.557231079786075,0.0
16,5.593060976834012,3.0
17,5.817375024542398,4.0
18,6.006572742556761,1.0
19,6.177411315369042,1.0
20,6.271625737874307,4.0
21,6.34702610596718,0.0
22,6.899399640767216,1.0
23,7.140732450858243,1.0
24,7.176000914902838,0.0
25,7.233164290645143,1.0
26,7.255436165396517,1.0
27,7.280080948350521,0.0
28,7.30975114106149,4.0
29,7.4543168365965125,1.0
30,7.589199436490175,1.0
31,7.679988365132415,1.0
32,7.68819646845763,4.0
33,7.710967454060746,4.0
34,7.937230137734582,3.0
35,8.032063344570087,0.0
36,8.165278004419251,1.0
37,8.300233925781226,3.0
38,8.335838737398127,1.0
39,8.347456961188902,1.0
40,8.384060906252085,0.0
41,8.391182851684418,1.0
42,8.50550582586804,4.0
43,8.573750970942163,0.0
44,8.614568435150375,1.0
45,8.634278103642096,1.0
46,8.64515546576008,1.0
47,8.65959489679459,0.0
48,9.155076543525515,1.0
49,9.453266759226013,1.0
50,9.454911820542678,0.0
51,9.468140875726954,1.0
52,9.493529260099546,0.0
53,9.56964511559136,1.0
54,9.60036007486728,0.0
55,9.623652351687916,0.0
56,9.630776968738434,1.0
57,9.713522879616784,4.0
58,9.840603553545927,0.0
59,9.853796709848575,1.0
60,9.862007556395172,0.0
61,9.912680941551223,3.0
62,9.942496366862336,1.0
63,9.944881493893606,0.0
64,9.949415699905488,0.0
65,9.966888563317355,0.0
66,9.995895660679633,4.0
