,time,event
0,0.6870636124168846,1.0
1,2.1547743101359624,0.0
2,2.537137371262177,1.0
3,2.9840592499078786,1.0
4,3.325163383666205,4.0
5,3.429984767617484,4.0
6,4.2880157747437915,4.0
7,4.352687806950274,0.0
8,4.5814894269965745,0.0
9,4.666245644058674,4.0
10,4.753509814907445,1.0
11,4.953306950448392,1.0
12,5.2907480246523875,1.0
13,5.449576553879033,0.0
14,5.746063585536382,1.0
15,6.184473652525529,0.0
16,6.567041994166387,4.0
17,6.949551321916569,4.0
18,7.054133460191025,4.0
19,7.093928144540369,1.0
20,7.481424681875947,4.0
21,7.735046535017083,1.0
22,7.7376582970922,1.0
23,8.126581559860018,1.0
24,8.151412106843356,4.0
25,8.279251487814655,0.0
26,8.453968200785248,0.0
27,8.544869612193386,4.0
28,8.596495884148432,4.0
29,8.959947163595517,4.0
30,8.973692107589091,4.0
31,9.076018162473618,2.0
32,9.537583554462216,0.0
33,9.564959604529928,1.0
