,time,event
0,0.42215830543567506,0.0
1,0.8417192720523088,4.0
2,1.320642100696021,3.0
3,1.489354282928347,0.0
4,1.5190437991028347,4.0
5,1.8326560301683652,0.0
6,2.842356396644708,3.0
7,2.8904128212773066,4.0
8,2.920010641396233,3.0
9,2.9838048692640813,1.0
10,3.4027154573723424,0.0
11,3.539568061157879,0.0
12,3.637377930076421,0.0
13,3.675406382276824,0.0
14,3.72930311933184,3.0
15,3.9310813303046683,3.0
16,4.492784465089473,4.0
17,4.597480052289735,4.0
18,4.654208224673193,4.0
19,4.923465633030728,4.0
20,5.217859990759842,0.0
21,5.236847853252282,0.0
22,5.426333545160704,1.0
23,5.572473954379932,3.0
24,5.9805394773076035,3.0
25,6.07661589375812,3.0
26,6.113769571988279,3.0
27,6.276743224341867,0.0
28,6.833494588277538,1.0
29,6.83866816005352,0.0
30,7.033369752456173,4.0
31,7.199318463340673,4.0
32,7.488773989221221,0.0
33,7.689990309107751,0.0
34,8.194204842906014,3.0
35,8.305935654937333,0.0
36,8.364227023826324,1.0
37,8.440302021509071,0.0
38,8.476124342885202,3.0
39,8.487913101584796,0.0
40,8.936090743269048,0.0
41,8.979285657773085,4.0
42,9.135568174220056,1.0
43,9.350654392774544,0.0
44,9.605590698030484,1.0
45,9.722545078673656,3.0
46,9.968840510763865,3.0
