,time,event
0,0.3830161468929375,4.0
1,0.478529892985799,4.0
2,0.6054645796086584,4.0
3,0.8409244526943009,4.0
4,1.557883093721087,4.0
5,1.8504058994435961,3.0
6,2.867851377954113,2.0
7,3.046196389006669,0.0
8,3.048760040304901,2.0
9,3.1925676348246914,2.0
10,3.304914197211511,2.0
11,3.453805163129794,0.0
12,3.536021920035295,2.0
13,3.973326356772054,0.0
14,4.0113460504654475,4.0
15,5.0552806066108875,0.0
16,5.162912498583885,1.0
17,5.213683692659076,1.0
18,5.438245698935924,0.0
19,5.442491841929369,1.0
20,5.687432034600066,2.0
21,5.698544327064243,3.0
22,6.202787363744084,4.0
23,6.206179922142685,0.0
24,6.352745442138459,4.0
25,6.842291338660603,1.0
26,6.9733298598518765,4.0
27,7.4203600904120455,3.0
28,7.5302795577471615,1.0
29,7.5502463255647765,2.0
30,7.653186814891287,4.0
31,7.65329773772561,2.0
32,7.65897692425235,3.0
33,7.659972707083862,2.0
34,7.8015356601826715,1.0
35,7.868031966626109,2.0
36,8.007471814632277,2.0
37,8.415019426272519,0.0
38,8.632127777732123,2.0
39,9.157000629182098,4.0
40,9.788515863733014,2.0
41,9.826755957659396,2.0
42,9.963389728386266,2.0
43,9.99543961310103,2.0
