,time,event
0,0.12423621238654775,4.0
1,0.4072626754034395,0.0
2,0.5896576789040132,4.0
3,1.1053266986347763,3.0
4,1.3569329575980866,4.0
5,1.5093397341210784,1.0
6,2.0546921208824243,4.0
7,2.1461992540757997,1.0
8,2.5113823892533995,4.0
9,3.0346042601678067,0.0
10,3.5982679951154135,4.0
11,3.7915122564153494,4.0
12,4.742485846205214,4.0
13,5.041641930884464,1.0
14,5.219612356402315,1.0
15,5.305619762742064,4.0
16,5.661025135110046,0.0
17,5.714152149807449,1.0
18,6.0723411071569755,4.0
19,6.188936835124342,1.0
20,6.265963323553956,0.0
21,6.441940018867212,1.0
22,6.719103603990144,0.0
23,7.583370564545121,3.0
24,7.916615828817661,4.0
25,7.995548959739622,1.0
26,8.127240634900437,1.0
27,8.244016611290627,1.0
28,8.347867442554561,4.0
29,8.900573692454643,4.0
30,8.90448064889546,0.0
31,9.719783840035085,3.0
32,9.857557121535663,1.0
33,9.877707993626423,4.0
34,9.878439817295435,3.0
