,time,event
0,0.1987561590111411,0.0
1,0.3189910906438924,1.0
2,0.3583102772258797,0.0
3,0.8392801916629924,1.0
4,1.5848548184911173,0.0
5,1.8378307103078988,1.0
6,1.9928228022812506,3.0
7,2.22326924012044,4.0
8,2.3022738146425437,4.0
9,2.473243522554035,4.0
10,2.4870560849761665,1.0
11,2.5895355821246344,0.0
12,2.711343057352403,4.0
13,2.848882815258246,0.0
14,3.16418274547362,4.0
15,3.902607819384134,4.0
16,3.9099518763141163,0.0
17,4.051480737214529,0.0
18,4.083437278878628,2.0
19,4.215259633008941,4.0
20,4.333032338673138,3.0
21,4.371543279032226,4.0
22,4.482482557682429,4.0
23,4.6594937850088005,0.0
24,4.73719716016358,4.0
25,4.831057814553089,0.0
26,5.00514876731624,0.0
27,5.4051647968481555,1.0
28,5.612755771091357,4.0
29,5.649247980611711,0.0
30,5.802221345868961,0.0
31,5.853093168746263,4.0
32,5.936496835495267,4.0
33,6.117055213112887,1.0
34,6.142129923875704,0.0
35,6.2109541874526295,1.0
36,6.273381303736834,4.0
37,6.422610826878208,4.0
38,6.608472316141302,4.0
39,6.61695750036611,4.0
40,6.643214977017506,4.0
41,6.737993950347321,4.0
42,6.793317694288111,0.0
43,6.804249803792687,0.0
44,6.931131198267767,0.0
45,7.0052089628457725,0.0
46,7.405021136681389,1.0
47,7.777978900288275,0.0
48,7.867993881362421,0.0
49,7.875151528945604,0.0
50,7.898625647521762,1.0
51,7.971234760334865,4.0
52,8.042814715902892,4.0
53,8.0501884463412,0.0
54,8.06411261764314,4.0
55,8.097639672799636,4.0
56,8.218723580877839,4.0
57,8.250757575071793,0.0
58,8.292353111705703,4.0
59,8.294702455744774,4.0
60,8.302034278458382,1.0
61,8.329817170476588,1.0
62,8.350592847697511,1.0
63,8.455031590452517,1.0
64,8.522134096123308,4.0
65,8.553201961152949,4.0
66,8.574189787545748,4.0
67,8.623682984093117,1.0
68,8.628739194790281,1.0
69,8.73896472109683,0.0
70,8.752284542820728,4.0
71,8.753090431566951,4.0
72,8.780267082809296,4.0
73,8.92703709617534,0.0
74,9.083685543357545,4.0
75,9.17453704305566,4.0
76,9.197462631571371,0.0
77,9.270178619261022,0.0
78,9.349373392853911,4.0
79,9.351183286467181,1.0
80,9.371686404541736,1.0
81,9.777614942645556,0.0
82,9.876727582727012,4.0
83,9.98049892091328,4.0
84,9.99017950917829,0.0
85,9.992325427085337,4.0
