,time,event
0,0.04620142650371127,3.0
1,0.1414999492483096,4.0
2,0.31384570953167445,3.0
3,0.577173769000081,0.0
4,0.7618158303189502,0.0
5,0.9151710995033272,3.0
6,1.7645940309746098,0.0
7,2.2917278232913407,1.0
8,2.350432816918601,4.0
9,2.4478943959428654,1.0
10,3.2399370648303627,3.0
11,3.4231825750823406,2.0
12,3.4450431702370627,3.0
13,3.464224747678362,1.0
14,4.085455363215155,1.0
15,4.08906201004936,1.0
16,4.174388715988873,2.0
17,4.235631544766535,4.0
18,4.372668330590678,0.0
19,4.46609775293797,1.0
20,4.543958716346849,3.0
21,4.553002749009099,3.0
22,4.638196859102049,3.0
23,4.775872020365077,0.0
24,4.849387320772181,4.0
25,4.880262342797524,4.0
26,4.886573445007437,1.0
27,4.980931857152976,0.0
28,5.119422043716467,2.0
29,5.146685484210208,3.0
30,5.251955993358186,4.0
31,5.26952243090297,3.0
32,5.274432226898648,4.0
33,5.322773969073883,3.0
34,5.335881971783547,1.0
35,5.658980813377174,2.0
36,5.727838349880115,0.0
37,5.906444329128087,1.0
38,5.927488072756934,3.0
39,6.02653515514128,2.0
40,6.170217128446295,3.0
41,6.202132603281498,2.0
42,6.226674750205898,2.0
43,6.395836054619863,0.0
44,6.399410844755667,2.0
45,6.405936351680191,3.0
46,6.46399038471876,0.0
47,6.583567836480582,0.0
48,6.707458895740385,3.0
49,6.711565517084285,2.0
50,6.775164972843126,1.0
51,6.780890017129,1.0
52,6.891504916012142,3.0
53,7.103400037847748,4.0
54,7.176976400594909,3.0
55,7.2256722724638145,4.0
56,7.25668663292221,0.0
57,7.284410832301439,3.0
58,7.291165937950122,3.0
59,7.357682277939415,3.0
60,7.373309926310731,0.0
61,7.40279529077971,4.0
62,7.543731510327008,1.0
63,7.560619818615911,2.0
64,7.664825136955589,3.0
65,7.726509826608729,2.0
66,7.743102258989145,2.0
67,8.188889427677017,2.0
68,8.3572093249911,2.0
69,8.456164529645502,3.0
70,8.612439518803292,4.0
71,8.653301657986743,1.0
72,8.7963698424371,3.0
73,8.806107885058884,4.0
74,8.842398893372192,2.0
75,8.990461126940037,0.0
76,9.003224723205033,3.0
77,9.120127033550094,2.0
78,9.141209255395607,3.0
79,9.212011050989007,3.0
80,9.234291538900402,3.0
81,9.235695139076967,0.0
82,9.262100261385699,0.0
83,9.331796107173684,4.0
84,9.384481609587644,0.0
85,9.436801430658996,2.0
86,9.441644918987395,3.0
87,9.507942536226794,1.0
88,9.53698299677697,0.0
89,9.577417463698827,1.0
90,9.581662763843012,3.0
91,9.607953671613155,4.0
92,9.707815680301985,4.0
93,9.828647022796808,3.0
94,9.851348007480922,1.0
95,9.874368555408502,0.0
96,9.969691453168561,4.0
