,time,event
0,0.5023987632185973,4.0
1,1.3643197638012396,2.0
2,2.155279306812955,4.0
3,2.1986177397518776,1.0
4,2.4538403826335373,4.0
5,2.507973753241839,0.0
6,2.5514064578686146,4.0
7,2.8414328990898072,1.0
8,2.9858437868128873,4.0
9,3.047321995155635,0.0
10,3.354212858800084,3.0
11,3.449952435356279,0.0
12,3.768139355857511,4.0
13,4.255469066131336,0.0
14,4.377753455870369,0.0
15,4.694876714442295,4.0
16,4.797965845556224,4.0
17,5.255224782887889,3.0
18,5.411979190634946,3.0
19,5.49509656259879,1.0
20,5.766657866761675,1.0
21,5.789654892039138,3.0
22,5.801167343837919,0.0
23,6.192048290488734,1.0
24,6.289505594205532,3.0
25,6.3445787746162905,3.0
26,6.372697412434841,4.0
27,6.693815109161646,0.0
28,6.717284990178754,3.0
29,6.823287321642904,3.0
30,6.86312411035851,3.0
31,7.0160571392342606,3.0
32,7.30567619069193,4.0
33,7.596144066690238,4.0
34,7.839762066017047,1.0
35,7.84229567670907,3.0
36,7.881066156413197,4.0
37,7.91797255861772,0.0
38,7.993402035707793,0.0
39,8.072775153981473,3.0
40,8.158147064393189,0.0
41,8.175986317312447,0.0
42,8.226056116263642,4.0
43,8.457473964110466,1.0
44,8.602576308193019,0.0
45,8.79516474303779,0.0
46,8.813180279894565,4.0
47,8.990341731657168,4.0
48,9.049434897970217,3.0
49,9.106068650469053,4.0
50,9.129905535743017,3.0
51,9.144315842149892,0.0
52,9.178039206241076,4.0
53,9.204803553791782,3.0
54,9.209094386557394,1.0
55,9.27316258925508,0.0
56,9.30000962420613,4.0
57,9.326930372791647,4.0
58,9.4363018316143,3.0
59,9.802332940491045,4.0
60,9.954954225950507,0.0
