,time,event
0,0.03061714036263671,4.0
1,0.3374909889482089,0.0
2,0.3704374713377955,3.0
3,0.6084760190238281,3.0
4,0.6497094807424972,4.0
5,0.9587409303264566,2.0
6,1.1567899253568754,1.0
7,1.176749630251642,2.0
8,1.2628857904103274,3.0
9,1.2685592229737666,4.0
10,1.3612830278611767,1.0
11,1.5068851306620834,3.0
12,1.7173217612891467,2.0
13,2.1002996348060816,0.0
14,2.1711590882831064,3.0
15,2.424875964724932,3.0
16,2.4402945506984683,2.0
17,2.5678360488835046,2.0
18,2.572782307409108,1.0
19,2.7759002400264103,1.0
20,2.802294098472347,2.0
21,3.249491770492007,4.0
22,3.2792070943733833,4.0
23,3.3184473343932273,1.0
24,3.4623730513209456,0.0
25,3.550303404073596,0.0
26,3.6541531459562155,1.0
27,3.7402093217094134,3.0
28,3.8440769718606225,1.0
29,3.9043723497412306,1.0
30,4.1144542149347405,1.0
31,4.202122559708899,3.0
32,4.469626749939117,2.0
33,4.476166117555574,0.0
34,4.483347909963173,4.0
35,4.5983874596560925,0.0
36,4.791845482835616,0.0
37,5.2431311561585465,3.0
38,5.432473866988127,4.0
39,5.465596438412704,3.0
40,5.516469383068968,2.0
41,5.563124520163479,4.0
42,5.606475895027826,1.0
43,5.628873803026739,3.0
44,5.743419613799378,4.0
45,5.75506210075617,4.0
46,5.775599312873845,3.0
47,5.789804241199995,2.0
48,5.808933034318946,2.0
49,5.905281923898425,1.0
50,6.237504192956155,0.0
51,6.294680938544513,1.0
52,6.3279632862968835,2.0
53,6.450844968594182,4.0
54,6.6833257402711315,2.0
55,6.703186497864809,4.0
56,6.827237070866926,2.0
57,6.892846596949393,1.0
58,6.92739699264861,2.0
59,6.928581017260324,1.0
60,6.936007274097865,2.0
61,6.945107403082243,1.0
62,7.4610933449308225,4.0
63,7.470249015082018,4.0
64,7.474215639961299,4.0
65,7.662856680195056,1.0
66,7.853232362236958,4.0
67,7.900563988885952,3.0
68,7.913141264905548,3.0
69,7.94959672788355,2.0
70,7.959087983864242,4.0
71,7.969103152626032,1.0
72,7.9873823674237405,4.0
73,8.002612409633675,3.0
74,8.109656192133315,2.0
75,8.186460867968824,3.0
76,8.22958090885995,1.0
77,8.251122834453527,4.0
78,8.305866512681146,2.0
79,8.512760631366397,3.0
80,8.58362691665729,1.0
81,8.726460814140207,4.0
82,8.77429459857603,0.0
83,8.855636585421532,2.0
84,9.068199663532756,4.0
85,9.088661765308377,3.0
86,9.117904151351903,1.0
87,9.180555772749297,4.0
88,9.295509969959824,1.0
89,9.414474520714155,1.0
90,9.443459345276016,3.0
91,9.65545577634815,4.0
92,9.67931474701203,4.0
