,time,event
0,0.1839568095832686,0.0
1,0.3549149449001573,2.0
2,0.38542920255151275,2.0
3,1.7013800987353567,1.0
4,2.2374087731091503,1.0
5,2.3101053408942778,2.0
6,2.5082097070230036,2.0
7,2.9269448297427347,2.0
8,3.1585246025060547,0.0
9,4.135402519907231,3.0
10,4.224756299738979,3.0
11,4.315038778955124,2.0
12,4.486808579041471,2.0
13,4.588505305605918,0.0
14,4.591373418877975,1.0
15,4.704877923615236,4.0
16,4.7505283774287115,3.0
17,4.789276710662398,3.0
18,4.897940624274212,2.0
19,4.925268982788334,3.0
20,5.184566244558554,0.0
21,5.5169512037510025,2.0
22,5.518343226348975,3.0
23,5.597261465890558,0.0
24,5.707092166980483,4.0
25,5.708107947688026,1.0
26,5.88178533886376,0.0
27,6.399592220575318,0.0
28,6.426094221819586,4.0
29,6.459035166726369,2.0
30,6.738032232528041,3.0
31,6.886062831425491,3.0
32,6.923385362530061,3.0
33,7.081567498116016,2.0
34,7.085021913419033,2.0
35,7.154127996518602,2.0
36,7.168678046753091,0.0
37,7.309556436119434,4.0
38,7.44186887999121,2.0
39,7.495294510873652,1.0
40,7.541840926797765,0.0
41,7.593550595770116,2.0
42,7.705937602064161,0.0
43,7.792135047281447,4.0
44,7.855880152343404,2.0
45,7.863388118516304,2.0
46,7.868020686670403,2.0
47,7.9441149501788475,3.0
48,8.023070395554978,4.0
49,8.227501588516756,0.0
50,8.303026109594898,1.0
51,8.495716485826554,4.0
52,8.886109016719491,0.0
53,8.936896601506584,3.0
54,9.378077624303142,2.0
55,9.81010959966451,0.0
56,9.812291183612192,0.0
57,9.868236946974646,2.0
58,9.947436760154925,1.0
