,time,event
0,0.22783601349554572,2.0
1,0.3962490922765475,3.0
2,0.9537400639652558,2.0
3,0.9545036859214837,1.0
4,0.9783717703633343,2.0
5,1.5924981961267584,0.0
6,1.7082450712715718,0.0
7,1.9108821581042907,3.0
8,2.014613679519528,2.0
9,2.1418124391214635,3.0
10,2.303563893729637,3.0
11,2.336344404189513,3.0
12,2.413639158944287,2.0
13,2.5431739618665716,4.0
14,2.713557824863327,3.0
15,2.8984459564001805,3.0
16,3.043322592553864,0.0
17,3.084804259146397,4.0
18,3.107390609319272,1.0
19,3.1926275761425225,4.0
20,3.52225056446008,0.0
21,3.882189364496323,1.0
22,3.93085097158666,3.0
23,4.0050691375981495,2.0
24,4.060907613979983,3.0
25,4.5378750020038625,3.0
26,4.581776180075151,1.0
27,4.664705273645123,3.0
28,4.788953358496112,3.0
29,4.81005796441165,1.0
30,5.103444842411101,3.0
31,5.205510350999181,1.0
32,5.249020162809944,0.0
33,5.2850934036891095,1.0
34,5.3148171975283836,0.0
35,5.351661118786705,3.0
36,5.853608895810704,1.0
37,5.860439873510882,4.0
38,5.916884110314974,4.0
39,6.0497439529232535,4.0
40,6.414185331103598,3.0
41,6.5274260908698185,1.0
42,6.603775225046983,3.0
43,6.847546239392301,3.0
44,6.965681904316747,3.0
45,7.166833350105288,3.0
46,7.209047817555021,1.0
47,7.224968292299413,2.0
48,7.242787580567593,4.0
49,7.331057973151497,3.0
50,7.362549996392689,1.0
51,7.442375695126885,3.0
52,7.493597612963166,1.0
53,7.611549865885922,1.0
54,7.631611387634493,4.0
55,7.678308366540085,1.0
56,7.703838075774882,1.0
57,7.757778583812427,4.0
58,7.81942785744788,1.0
59,7.866259187384559,1.0
60,7.891227834460149,0.0
61,7.902930984734832,3.0
62,8.193080357615187,2.0
63,8.232819400127196,1.0
64,8.255684389577306,1.0
65,8.300133197791943,1.0
66,8.490011530784138,4.0
67,8.739077641615985,1.0
68,8.903291225709047,3.0
69,9.145221440323287,3.0
70,9.301632796373628,1.0
71,9.377822562983432,3.0
72,9.479795344313828,3.0
73,9.649909544131658,4.0
74,9.69446138417098,1.0
75,9.727361376788116,1.0
76,9.739626791304115,1.0
77,9.781142994535498,1.0
78,9.910983607105512,1.0
