,time,event
0,0.2768025344654021,0.0
1,1.216207937299917,0.0
2,1.3840574985036442,1.0
3,1.784734585654634,0.0
4,1.8746253541894353,1.0
5,2.0102052357132245,1.0
6,2.918194264107742,0.0
7,2.985982719291036,1.0
8,3.0080423573814623,0.0
9,3.366590511460845,4.0
10,3.3829483612771383,2.0
11,3.454969497603038,0.0
12,3.5776195531552033,1.0
13,3.7287201464483113,4.0
14,3.9124134370986003,0.0
15,4.049231429809254,4.0
16,4.1070423137959375,1.0
17,4.222684748359054,1.0
18,4.261535746131766,1.0
19,4.3639526970979166,1.0
20,4.466045977238174,3.0
21,4.94056135292485,0.0
22,5.1386477982868675,0.0
23,5.175164945223574,1.0
24,5.350304660021994,1.0
25,5.458380838459747,2.0
26,5.464826602523798,2.0
27,5.487764168116448,1.0
28,5.571627252469337,0.0
29,5.756142029707995,4.0
30,5.997878724923493,2.0
31,6.113065864940159,1.0
32,6.148406071867125,2.0
33,6.160348532330257,4.0
34,6.413820146533038,0.0
35,6.481365104548146,4.0
36,6.489848162819553,1.0
37,6.514375251163136,0.0
38,6.525625360910947,4.0
39,6.555241382684679,4.0
40,6.611950117268221,4.0
41,6.854725754977296,4.0
42,7.0951446135162275,0.0
43,7.249213422599216,0.0
44,7.310400657625927,1.0
45,7.3890069058204455,0.0
46,7.415404731760362,0.0
47,7.472377015883647,0.0
48,7.663564693167514,0.0
49,7.698149555715335,3.0
50,7.703573249312267,0.0
51,7.856038731191326,2.0
52,7.860383802173959,1.0
53,7.860572238213145,2.0
54,8.114741499324902,1.0
55,8.184404381052065,2.0
56,8.227425785376733,2.0
57,8.345546906043023,2.0
58,8.649132740668696,4.0
59,8.672807162596149,1.0
60,8.83113806409155,4.0
61,8.927738977178256,1.0
62,8.948698072653018,1.0
63,8.978714817575261,3.0
64,8.99231710072157,1.0
65,9.006201713584762,1.0
66,9.055044235410959,2.0
67,9.06839749854715,1.0
68,9.077863631939705,1.0
69,9.198756992443853,1.0
70,9.288632252951514,1.0
71,9.459260809111298,0.0
72,9.476321826843938,4.0
73,9.501634080449763,1.0
74,9.514521073589407,0.0
75,9.521056742669394,0.0
76,9.603377208115639,0.0
77,9.632536311324504,1.0
78,9.637654317408371,0.0
79,9.723849326574735,0.0
80,9.749167752917332,1.0
81,9.760559957260426,1.0
82,9.82802964253848,0.0
83,9.834324009339895,0.0
84,9.971859046621667,1.0
