,time,event
0,1.875306926164335,2.0
1,2.73767860692778,1.0
2,3.139411461311352,1.0
3,3.4219089148676543,1.0
4,3.8325346004776124,3.0
5,3.921179874830087,0.0
6,4.62411243635467,0.0
7,4.7783523009602185,2.0
8,4.995008774338306,1.0
9,5.128976846782032,0.0
10,5.131863701231033,3.0
11,5.1337235664840755,2.0
12,5.425279305204596,3.0
13,5.620532549242725,3.0
14,5.701681173867225,0.0
15,5.933473599088549,4.0
16,6.162346615022806,0.0
17,6.366368989666584,0.0
18,6.651175780273007,0.0
19,6.758613755594707,4.0
20,6.914550255083678,0.0
21,6.991716883728343,1.0
22,7.231202621243176,0.0
23,7.339296112034273,1.0
24,7.355587850987138,1.0
25,7.360641737283945,1.0
26,7.371061050489351,1.0
27,7.378265323574233,0.0
28,8.036050908850918,1.0
29,8.092057520082768,0.0
30,8.300854699628664,1.0
31,8.384370742614564,1.0
32,8.807087542109713,4.0
33,8.853365851111498,4.0
34,8.895206341990695,0.0
35,9.082518255827642,4.0
36,9.105134380587288,0.0
37,9.128523147432528,0.0
38,9.156811216027569,4.0
39,9.188470440143176,0.0
40,9.349510232872978,4.0
41,9.353254432192447,4.0
42,9.376234181262394,0.0
43,9.381531547214042,4.0
44,9.386921528855568,2.0
45,9.412164533410987,4.0
46,9.429940814209843,0.0
47,9.443282271260271,0.0
48,9.46507927781596,4.0
49,9.616409673319588,3.0
50,9.69622379219103,1.0
51,9.701717641422706,4.0
52,9.719557838164086,4.0
53,9.734591960264515,4.0
54,9.750820918050946,4.0
55,9.784529686370096,0.0
56,9.818060553829998,0.0
57,9.856632651158202,0.0
