,time,event
0,0.6096592522773613,2.0
1,0.7077803704312482,0.0
2,1.3766896045691022,3.0
3,1.429918256335992,0.0
4,1.4607091656154907,2.0
5,2.4952484974610796,3.0
6,2.758517243536172,1.0
7,3.0912715162391726,1.0
8,3.5271184361027634,1.0
9,3.6611958803330302,1.0
10,3.718143394007367,2.0
11,3.752193391198056,1.0
12,3.857227174457983,2.0
13,4.947610735606272,4.0
14,4.973968032253766,3.0
15,5.0738825218578905,1.0
16,5.251309757693586,3.0
17,6.338987448158346,1.0
18,7.208489295755089,1.0
19,7.319956757155017,4.0
20,7.346793039784876,4.0
21,7.431578661675027,1.0
22,7.546043511350646,1.0
23,8.629260693307394,1.0
24,8.958098859015136,1.0
25,9.172762947864006,2.0
26,9.33757936154195,1.0
27,9.359104276357595,1.0
28,9.51427663705625,1.0
29,9.521568938038653,1.0
30,9.637114721547444,4.0
31,9.800220994895485,1.0
