,time,event
0,0.04877894432399864,3.0
1,0.39259012282824746,3.0
2,1.4509663248862121,3.0
3,2.4370114743546196,0.0
4,2.510983487028756,0.0
5,2.8386553674990327,0.0
6,3.1715776727869645,0.0
7,3.5204258579649297,3.0
8,3.560709305907412,3.0
9,3.745455679563664,2.0
10,4.125798126500589,2.0
11,4.901201137719697,1.0
12,5.3035776017116945,1.0
13,5.78609705108529,0.0
14,5.822784737584544,0.0
15,5.868779483535499,0.0
16,6.244886631578036,3.0
17,6.30530994310562,3.0
18,6.324792790901591,1.0
19,6.457155226413226,1.0
20,7.103819246254297,1.0
21,7.314402722517547,3.0
22,7.3658434308751914,3.0
23,7.389167311341708,4.0
24,7.5165635757209355,4.0
25,7.836727168135437,3.0
26,7.881184556117393,1.0
27,8.35563299594449,0.0
28,8.401330542748449,3.0
29,8.535885686352186,4.0
30,8.628511964432384,4.0
31,8.732760952270745,0.0
32,8.736085052227857,2.0
33,8.792860998842736,4.0
34,8.823104670523286,4.0
35,8.838095484582935,3.0
36,8.915500266991872,2.0
37,9.520505301269958,4.0
