,time,event
0,0.045291807120117426,1.0
1,0.5646219972673936,1.0
2,0.7117594625400585,1.0
3,1.2515898785571564,1.0
4,2.2075773834764645,1.0
5,2.7599161918483266,3.0
6,2.9676220029342524,0.0
7,2.9707806865690753,1.0
8,2.9760987094102993,0.0
9,3.052597295925312,0.0
10,3.092084315294776,0.0
11,3.2424998263167324,3.0
12,3.6009608124645323,3.0
13,3.652806212723334,0.0
14,3.7764048773789,0.0
15,4.845945830400817,4.0
16,4.911496953611237,1.0
17,5.239622833456038,1.0
18,5.281111695848499,3.0
19,5.289272150717632,3.0
20,5.320620067053038,3.0
21,5.340390837342603,3.0
22,5.464381902746256,4.0
23,5.499227035488148,4.0
24,5.587124067869564,1.0
25,5.635038342662122,4.0
26,5.868408685501501,4.0
27,6.054689178795784,4.0
28,6.266904185899603,3.0
29,6.472881693203357,1.0
30,6.585699322370398,2.0
31,7.118071531450287,3.0
32,7.595935452062364,4.0
33,7.759115001090358,1.0
34,7.761990667893103,1.0
35,8.832405740782,0.0
36,8.932034852425929,4.0
37,9.082246242855243,2.0
38,9.340378764765578,4.0
