,time,event
0,0.21735417259326564,1.0
1,0.29461014868049185,2.0
2,0.5845648878625813,0.0
3,1.090966498616332,3.0
4,2.0991001391279527,2.0
5,2.401412811318677,2.0
6,2.8548925263547758,1.0
7,2.9114651330577903,1.0
8,2.9796640887993866,1.0
9,3.041221972389851,1.0
10,3.1764183694140367,3.0
11,3.2357269782870457,4.0
12,3.309575507399987,4.0
13,3.3331796999328867,4.0
14,4.044908086386641,2.0
15,4.57461152704689,2.0
16,5.2561276106147305,4.0
17,5.257972767791251,4.0
18,5.427377198407522,4.0
19,5.436079067564978,2.0
20,5.602442268226269,2.0
21,5.674999979459328,2.0
22,6.483079472026897,2.0
23,6.737319670644659,1.0
24,6.749675855522604,2.0
25,6.870135318563096,2.0
26,7.238951672762638,3.0
27,7.315134495555697,2.0
28,7.403042131531945,2.0
29,7.606952785439411,2.0
30,7.63856969767555,3.0
31,7.748159490789244,2.0
32,7.769119331879951,0.0
33,7.949110955538675,2.0
34,8.457506582640946,2.0
35,8.978784467701225,2.0
36,9.049632961212875,2.0
37,9.346372794575485,2.0
38,9.41230865097866,3.0
39,9.638052578403205,2.0
40,9.674856609939436,4.0
41,9.709917821379234,2.0
42,9.835755569075207,2.0
43,9.964268824610064,1.0
