,time,event
0,0.3672664334867804,1.0
1,0.7602610794476761,1.0
2,0.848809408521982,2.0
3,1.4006218388694915,2.0
4,2.519384488186776,3.0
5,2.545427004570357,0.0
6,2.6930008183640406,3.0
7,2.7779245273821247,0.0
8,2.782954349532532,3.0
9,2.8388177771007177,1.0
10,2.8676533607950185,0.0
11,3.1152949461350463,0.0
12,3.17298447325419,3.0
13,3.436476084050137,1.0
14,3.44213457442328,1.0
15,3.4665282952580867,1.0
16,3.4853881107318423,1.0
17,3.6798962081393194,3.0
18,3.757252520045991,0.0
19,4.422803948167588,3.0
20,4.975039148218366,1.0
21,5.120041286206554,2.0
22,5.153555652664915,4.0
23,5.208377602317742,0.0
24,5.4893613515949085,0.0
25,5.530301831242285,2.0
26,5.859296506781237,0.0
27,6.197330057867434,4.0
28,6.414000162542518,3.0
29,6.423460432292216,2.0
30,6.840285651515413,3.0
31,7.053171556065841,2.0
32,7.3108047053494944,0.0
33,7.45163259255911,2.0
34,7.497687697075518,1.0
35,7.679347727607552,1.0
36,7.902846437385517,0.0
37,8.097057350078689,4.0
38,8.351379901783037,1.0
39,8.461642153494216,2.0
40,8.473380364588461,0.0
41,8.820429380548598,3.0
42,8.873929281673476,1.0
43,8.888723593759513,0.0
44,9.115751799997158,0.0
45,9.167416738690417,2.0
46,9.273349313684053,2.0
47,9.545021750250921,3.0
48,9.612219787245714,0.0
49,9.826791135057961,3.0
50,9.902419020692877,0.0
51,9.910533940148934,0.0
