,time,event
0,1.286860594857553,2.0
1,1.6919146190326009,3.0
2,1.9625311994593395,1.0
3,2.5173809858638263,3.0
4,2.9409932397247722,0.0
5,3.4269827302993674,2.0
6,4.029862899025669,3.0
7,4.211543513748752,3.0
8,4.320201958531174,3.0
9,4.36437122835472,3.0
10,6.261856411247623,1.0
11,6.620859777833727,2.0
12,6.673623671519044,2.0
13,8.269001798993203,1.0
14,8.430237913647883,3.0
15,8.631989912708036,2.0
16,8.847097168454175,3.0
17,8.951079459838592,4.0
18,8.9887041262404,3.0
19,9.015420591551221,1.0
20,9.083698984342591,1.0
21,9.308373926832147,1.0
22,9.828554781859413,1.0
