,time,event
0,0.01812240035715445,1.0
1,0.15379542170966887,1.0
2,0.23923505104935527,3.0
3,1.4360919388440345,1.0
4,1.6034404904477872,3.0
5,1.6157553034704986,2.0
6,2.189862414190276,2.0
7,2.49001959375527,3.0
8,2.4900575850838838,0.0
9,2.491123751034713,0.0
10,2.6154736032814325,0.0
11,2.6930862715217256,2.0
12,2.7354566722323734,1.0
13,2.7772238671907314,3.0
14,4.091281572599854,4.0
15,4.591156313892881,4.0
16,4.8015332357674385,4.0
17,4.830256720796846,4.0
18,4.874055335854825,4.0
19,4.876017584344,2.0
20,4.890283741073925,4.0
21,4.976300686492826,2.0
22,4.993146544427066,2.0
23,5.026157243063847,2.0
24,5.10111581102258,4.0
25,5.122282006202032,2.0
26,5.178061843249456,0.0
27,5.198012068256108,1.0
28,5.251935897101885,4.0
29,5.913943067584813,1.0
30,6.0771495769361294,1.0
31,6.301680793220899,1.0
32,6.3206067961238315,2.0
33,6.349653362216653,3.0
34,6.426609230633216,2.0
35,6.672658047281186,2.0
36,6.690642256714,2.0
37,6.708906809156153,2.0
38,6.727518321434548,4.0
39,6.814997007663067,4.0
40,6.918598058489709,3.0
41,6.980913636288066,2.0
42,6.982196886686841,3.0
43,7.005218059662597,3.0
44,7.0405374279221595,4.0
45,7.0813228449916155,4.0
46,7.223092437641802,2.0
47,7.236853678457098,2.0
48,7.252589295278172,1.0
49,7.291954676805785,3.0
50,7.294899151823961,2.0
51,7.295256011237675,4.0
52,7.441166535317354,3.0
53,7.466867828826113,3.0
54,7.472904668578488,2.0
55,7.495801415796846,0.0
56,7.927980181555747,1.0
57,8.21062748466331,3.0
58,8.21309545279736,0.0
59,8.307263192114048,4.0
60,8.379028078263495,0.0
61,8.496961561555038,0.0
62,8.759708673383091,0.0
63,8.812325749936885,3.0
64,8.817830878183454,3.0
65,8.911869381943301,0.0
66,8.965639223099933,4.0
67,9.013788926515511,3.0
68,9.022180389170318,3.0
69,9.091277974402137,4.0
70,9.108895939660496,4.0
71,9.121943972458647,4.0
72,9.152343451606368,0.0
73,9.298421060165397,4.0
74,9.311542906088714,2.0
75,9.31680252370821,2.0
76,9.32842996158245,0.0
77,9.445219371506864,2.0
78,9.457700849017161,2.0
79,9.48144994813459,4.0
80,9.488577360923337,0.0
81,9.491283935098819,4.0
82,9.495015038707402,0.0
83,9.574891535247149,3.0
84,9.612915102708577,0.0
85,9.665685893852412,2.0
86,9.666362932995597,4.0
87,9.682191271772348,3.0
88,9.685339257521735,4.0
89,9.69211522505136,1.0
90,9.75918852999997,2.0
91,9.789990150685062,1.0
92,9.837145681602596,4.0
93,9.869846487550825,2.0
94,9.907813040545701,2.0
95,9.925848385600391,2.0
96,9.947893826388794,0.0
97,9.953983308191685,3.0
