,time,event
0,0.37120402892601617,0.0
1,1.2555502508052752,0.0
2,1.2592429075274472,2.0
3,1.3588012325004675,3.0
4,1.4704488712545372,0.0
5,2.852798488223764,0.0
6,6.469998159122062,1.0
7,6.821231776923337,3.0
8,6.9716508380628035,0.0
9,7.006875388504574,4.0
10,7.283628901111245,2.0
11,7.305553316881847,0.0
12,7.418020089133668,1.0
13,7.482031844212739,2.0
14,7.686286497932964,0.0
15,8.847410249617875,0.0
