,time,event
0,0.7637184321910433,0.0
1,2.5577618584073747,2.0
2,2.5764570442618218,4.0
3,3.7349790736054516,0.0
4,3.93584798613769,2.0
5,4.088580231385515,1.0
6,4.1943029057902335,0.0
7,4.323484056594425,1.0
8,4.339954311455336,2.0
9,4.612561084575962,3.0
10,5.339499392837865,4.0
11,5.3637042670332,4.0
12,6.169807442154762,1.0
13,7.473215958909095,3.0
14,7.483816915381674,3.0
15,8.183373956643658,3.0
16,8.224335786612293,1.0
17,8.997919447985385,4.0
18,9.318346706995143,1.0
