,time,event
0,0.6091405315843957,3.0
1,3.1307870924679646,3.0
2,8.243158754192194,4.0
3,9.841084369448977,4.0
4,9.982071903170706,2.0
5,17.178136148568626,4.0
