,time,event
0,0.8626768395772408,3.0
1,1.1429286181782004,2.0
2,1.628005593794191,0.0
3,3.5022440070937857,4.0
4,4.110733283246775,0.0
5,4.254537052062951,1.0
6,4.357596661161899,1.0
7,7.768211380262742,4.0
8,9.814484514927015,3.0
9,10.024285778570192,2.0
10,10.162485723410427,0.0
11,10.255692698919729,4.0
12,10.410018262365899,1.0
13,10.459483591609134,2.0
14,10.741172378520737,1.0
15,10.762485692452849,1.0
16,11.109445064869227,3.0
17,11.304332640454556,2.0
18,13.042790335711691,3.0
19,13.139074782097444,1.0
20,13.424681149722907,1.0
21,15.245678990250308,1.0
22,15.258546679620256,3.0
23,15.531622175217946,3.0
24,15.531715232528702,2.0
25,15.593642532200192,1.0
26,16.00626368759379,3.0
27,16.057938094824067,2.0
28,16.074951341351568,1.0
29,16.0756322555086,3.0
30,16.254739830694447,2.0
31,16.396786305378438,1.0
32,16.525828426525546,3.0
33,16.597051315643167,1.0
34,16.611596103703505,0.0
35,16.69099338330967,2.0
36,16.870536216243668,1.0
37,17.055088784038038,3.0
38,17.26688770841813,1.0
39,17.28693271265936,2.0
40,17.867624563304307,0.0
41,18.206504166916154,1.0
42,18.331592956000634,0.0
