,time,event
0,2.776209263650828,0.0
1,2.8416308728441684,1.0
2,2.9816812414776233,3.0
3,2.9882204877495218,2.0
4,3.015935607014935,1.0
5,3.445913299556942,3.0
6,3.7482678181611426,2.0
7,3.8458980862913226,2.0
8,3.9151337132990585,2.0
9,4.4039384132017725,1.0
10,4.56372333917635,0.0
11,4.868278118646523,0.0
12,4.983105576193423,1.0
13,4.9854488667409855,0.0
14,5.059480373722822,1.0
15,5.085186055470088,3.0
16,5.1832579069952605,0.0
17,5.441719241586874,0.0
18,5.561173109222737,0.0
19,5.695710236608016,1.0
20,5.866730384844884,0.0
21,5.989311439957971,1.0
22,6.0294458535414615,2.0
23,6.076330895303977,1.0
24,6.132056860280412,3.0
25,6.216921871404399,1.0
26,6.287548024443435,3.0
27,6.33397067948669,1.0
28,6.568904575801397,3.0
29,7.2760552968784955,2.0
30,7.693567663379971,1.0
31,7.7477499483962635,0.0
32,7.765164207834788,0.0
33,7.866739952411832,1.0
34,7.938654532917718,3.0
35,7.9901441745981785,0.0
36,8.248755169467893,1.0
37,11.017387055729296,4.0
38,11.591955870297795,0.0
39,13.206947348314433,0.0
40,13.271521380470666,1.0
41,14.031212710119208,1.0
42,16.940642901120533,3.0
43,17.647518104950773,0.0
44,17.689863339178036,1.0
45,18.029920806826766,0.0
