,time,event
0,1.082424796509321,0.0
1,1.6940119197367134,3.0
2,2.6477343900387127,0.0
3,2.8002820138795714,0.0
4,2.8550829235668536,1.0
5,3.2313197252845276,3.0
6,3.4493568074992496,0.0
7,7.632257617363208,3.0
8,8.08904862915169,3.0
9,8.507433778684069,2.0
10,8.804930070977715,3.0
11,9.500545744133982,2.0
12,9.811243031276103,0.0
13,10.803494744391253,0.0
