,time,event
0,2.4289640469911693,3.0
1,5.734614688833645,0.0
2,9.052459103386155,1.0
3,11.405467943409267,4.0
4,15.25460829417491,0.0
5,15.462410975344147,3.0
6,16.21715130207813,3.0
7,17.837360762445066,0.0
8,19.301367111256457,0.0
9,19.499547762978207,0.0
