,time,event
0,6.970364399021509,1.0
1,6.993901290112286,4.0
2,8.566276587272155,3.0
3,10.412325704643333,3.0
4,13.691929772075923,1.0
5,14.425097690351743,2.0
6,14.78285372283211,1.0
7,14.799272651188637,1.0
8,17.381151879744376,2.0
