,time,event
0,1.089849946006672,3.0
1,1.1796534086247799,2.0
2,1.418252211758873,3.0
3,1.4871699654998405,1.0
4,1.4898597317264166,2.0
5,1.547202742241267,1.0
6,1.791293862427845,2.0
7,1.9562096021545272,1.0
8,2.408939660815531,0.0
9,2.43463557018438,1.0
10,2.569370755475142,1.0
11,2.8235545642666016,0.0
12,3.181959437657204,2.0
13,3.5886845801282994,1.0
14,3.723714304963984,0.0
15,3.7546983542384855,3.0
16,3.86545268355537,1.0
17,3.8851853608437996,1.0
18,3.922468601702042,1.0
19,4.360735974323326,1.0
20,4.654780234644082,0.0
21,4.6902381863811,0.0
22,5.397029395099625,0.0
23,12.153716664191151,1.0
24,15.135246154891085,1.0
25,16.654730588369393,1.0
26,17.08759239048986,3.0
27,17.242660901487554,2.0
28,18.58273206763982,3.0
