,time,event
0,1.8117957413226302,4.0
1,4.419847263366066,4.0
2,5.338894709717553,4.0
3,5.371266655682805,2.0
4,5.380230610771584,1.0
5,5.401201086876778,1.0
6,5.411517342410568,1.0
7,5.506406423784451,1.0
8,5.791649290625018,1.0
9,5.994947191427925,1.0
10,6.211341712343662,2.0
11,6.22209194083087,2.0
12,6.298557945066625,3.0
13,6.347762655021541,1.0
14,6.5986131942665125,1.0
15,6.843776590976644,2.0
16,7.981926838743644,2.0
17,8.150030118880538,1.0
18,8.493323186913896,2.0
19,8.832061571473604,1.0
20,9.398532849609635,3.0
21,9.823636942532923,2.0
22,9.838751336401456,1.0
23,9.962716365152724,1.0
24,11.094098482645325,2.0
25,11.234251465881425,1.0
26,16.828088684963248,1.0
