,time,event
0,0.9736894585741206,3.0
1,1.0375044590848892,3.0
2,1.5690417929919893,2.0
3,1.6172371971710975,0.0
4,2.0048184134163947,3.0
5,2.104660984992838,2.0
6,2.1049663705164057,0.0
7,2.1207264567331645,1.0
8,2.1453325986992837,0.0
9,2.1723193425479015,3.0
10,2.239573856102155,2.0
11,2.2580624767219994,1.0
12,2.6026305275533876,1.0
13,6.148257178829134,3.0
14,6.511593334601364,2.0
15,6.991805814637687,2.0
16,6.996797572892324,0.0
17,7.466791214661566,2.0
18,10.475292038996633,3.0
19,11.446258607610394,2.0
20,12.50924411615683,0.0
21,12.564185273943153,1.0
22,13.687030113739315,1.0
23,13.697515554956535,3.0
24,13.758055499293045,2.0
25,14.314409785314123,3.0
26,16.628402612481008,3.0
27,16.994139652886886,2.0
28,17.027484338029794,2.0
29,17.19400469359318,1.0
30,17.23980910641198,1.0
