,time,event
0,1.060482046556607,4.0
1,3.8845269198857433,2.0
2,3.927185227130111,1.0
3,4.039456879445351,1.0
4,4.062408561695736,1.0
5,4.353088341000763,0.0
6,4.464331648716153,1.0
7,4.539476021511005,3.0
8,4.800611785383517,1.0
9,4.949688906866076,0.0
10,4.979517517336686,2.0
11,5.860082322455688,2.0
12,6.046194089083274,0.0
13,6.091186639872237,1.0
14,6.171310616236942,4.0
15,6.190548032380718,1.0
16,6.219428348406995,1.0
17,6.557200102372438,1.0
18,6.58124938793105,3.0
19,11.031008672008394,1.0
20,11.083582596348409,0.0
21,11.205896245412546,1.0
22,11.236049560610011,0.0
23,11.442039175295243,3.0
24,11.674971761378758,2.0
25,11.689795965659513,0.0
26,11.702558452450981,0.0
27,11.74412095692004,1.0
28,11.887901441826807,1.0
29,11.904342525943095,1.0
30,12.008341434145288,3.0
31,12.241631353094856,1.0
32,12.278190470218247,3.0
33,12.28323426719347,1.0
34,12.407835366800043,1.0
35,12.510031527578771,1.0
36,12.684812552531378,0.0
37,12.701884748031294,1.0
38,12.705440120791458,1.0
39,12.731351009893753,3.0
40,13.076974761018684,3.0
41,13.094137144392494,1.0
42,13.140081093435512,2.0
43,13.822336854197717,0.0
44,13.978256351817715,0.0
45,14.798754392715896,0.0
46,14.928593147020955,1.0
47,15.057277332053726,1.0
48,16.366151047735652,0.0
49,19.23351917940379,0.0
50,19.52635857990372,0.0
