,time,event
0,1.1676665000220618,0.0
1,1.744494666074421,1.0
2,1.8405494446691757,3.0
3,2.0818086457399465,1.0
4,2.59430561467875,2.0
5,2.676624799142915,1.0
6,2.938423376882525,1.0
7,3.1540765575547343,0.0
8,3.1849994064064973,1.0
9,3.208278336277268,3.0
10,3.2202450844960304,1.0
11,3.2569048664253466,1.0
12,3.2810808326553196,3.0
13,3.3483952673065316,3.0
14,3.4762201509812916,2.0
15,3.660417157281611,1.0
16,3.7519174479038595,2.0
17,4.64486154865256,0.0
18,4.717548762559593,4.0
19,4.798183061074376,0.0
20,5.038723777630954,1.0
21,5.581117001900848,1.0
22,5.722882664139383,1.0
23,5.7937617323765425,1.0
24,5.8570854241527295,4.0
25,7.7983661187478335,0.0
26,9.576341674276614,0.0
27,9.581506648011414,1.0
28,9.626544230431639,1.0
29,9.645448283336071,3.0
30,9.690593668392943,1.0
31,9.735840380793414,1.0
32,10.035837147244484,1.0
33,10.076498211166967,3.0
34,10.929212903586096,2.0
35,11.092723230288804,2.0
36,12.95347466993708,0.0
37,13.091423569646338,1.0
38,13.445113438656442,0.0
39,13.613469531508747,1.0
40,18.82499987760036,4.0
