,time,event
0,1.1809738234223766,0.0
1,1.476862474737579,0.0
2,4.655325193087618,0.0
3,9.928959318962882,0.0
4,10.179075691539236,1.0
5,11.52600999499047,1.0
