,time,event
0,0.23195986058916496,4.0
1,2.5354978821349543,3.0
2,2.959521351630084,2.0
3,4.850654276703886,1.0
4,5.540332378834059,1.0
5,6.120051153085263,0.0
6,6.274401020209502,1.0
7,6.274472357717738,3.0
8,6.329235149142802,3.0
9,6.4629461175872205,2.0
10,6.804003500916473,0.0
11,6.805220064208066,1.0
12,6.822419651206597,0.0
13,6.921787313624618,2.0
14,7.032360343664247,1.0
15,7.5125997599094925,1.0
16,8.200602827786506,2.0
17,10.003001562491464,0.0
18,10.425319778862189,3.0
19,10.597308475402992,2.0
20,10.611529325143435,1.0
21,10.752238079255312,1.0
22,13.226297595060077,3.0
23,13.247832079499723,2.0
24,13.48977973890976,0.0
25,14.602727123024627,1.0
26,14.616679587480045,3.0
27,14.679277925994322,0.0
28,14.692722486048345,3.0
29,14.890605143747512,1.0
30,14.978504071002012,1.0
31,15.103378481177309,3.0
32,15.989501459306474,3.0
33,16.047677824435606,2.0
34,16.114809162408356,1.0
35,16.138534949269733,1.0
36,16.19728092341973,3.0
37,16.437774566282254,3.0
38,16.50837926328387,0.0
39,16.75122640166265,2.0
40,17.10108460514061,2.0
41,18.29553089566707,4.0
42,18.671704956805677,0.0
43,18.673319479481687,1.0
