,time,event
0,2.0391929167109586,0.0
1,2.070261297786245,1.0
2,3.0249540416003473,1.0
3,3.3014026267649084,2.0
4,8.52359352261983,1.0
5,8.608683472549384,1.0
6,9.091375658238187,3.0
7,9.250223279984619,2.0
8,9.43648606263992,2.0
9,9.564537119608213,1.0
10,9.649280886059708,1.0
11,9.903277066478893,3.0
12,9.996594391440592,0.0
13,10.452076214070283,2.0
14,10.548311809764524,1.0
15,10.631342749105867,1.0
16,10.888441759746172,2.0
17,13.580055762945685,2.0
18,13.695248285100101,1.0
19,13.792042051928322,0.0
20,13.853301682809086,0.0
21,13.900372499230699,3.0
22,13.947970021140002,1.0
23,14.002375904975095,2.0
24,14.00874132901054,1.0
25,14.08675107209147,3.0
26,14.194516149096561,1.0
27,14.285744268713369,2.0
28,14.58649678678089,2.0
29,14.920704331198158,1.0
30,15.082864593403372,1.0
31,15.168523019675987,3.0
32,15.191279791565258,3.0
33,15.267395230226219,3.0
34,17.911893268802704,0.0
35,19.79377160665274,0.0
36,19.838522325096704,1.0
