,time,event
0,2.9743262748613146,3.0
1,3.196323798556786,2.0
2,3.326848375948786,1.0
3,3.82722725707379,2.0
4,6.371039299988384,1.0
5,9.153532375760147,3.0
6,9.358741885247309,2.0
7,9.39012392024923,1.0
8,9.431706700555432,2.0
9,9.457336255671486,1.0
10,9.4643838314347,0.0
11,9.62518129273331,1.0
12,9.756099997256666,1.0
13,9.826565678287672,3.0
14,9.899158542161862,2.0
15,9.940706025239056,2.0
16,10.210048925045863,2.0
17,10.286805268779892,1.0
18,10.29906357675263,1.0
19,10.361526465710792,0.0
20,10.489517929795436,1.0
21,10.996172240561766,1.0
22,11.084653289706706,0.0
23,11.142329702462355,1.0
24,12.134248611617055,0.0
25,12.277562491191473,0.0
26,12.354244302259218,1.0
27,12.400399269944726,3.0
28,12.536472708980412,2.0
29,12.797406368987973,1.0
30,12.801570243758052,1.0
31,12.854927964566343,1.0
32,12.906748997324145,1.0
33,13.05028515588206,3.0
34,13.25032514164459,1.0
35,13.259404086537728,1.0
36,13.464199668675047,1.0
37,13.769145068025605,3.0
38,14.257275168203838,2.0
39,14.306746781299235,2.0
40,14.399960400792098,1.0
41,14.559341738194862,3.0
42,14.787378001539507,2.0
43,16.323128448213446,0.0
44,16.343580841616664,0.0
45,18.9626670989084,0.0
46,18.974698773703572,1.0
