,time,event
0,1.327375929462534,3.0
1,2.161339506683588,0.0
2,3.4109033759528193,0.0
3,5.761590040929633,4.0
4,8.230401900507118,0.0
5,8.439222619006916,1.0
6,8.533616704425338,0.0
7,8.876599634046654,1.0
8,9.942280399987887,3.0
9,9.995144456194422,2.0
10,10.262046088771195,2.0
11,13.176452953610108,0.0
12,14.412128224489164,0.0
13,14.70063806562076,1.0
14,15.018339490801019,3.0
15,15.20192089950525,4.0
16,15.268629276475133,2.0
17,15.270739366875855,1.0
18,16.2570991397386,1.0
19,17.4530633672548,0.0
20,18.565384032335576,0.0
