,time,event
0,0.5015452137169009,0.0
1,0.5701808877790427,1.0
2,0.9621392978493839,1.0
3,0.974920614555652,1.0
4,1.068724536647751,1.0
5,1.157844384497136,1.0
6,1.2189354447589167,3.0
7,1.4914343838804602,2.0
8,1.7573967821940766,1.0
9,1.8564190204973472,1.0
10,1.898090785597669,3.0
11,1.9085627833598102,3.0
12,3.1211030751584037,1.0
13,8.422346740467042,4.0
14,14.133832976570673,0.0
15,18.988121266015757,0.0
16,19.09922661505421,1.0
17,19.220302378061728,4.0
