,time,event
0,7.064556546207865,0.0
1,9.115087832813614,0.0
2,9.26521931742142,1.0
3,9.910717741848021,3.0
4,11.185453201637195,1.0
5,13.284785791220251,1.0
6,13.585014699501002,3.0
7,14.020943910202963,3.0
8,14.039193659469438,2.0
9,14.132451472764465,3.0
10,14.315475939535968,2.0
11,14.32760685447055,1.0
12,14.451091410496668,2.0
13,14.554692063795535,1.0
14,14.858252615752749,1.0
15,15.120818163314336,0.0
16,16.096130623529973,0.0
17,17.004378438876834,0.0
18,17.10760247030143,1.0
19,17.423359414158732,3.0
20,18.40378452872783,3.0
21,19.321302798473255,4.0
