,time,event
0,0.8723464921032367,0.0
1,1.1236706463622421,1.0
2,3.39222212618332,3.0
3,4.135298416675223,3.0
4,5.14662034655549,0.0
5,7.358015600414854,3.0
6,8.835643681669902,0.0
7,8.851378078836955,1.0
8,8.852116004218432,3.0
9,8.904921346745672,2.0
10,9.141183363848992,1.0
11,9.166562199901312,1.0
12,9.566762321139052,3.0
13,10.146764993460545,2.0
14,10.25731087818662,1.0
15,10.976912031411572,0.0
16,11.054024677533919,1.0
17,11.140668773040122,1.0
18,11.294842800789798,3.0
19,11.334764077093602,3.0
20,11.405205156080557,3.0
21,11.440575175143136,2.0
22,11.46550957330494,1.0
23,12.123267944393476,1.0
24,13.060368410051156,1.0
25,13.455413719671382,0.0
26,14.168008320047093,1.0
27,15.217117427360364,0.0
28,15.349836796460835,1.0
29,15.702086521301004,1.0
30,16.581571577505503,0.0
31,17.891834399307992,0.0
