,time,event
0,1.8129289898674212,3.0
1,3.467322537164333,2.0
2,4.063475639103436,1.0
3,5.197717770929198,3.0
4,6.3522595695392665,2.0
5,6.357294569575939,1.0
6,6.795965293231774,3.0
7,9.480793632353635,0.0
8,9.925630582323757,1.0
9,9.928204778942881,3.0
10,9.944842971331186,2.0
11,10.250590289901979,1.0
12,10.47900485664289,1.0
13,10.498209528125054,0.0
14,11.038511155742656,3.0
15,11.05059218141368,2.0
16,11.822845290605743,4.0
17,12.48400237278274,0.0
18,12.588000669875802,1.0
19,13.851270745107188,3.0
20,14.185696306074002,2.0
21,14.319025426527029,1.0
22,15.44280274812836,3.0
23,16.01657752520971,1.0
24,16.08202246697859,3.0
25,16.101540993467694,2.0
26,16.48768615402487,1.0
27,17.122955986118136,0.0
28,17.52895930351311,0.0
29,17.695400677409033,0.0
30,17.84215343699405,1.0
31,17.868585761421677,1.0
32,17.96055770943194,0.0
33,17.96794539575195,1.0
34,18.189246510801482,1.0
35,19.206541960927808,1.0
36,19.367208237656662,3.0
37,19.38194119717037,3.0
38,19.596567532548324,1.0
39,19.670038981600296,2.0
40,19.727346390022394,0.0
41,19.980561342383034,1.0
