,time,event
0,0.6193065269338175,3.0
1,3.4768497505105307,1.0
2,5.661044941587813,3.0
3,7.673966226270143,2.0
4,10.415847363707615,3.0
5,19.738849985406027,1.0
