,time,event
0,3.5802206639327063,3.0
1,4.318101515448884,3.0
2,4.39459394355554,2.0
3,7.702432243152348,2.0
4,7.91089663856351,1.0
5,7.918209156329905,1.0
6,8.598864282039845,4.0
7,8.609644853021997,2.0
8,8.760762673418318,1.0
9,9.184110812058847,1.0
10,9.248733392165025,2.0
11,9.2497737215966,1.0
12,9.579967211597102,2.0
13,9.873620051051233,1.0
14,10.412466955463659,2.0
15,10.540379777937808,1.0
16,11.122438479495397,2.0
17,11.201676314786154,1.0
18,11.217683491746774,1.0
19,15.270980021782679,2.0
