,time,event
0,8.17147372564454,1.0
1,8.636370779785294,3.0
2,8.94670104782162,3.0
3,12.557909528221078,3.0
4,15.630354437497173,3.0
