,time,event
0,3.591604803535867,3.0
1,13.074202253580372,3.0
2,13.902068593648734,3.0
3,14.723604378876171,4.0
