,time,event
0,4.69918173456481,1.0
1,6.408494695190843,3.0
2,7.835171745555613,3.0
3,10.181081462686258,2.0
4,10.245374452035373,1.0
5,10.293993392586206,3.0
6,10.348760843403488,3.0
7,10.427444101895523,1.0
8,10.53054838740846,1.0
9,12.217745507650395,2.0
10,12.237607396563353,1.0
11,12.310722457616633,1.0
12,12.46576124782419,1.0
13,13.543105953154503,1.0
14,14.130665522174716,2.0
15,14.382051804951693,1.0
16,17.51204710179735,3.0
17,17.715051584975534,4.0
18,17.876646610389994,3.0
