,time,event
0,6.276465479329189,4.0
1,7.657329869224618,2.0
2,7.711653635049634,1.0
3,8.238298674980516,1.0
4,9.972517124116601,3.0
5,17.01131810155333,3.0
