,time,event
0,17.02547893923714,1.0
1,17.998085829970766,4.0
2,18.08426637032078,2.0
3,18.148342247245335,1.0
4,18.40025850531811,1.0
5,18.92616522964945,1.0
