,time,event
0,0.9418419646699867,3.0
1,9.26295744986374,4.0
2,9.593582284914135,2.0
3,9.886298760718415,1.0
4,9.969779566345926,1.0
5,11.28936955528424,3.0
6,13.714212496745374,3.0
7,15.710623384218382,1.0
8,16.662798793936144,1.0
