,time,event
0,5.481994289384748,4.0
1,7.381991255716341,4.0
2,8.437189363107525,1.0
3,8.839940904505125,3.0
4,8.868661937899386,2.0
5,8.898348385279284,1.0
6,10.155632808202895,2.0
7,10.186253851467455,1.0
8,10.204227312092463,1.0
9,10.249387844535653,2.0
10,10.324182232900313,2.0
11,10.344522551148492,1.0
12,10.390800040523539,1.0
13,13.118365464303267,1.0
14,13.897935851081956,1.0
15,18.22178138244317,1.0
16,18.74646783035991,2.0
