,time,event
0,0.4131566404368127,3.0
1,6.1142033012632435,1.0
2,6.2812899426594555,1.0
3,16.858826652018376,3.0
