,time,event
0,0.35056709077182197,4.0
1,3.0169002857508738,3.0
2,10.14873623937346,1.0
3,13.406654112949248,4.0
4,16.48377660740414,2.0
5,16.58081515663943,1.0
6,17.682668660275947,1.0
7,18.767179949556567,2.0
8,19.061176761994112,1.0
9,19.132882484428464,1.0
