,time,event
0,3.3337890850476066,1.0
1,9.933131535223362,1.0
2,9.999806611576604,2.0
3,10.747459356176071,2.0
4,14.639963711446612,4.0
5,15.583921902465029,4.0
6,16.559592231461004,1.0
