,time,event
0,0.5379793095854695,0.0
1,0.5948114579753191,3.0
2,0.6678983033505194,0.0
3,1.7945233987812588,1.0
4,2.023794535231419,1.0
5,2.700318648557077,3.0
6,3.0710392064422676,3.0
7,3.836577033347355,1.0
8,4.394809232654426,1.0
9,7.366236922676522,1.0
10,12.4909162744966,1.0
