,time,event
0,0.48000424250326845,4.0
1,9.86319019444839,3.0
