,time,event
0,3.3307723140381222,3.0
1,3.399836863490922,3.0
2,7.0720540977504776,3.0
3,9.972094438064548,4.0
4,16.153573670990504,1.0
