,time,event
0,11.826575519655433,1.0
1,16.167938703777416,4.0
2,17.457844293244484,3.0
3,18.37751409582348,3.0
4,18.870277902103478,4.0
5,19.391432503714423,3.0
