,time,event
0,4.429364991085633,4.0
1,4.506921819885842,2.0
2,4.873363110412659,1.0
3,5.695148370596377,3.0
4,7.1742717474509154,3.0
5,8.924927051057336,3.0
6,12.57759989460185,1.0
7,12.745241324103468,2.0
8,14.658190196649102,3.0
9,14.888434867295564,2.0
10,14.913374344851581,1.0
11,15.135648685792594,1.0
12,17.095554055126733,4.0
13,18.81473921430567,2.0
14,19.770277602389758,1.0
