,time,event
0,11.835649206370244,3.0
1,13.859561819566776,4.0
2,14.082030695882928,2.0
3,14.259004552982343,1.0
4,14.329801762764895,1.0
5,14.552773482000886,1.0
6,17.24479708110459,2.0
7,17.400159873592848,1.0
8,17.562863718924483,3.0
9,17.758845980739178,1.0
10,19.785056726438086,2.0
11,19.819582081143924,1.0
12,19.941847498281664,1.0
