,time,event
0,1.0739194551776061,4.0
1,1.154090733876066,2.0
2,1.1946007597521937,1.0
3,1.1991797455538675,1.0
4,1.2548504936229037,2.0
5,1.4729699748297467,2.0
6,1.5347163280781058,1.0
7,1.6829278960987706,1.0
8,1.787883865397412,1.0
9,1.8868341557413346,4.0
10,2.24009408483584,2.0
11,2.2659625347568095,1.0
12,2.2968476618345215,1.0
13,2.3983198740066913,1.0
14,3.648721503403658,2.0
15,3.6886967235744748,1.0
16,3.694220311069811,1.0
17,3.860165030379529,1.0
18,3.9120602766939716,2.0
19,3.9664955995598126,1.0
20,3.9848353069219207,1.0
21,4.110239139419841,2.0
22,4.185345424352088,1.0
23,4.2026848343509915,1.0
24,4.606541688740027,2.0
25,4.6222640430295305,1.0
26,4.839552043916277,1.0
27,6.898089894302566,2.0
28,6.901261346699395,1.0
29,6.940603519430253,1.0
30,6.966907983944932,1.0
31,7.103257863226404,1.0
32,8.809336677480337,2.0
33,8.88829580810941,2.0
34,9.003094963866282,1.0
35,9.082556436925103,1.0
36,9.997530575625044,1.0
37,10.11486377616123,2.0
38,10.899466788535122,3.0
39,11.123564016369038,2.0
40,11.173222089738376,2.0
41,11.23607346777887,1.0
42,11.246368116939287,1.0
43,11.273849414869499,1.0
44,11.496719581975789,1.0
45,11.669948639154246,2.0
46,12.35657130237908,1.0
47,16.22136928346628,4.0
48,16.27875608791284,2.0
49,16.427515434151307,1.0
50,16.43870643400188,2.0
51,16.519865129669245,1.0
52,16.578594796528936,1.0
53,16.754252344563696,1.0
54,17.574712878357424,4.0
55,18.31597768109352,2.0
