,time,event
0,9.780722531766983,2.0
1,9.79119399600167,1.0
2,9.83625218817267,1.0
3,9.888137392624111,1.0
4,10.065946513465573,1.0
5,10.145272757559006,1.0
6,11.123238391654562,2.0
7,11.163481348079795,1.0
8,11.224212633158501,1.0
9,11.236623351777064,1.0
10,12.235443903113302,1.0
11,12.397919275749487,2.0
12,13.865142896820473,3.0
13,18.798529713953464,4.0
14,19.065843657997025,2.0
15,19.161557086563104,1.0
