,time,event
0,1.5060206639460334,3.0
1,2.8745940093341495,4.0
2,3.4057969684114533,3.0
3,4.445008464058741,3.0
4,5.258200683310812,1.0
5,15.284246342204764,1.0
6,18.383047172675695,0.0
7,19.556185952263903,1.0
