,time,event
0,4.311846087899114,1.0
1,10.472707925236548,1.0
2,11.564191122089287,2.0
3,14.184395886967875,1.0
4,15.634374082218738,2.0
5,15.709376869362792,1.0
6,15.719793502841522,1.0
7,15.848083808152088,1.0
8,18.72032250920727,3.0
9,18.78380973495098,1.0
10,19.22742166184291,2.0
