,time,event
0,3.038716922407843,4.0
1,6.234778625314505,4.0
2,10.807977953402371,4.0
3,12.316006538237977,1.0
4,12.458122908678208,1.0
5,12.656074933527703,2.0
6,12.692430728464664,1.0
7,12.77987812823701,1.0
8,12.868896040413723,1.0
9,13.39276596385817,1.0
10,14.219681667698483,3.0
11,14.285770779061597,4.0
12,14.524758516596332,3.0
13,14.767110198113128,4.0
14,17.850631503393313,4.0
