,time,event
0,0.022805667276725113,4.0
1,0.3195186375865311,1.0
2,1.5691667867171946,3.0
3,3.6712202327329577,2.0
4,3.6773559316823645,1.0
5,3.727779107863362,1.0
6,4.03088390214693,1.0
7,4.562342433970431,2.0
8,4.676917562088918,1.0
9,5.735581472819449,4.0
10,12.963188678492571,4.0
