,time,event
0,4.814505973570368,4.0
1,7.695976838797162,1.0
2,8.06255784828216,1.0
3,14.69866912871813,4.0
4,16.705701437933293,4.0
5,16.73843835055296,2.0
6,16.88926517631337,1.0
7,17.08430157407333,1.0
8,17.325800709812555,2.0
9,17.41263094790015,1.0
10,17.70063689586311,1.0
11,17.78485671209851,1.0
12,18.339516945118525,2.0
13,18.402393548272855,1.0
14,18.414192658570478,1.0
15,18.71682383410897,1.0
