,time,event
0,2.2621469099654083,1.0
1,2.8957403470453578,4.0
2,7.774139211278128,3.0
3,8.432995099950707,0.0
4,10.26980623559555,1.0
5,10.709506554085317,2.0
6,11.279519711703204,1.0
7,13.44193293820616,1.0
8,15.987930069564724,1.0
9,16.407418908543953,4.0
10,16.440932355077827,2.0
11,16.75421786045149,1.0
12,18.58406689103799,1.0
13,18.656494393390798,1.0
14,18.997928240732033,2.0
15,19.01148589780096,1.0
16,19.070498793780256,1.0
17,19.297805893847528,1.0
18,19.43243538542064,1.0
19,19.476214776070467,1.0
20,19.562865711592202,1.0
21,19.74381021187499,2.0
22,19.869446749723632,1.0
