,time,event
0,1.0834821049818721,4.0
1,2.9906438852769304,4.0
2,4.283930072467181,1.0
3,4.599489553793189,3.0
4,6.8655209176878875,2.0
5,7.128171534034287,4.0
6,8.041943646193287,1.0
7,9.179886366259769,3.0
8,15.356904953519543,1.0
9,15.700486994863166,4.0
10,19.468257410710958,3.0
