,time,event
0,11.137194979654193,4.0
1,13.114839532380055,1.0
2,13.228809959245247,3.0
3,13.301682554306993,3.0
4,14.075311438403338,2.0
5,15.063819624131328,1.0
