,time,event
0,3.2278595629522364,2.0
1,6.0833660068273225,1.0
2,6.439299506709499,3.0
3,6.694688785518496,2.0
4,9.831112145652781,1.0
5,10.003286323772077,3.0
6,11.746746639508931,4.0
7,11.774840001286046,1.0
8,11.794419349003181,3.0
9,12.584420435923814,3.0
10,13.073254227810004,2.0
11,13.2279553432058,0.0
12,13.299768688367292,0.0
13,13.416573078558528,1.0
14,13.445800108098217,0.0
15,13.452229114654182,1.0
16,13.464336205060834,3.0
17,13.617758494741793,3.0
18,13.795005096101573,1.0
19,13.908286231299515,3.0
20,13.954737907338236,3.0
21,16.7439873466952,1.0
