,time,event
0,2.8587904781838698,4.0
1,3.1258226255299233,1.0
2,4.478530094706088,2.0
3,4.646666033033681,3.0
4,4.814936764048085,3.0
5,5.254459265986473,3.0
6,5.261941053406727,1.0
7,5.654182738688758,3.0
8,6.606210266495931,3.0
9,15.328470107419726,4.0
10,17.14703023449323,1.0
