,time,event
0,0.6008831361240282,4.0
1,1.1633448737301988,1.0
2,1.4461855907132648,3.0
3,1.497133579828553,3.0
4,1.8325349257662575,1.0
5,2.1463727299147495,3.0
6,6.893159592148356,0.0
7,6.991648056474967,2.0
8,10.428788215282049,1.0
9,12.523938667661835,1.0
10,12.621005362410825,3.0
11,13.005308234578738,3.0
12,13.439089225814934,3.0
13,15.465040629893675,1.0
14,15.688840600361726,2.0
15,16.121999435435548,2.0
16,16.55138994882536,1.0
17,16.616045274869713,3.0
18,16.918889745592246,3.0
19,17.202399159681367,2.0
20,17.341201050783965,3.0
21,17.54820791543562,2.0
