,time,event
0,2.84313348254206,4.0
1,3.027974089292972,2.0
2,3.1954331985552336,3.0
3,3.6780381305282304,2.0
4,3.7307900151702644,1.0
5,4.062285660447612,1.0
6,4.095783598752167,3.0
7,4.1360717071971305,3.0
8,4.145780410797158,3.0
9,4.148002174962013,3.0
10,4.214243229114652,3.0
11,4.2313614602916605,1.0
12,4.4168803967963175,3.0
13,5.812119092593377,1.0
14,5.903904108664572,3.0
15,6.033850653608236,3.0
16,8.628814050713455,2.0
17,9.945852884228529,3.0
18,10.357682220491142,1.0
19,10.449413925049262,3.0
20,10.609348644764614,3.0
21,10.75140080187199,4.0
22,16.798369765687124,4.0
