,time,event
0,1.023699559870683,4.0
1,2.340100625224223,1.0
2,4.3604135877935875,3.0
3,8.121139314939779,4.0
4,8.96185829416377,4.0
5,10.19086675360673,1.0
6,12.887460521478665,2.0
7,13.27495402703861,1.0
8,14.970622264226922,2.0
9,15.223064714347117,1.0
10,18.98928182051664,4.0
