,time,event
0,0.4508868351289574,4.0
1,0.639149597368446,1.0
2,2.5065737244649298,2.0
3,2.536030256427849,1.0
4,2.9234926098961673,4.0
5,3.0869759542369666,1.0
6,3.367275175858432,1.0
7,3.448930491078924,3.0
8,3.456934918015205,2.0
9,3.7076697193426846,3.0
10,3.995720812263485,3.0
11,4.422567978916231,0.0
12,4.649172018942794,0.0
13,4.745964368269533,1.0
14,15.046242541067674,1.0
15,15.107635326981319,3.0
16,19.407519704777428,4.0
17,19.699483188089893,1.0
18,19.865170080124493,3.0
19,19.902554061458968,1.0
20,19.90704346326489,0.0
21,19.92798783473871,0.0
22,19.94351247568096,0.0
23,19.974905180438977,1.0
24,19.998056964927024,3.0
