,time,event
0,5.11050943142712,4.0
1,5.141534539630703,1.0
2,5.2703533188857605,3.0
3,6.079763758785035,1.0
4,6.390132014547203,2.0
5,8.077779846073994,2.0
6,8.619615047646898,2.0
7,8.851312210277325,3.0
8,9.244097276647434,1.0
9,9.535738684805118,3.0
10,9.588726699153481,1.0
11,9.807205230743866,3.0
12,9.994149416787499,3.0
13,12.563373897714026,1.0
14,13.340313259069093,3.0
15,17.898853770073735,1.0
16,18.245176679993705,2.0
17,18.58632755853102,3.0
