,time,event
0,0.4043405653971258,4.0
1,1.2736256700064867,0.0
2,2.9757806156108,4.0
3,3.5347677829791895,4.0
4,3.839598278582567,4.0
5,3.8982629964810376,2.0
6,4.15227237008453,1.0
7,4.200823785802359,3.0
8,4.397535199332046,3.0
9,4.411028180820059,1.0
10,4.459397967620789,3.0
11,4.500889499299467,3.0
12,4.772304545723254,1.0
13,4.844683146923653,3.0
14,4.898977204076609,0.0
15,4.9467738069774265,1.0
16,5.074875500578447,3.0
17,5.078764597656671,3.0
18,5.095483280831971,3.0
19,5.249140797855998,0.0
20,5.274207156154956,1.0
21,5.443388770768056,0.0
22,5.460568394968512,0.0
23,5.503751935460736,0.0
24,5.5172623629298405,0.0
25,5.587650120019946,0.0
26,5.609124411778163,0.0
27,5.612479856133173,0.0
28,5.688101133681019,1.0
29,5.699034069302671,0.0
30,5.700187572579539,0.0
31,5.761970044458367,3.0
32,5.835883455445261,0.0
33,5.921133982455715,1.0
34,5.921302288856969,1.0
35,6.027401596281796,3.0
36,6.035035400117092,0.0
37,6.243140123758479,1.0
38,6.627971702844295,1.0
39,6.6834380600579895,3.0
40,7.1335650267937165,3.0
41,9.06817936399552,2.0
42,10.780715208438277,3.0
43,11.735468243740783,1.0
44,11.879046359713149,3.0
45,11.908308095657663,3.0
46,11.919585020007917,3.0
47,12.476457115704282,0.0
48,12.504398040047048,0.0
49,12.519623259828192,0.0
50,17.628312960790865,0.0
51,19.656540373588175,2.0
52,19.6883913070519,1.0
53,19.757486509142158,1.0
