,time,event
0,4.046339164250819,1.0
1,7.598975194255704,2.0
2,7.8644333273757825,1.0
3,8.149574867834852,1.0
4,8.324128568383607,2.0
5,8.833683790931714,1.0
6,8.837983985065298,1.0
7,8.975605000693424,3.0
8,9.25999415546302,3.0
9,10.178664725868737,4.0
10,10.191849776807917,1.0
11,10.253548957620142,1.0
12,10.399215640936623,3.0
13,12.830101291265713,2.0
14,13.685535023202732,1.0
15,14.426580346440547,1.0
16,14.53868905528537,3.0
17,14.617833862060841,2.0
18,14.978395927106767,1.0
19,15.175425982478988,3.0
20,16.549919394169528,1.0
