,time,event
0,1.19647497934299,4.0
1,2.5479521342260054,1.0
2,2.6828989194787054,3.0
3,4.204160209222225,4.0
4,5.4783756875092795,0.0
5,5.561750595426006,1.0
6,5.651228786636142,0.0
7,5.658047020106961,3.0
8,5.70101314205989,3.0
9,5.717261497919075,2.0
10,5.758308801528734,3.0
11,5.889484962886148,0.0
12,6.172658997174025,0.0
13,6.462991139772767,2.0
14,6.649999425738254,0.0
15,6.683733689481485,0.0
16,6.730596327658853,0.0
17,6.93782887281199,1.0
18,7.067891043053271,3.0
19,7.167544924020986,0.0
20,7.1798837121969115,3.0
21,7.735842979893682,3.0
22,7.999798799454622,1.0
23,8.24899285646304,3.0
24,9.42689366639954,2.0
25,9.964005569921962,4.0
26,12.037856511789096,2.0
27,12.328307789468674,1.0
28,12.417837807079758,3.0
29,12.489612613266774,1.0
30,12.878430642661414,3.0
31,13.240953113289768,4.0
32,14.297974953068856,2.0
33,14.467991277588126,1.0
34,14.499709163558265,3.0
35,14.502779377092224,3.0
36,15.564207531378905,1.0
37,16.170807910315276,1.0
38,16.24975012018199,3.0
39,19.395311363316015,4.0
40,19.925508513402097,1.0
41,19.939468496236728,3.0
