,time,event
0,1.4912147095818304,0.0
1,7.210756950435016,1.0
2,14.33696175968701,1.0
3,19.47569961274196,2.0
4,19.538317552070755,1.0
5,19.63102702898874,1.0
6,19.771581458456115,1.0
