,time,event
0,0.018990428155124056,2.0
1,0.1849875581667433,1.0
2,0.2385996951590928,3.0
3,0.46740822752449374,1.0
4,0.6678129302403935,4.0
5,1.625920750225725,3.0
6,1.6916268394104665,3.0
7,3.51364432803605,0.0
8,3.5727084854884485,0.0
9,4.180779643403613,4.0
10,4.447712460316813,0.0
11,4.929580631581023,0.0
12,5.249893692491229,1.0
13,5.522082059527149,3.0
14,6.221143684977705,2.0
15,7.635390067649291,2.0
16,8.627559132304167,1.0
17,8.98292377246875,1.0
18,8.986668562622597,3.0
19,9.412063204053867,3.0
20,9.851711073183465,3.0
21,10.141480326416275,0.0
22,10.209239506496305,0.0
23,16.255724322087772,1.0
24,16.535554397369232,3.0
25,16.565594827621457,2.0
26,16.999950547382145,2.0
27,17.991058501460675,2.0
28,18.10611721357663,1.0
29,18.14086125111297,3.0
30,18.217729329878882,1.0
31,18.27867647682207,1.0
32,18.689874126447666,3.0
33,18.723941693669858,1.0
34,18.730999118363666,3.0
