,time,event
0,0.46539867225985093,1.0
1,0.6289178307145294,2.0
2,1.3146760801962332,3.0
3,1.3481506428644932,3.0
4,1.6691191867382407,2.0
5,2.476671094825132,3.0
6,3.43495112261349,1.0
7,3.544984207062946,0.0
8,3.7019053724634543,1.0
9,3.7313222420248557,0.0
10,3.7927910595089855,0.0
11,3.97442341757669,3.0
12,4.4395980429135395,4.0
13,4.536200846313723,1.0
14,5.2015295088755975,1.0
15,5.211071394869971,3.0
16,5.717551121780817,4.0
17,7.76602563264956,1.0
18,7.770225503159797,3.0
19,7.829819031685427,2.0
20,8.04526912740642,3.0
21,8.881391777722694,1.0
22,10.738776583436165,0.0
23,10.796333556281306,0.0
24,10.798570940299781,0.0
25,10.801364359225389,0.0
26,10.80265199296631,0.0
27,10.917928168933235,1.0
28,11.138573995275806,1.0
29,11.15478853437706,4.0
30,11.216606176039928,1.0
31,11.39901491776105,3.0
32,11.53276971914254,3.0
33,11.572396557045202,3.0
34,11.6378397829383,3.0
35,12.051992426183288,4.0
36,14.152696722024467,0.0
37,16.104835638167156,2.0
38,16.14649234434949,3.0
39,16.21086438309945,3.0
40,17.894983150802286,4.0
41,18.222543993604038,1.0
42,18.362754926012787,3.0
43,19.01722203717515,2.0
