,time,event
0,0.2097545729998997,0.0
1,1.002873854327247,1.0
2,2.045217352625717,3.0
3,4.668249996299027,2.0
4,4.873904787738547,3.0
5,12.07082368104297,2.0
6,12.35559307716228,1.0
7,12.675563923455734,3.0
8,14.34719663753692,3.0
9,15.374096193136078,2.0
10,15.930103999269352,3.0
11,16.439165422299986,1.0
12,16.607913902523645,3.0
13,17.803083338102383,1.0
14,18.236732420001815,4.0
15,18.679164018330535,4.0
16,19.18796868174537,1.0
17,19.565748949331642,3.0
