,time,event
0,4.972691608265126,0.0
1,5.039432298657062,0.0
2,5.135483885700473,0.0
3,5.142529901201628,0.0
4,5.1784231236432445,0.0
5,5.268467441120032,0.0
6,5.293760513961583,0.0
7,5.495352866773269,0.0
8,5.527624962830475,2.0
9,5.58668766207479,3.0
10,5.944791658927701,1.0
11,6.207470381408145,3.0
12,6.932565104505563,2.0
13,9.165885051738147,0.0
14,9.203397527244206,1.0
15,9.493083645076208,0.0
16,9.584267771490355,0.0
17,9.620384924875815,1.0
18,9.699632297168364,0.0
19,10.241515852371807,1.0
20,12.010883937363154,1.0
21,13.420081159853588,0.0
22,13.542547754652253,0.0
23,13.577641103323199,0.0
24,13.738073007029044,0.0
25,13.739674266165732,1.0
26,13.778757784074346,3.0
27,13.820281092275856,4.0
28,13.855824511714406,0.0
29,13.868667314716104,0.0
30,13.903709744518173,0.0
31,13.912392282529924,1.0
32,13.976262306011924,0.0
33,13.99671111017244,0.0
34,14.085835138008582,1.0
35,14.228063563030888,0.0
36,14.254859813596598,1.0
37,14.281944374825635,1.0
38,14.282385229505248,3.0
39,14.332940229663496,0.0
40,14.343872335923397,3.0
41,14.344643680994883,3.0
42,14.378046223351088,1.0
43,14.382003510423788,0.0
44,14.384857229032173,3.0
45,14.425638335740782,0.0
46,14.462816423430157,3.0
47,14.477640692441636,3.0
48,14.589360606732033,3.0
49,14.603901493740986,0.0
50,14.640484241151274,0.0
51,14.722469345936016,0.0
52,14.831823715737025,0.0
53,14.996637687224831,0.0
54,15.074709906828296,0.0
55,15.12917419447393,0.0
56,15.154318384229686,0.0
57,15.273830904376148,0.0
58,15.389482017497382,0.0
59,15.403310353129303,1.0
60,15.672690558939873,0.0
61,15.763378791120106,0.0
62,16.0095482379038,0.0
63,16.058150803590532,1.0
64,16.100434435247735,0.0
65,16.23435387430622,0.0
66,16.316557471030382,1.0
67,16.366368887748425,3.0
68,16.458262224714684,3.0
69,16.479333598607354,0.0
70,16.480714393293063,1.0
71,16.4969245159598,0.0
72,16.532075534642615,0.0
73,16.542403569196154,3.0
74,16.8332449258808,0.0
75,17.093457174823445,1.0
76,17.209468272797228,1.0
77,17.249034611958557,3.0
78,17.298860516355354,3.0
79,17.37191809232117,3.0
80,18.719642740552246,4.0
81,19.923967961435405,0.0
