,time,event
0,3.4601612304335423,2.0
1,3.95964061172605,4.0
2,4.555462605136177,2.0
3,5.110404926941111,3.0
4,10.278082834105883,0.0
5,14.186491268292475,1.0
6,15.990508579149488,2.0
7,16.752099839409922,1.0
8,16.92234289307599,3.0
9,17.287354904128605,2.0
10,17.37614776954651,3.0
