,time,event
0,0.42180241183253536,1.0
1,5.615002021112199,4.0
2,10.36620639716643,1.0
3,10.66155825072657,2.0
4,10.67724340445958,1.0
5,10.731779819699687,1.0
6,11.21912482578387,2.0
7,11.38164809525768,1.0
8,11.562867831954197,2.0
9,11.664705051215682,1.0
10,11.690804039494141,1.0
11,11.70414106520465,1.0
12,12.007278245908763,1.0
13,12.226917601768841,2.0
14,12.27798701506903,2.0
15,12.373952777536473,1.0
16,12.637760912408107,1.0
17,12.809973155102773,1.0
18,13.226745385576237,4.0
19,13.552050664852183,2.0
20,13.604995080819917,1.0
21,13.681034429673561,2.0
22,13.836903398128154,2.0
23,13.89714636445079,1.0
24,14.090339282052572,1.0
25,14.181535071144836,1.0
26,14.67799627981234,1.0
27,15.052494481079993,2.0
28,15.56163601353736,1.0
29,15.960858258069615,2.0
30,16.046215256971752,1.0
31,16.484442832483985,1.0
32,16.64317111361353,2.0
33,16.95969135597195,2.0
34,17.020426441810336,1.0
35,17.08014377372432,1.0
36,17.58768276819008,2.0
37,17.669752292960485,1.0
38,17.867039942852177,1.0
39,18.240458422276653,2.0
40,18.258976333739213,1.0
41,18.269112468304442,1.0
42,18.300445974038862,2.0
43,18.866096897079903,3.0
44,19.578719651012907,1.0
45,19.769094391026844,1.0
