,time,event
0,1.2226640766449701,2.0
1,4.282953572376258,1.0
2,4.33869695763306,3.0
3,4.520666788116217,1.0
4,4.555033926046832,3.0
5,4.666404602102201,3.0
6,7.47223102787774,0.0
7,7.511027258282797,0.0
8,7.5129478619213055,0.0
9,7.540797719128346,0.0
10,7.558808467332675,0.0
11,7.5731758960294115,0.0
12,7.6293532502163925,0.0
13,7.662514941493826,0.0
14,7.694236069910775,0.0
15,7.718807901588161,0.0
16,7.719922624925657,0.0
17,7.732959332522383,1.0
18,7.7639452873037555,0.0
19,7.783048797932038,0.0
20,7.815315731175037,0.0
21,7.824377752862732,1.0
22,7.832903944221241,3.0
23,7.8760392354763376,0.0
24,7.881169810731615,0.0
25,7.929997709964562,0.0
26,7.93162112935445,0.0
27,7.958091632566643,0.0
28,7.991990802117053,3.0
29,8.090027515559669,1.0
30,8.112449121879086,0.0
31,8.122019775174635,0.0
32,8.20947957558401,0.0
33,8.296663845132617,0.0
34,8.29808146528645,0.0
35,8.36779000788695,0.0
36,8.372847813728008,0.0
37,8.379939480760397,1.0
38,8.426929692077538,1.0
39,8.44218373780821,3.0
40,8.488695786874263,1.0
41,8.489023797122178,1.0
42,8.498973605913324,0.0
43,8.50777690616155,3.0
44,8.537184727079786,2.0
45,8.559738690808928,3.0
46,8.640824346092527,0.0
47,8.69377062069566,0.0
48,8.716912130072547,1.0
49,8.780641572076089,1.0
50,8.782164380160966,1.0
51,8.820974893349288,1.0
52,8.887704942000013,0.0
53,9.0741417753256,1.0
54,9.168950452784115,3.0
55,9.307992203881156,2.0
56,9.408116970520167,3.0
57,9.465581381901274,1.0
58,9.631803729861158,3.0
59,9.852379693652791,3.0
60,10.024427957347772,3.0
61,10.035483164984234,1.0
62,10.56726971812586,1.0
63,10.695076750299647,3.0
64,12.303285321030106,0.0
65,12.464401499908556,0.0
66,12.466928338748575,0.0
67,12.504777809477556,0.0
68,12.567771158103703,0.0
69,13.476052227972197,1.0
70,14.696207271002116,2.0
