,time,event
0,0.29616678239280336,4.0
1,0.3716743525601745,2.0
2,0.3723335654191907,1.0
3,0.4342403706607462,1.0
4,0.4357856546957732,1.0
5,7.16209256677141,3.0
6,8.27025655622763,2.0
7,8.350384908111401,1.0
8,8.469426057883187,1.0
9,9.763651697005445,3.0
10,9.954723403312148,3.0
11,11.268045429163251,2.0
12,11.288293741082228,1.0
13,11.30819565099733,1.0
14,11.473336515356165,1.0
15,13.958608425971038,4.0
