,time,event
0,5.044715045053409,2.0
1,7.612603613661178,0.0
2,8.097749740678855,2.0
3,8.610682576626116,1.0
4,11.370296318107764,1.0
5,11.508361617134414,3.0
6,11.83850962834091,2.0
7,13.911258748183423,4.0
8,13.941400999230218,1.0
