,time,event
0,3.2306119364737307,0.0
1,3.586510279183352,0.0
2,3.7152948942004382,1.0
3,3.9468167914300456,3.0
4,4.277197525310828,4.0
5,6.870742295447711,1.0
6,7.158981168252271,3.0
7,7.4612856441947635,0.0
8,12.127146251361735,1.0
9,12.622681889710698,3.0
10,13.63849268528036,4.0
11,14.790761221725436,1.0
12,15.052417750576732,1.0
13,15.082281000828411,3.0
14,15.166540676043477,3.0
15,15.288144187682454,4.0
16,16.311853154339563,1.0
17,16.495604379316095,1.0
18,17.661948730635576,0.0
19,19.987876752982448,0.0
