,time,event
0,0.03969564237044481,4.0
1,0.5710641662937869,1.0
2,0.696942614320494,3.0
3,0.7411000195878182,3.0
4,0.7854224606061759,3.0
5,4.6458929523549894,0.0
6,5.000994744649258,0.0
7,7.300777455404549,1.0
8,10.771330473618445,4.0
9,11.303616632474347,0.0
10,11.486454813972278,0.0
11,11.51097110521393,0.0
12,11.998209756585423,1.0
13,12.29766654132785,0.0
14,12.426218471473138,0.0
15,13.543603114431148,4.0
16,13.899094216414962,1.0
17,14.88905259775127,1.0
18,15.125166617974866,3.0
19,15.494038243922478,3.0
20,17.026820537850373,2.0
21,17.143142733942398,2.0
22,17.201255437478384,0.0
23,17.235716978537102,1.0
24,17.413313827486398,3.0
25,17.415608318155865,3.0
26,17.804435163176645,1.0
27,18.556592465571583,4.0
