,time,event
0,1.951076236838534,1.0
1,2.434535777414593,3.0
2,2.504277817997425,3.0
3,3.265230247858301,0.0
4,3.768592349040758,4.0
5,3.995363179289296,1.0
6,4.427021055822824,1.0
7,4.66004826166198,3.0
8,5.204177289393008,3.0
9,7.3190435180432445,2.0
10,8.599347243375153,3.0
11,9.089721707727977,2.0
12,9.121333300157515,1.0
13,9.17854996936012,3.0
14,10.665573965477979,3.0
15,10.7371624071744,1.0
16,10.938456380580593,0.0
17,10.954435907721425,3.0
18,11.087623417849738,0.0
19,11.203077224976402,1.0
20,14.70190747069788,1.0
21,15.101420234456647,1.0
22,15.440120054657433,1.0
23,15.556681198931992,3.0
24,16.03940993156806,3.0
25,16.113155572958473,2.0
26,16.97319600297629,2.0
27,17.589884866325033,2.0
28,19.303999385808652,2.0
