,time,event
0,3.602658027311166,1.0
1,7.616767480037796,1.0
2,8.438206698970914,1.0
3,9.062661155704129,1.0
4,9.369119627180023,2.0
5,12.320618225906673,4.0
