,time,event
0,2.3413536264689703,2.0
1,2.456129689814579,1.0
2,3.7270450387695817,1.0
3,3.8234433041761844,3.0
4,4.716026255775296,1.0
5,4.8397031728593545,3.0
6,5.40607270138303,1.0
7,12.172588659378226,4.0
8,13.627942521401124,4.0
9,13.876426105087395,4.0
10,15.338546947429686,2.0
11,15.403989802495817,3.0
12,16.508549744737895,0.0
13,16.560341923612288,1.0
14,16.91234749820571,3.0
15,17.358765522015858,0.0
16,17.536057423521953,1.0
