,time,event
0,0.9017484986493962,4.0
1,1.8920076880126762,4.0
2,1.944133964311078,1.0
3,3.6336076336427805,0.0
4,3.7407363876766686,2.0
5,4.122964056736286,0.0
6,4.338018518731961,0.0
7,4.401040536361048,1.0
8,4.796304990397409,0.0
9,5.030177899438306,0.0
10,5.199339756326676,0.0
11,5.206868887994678,1.0
12,5.359858488159273,3.0
13,5.5606675371522725,3.0
14,5.629572825752676,1.0
15,5.760797548769246,3.0
16,5.840244813742193,1.0
17,6.31633932672087,3.0
18,11.476583531577393,2.0
19,15.932538341776471,1.0
20,15.946537333463606,3.0
21,16.225319614607127,4.0
22,16.443255169550774,1.0
23,17.421159825749612,2.0
