,time,event
0,2.053735187717966,1.0
1,2.0736939095972837,3.0
2,2.130730560338499,3.0
3,5.6069870257810415,2.0
4,7.625641060232882,1.0
5,7.639578314440894,3.0
6,8.98378922535044,2.0
7,9.269012178474917,1.0
8,9.775903315348001,3.0
9,9.991477471445764,2.0
10,10.087294722534219,3.0
11,10.372599752580863,1.0
12,10.438059522437012,3.0
13,11.767074408017317,0.0
14,12.135873957089006,4.0
15,12.848886763125234,1.0
16,13.0927518068796,3.0
17,15.05787401577156,1.0
18,17.37644380465802,1.0
19,17.455464261372523,3.0
20,17.853918602588465,4.0
21,18.428062579697684,1.0
22,18.590438546718065,3.0
23,19.97599918637808,2.0
