,time,event
0,2.104515411417091,1.0
1,2.166162801339169,3.0
2,10.278930787354456,4.0
3,10.55825471587632,0.0
4,10.601410102495935,0.0
5,10.628325887827128,1.0
6,10.64234898967432,3.0
7,11.283096672197722,0.0
8,11.414709609427417,0.0
9,11.519500560586062,1.0
10,12.321967955896923,2.0
11,14.583138635232027,2.0
12,14.586178422896209,3.0
13,14.737016704067516,1.0
14,15.290144462612702,4.0
15,16.88292995658593,1.0
