,time,event
0,0.387386817897699,0.0
1,1.3330539135345647,4.0
2,2.270681162971573,1.0
3,2.3876006358804682,3.0
4,2.438441175156315,3.0
5,2.745649184072561,1.0
6,3.665769155914873,2.0
7,3.7684171226551357,3.0
8,4.1584460575995,1.0
9,5.297208539725656,1.0
10,5.3930891398815275,3.0
11,5.512957037032524,3.0
12,8.539112741423548,0.0
13,9.793104737156881,2.0
14,10.107529574907232,3.0
15,10.143349136084078,3.0
16,10.149263292947746,1.0
17,10.419275878583536,3.0
18,11.24124229220163,1.0
19,11.433818878856156,3.0
20,12.320444326997182,4.0
21,12.426937731969353,1.0
22,12.505084490572555,4.0
23,12.54625127299518,1.0
24,12.830793339037852,3.0
25,12.93004241455271,3.0
26,13.022833761681788,3.0
27,13.488307359461182,1.0
28,14.016274898768174,3.0
29,15.139771143092483,1.0
30,15.278013162510282,3.0
31,16.473982337051204,1.0
32,16.475869260143607,3.0
