,time,event
0,0.9703836371745023,1.0
1,3.7312750606830045,1.0
2,3.7729223734744686,3.0
3,4.646683759961306,4.0
4,5.299760854349295,1.0
5,7.2912327060777615,0.0
6,7.390855427502534,0.0
7,7.639516690191753,0.0
8,10.849116852867432,2.0
9,10.957972662644313,1.0
10,17.89223254639688,1.0
11,19.1121405058194,2.0
12,19.38895036335145,2.0
