,time,event
0,0.7911767716185342,0.0
1,4.896217355407562,2.0
2,4.9713503379649975,0.0
3,5.840922683542508,4.0
4,5.860286244659919,1.0
5,5.870867763536202,1.0
6,5.961597568008052,2.0
7,6.0419167044589,3.0
8,6.045344414107273,3.0
9,6.237530180305006,1.0
10,6.382676895471975,3.0
11,6.436791418725219,3.0
12,7.219566718288914,1.0
13,7.280700144465431,3.0
14,11.003561369912024,2.0
15,11.075666445129896,3.0
16,11.34063545198823,1.0
17,11.399504569343197,1.0
18,11.533765689137057,3.0
19,11.571264041576882,3.0
20,15.440229285879282,2.0
21,16.771540241929824,1.0
22,16.839778092980772,3.0
23,17.386550091405404,1.0
24,17.541815401527447,3.0
25,18.18488472697556,1.0
