,time,event
0,2.544092488768507,0.0
1,4.441835927401785,0.0
2,4.466597551599018,0.0
3,4.67243312963893,0.0
4,7.994798616187388,2.0
5,8.03184942159778,1.0
6,8.230702158381835,3.0
7,8.478303912424261,3.0
8,8.65141802127932,4.0
9,8.699605913936983,1.0
10,8.718942217435146,3.0
11,8.751516461360493,1.0
12,8.779449710060268,3.0
13,8.935042990760833,1.0
14,9.106368685606371,3.0
15,9.689442862626924,1.0
16,9.720291491583701,3.0
17,10.558857808112808,1.0
18,11.18583867522092,2.0
19,12.897338652855082,2.0
20,13.870962624607316,2.0
21,14.15941104080959,1.0
22,14.360056532041726,1.0
23,14.57498789949723,3.0
24,14.916326060586348,3.0
25,15.502615650036969,2.0
