,time,event
0,2.57250588201819,0.0
1,3.5020384204435486,0.0
2,9.331456994605357,0.0
3,9.586456939191901,0.0
4,9.696263419505277,0.0
5,9.738107335167575,1.0
6,9.95464025967792,0.0
7,10.50937564523097,0.0
8,10.816495573637386,2.0
9,11.086283899672779,1.0
10,11.197000593286454,0.0
11,11.232507303851582,3.0
12,11.284753097947855,3.0
13,11.336663239711225,0.0
14,11.449292105767515,0.0
15,11.487143636176402,0.0
16,11.533127721988317,1.0
17,11.559655511951485,3.0
18,11.588145856486223,1.0
19,11.81790102260623,0.0
20,11.879976834656063,0.0
21,12.042876550429188,1.0
22,12.082960149992541,0.0
23,12.165434571405115,1.0
24,12.199374897691587,1.0
25,12.200455080699324,1.0
26,12.239578189039095,3.0
27,12.363665712229428,3.0
28,12.423588555446269,3.0
29,12.504853361946086,0.0
30,12.518035214819488,0.0
31,12.792468532514519,1.0
32,12.898714820041059,0.0
33,15.83197640605623,2.0
34,17.493484152955986,1.0
35,17.51912178067128,3.0
36,17.94231374146487,1.0
