,time,event
0,2.6920773940549667,4.0
1,3.999499613955963,2.0
2,5.622205837799399,4.0
3,5.762935439355049,1.0
4,6.196627873368399,2.0
5,7.755985013513795,2.0
6,9.04507147192878,1.0
7,10.09100393163675,3.0
8,10.419574832025216,4.0
9,13.318932210647542,0.0
10,13.529683462138259,1.0
11,13.957142684174567,1.0
12,14.173330161511233,3.0
