,time,event
0,0.016386879372183548,2.0
1,0.31269440830087064,1.0
2,0.4314320724857675,3.0
3,1.3744618059257028,4.0
4,1.4383600928246596,4.0
5,1.5079800953053486,1.0
6,1.710530398262768,1.0
7,1.786754111447741,3.0
8,1.8667918114331938,1.0
9,1.8916397806076652,3.0
10,1.9602425397561705,3.0
11,2.2082396317806805,3.0
12,2.506991849215654,1.0
13,2.523917915363413,3.0
14,2.5366141609868067,3.0
15,2.806385291892192,3.0
16,2.8119963315120082,3.0
17,3.036071939765899,3.0
18,5.692676979433839,4.0
19,6.201674699399915,2.0
20,6.213397941914516,1.0
21,6.226431958101201,3.0
22,6.337972703717263,3.0
23,6.4277413868782185,3.0
24,6.831931892112232,3.0
25,7.620319470501402,4.0
26,7.722550444415331,1.0
27,7.736014416502635,1.0
28,7.89178875198044,3.0
29,16.953348344332632,4.0
30,17.924068030890353,0.0
