,time,event
0,2.8584246857711606,2.0
1,2.9742388063237883,1.0
2,3.092728533454021,3.0
3,3.9302916675512987,0.0
4,4.070387917308475,0.0
5,4.089305944505014,0.0
6,4.189947248157037,1.0
7,4.418658246481445,0.0
8,4.713395822790354,0.0
9,4.7305954634890695,0.0
10,4.905863939466468,0.0
11,5.092095229524204,0.0
12,5.349377013957713,0.0
13,5.423598275835787,0.0
14,5.454138869196496,1.0
15,5.531375158783075,0.0
16,5.654981541391447,1.0
17,5.8176795353461,3.0
18,5.8184165210047585,0.0
19,5.91570274100906,1.0
20,5.937634828605118,3.0
21,5.968852242636268,3.0
22,5.989588557233245,1.0
23,5.996598453223321,3.0
24,6.678678198975593,2.0
25,7.46633794702278,4.0
26,9.7030806699506,1.0
27,10.908461218654658,1.0
28,11.098694319183025,2.0
29,11.252254988313537,3.0
30,11.642855254724646,2.0
31,13.938174176401946,1.0
32,14.057766507718094,3.0
33,15.045829252130156,4.0
34,15.212244296329256,1.0
35,16.842705332365444,1.0
