,time,event
0,0.6832676649721546,4.0
1,0.7189047835919702,2.0
2,0.7213843730008533,1.0
3,1.304994153848593,2.0
4,1.3387870124003098,2.0
5,1.435372493738339,1.0
6,1.4423372228654974,1.0
7,1.5497683490569125,1.0
8,1.7158183701791319,2.0
9,1.901990514178506,1.0
10,2.0594751110608143,1.0
11,2.4222993486784232,1.0
12,3.891125153731689,2.0
13,3.9446731367872605,1.0
14,4.220862455548213,2.0
15,4.362314250492433,2.0
16,4.386810268322083,1.0
17,4.411820550864315,1.0
18,4.474801477185705,1.0
19,4.5417563208358525,1.0
20,4.85999343694856,1.0
21,4.9921991975520585,2.0
22,5.076902534647323,1.0
23,5.172666148849612,1.0
24,5.70697927055073,4.0
25,5.720402017851253,2.0
26,5.732645090218335,1.0
27,6.329022293785313,2.0
28,6.620729114114438,1.0
29,7.880985901679116,2.0
30,8.003283868934732,1.0
31,8.095637912881235,1.0
32,10.818632649784103,2.0
33,10.8367521389769,2.0
34,11.2941617033288,1.0
35,11.595156336665003,2.0
36,11.861607662548085,1.0
37,11.896184128453642,1.0
38,17.17545559334229,1.0
39,17.292320602019497,2.0
40,17.294036986120695,1.0
41,17.384363671730682,1.0
42,18.405342973456065,2.0
