,time,event
0,1.4751020903340022,4.0
1,2.4359790958262546,4.0
2,2.4463473597794914,1.0
3,2.9826877078156575,1.0
4,4.2843243682099885,2.0
5,4.449020822575009,3.0
6,8.780130495217882,1.0
7,10.699659025454737,0.0
8,10.708428459301416,0.0
9,10.867050687247607,0.0
10,10.88435524814217,0.0
11,10.987996370825751,0.0
12,11.031476432796854,1.0
13,14.970600145332918,2.0
14,15.763980624092731,3.0
15,16.556445762458655,1.0
16,16.968348363063367,3.0
17,17.115897049644573,3.0
18,19.717220892564402,1.0
