,time,event
0,1.276884380366734,0.0
1,1.396690852608642,3.0
2,5.165324455626039,0.0
3,7.668997477741923,1.0
4,7.825728049446498,1.0
5,8.05427176296581,0.0
6,10.38196098753452,1.0
7,10.715989579959631,1.0
8,11.843142616358042,4.0
9,11.97972406005098,0.0
10,12.16368782186639,1.0
11,12.367744255060872,1.0
12,12.375588008357816,3.0
13,12.399041867608961,3.0
14,12.429199485094623,2.0
15,13.15470553757682,2.0
16,13.225756301355437,1.0
17,14.036926259664774,0.0
18,14.057225694055125,1.0
19,15.012868853194126,1.0
20,15.64045097258199,3.0
21,16.09144363680991,2.0
22,19.242621219513293,0.0
23,19.259464787515707,1.0
24,19.455642524510647,1.0
25,19.490697847717392,3.0
