,time,event
0,0.604822893163373,0.0
1,5.863469636611925,0.0
2,5.891709472875952,1.0
3,5.957978074689537,3.0
4,6.073156671400051,1.0
5,6.121820932200785,3.0
6,6.248466104408,3.0
7,6.520733668376375,3.0
8,6.569805757630086,2.0
9,6.886673423225781,1.0
10,7.038586699516512,3.0
11,7.4708763018391995,2.0
12,7.82431029309858,2.0
13,8.3976177831444,1.0
14,8.438985354842192,3.0
15,11.161024768719418,3.0
16,12.381924721626579,0.0
17,12.645615029187521,1.0
18,12.749518930544925,3.0
19,12.840206305026735,1.0
20,12.908227705665107,3.0
21,13.812146455342827,2.0
22,15.423836523397306,2.0
