,time,event
0,4.272646443128573,0.0
1,4.445964887614216,1.0
2,6.4199061482873265,1.0
3,6.870284728999102,1.0
4,7.5236381870503495,3.0
5,7.9100687487247985,2.0
6,8.841627778338152,4.0
7,8.88078791893371,3.0
8,9.050672503076942,2.0
9,9.381370722165148,1.0
10,9.393244922065799,1.0
11,9.693355694707941,3.0
12,10.376081540646126,2.0
13,10.499556533489578,0.0
14,10.522135617386672,1.0
15,10.577405219201566,3.0
16,10.697224827436226,1.0
17,10.721423035082692,3.0
18,10.948286987658328,3.0
19,10.976983263481245,2.0
20,11.114415098544661,1.0
21,11.114999807413321,1.0
22,11.14119401996114,3.0
23,11.269466019398893,2.0
24,11.366018359364213,3.0
25,11.386296242261912,2.0
26,11.66820220938386,1.0
27,11.889301643572564,2.0
28,12.107026711924382,0.0
29,12.358474593023372,1.0
30,12.664679693793964,1.0
31,12.713110444202659,3.0
32,13.036511526318156,3.0
33,13.433417536480563,3.0
34,14.141385053688406,0.0
35,14.635114687241787,0.0
36,14.722852803619967,3.0
37,15.404381784693706,4.0
38,15.556093723008217,1.0
39,15.924583755071357,1.0
40,16.06189534891712,0.0
41,16.18191059494493,0.0
42,18.256406626224166,1.0
43,18.339693775025502,0.0
44,18.392984821627763,3.0
45,18.69156624082882,1.0
