,time,event
0,4.573425582415626,3.0
1,4.921124850994629,2.0
2,5.090299531702413,1.0
3,5.158575524986048,1.0
4,5.500060794584372,3.0
5,5.637064229915229,2.0
6,5.786537928523804,0.0
7,7.012396850484932,1.0
8,8.848583874824696,0.0
9,9.036272485541684,1.0
10,9.076039203840313,0.0
11,9.106596076496922,0.0
12,9.606772935502192,1.0
13,9.802268649543263,3.0
14,11.363063614288967,3.0
15,12.204221389739898,2.0
16,12.48378724294772,1.0
17,12.719263831535011,0.0
18,12.883699696876226,1.0
19,13.011405620366546,1.0
20,13.15449147005764,1.0
21,17.918440781965042,0.0
22,19.307440646124647,0.0
