,time,event
0,7.971478243116134,4.0
1,10.120621008893169,1.0
2,10.314412589904643,3.0
3,15.874378613258623,3.0
4,19.506841108883037,4.0
5,19.90885907941134,3.0
