,time,event
0,0.21919537000871,0.0
1,0.39691707454903113,1.0
2,3.868252413114691,0.0
3,6.4825456002932205,1.0
4,6.8108582554362,3.0
5,7.063487072943891,2.0
6,7.327173690000097,4.0
7,7.585202794985924,3.0
8,7.699225552917157,2.0
9,12.942887840524847,1.0
10,13.790678669534696,0.0
11,13.969510354042994,1.0
12,14.021285019610755,1.0
13,15.98255916459405,0.0
14,16.332295980140437,3.0
15,16.527189827163124,3.0
16,16.63305940753996,2.0
17,16.635552079452506,2.0
18,16.809905124760714,2.0
19,17.43006495502043,2.0
20,17.506637966953985,1.0
21,17.69757053656416,0.0
22,17.75434131042844,3.0
23,17.88839160411536,1.0
24,17.893339823299797,0.0
25,17.90765168301463,1.0
26,18.33076535707262,1.0
27,18.50145697612587,3.0
28,18.64446485970526,1.0
29,18.762380953364787,0.0
30,18.92122623145641,2.0
31,19.00943594853142,2.0
32,19.36763912591634,1.0
33,19.509198196399574,1.0
34,19.596488629936946,2.0
35,19.666701795315742,1.0
