,time,event
0,1.3922919977863641,3.0
1,2.8285487199188974,3.0
2,3.1709972176278036,2.0
3,3.2869391180489105,1.0
4,3.7610058099110657,0.0
5,3.970954461966278,1.0
6,4.321641588424278,1.0
7,4.534409483061175,2.0
8,5.780979884720151,1.0
9,5.82862502800006,3.0
10,7.8847090712567045,2.0
11,8.074093992705718,1.0
12,8.084340197751354,0.0
13,8.219155443266882,1.0
14,8.2742043403846,4.0
15,8.589788938060092,1.0
16,8.739419605397938,1.0
17,8.98434886102402,4.0
18,9.047012239301495,3.0
19,9.207673276722689,3.0
20,9.247182371973823,2.0
21,9.41183129921876,2.0
22,9.678357156720892,2.0
23,10.11161207593364,3.0
24,10.685784921042416,1.0
25,10.898898878157334,4.0
26,11.228950733791603,1.0
27,11.484375831973168,1.0
28,12.038389703794724,3.0
29,12.561728313206503,0.0
30,16.207176130107406,3.0
31,17.715652049236216,4.0
32,18.467532602126848,4.0
33,19.711874707758525,3.0
34,19.869220461125263,2.0
35,19.937143210949017,1.0
