,time,event
0,10.305935839829866,3.0
1,10.88612623670737,1.0
2,16.947448100430798,4.0
3,17.03727125334354,2.0
4,17.160715120940424,1.0
5,17.543502235080364,4.0
6,17.8538444489036,3.0
7,18.282828601297606,4.0
8,18.313140655531008,1.0
9,18.487958885161827,2.0
10,18.745192757116868,1.0
11,19.30167877346047,1.0
