,time,event
0,1.7301007831554016,0.0
1,5.157686921872985,4.0
2,6.280002264217469,0.0
3,7.525214117792988,3.0
4,10.200963672019665,4.0
5,12.147675274740841,4.0
6,13.120877699003373,4.0
7,14.678787138756999,0.0
8,14.709414647854816,1.0
9,15.778221057080989,1.0
10,15.899613951102728,1.0
11,18.260326370552868,3.0
12,19.650227814045838,2.0
13,19.70524913373646,2.0
14,19.890462324844616,1.0
15,19.930172743492378,3.0
