,time,event
0,1.0850647434410126,4.0
1,10.331748729189927,0.0
2,10.545003021002124,3.0
3,10.611306939889161,1.0
4,12.517369547874324,4.0
5,16.987556023683485,3.0
6,18.089470289031294,0.0
7,18.94115855604611,0.0
8,19.0603640284608,1.0
9,19.301100290362793,3.0
10,19.326001563653236,1.0
11,19.35000213963011,2.0
