,time,event
0,0.6039021259515445,1.0
1,0.7841304296384877,1.0
2,4.614294506716481,0.0
3,6.6572037816514165,3.0
4,7.372110855528585,2.0
5,8.263848545689006,4.0
6,8.43051913247855,3.0
7,9.883080978733977,4.0
8,10.995691969012018,3.0
9,11.84530525960899,1.0
10,11.976914241412176,3.0
11,12.169215986763154,0.0
12,12.171458260103797,1.0
13,15.588326772623677,1.0
14,16.105216789859412,0.0
15,16.633229524351123,1.0
16,17.36570228272042,3.0
17,17.411085018099634,0.0
18,17.45338108769089,1.0
19,17.664069540607564,3.0
20,17.808563662162715,1.0
21,17.825794271698832,3.0
22,17.85759665515389,1.0
23,18.106422520089055,2.0
24,18.131128594522664,3.0
25,18.148717061698736,1.0
26,18.289248054686418,2.0
27,18.935043831144977,1.0
28,19.392589384115553,3.0
29,19.4407484262392,1.0
30,19.817036968849308,0.0
