,time,event
0,1.0496271624056392,1.0
1,1.060399843415709,3.0
2,1.4761767906969896,3.0
3,1.6880174459051704,4.0
4,2.6563674404302082,2.0
5,2.8573474820428744,0.0
6,3.09637665084834,1.0
7,5.145391634386672,1.0
8,5.477063307399848,3.0
9,8.053894163804136,1.0
10,8.058668248125722,3.0
11,8.135301085526214,2.0
12,8.154435278586408,3.0
13,8.161152446753785,4.0
14,8.52293784339369,1.0
15,8.970594651086937,1.0
16,9.294090109547943,2.0
17,10.331987577748375,0.0
18,11.528895271402604,4.0
19,11.537549310486385,3.0
20,11.63556058072779,2.0
21,12.28738474916062,3.0
22,12.39516115181163,2.0
23,13.321116762749874,0.0
24,13.68634397601837,0.0
25,13.712775676902906,1.0
26,13.844454319355261,2.0
27,13.91167345328447,1.0
28,14.963586809039862,0.0
29,15.155348577246702,2.0
30,17.94747618385542,0.0
31,18.073560768424528,0.0
