,time,event
0,0.702759798185102,3.0
1,1.2199635161018232,1.0
2,2.1671001011527977,0.0
3,6.388071446311457,4.0
4,7.3825150903928245,3.0
5,7.799568760704101,4.0
6,7.92611881880183,3.0
7,8.507423082143418,4.0
8,8.77966023794416,4.0
9,9.333580458853968,4.0
10,10.008552431099725,4.0
11,10.014558652276015,4.0
12,10.181609587243388,3.0
13,10.9560092634683,3.0
14,12.375224322881397,4.0
15,12.395033402191142,4.0
16,12.418768524829408,4.0
17,13.889215105861005,3.0
18,13.932230889063817,4.0
19,14.03676333424221,3.0
20,16.164851953871715,4.0
21,16.38773347840968,4.0
22,16.91243064840652,4.0
23,17.28966255103738,3.0
24,17.87328011421217,3.0
25,18.51174532696193,4.0
26,18.63460676844568,4.0
27,18.671087934003722,4.0
28,19.451911354784382,4.0
29,19.93955043264099,3.0
