,time,event
0,1.304502877823557,3.0
1,1.778371490964806,4.0
2,3.814054071716302,4.0
3,3.899210831015788,4.0
4,4.662137072438487,3.0
5,5.156304741342155,3.0
6,5.48331192608374,2.0
7,5.77620884973307,3.0
8,6.620256203950229,4.0
9,6.984942741538105,4.0
10,7.004204816257561,3.0
11,7.053894008204399,4.0
12,7.231746122877102,4.0
13,8.143952718453244,4.0
14,8.53783682594256,4.0
15,8.637556536766649,0.0
16,9.02567589744899,4.0
17,9.840544443452579,3.0
18,9.886325447800749,4.0
19,10.575938361102065,3.0
20,10.896528480558437,3.0
21,11.282779331449065,4.0
22,11.431350833946915,3.0
23,12.023304730806235,4.0
24,12.735326448088454,4.0
25,12.983338210351238,4.0
26,13.479447830958362,3.0
27,13.965884681653352,3.0
28,14.206803991138669,3.0
29,15.090507664810652,1.0
30,16.42270483356647,4.0
31,16.595665816844548,4.0
32,17.024198004136515,3.0
