,time,event
0,0.16531714628033242,4.0
1,0.6485786435921882,0.0
2,0.9486606872551586,2.0
3,2.0885762999491115,3.0
4,2.19369996882566,4.0
5,2.3694900312463827,4.0
6,2.7437068130018396,3.0
7,2.815224209375511,1.0
8,2.9510353647014678,3.0
9,3.073816465776477,4.0
10,3.4957876555259797,3.0
11,3.657441345316573,4.0
12,3.7160827505631233,4.0
13,4.134073710664852,4.0
14,4.299938911920237,4.0
15,4.453182954771866,4.0
16,4.583041447857857,1.0
17,5.0475390094118415,3.0
18,5.788358030171848,3.0
19,6.6667251106503365,4.0
20,7.564959137982052,1.0
21,7.724230621996221,2.0
22,7.762170194189804,3.0
23,8.12071955953853,1.0
24,8.441919494526037,2.0
25,9.193213901131555,3.0
26,10.107406757437897,4.0
27,10.312605924327018,0.0
28,10.518385823198882,4.0
29,11.716095089357262,2.0
30,13.76299012954451,4.0
31,14.041361297539448,3.0
32,15.150092850091172,2.0
33,15.283624310189735,4.0
34,15.531317370781013,4.0
35,15.682732243102787,1.0
36,16.16125330483482,3.0
37,17.182262251268032,3.0
38,17.246588694452722,2.0
39,18.018002279926392,4.0
40,18.04559992345745,1.0
41,18.810559893934506,3.0
42,18.831233254008172,3.0
43,18.970353380288433,2.0
