,time,event
0,0.10750900738056395,4.0
1,0.2217867341539847,3.0
2,2.5471791390504066,3.0
3,4.284237594356895,3.0
4,4.5025808031263015,2.0
5,5.170085619398408,2.0
6,5.858190580308415,3.0
7,5.915355309572658,4.0
8,6.084101250494993,3.0
9,6.220222011996603,4.0
10,6.308615663743436,4.0
11,7.034192789297464,3.0
12,7.10121201914838,3.0
13,7.647317577546632,1.0
14,7.717375012030053,4.0
15,7.726683387155137,4.0
16,8.07262254205951,2.0
17,8.344156241763459,3.0
18,8.4718267037123,1.0
19,9.473728420639558,2.0
20,10.1743225432363,4.0
21,10.852516433695756,1.0
22,11.445798115931446,2.0
23,11.4998024045143,4.0
24,13.740596375154508,3.0
25,13.989722714415866,3.0
26,14.054840587381534,4.0
27,14.095711040976767,3.0
28,14.921764800227635,3.0
29,15.777993768779544,1.0
30,15.947319056551267,4.0
31,17.144951656369894,4.0
32,17.960274161648783,3.0
33,17.97266946371874,3.0
34,19.683942730989497,3.0
35,19.969140607421405,1.0
