,time,event
0,0.305237893104324,3.0
1,0.40797286340913475,3.0
2,0.5753401285227879,4.0
3,0.9640489574395137,4.0
4,1.664921015516365,3.0
5,2.2727704986734714,4.0
6,2.788486378275543,4.0
7,3.6281002372060054,3.0
8,3.6981690976088304,4.0
9,4.0433833267414725,3.0
10,4.9263844465566935,4.0
11,5.223381296012435,3.0
12,5.274289030726111,4.0
13,5.41527966357244,3.0
14,9.400471980225568,4.0
15,9.527550911011767,4.0
16,9.767583575856131,4.0
17,9.93740357323535,4.0
18,12.631851741325061,4.0
19,13.01818842949582,4.0
20,13.682680933326347,4.0
21,14.25828240889732,3.0
22,16.347787622998617,4.0
23,16.95131740068469,4.0
24,17.576325349656354,3.0
25,18.305505596468777,3.0
26,18.354302391736766,3.0
27,18.430816590402248,3.0
28,18.82772305852446,3.0
29,19.942568508969618,4.0
