,time,event
0,0.9706567592338035,1.0
1,1.0532888552754138,3.0
2,1.6661088615942932,2.0
3,1.6798323882536867,3.0
4,1.8672123636034175,1.0
5,2.4045544928474185,1.0
6,2.8989843306944807,4.0
7,3.3907225881756817,4.0
8,3.58722319088334,3.0
9,3.9117513271592546,2.0
10,4.70645427069837,4.0
11,5.147274582380711,4.0
12,5.503086748552175,2.0
13,5.903117373251098,4.0
14,5.931517403401865,0.0
15,6.257076040845181,2.0
16,6.828331894441663,3.0
17,7.197454637416931,3.0
18,7.339367116199512,4.0
19,7.374340753265622,2.0
20,8.183771356896546,3.0
21,9.396063094271252,2.0
22,9.507707442041186,3.0
23,9.514238601219787,3.0
24,9.757419106556853,3.0
25,10.073965459331303,2.0
26,10.085383111124745,3.0
27,10.732607477428155,3.0
28,11.01646522511685,3.0
29,11.096231981364006,3.0
30,11.179836060339236,1.0
31,11.42701727504599,3.0
32,11.438232288877659,4.0
33,11.63526832821923,4.0
34,11.654844799137841,4.0
35,11.823674123573761,2.0
36,11.98595492235254,1.0
37,12.23779088052132,1.0
38,12.624081347919237,1.0
39,13.32746959892818,3.0
40,13.332483077829352,3.0
41,13.761164117591793,4.0
42,13.941504017077749,4.0
43,14.196641407027679,2.0
44,14.660311948258288,4.0
45,15.211237593682695,2.0
46,16.300855778295062,3.0
47,17.052571760218974,0.0
48,17.0604066656699,1.0
49,17.071919358495226,1.0
50,17.264596774198377,3.0
51,17.460257336774685,3.0
52,17.49770070995338,4.0
53,17.753328146865062,3.0
54,17.98677792173799,4.0
55,18.06213161457343,4.0
56,18.45928086677862,4.0
57,18.91550709041974,4.0
58,19.262761813635272,2.0
59,19.269154506174882,4.0
