,time,event
0,0.14428121964962398,3.0
1,0.4142192123348709,4.0
2,0.5142154777254483,2.0
3,0.5179539844149554,3.0
4,0.6995302880470782,3.0
5,1.0622592023955497,4.0
6,1.7835283630683185,3.0
7,2.152688006233127,2.0
8,2.344353622066909,4.0
9,2.4244006757047507,4.0
10,2.803328543158434,2.0
11,2.892843044945519,1.0
12,3.8102647320259586,3.0
13,4.472117322719265,3.0
14,5.096730366168778,3.0
15,5.675311107638242,4.0
16,5.732049231135337,3.0
17,6.097028465610831,3.0
18,6.23166423822096,3.0
19,6.4026294899461735,4.0
20,6.488753725556203,1.0
21,6.7367547034978115,4.0
22,6.75297547903293,4.0
23,6.94748599795437,3.0
24,7.150948530726137,3.0
25,7.252949600122402,4.0
26,7.468686374083221,3.0
27,7.698932791898887,3.0
28,8.631059678503407,3.0
29,9.112301092232347,3.0
30,10.020723471677934,4.0
31,10.143984959098184,3.0
32,10.15624545985159,4.0
33,10.24543798550879,3.0
34,10.78754916121842,2.0
35,11.51776326240063,1.0
36,11.819291201467042,3.0
37,11.972349891032842,2.0
38,12.15112649120343,3.0
39,13.129217403276328,3.0
40,13.162965967266246,1.0
41,13.29404081971688,1.0
42,13.662986439417944,3.0
43,13.853126054167456,3.0
44,14.092517916034815,3.0
45,14.36001292578113,3.0
46,14.759428976445777,3.0
47,14.79394465718115,1.0
48,14.803526554965739,3.0
49,15.035638605726508,3.0
50,15.42929109324595,3.0
51,15.849644688146546,3.0
52,16.19990340485753,4.0
53,16.834703029377632,4.0
54,17.053277971773625,3.0
55,17.184156942669514,4.0
56,17.48397379769112,3.0
57,18.33561997673904,2.0
58,18.929542694493108,3.0
59,19.165393734302132,0.0
60,19.563811704291336,1.0
