,time,event
0,0.08219983480903478,3.0
1,0.7173287086722889,2.0
2,1.060152842620261,3.0
3,1.8890834195679909,3.0
4,2.2315821958587088,2.0
5,2.455193634086008,4.0
6,2.6346408986207175,2.0
7,2.744376961590579,3.0
8,2.7810814852672134,1.0
9,2.9170899231672434,3.0
10,2.9314264319297534,2.0
11,3.0410978916138016,3.0
12,3.2860684124895094,4.0
13,3.5862616475735796,3.0
14,4.421893645931588,4.0
15,4.842680779427776,4.0
16,5.075307287692044,2.0
17,5.076866810939795,3.0
18,5.078384457413109,3.0
19,5.385427807365354,1.0
20,5.497482418776041,4.0
21,7.168423186392874,4.0
22,7.198854584125235,3.0
23,7.483783609350779,3.0
24,7.634591931772838,1.0
25,7.9775878999736225,3.0
26,7.998929241054457,3.0
27,8.33108621481062,2.0
28,9.574358486988427,3.0
29,9.5969116752568,4.0
30,10.665034128453373,2.0
31,10.912339409537742,4.0
32,11.396413599225946,2.0
33,11.813068777802895,3.0
34,11.919369523019116,4.0
35,11.980766450742605,4.0
36,12.182696800488458,3.0
37,12.231972954945785,4.0
38,12.268946526288984,1.0
39,12.396567722904322,3.0
40,12.723422508585339,2.0
41,13.012313051287972,3.0
42,13.396652704322321,4.0
43,13.494688746565814,1.0
44,13.547569204509678,3.0
45,13.676289442302913,4.0
46,14.21838223226242,1.0
47,14.353465177136842,3.0
48,14.769255938549158,3.0
49,15.270265311614454,4.0
50,15.467711161769373,3.0
51,15.66458614333885,3.0
52,15.843454264226507,4.0
53,16.702797303097068,0.0
54,16.89968286133538,4.0
55,17.15264259545399,3.0
56,17.156394490549914,2.0
57,17.32149580600669,3.0
58,17.501828285480958,2.0
59,18.585132395781162,3.0
60,18.68888300925208,1.0
61,18.70843724926279,3.0
62,18.87225066741935,3.0
63,19.097579575079347,4.0
