,time,event
0,0.7828516688681718,1.0
1,1.5102415997827001,3.0
2,1.7257999844110095,3.0
3,1.8087369248220886,3.0
4,1.8232128784607504,3.0
5,2.8131048200788316,3.0
6,3.168084507715805,3.0
7,3.9244385846139913,4.0
8,4.556760406013638,3.0
9,5.5028614504131665,1.0
10,5.520331773520517,3.0
11,5.908369343325362,4.0
12,6.035381755590273,4.0
13,6.648375839849821,4.0
14,6.973499325175256,3.0
15,7.041557666403812,3.0
16,7.243659681583382,1.0
17,7.745814012646971,4.0
18,9.113635041363453,3.0
19,9.253167335970296,1.0
20,9.693038247094544,3.0
21,9.717659108443753,4.0
22,9.768168193221019,3.0
23,10.269857937018486,3.0
24,10.383383109615137,4.0
25,10.680377410395643,2.0
26,11.29032567675343,2.0
27,11.403608265430375,4.0
28,12.1522263981315,4.0
29,12.716332668112772,4.0
30,13.172306831413412,2.0
31,13.778339581351446,3.0
32,14.005949644892471,4.0
33,15.399201076776045,3.0
34,15.557157055316534,1.0
35,15.925792701640566,4.0
36,16.289106178120935,2.0
37,16.358267783551472,3.0
38,16.82860217600515,3.0
39,16.851614110540428,4.0
40,16.858817307292657,4.0
41,16.894172844826496,4.0
42,17.0388005073425,4.0
43,18.306625759278603,3.0
44,18.68564118270453,2.0
45,19.1031112533933,3.0
46,19.116649378135214,4.0
47,19.282543509984578,3.0
48,19.392837564608477,3.0
49,19.680131628250198,3.0
