,time,event
0,0.43417610342121427,4.0
1,0.48464841371282436,3.0
2,1.4494277355587337,2.0
3,1.4653800166621258,2.0
4,3.5683813977159,1.0
5,3.6674314696990526,1.0
6,3.7919178734868653,3.0
7,3.8022665791559427,2.0
8,4.258671879833134,1.0
9,5.631739568937627,2.0
10,5.738150547323563,2.0
11,6.0577206010678,4.0
12,6.202510723385596,4.0
13,6.422741435574093,4.0
14,6.488121195761366,3.0
15,6.714370093616081,3.0
16,8.100767545951689,4.0
17,8.264097514516676,2.0
18,9.082632309132043,0.0
19,9.29707082039909,3.0
20,9.932980888790862,4.0
21,10.130969345824825,3.0
22,10.5986440545822,4.0
23,10.739071291729402,3.0
24,10.742446788205054,3.0
25,11.709126852522386,2.0
26,11.710340476633135,2.0
27,12.345382866532924,1.0
28,12.75054964315783,3.0
29,12.914159732642304,1.0
30,13.04155661376292,1.0
31,13.529083666267105,4.0
32,13.714816765930616,3.0
33,14.147937034139412,4.0
34,14.70718856089865,3.0
35,14.736019478383108,3.0
36,15.23107114805762,4.0
37,15.459280559285581,3.0
38,15.93964188029497,3.0
39,16.184338269332205,3.0
40,16.19150962709801,4.0
41,16.349849592646784,3.0
42,16.92915131244067,3.0
43,17.05580381646394,3.0
44,17.13268642229576,4.0
45,17.198515342248236,2.0
46,17.498358217865334,4.0
47,18.28613864170848,4.0
48,19.023132278152936,2.0
49,19.036484014508797,4.0
50,19.282606684749634,4.0
