,time,event
0,0.09551806258097532,0.0
1,1.6479837738609115,3.0
2,1.8065447766653508,4.0
3,2.063231181004734,0.0
4,4.5774165354335254,4.0
5,6.4326263498757426,4.0
6,6.731827549154813,3.0
7,6.758414625894676,4.0
8,7.351459301099271,4.0
9,7.4119429646722,4.0
10,7.5701969412369605,4.0
11,7.734440601245563,3.0
12,7.981005038507793,4.0
13,8.306612924830382,3.0
14,8.963685738674709,4.0
15,9.415205876513271,4.0
16,9.725798049902135,3.0
17,10.171013234349617,0.0
18,11.491326086565953,3.0
19,11.787737491951308,3.0
20,12.27554219482142,3.0
21,12.756446570013068,3.0
22,12.888378232688623,4.0
23,13.764329905526026,3.0
24,13.972578108437018,4.0
25,14.650314047956769,1.0
26,14.712877971520573,4.0
27,15.520413965173692,3.0
28,15.825193159698884,3.0
29,16.21812085434542,4.0
30,17.846920358546797,0.0
31,17.99851994509354,4.0
32,18.180534956411762,3.0
33,18.815131146746886,4.0
34,19.055376897599444,3.0
35,19.676653188630244,4.0
36,19.80546463066597,4.0
37,19.906309486526936,1.0
