,time,event
0,0.3752375027405891,3.0
1,0.7119340309197844,2.0
2,1.5430821858360018,4.0
3,1.7094101890092965,2.0
4,2.7059247707515626,4.0
5,3.261233252529131,4.0
6,3.3223877849298997,3.0
7,4.171004988327025,3.0
8,4.440680307427998,1.0
9,4.622473888589902,3.0
10,4.878993515748434,3.0
11,5.044431023775378,3.0
12,5.14827004701201,3.0
13,6.4325503037100935,3.0
14,6.510562077159283,4.0
15,6.601645765770304,4.0
16,6.607949853407624,3.0
17,6.921792681003236,3.0
18,7.20746802843008,2.0
19,7.448531826095567,0.0
20,8.309454315991363,3.0
21,9.40889635660706,2.0
22,9.497501799628804,4.0
23,10.068522030596982,3.0
24,10.107954298933949,3.0
25,10.542405179818486,1.0
26,10.697920551153311,4.0
27,12.012525334286257,2.0
28,12.212592697951806,4.0
29,12.49970304515498,1.0
30,12.52790087225884,3.0
31,12.843520481638707,2.0
32,13.591560556437283,4.0
33,13.67415321146912,2.0
34,15.052178348511442,4.0
35,15.105474134510121,4.0
36,15.560714238147549,3.0
37,15.762633912734923,2.0
38,16.196554940711103,2.0
39,16.698323499301065,2.0
40,17.065393381658726,3.0
41,17.773728002799295,1.0
42,18.455192539222818,3.0
43,18.75595026521115,2.0
44,18.764999442430174,4.0
45,18.831864030696984,4.0
46,18.91669641803242,4.0
