,time,event
0,0.23763996813583388,4.0
1,0.9384855300244018,3.0
2,1.3642759359721093,1.0
3,1.469053401699265,3.0
4,1.8207813075154449,2.0
5,2.771729203491268,4.0
6,2.9779513954290175,4.0
7,3.2456525576631163,4.0
8,3.4846103187378303,4.0
9,3.5127250603286564,2.0
10,3.840864418995938,2.0
11,5.012855210668606,3.0
12,5.781823294811412,3.0
13,5.871119538327369,3.0
14,6.167509521543617,1.0
15,6.430615945936526,0.0
16,6.590430149814048,3.0
17,6.631170596716691,3.0
18,7.241403694480663,0.0
19,8.696519623029173,1.0
20,9.498922194153902,3.0
21,9.702429504019431,4.0
22,9.868054421763027,1.0
23,10.00331918095881,4.0
24,10.220952672917848,4.0
25,10.516660237176445,2.0
26,11.616198572770944,2.0
27,11.7409644286841,3.0
28,12.327383191583177,2.0
29,12.611838696341886,3.0
30,12.705382526255388,0.0
31,13.258285108311213,3.0
32,13.498347088305017,4.0
33,13.750508797141254,4.0
34,13.766567585358407,4.0
35,14.337704011050985,3.0
36,14.89223358346139,2.0
37,15.0114923374625,3.0
38,15.558315870722595,2.0
39,15.562204270570302,2.0
40,16.17378128978339,2.0
41,16.267807313136277,4.0
42,16.99980308514199,3.0
43,17.10465070562377,4.0
44,17.264395825728954,1.0
45,17.37430447505981,3.0
46,17.398717970977096,1.0
47,17.48431285272263,0.0
48,17.816414852290492,4.0
49,17.974176211660478,0.0
50,18.22004100291451,3.0
51,18.742674196812334,3.0
52,19.32959567525778,3.0
53,19.470414573345984,3.0
54,19.667954741494775,2.0
55,19.717202152404887,1.0
56,19.837187581883537,3.0
57,19.908276286852676,4.0
