,time,event
0,0.20057582656980538,3.0
1,0.6910466547006772,2.0
2,1.0289144265671124,3.0
3,1.2184118610359551,4.0
4,1.3768487408635752,2.0
5,1.4782437219450701,4.0
6,1.834095093639006,1.0
7,2.063188202612004,2.0
8,2.7663118019481145,1.0
9,3.5232299460839847,3.0
10,3.7137210466106216,3.0
11,5.015812119265013,2.0
12,5.596708323923583,2.0
13,5.909048964321326,3.0
14,6.677688276469663,3.0
15,6.836808725237611,3.0
16,6.846141378080069,3.0
17,7.663335171170622,3.0
18,7.7039429727454625,2.0
19,9.637001927874215,4.0
20,10.034431973903843,2.0
21,10.334590269233553,3.0
22,10.969548628617709,3.0
23,11.157680735509464,3.0
24,11.377881467585443,3.0
25,11.73412124489015,4.0
26,11.874362437142755,4.0
27,11.915978532933213,3.0
28,11.965898224383269,3.0
29,12.011720631790295,3.0
30,12.8153660919825,4.0
31,12.977227221310628,3.0
32,13.650466824409168,2.0
33,13.8790709330226,4.0
34,13.966476087627253,2.0
35,14.812520297737532,4.0
36,16.137145032980715,4.0
37,16.568092961792747,4.0
38,17.394387434003395,4.0
39,17.879770888466215,3.0
40,18.605732003790365,3.0
41,18.608152070548982,3.0
42,18.615603738838264,2.0
43,18.786747322129123,4.0
44,18.934207816485277,3.0
