,time,event
0,0.9374742706749334,4.0
1,1.153164426295405,2.0
2,1.3018983850035537,3.0
3,1.5372697346857507,3.0
4,1.9085390902196822,4.0
5,1.925223672301318,3.0
6,2.230021928483618,3.0
7,2.3471411389515167,2.0
8,2.5914270342634174,3.0
9,2.7605082066371223,3.0
10,2.8633786623000392,4.0
11,3.2912171668333485,2.0
12,3.8889626437639606,4.0
13,4.266847231769937,4.0
14,4.395056960450122,3.0
15,5.418791582301588,3.0
16,6.4876947431061005,4.0
17,7.143008582126331,4.0
18,7.703333834972121,2.0
19,8.286695464090437,4.0
20,8.429129302193775,4.0
21,8.48198751182505,3.0
22,8.518741420898571,4.0
23,9.567751913226818,3.0
24,9.830207583146743,3.0
25,10.096571746595474,4.0
26,11.07015979200059,4.0
27,11.298640466524539,4.0
28,11.375397220902926,1.0
29,12.364013029477656,3.0
30,12.374881238245814,2.0
31,12.460000051158149,4.0
32,12.67141088928444,4.0
33,13.304065485359336,3.0
34,13.5330507936213,2.0
35,13.686173652198692,3.0
36,13.758311965226483,4.0
37,14.189240688604547,4.0
38,14.610637177878143,4.0
39,14.987776934010538,3.0
40,15.130533111058556,2.0
41,15.631858564726793,1.0
42,15.74890187996052,4.0
43,16.185524273868054,3.0
44,16.61822674864551,4.0
45,17.14221172065204,3.0
46,17.341366020185156,4.0
47,17.347202837904884,3.0
48,18.435130142662825,4.0
49,18.798174597585238,1.0
50,19.01902349397939,3.0
51,19.04587259516554,3.0
52,19.194155965099853,2.0
53,19.71973022146155,1.0
