,time,event
0,0.12070377315803604,2.0
1,0.2398753399971854,3.0
2,0.5412541957321012,3.0
3,0.6809011165372265,4.0
4,1.0034090834418135,2.0
5,2.3242713640371755,4.0
6,2.5869878286080596,1.0
7,3.1350164901012256,2.0
8,3.2669456504150007,4.0
9,3.5007150151641198,3.0
10,3.6833355265111036,2.0
11,3.7468522506446256,1.0
12,3.9711311672487244,3.0
13,4.808704312841382,4.0
14,4.849821780875084,3.0
15,5.1341292400153575,3.0
16,6.057545051217341,2.0
17,6.165524964172708,4.0
18,6.497966312245922,2.0
19,6.876429403228123,3.0
20,8.789385361669474,3.0
21,9.08201621690894,2.0
22,9.110393676488629,4.0
23,9.282323375401862,2.0
24,9.32875856806152,1.0
25,9.523456517808453,4.0
26,10.739463865655843,0.0
27,11.282599844147574,4.0
28,11.668014474865686,4.0
29,11.989732158635762,0.0
30,12.162012691996738,2.0
31,12.166099653568526,3.0
32,12.317025142502516,1.0
33,13.411627180520858,3.0
34,14.661980964891187,3.0
35,14.996228817700045,4.0
36,15.154750711530975,4.0
37,16.259908725011318,3.0
38,16.53455040798212,3.0
39,16.547221973428186,4.0
40,16.557038886638786,4.0
41,16.674295894078508,4.0
42,17.653463318640515,3.0
43,17.880220696955796,3.0
44,17.93626700121012,3.0
45,18.79842369064404,4.0
46,19.118308247344313,4.0
47,19.250122261816163,1.0
48,19.269777937955592,3.0
49,19.64654655181058,4.0
