,time,event
0,1.9857776104384175,4.0
1,2.540194597083533,4.0
2,3.1765276675809226,3.0
3,3.192715702276932,4.0
4,3.445166178409642,4.0
5,3.5456103649970707,4.0
6,4.347601869758344,4.0
7,5.005883569948607,3.0
8,5.896882302533654,3.0
9,6.145642177514005,4.0
10,6.6967273325916405,3.0
11,6.8055636866745255,3.0
12,8.043840437157986,4.0
13,9.06982391479657,4.0
14,9.92620738895893,4.0
15,10.400010621327597,4.0
16,10.54599247010108,3.0
17,11.176866221050826,4.0
18,11.66727747625239,4.0
19,11.698100283647028,4.0
20,11.742891686973962,3.0
21,11.846403561501724,4.0
22,11.948917304922244,3.0
23,13.022442444003785,1.0
24,13.632236074115895,4.0
25,13.984161288984225,4.0
26,14.199131823544223,4.0
27,14.619789882576363,4.0
28,15.324338447788092,3.0
29,15.473022571156772,4.0
30,16.713650026053884,3.0
31,18.55586267745988,4.0
32,18.908991982081915,3.0
33,18.956888696096442,3.0
34,19.520873806375125,3.0
35,19.856124392686954,4.0
