,time,event
0,1.403548462420503,1.0
1,1.4411571589234795,4.0
2,1.6022248447789504,3.0
3,2.075974017159487,1.0
4,2.1800625403796285,2.0
5,2.257508203740514,4.0
6,4.300004748560468,4.0
7,4.739250997768851,3.0
8,6.432701427035273,4.0
9,7.352691101040112,2.0
10,7.373298703566228,3.0
11,8.93395647555135,4.0
12,9.720016039434473,1.0
13,10.048118662450285,0.0
14,10.072965436380853,3.0
15,10.251068694872155,1.0
16,10.406797824644068,4.0
17,10.513964294570007,3.0
18,10.979471497123262,3.0
19,11.49076674855032,3.0
20,13.023511294861574,4.0
21,13.566197714130482,4.0
22,14.268541933059451,2.0
23,14.626680176097887,3.0
24,14.923997734609069,3.0
25,15.265728786149747,3.0
26,15.79132855762208,4.0
27,15.847536893532677,4.0
28,16.042021556051676,1.0
29,16.280142167456226,3.0
30,16.70031664210602,4.0
31,17.462525752654887,4.0
32,17.979613634052008,2.0
33,18.77388419491788,1.0
34,19.00588808695194,3.0
35,19.22871667804638,3.0
36,19.34808863247225,2.0
37,19.40376129603688,2.0
