,time,event
0,0.4533021178815413,4.0
1,2.5662771799607795,3.0
2,3.4132544648381358,3.0
3,4.1913842601623,4.0
4,4.711633738310918,3.0
5,5.3839266027518144,1.0
6,5.57777622694383,4.0
7,6.034828433010474,3.0
8,6.311530072094654,3.0
9,7.28170751382288,4.0
10,7.89863397564982,4.0
11,8.041415866899941,3.0
12,9.273681880783421,4.0
13,9.397655419839763,4.0
14,9.87359364176241,3.0
15,10.755325742267178,4.0
16,11.381484386974387,4.0
17,12.387506631660848,1.0
18,13.041997890794404,3.0
19,13.40293158259413,4.0
20,13.740663497218778,3.0
21,14.024615428652075,4.0
22,14.102852883757192,3.0
23,14.5240510260312,4.0
24,14.853248944836078,4.0
25,15.397167383110153,4.0
26,15.969404193010648,4.0
27,16.39382148444758,3.0
28,16.862608266459194,0.0
29,18.12762009262985,4.0
30,18.478459553236103,4.0
31,18.858271542483966,4.0
32,19.047448074574874,4.0
33,19.587947968148193,0.0
