,time,event
0,0.481833496466105,4.0
1,0.8744043407744896,3.0
2,2.135107435756819,4.0
3,2.3238671866821634,4.0
4,2.41861906716215,4.0
5,2.751237320145513,3.0
6,3.9424488935000643,4.0
7,3.943798703392368,4.0
8,4.235547411074117,3.0
9,8.205622476387994,4.0
10,8.227476673103794,3.0
11,8.886410124301488,3.0
12,9.448115490653738,4.0
13,10.92107358580345,4.0
14,11.406596984784874,4.0
15,13.382716757487247,4.0
16,13.437758758808835,4.0
17,13.689457347388169,3.0
18,14.282607364428312,3.0
19,14.40443152968496,3.0
20,17.07564677003607,3.0
21,17.247900946884748,4.0
22,18.020310236842406,3.0
23,19.461981165370975,4.0
24,19.761031559432816,3.0
