,time,event
0,0.4503563487196673,4.0
1,1.2676996493680375,3.0
2,2.4154070558132505,4.0
3,3.589002524474343,4.0
4,3.838103390055479,3.0
5,4.604508463983036,4.0
6,4.787411370533371,3.0
7,4.895231700838927,4.0
8,5.90677509528274,4.0
9,7.101290835661219,3.0
10,7.765996835040627,3.0
11,8.620228911776012,3.0
12,10.06823377430135,4.0
13,10.60714615561545,4.0
14,11.159354277757808,4.0
15,11.32944301281049,4.0
16,11.940149051861896,4.0
17,13.047533639723273,4.0
18,13.29164908515213,4.0
19,13.7813925927794,3.0
20,15.548897068424099,1.0
21,16.252576466616407,4.0
22,16.964637440834203,3.0
23,17.009122963059628,3.0
24,17.161156338921852,4.0
25,18.25812626796379,3.0
26,19.134437788777355,0.0
27,19.787478650545484,3.0
28,19.826105926857657,1.0
