,time,event
0,0.3585752430791334,4.0
1,1.0399822127300644,4.0
2,1.2480220513135647,0.0
3,1.6220010261485767,2.0
4,1.708824750400539,4.0
5,1.7593861728702787,3.0
6,3.1274258384707734,3.0
7,3.4497791446099204,4.0
8,3.613675095424993,3.0
9,4.05795550541417,3.0
10,4.46761041041283,4.0
11,5.576479469651215,4.0
12,6.020701414430379,3.0
13,6.275206035150766,0.0
14,6.391734485002154,3.0
15,6.594249301084265,4.0
16,6.9964606173440655,3.0
17,7.224093975980124,4.0
18,7.701652420194426,4.0
19,8.129982545536446,1.0
20,8.208634149722082,4.0
21,8.308125582241324,3.0
22,8.932751579078003,3.0
23,10.40562271750503,3.0
24,10.476953778120377,4.0
25,10.639288949749327,3.0
26,10.983807500301216,4.0
27,11.03694157997059,2.0
28,12.723607734556452,3.0
29,12.799722778817594,4.0
30,14.149395300207118,4.0
31,14.725681366501933,4.0
32,15.431330479172454,3.0
33,15.963574726250165,3.0
34,16.454131759378114,3.0
35,16.608426696024022,4.0
36,17.013207624632837,3.0
37,17.857198170599712,4.0
38,18.4731475123677,3.0
39,18.503610456012446,4.0
40,18.7750531254747,4.0
41,19.881496785561524,3.0
