,time,event
0,1.1691708967836894,3.0
1,1.4599501769588212,3.0
2,1.6941003509574462,4.0
3,2.1013734445594725,4.0
4,2.968180536115474,4.0
5,4.932926050168093,3.0
6,5.438036005029604,4.0
7,5.8860544617103425,3.0
8,5.888258543722843,3.0
9,6.402722351811759,4.0
10,6.62306818147306,4.0
11,7.46202134082685,4.0
12,9.063129400800301,1.0
13,9.072585560560052,4.0
14,9.589258076989223,3.0
15,9.647121662573197,3.0
16,10.13592332409773,3.0
17,11.35844992301464,4.0
18,12.818825929267806,4.0
19,12.88505378475985,3.0
20,13.005079097988077,3.0
21,13.9437314153071,4.0
22,15.457967466102062,4.0
23,15.670481958752365,3.0
24,16.48710530285273,3.0
25,16.913618163377873,4.0
26,17.27782759113259,3.0
27,17.322125445771793,4.0
28,17.746287262250082,4.0
29,17.884895039465153,4.0
30,18.379018214699656,4.0
31,19.02975789261964,3.0
32,19.35438847509285,4.0
33,19.6123677833314,4.0
