,time,event
0,1.5499175016026692,4.0
1,1.7219928521620633,4.0
2,2.1198338551707723,4.0
3,3.2177751734954723,4.0
4,3.3501806286557887,3.0
5,3.4314696170565564,3.0
6,4.16480853688349,4.0
7,5.389694425402893,3.0
8,5.611845152840167,3.0
9,5.8595775795618295,3.0
10,6.707564859589304,3.0
11,7.93226388853054,1.0
12,8.293874438293134,3.0
13,9.492929034073459,0.0
14,9.701154696996264,3.0
15,9.99117316926141,0.0
16,10.433618273079242,3.0
17,10.606600387146827,3.0
18,10.740856161131173,3.0
19,10.836628184517235,3.0
20,10.909848897598561,4.0
21,11.330224394165736,4.0
22,14.097735277520224,4.0
23,14.107068596127004,4.0
24,14.649056554804028,3.0
25,14.706982665646256,4.0
26,15.939280070464394,4.0
27,16.532975328399925,4.0
28,16.65728676342026,2.0
29,16.69813261622991,4.0
30,17.502033710824577,4.0
31,18.468138251112133,4.0
32,19.092871269729653,4.0
33,19.930702143246013,4.0
34,19.99538797923944,3.0
