,time,event
0,0.2668008401447673,4.0
1,1.1024965060404897,3.0
2,2.556552947502529,4.0
3,3.112665986898823,4.0
4,3.505719230821013,3.0
5,4.14046195468387,4.0
6,4.648987057698305,3.0
7,5.128054467372926,4.0
8,5.159189239361455,4.0
9,5.379172645600939,4.0
10,6.034805221536406,4.0
11,6.849353935065669,3.0
12,7.554121610783132,3.0
13,7.785097224845713,4.0
14,7.964214040497177,4.0
15,8.102234319929343,4.0
16,8.805944350776393,4.0
17,9.628756707069481,3.0
18,10.006546533645999,3.0
19,10.138948265304775,4.0
20,10.153814965745674,3.0
21,11.316729334541337,1.0
22,11.696782272612788,1.0
23,12.551316234628375,4.0
24,13.0512020220232,3.0
25,13.602213375062234,4.0
26,14.68525640262835,4.0
27,15.43016277603968,4.0
28,15.721275623199682,4.0
29,16.312342180656405,4.0
30,17.542277186350887,3.0
31,17.962567175705612,3.0
32,18.188038157189133,4.0
33,18.416081947970735,3.0
34,18.833644559868652,4.0
35,19.731831255930974,1.0
