,time,event
0,0.3408499494900717,4.0
1,1.3447611101281036,4.0
2,1.911679081541563,4.0
3,2.0622927816598327,4.0
4,3.6533343825917863,4.0
5,4.064824483233803,3.0
6,4.874602751034694,4.0
7,4.995910719208558,4.0
8,5.765851272025804,4.0
9,5.910251889760938,3.0
10,6.1571633936370835,4.0
11,6.270472953931583,4.0
12,6.762556767863003,4.0
13,7.056648139662607,4.0
14,7.676876411814544,3.0
15,8.809717009804212,3.0
16,9.128791093823173,3.0
17,9.44986127882604,4.0
18,9.594893362054336,4.0
19,9.598123907885663,0.0
20,10.226178770836226,3.0
21,11.53332210962039,3.0
22,11.671395378867166,3.0
23,12.235847895352759,4.0
24,13.72901456714584,3.0
25,13.792437194133724,4.0
26,14.16371423309607,4.0
27,14.705053147673816,4.0
28,14.752403622220541,4.0
29,15.47452353476733,3.0
30,15.602173157904701,3.0
31,15.996509556779632,4.0
32,16.132343342888877,3.0
33,16.13486816735303,3.0
34,16.531740209500775,4.0
35,16.692354030940002,4.0
36,17.459637753712247,4.0
37,17.720642619986695,3.0
38,18.48104939215656,1.0
39,19.504275498770347,3.0
40,19.581572201589786,4.0
