,time,event
0,0.7400109111874682,0.0
1,0.8493426926363458,1.0
2,1.045242295636553,4.0
3,1.0965495116065407,4.0
4,2.217064100147645,4.0
5,2.7844635836417115,3.0
6,3.03516799441315,4.0
7,3.837116550386497,4.0
8,4.413672647545837,3.0
9,4.415387817645588,3.0
10,5.460786859066161,3.0
11,6.1200291047575295,3.0
12,6.62051597591165,4.0
13,7.003271468659907,3.0
14,7.233984005435983,4.0
15,7.261320477722301,3.0
16,7.672251622110204,4.0
17,8.509983487031873,4.0
18,9.168531610514528,4.0
19,9.324854057396513,3.0
20,11.400861398082611,3.0
21,13.060493049168722,4.0
22,13.432324228851279,3.0
23,13.542130340110722,4.0
24,14.441702529463553,4.0
25,14.698798651017388,3.0
26,14.766535210832918,4.0
27,14.841671983249409,3.0
28,14.908459999154887,0.0
29,14.964089869321363,4.0
30,15.43597147259958,4.0
31,15.669824451985754,4.0
32,15.736768640071894,4.0
33,17.629274171100924,3.0
34,18.358858453704112,4.0
35,19.474733501638617,4.0
36,19.601183958985036,4.0
37,19.70525819152221,4.0
