,time,event
0,1.7199236230397004,3.0
1,2.044587835609414,3.0
2,2.341558293084614,4.0
3,2.444636178616403,1.0
4,2.488616299437748,4.0
5,2.869629357458588,0.0
6,2.9667982366693804,3.0
7,3.6975487454468534,4.0
8,4.319661479989641,3.0
9,4.378806831044493,3.0
10,5.682753806127809,3.0
11,6.095823516266486,3.0
12,7.511870324690734,3.0
13,8.722932504009766,4.0
14,8.744916348670765,3.0
15,9.063065258370534,3.0
16,10.583110810469808,4.0
17,10.622581472033906,3.0
18,11.4460724273085,3.0
19,12.153736432727914,4.0
20,12.27888180020617,3.0
21,12.523062848466576,1.0
22,12.892069729555432,4.0
23,13.115471000389869,4.0
24,14.43747691412979,1.0
25,14.643219687919842,4.0
26,14.798027364722554,2.0
27,15.044602382691046,4.0
28,16.103350695552063,3.0
29,16.5135475429254,4.0
30,17.00981549746023,3.0
31,17.347366133132425,4.0
32,17.86176500327952,4.0
33,19.173543441754205,3.0
34,19.19552058141195,4.0
35,19.350624161457553,4.0
