,time,event
0,0.3068898765188167,2.0
1,0.5531567388883725,4.0
2,1.3076182026474643,4.0
3,1.5751941616610776,1.0
4,2.105571208972946,4.0
5,2.6712258042699326,3.0
6,2.793804995801344,3.0
7,3.2783966420613,3.0
8,4.666676165968684,3.0
9,6.0716213329556705,4.0
10,6.672734630286321,3.0
11,6.930505026047177,4.0
12,7.464654153086451,3.0
13,7.519977096199194,4.0
14,7.668631716904189,3.0
15,7.9656300563325715,4.0
16,8.082310143821848,4.0
17,9.112733439609883,3.0
18,9.698999230566477,3.0
19,10.205159334229249,3.0
20,10.683406951593398,4.0
21,10.859116356795584,3.0
22,13.516288742457391,2.0
23,14.323022333799964,4.0
24,15.456235252292588,3.0
25,15.881761479421268,4.0
26,16.719652527493913,4.0
27,16.782661867060188,3.0
28,16.887369549952673,4.0
29,16.99328992072427,3.0
30,17.565710411253203,3.0
31,18.738490976939328,4.0
32,18.775794931132854,4.0
33,18.83962825391069,3.0
