,time,event
0,0.5976570894831247,3.0
1,1.1100666719118906,3.0
2,2.514271362632004,4.0
3,2.5973978129280013,4.0
4,3.449751110222208,4.0
5,3.6029455445267655,3.0
6,3.6958288706307005,4.0
7,3.8168526837054464,4.0
8,4.281942599597411,3.0
9,4.498501248056941,4.0
10,4.595877009501164,1.0
11,5.470654196220118,0.0
12,6.236051099517223,3.0
13,6.243584064599279,3.0
14,6.982609699061554,4.0
15,7.778435776394376,4.0
16,8.969057394697902,4.0
17,9.027624266665951,4.0
18,9.385733289104103,4.0
19,9.43788380598255,3.0
20,9.758911997161663,3.0
21,10.765310265416907,2.0
22,10.88278305665582,4.0
23,11.29811610938575,3.0
24,11.444372351433028,3.0
25,11.460241182610819,4.0
26,12.411345309130969,4.0
27,12.41914453753779,4.0
28,13.615369811869941,4.0
29,13.693546554859854,3.0
30,14.41900056404649,3.0
31,15.177588129365452,3.0
32,16.537707135600673,4.0
33,16.656023300180482,3.0
34,16.89456404154929,3.0
35,17.132889006099074,4.0
36,17.141198373445793,4.0
37,18.951872827388154,4.0
38,19.02751191943521,4.0
