,time,event
0,0.05026507010662472,3.0
1,0.1838746793472244,4.0
2,0.3449516765659158,3.0
3,0.5581082831028629,4.0
4,1.0564873695198522,3.0
5,1.6378941357548724,0.0
6,2.7023736398880533,3.0
7,3.0751041294035426,3.0
8,3.1571964200648805,4.0
9,3.278079591995855,4.0
10,4.584613778744257,3.0
11,4.8791617529553015,4.0
12,4.9149629288996595,3.0
13,5.27273707070962,4.0
14,5.652776559272379,3.0
15,5.758727770154339,4.0
16,6.103617586853593,4.0
17,7.42021547247321,4.0
18,8.77022469197116,3.0
19,8.946416248305004,4.0
20,9.75233318274701,4.0
21,11.573264691047068,3.0
22,13.068851522500744,4.0
23,13.515566494271683,4.0
24,13.831541729858738,3.0
25,14.066631972442817,4.0
26,14.687632958034898,4.0
27,15.050515489129289,4.0
28,17.646921321958875,3.0
29,18.18858135752096,4.0
30,18.515675545476892,4.0
31,18.653860947802325,4.0
32,19.73010124338985,4.0
33,19.987121348484592,4.0
