,time,event
0,0.09225738785025162,3.0
1,0.15837388743779118,4.0
2,2.417461294494636,4.0
3,2.526408817728594,3.0
4,3.006996690782138,4.0
5,3.193369923395721,3.0
6,7.234177072618406,3.0
7,7.458452282712326,0.0
8,7.628268107697003,3.0
9,8.683521074048777,4.0
10,9.389608408707023,3.0
11,10.253008610615629,4.0
12,11.332168485808308,3.0
13,11.338292979226049,4.0
14,11.55301295505089,4.0
15,11.769906749339462,3.0
16,11.976158966379941,3.0
17,12.494328075090582,4.0
18,12.970540432330191,4.0
19,13.808263174526655,3.0
20,13.947096233857977,4.0
21,14.162235933743887,3.0
22,15.33001502323949,3.0
23,17.213775407625118,3.0
24,18.193333907911324,3.0
25,18.566673870188342,3.0
