,time,event
0,0.11551816634365628,0.0
1,0.8567876813609364,4.0
2,2.0493923215155565,3.0
3,2.3297666863440116,4.0
4,3.00047171911528,4.0
5,3.4424116401297797,4.0
6,4.032860811987841,3.0
7,5.9182600246311825,4.0
8,7.340678337344336,4.0
9,7.950741385560752,3.0
10,9.270651674227397,3.0
11,9.772951003192567,3.0
12,9.887111861101937,4.0
13,10.07593661935949,2.0
14,10.231677553449995,4.0
15,10.952940918912537,4.0
16,11.139189265001473,4.0
17,11.983830495336601,3.0
18,12.357938672321144,4.0
19,12.634479067699408,4.0
20,13.595912774383173,4.0
21,14.782017941831189,4.0
22,14.786092778901459,4.0
23,15.523016548850306,4.0
24,15.658501004731473,3.0
25,15.687692203428409,3.0
26,15.944914162773221,4.0
27,16.013798455215937,1.0
28,16.449197511209317,0.0
29,17.68518720898224,3.0
30,18.21490783356028,1.0
31,18.351340966651126,4.0
32,18.48382389619078,4.0
33,19.55612195489025,4.0
