,time,event
0,0.28807942477007975,3.0
1,0.912099425527272,4.0
2,1.0767114993964324,3.0
3,1.4283869669609557,3.0
4,1.743945244341784,4.0
5,3.599239688108643,4.0
6,3.6549599393215857,4.0
7,3.784899358856235,4.0
8,5.055019930058071,0.0
9,5.0717030600438875,4.0
10,5.34306880289741,4.0
11,5.650167257637078,3.0
12,6.209200615819501,3.0
13,7.218088546806239,3.0
14,7.323391308975022,3.0
15,7.758723982758552,4.0
16,8.48055017919701,3.0
17,8.676857426715191,4.0
18,9.40759117492053,4.0
19,10.87085527015212,3.0
20,12.092420041871733,4.0
21,12.527945557769497,3.0
22,12.689257134219476,3.0
23,12.94769510159947,4.0
24,12.962016723187933,3.0
25,13.359753916149469,4.0
26,15.424451163417588,4.0
27,15.714818104083902,4.0
28,16.782209580384787,3.0
29,16.93070686333071,4.0
30,17.473080887790687,3.0
31,17.940236499997813,1.0
32,18.022545521154562,4.0
33,18.29778139350742,3.0
34,18.968558720834945,3.0
35,19.656687605334138,4.0
