,time,event
0,0.45303451978235576,2.0
1,0.9334062226346183,0.0
2,1.1423731186325357,4.0
3,1.9625106822350142,4.0
4,1.9913983532697188,4.0
5,2.173425045592323,4.0
6,2.902433099844263,4.0
7,3.0457970557834333,3.0
8,3.760659081021771,4.0
9,4.9005548305209174,3.0
10,4.961733144913985,4.0
11,5.284163261213357,4.0
12,5.285713719715022,4.0
13,5.989990499146957,0.0
14,6.55852600046506,4.0
15,6.918443121518753,4.0
16,7.019933581203688,4.0
17,7.088635891344925,4.0
18,7.1348398540891145,4.0
19,8.708442987953637,4.0
20,9.460429621147215,3.0
21,9.728973249615207,4.0
22,12.061547339828515,3.0
23,12.516372101832156,3.0
24,14.17179379583383,3.0
25,14.300712751585609,4.0
26,14.412625985055051,4.0
27,15.12165779535566,3.0
28,15.43671244615647,4.0
29,16.363010310420826,4.0
30,18.015093301607724,3.0
31,18.141024840416662,3.0
32,18.585687502641328,3.0
33,19.257879607409578,4.0
