,time,event
0,0.41839842287095824,4.0
1,0.9175865468303275,4.0
2,1.1769852882503793,3.0
3,1.9066532762831305,4.0
4,2.0969599844173112,3.0
5,2.8469465958313616,3.0
6,6.046222984519201,3.0
7,7.062269554853464,3.0
8,7.064538400487264,3.0
9,8.09153877504713,3.0
10,9.149628820131756,2.0
11,9.659298839568322,4.0
12,9.795349295280937,4.0
13,9.892209899850668,4.0
14,9.911282652917638,4.0
15,11.19258849615332,3.0
16,11.390756220111168,3.0
17,11.871054288540595,3.0
18,12.76809360854925,4.0
19,13.104483614363899,4.0
20,13.18130333631009,4.0
21,14.95001058549256,4.0
22,15.507257513661301,4.0
23,15.907369226422755,3.0
24,16.46351327672381,4.0
25,18.068235864376433,3.0
26,18.088586940951053,4.0
27,18.49412317492098,4.0
28,19.204704650031672,4.0
29,19.442779053548595,3.0
