,time,event
0,0.6082354464310528,4.0
1,1.7007163157557352,4.0
2,3.9225708508752923,4.0
3,4.43720626132885,4.0
4,4.495101541530087,3.0
5,5.0033108820394645,0.0
6,5.500470195104639,4.0
7,7.331911196654654,2.0
8,8.191001507593823,4.0
9,8.418375940561553,3.0
10,8.493320940300412,4.0
11,10.257734688714827,4.0
12,11.019258315960876,4.0
13,11.201048043609493,4.0
14,11.289819085185732,4.0
15,11.383049341927464,4.0
16,11.608380257212445,4.0
17,12.236872475806665,4.0
18,12.301441239922465,3.0
19,13.166521193485643,1.0
20,13.565715606068483,2.0
21,13.962068678819023,3.0
22,13.96956512430323,4.0
23,14.148006743904256,4.0
24,14.462866473996728,3.0
25,14.482419256756513,4.0
26,15.202485176546563,4.0
27,15.216525492577919,3.0
28,15.250590940555917,3.0
29,15.411689754537981,1.0
30,16.183806506699188,2.0
31,17.585775062391402,4.0
32,18.061757658541385,4.0
33,18.214783259487582,4.0
34,18.29035396561564,4.0
35,19.277392999122135,3.0
36,19.57488085441351,4.0
37,19.691029512299234,4.0
38,19.77118247050358,4.0
39,19.96158915990352,0.0
40,19.990970322794066,4.0
