,time,event
0,0.8248587233384251,4.0
1,2.4402180172532932,3.0
2,2.6833007011426258,4.0
3,3.5859100460371733,1.0
4,3.743457225954786,4.0
5,3.9377841120870047,4.0
6,5.217753791423973,4.0
7,6.005340413158631,3.0
8,6.369802078011506,4.0
9,6.844442913456976,4.0
10,8.558638016877095,4.0
11,8.702852833624558,2.0
12,8.94889296137083,3.0
13,9.06363893529902,4.0
14,9.868941237840954,4.0
15,10.169938905537988,4.0
16,10.4706661720697,4.0
17,12.09688368317946,4.0
18,12.997260941513138,4.0
19,14.81625611324791,4.0
20,15.234173381481629,1.0
21,15.70048044570368,4.0
22,15.999463515472193,4.0
23,16.14296874281117,3.0
24,16.2009379102988,3.0
25,16.717504106420147,3.0
26,17.515490237236044,0.0
27,17.87811220166021,4.0
28,17.88605592627992,3.0
29,17.897512232921294,0.0
30,18.065298387266626,4.0
31,18.178282580417896,3.0
32,18.457637244845337,4.0
33,18.88836601450556,3.0
