,time,event
0,0.62138905316374,4.0
1,1.4740329061609823,4.0
2,2.6171182225123815,4.0
3,3.834678465380729,0.0
4,3.884513674113071,4.0
5,4.204935270343768,3.0
6,4.389285942139724,4.0
7,5.1046180840615705,3.0
8,5.135767905673271,4.0
9,5.2807030978796625,3.0
10,6.038155046609809,4.0
11,7.0249514762996945,3.0
12,7.391593153468366,4.0
13,7.532759720428973,3.0
14,8.056011444680895,3.0
15,9.306932785694285,3.0
16,10.214525564241256,3.0
17,10.298632538131642,4.0
18,10.644742184512566,4.0
19,10.666956556065859,4.0
20,10.87515230475477,3.0
21,11.76402039955588,4.0
22,11.953478031604314,4.0
23,11.999478083848976,4.0
24,12.628037992291777,3.0
25,12.889100293282194,2.0
26,13.336733138985325,1.0
27,13.817929222292564,4.0
28,13.852513770306437,4.0
29,13.894533671403112,3.0
30,16.844252009538852,4.0
31,17.721165265639435,4.0
32,18.195088718327415,4.0
33,18.731296865659562,3.0
34,19.069520824572074,2.0
35,19.75250710916169,0.0
36,19.85486938918657,4.0
