,time,event
0,0.05651915862465916,3.0
1,0.061825032718769296,2.0
2,0.12809410351387823,0.0
3,0.15544263380593937,1.0
4,0.4197449214615601,0.0
5,1.2223757903889367,0.0
6,1.457695608521373,4.0
7,1.8418493833970357,1.0
8,2.679471382237141,1.0
9,2.737417496084634,3.0
10,3.0636161574074916,1.0
11,3.1358339026461444,3.0
12,3.5327162099071208,2.0
13,3.847626861785087,4.0
14,4.01967190924389,3.0
15,4.7455079012844426,1.0
16,5.345405602970867,4.0
17,5.676507543737767,1.0
18,6.742498776054092,4.0
19,6.972877795008488,2.0
20,7.814654018768754,4.0
21,8.437518249382125,4.0
22,8.465201223800573,2.0
23,8.935809273246502,2.0
24,9.76986079743384,2.0
25,10.724234605510015,2.0
26,10.768749326264803,4.0
27,11.210802680743347,4.0
28,11.89154853282515,4.0
29,11.95299877556767,4.0
30,12.049291218616585,1.0
31,12.139987457726859,1.0
32,12.662893984316959,0.0
33,13.853941742445214,0.0
34,13.883540495072953,1.0
35,13.88399309427135,3.0
36,14.086131629292288,2.0
37,14.111775952244578,3.0
38,14.136843189421207,1.0
39,14.196843207085672,4.0
40,14.677025972731284,4.0
41,15.03108435708014,4.0
42,15.184343531964071,0.0
43,15.952312570402434,1.0
44,16.25019974932134,1.0
45,16.37625726179064,2.0
46,16.77368876060211,2.0
47,16.790022162103742,2.0
48,16.84000748054651,2.0
49,17.136167758606746,3.0
50,17.88104988975836,1.0
51,18.305589149980257,2.0
52,18.439315804161005,3.0
53,18.55999019758144,2.0
54,18.910478957484727,2.0
55,19.356397426884158,2.0
56,19.47377965377178,4.0
57,19.500713561266153,4.0
