,time,event
0,0.5963722070980183,4.0
1,2.2185548255901577,4.0
2,2.523862923193784,2.0
3,2.6690046044459854,3.0
4,3.193484708221448,2.0
5,3.2379554849557883,1.0
6,3.682814779988248,4.0
7,4.024326714446559,2.0
8,4.260447709624451,1.0
9,4.511434036384895,1.0
10,4.937284079313438,4.0
11,5.285012899486293,4.0
12,6.348943080150517,1.0
13,7.032841922025455,3.0
14,7.084740839859857,2.0
15,7.354921513901376,4.0
16,7.682714358528415,4.0
17,7.8338332525743875,4.0
18,8.083677041342463,3.0
19,8.540582183297518,1.0
20,10.11037738106474,2.0
21,10.828437517003067,4.0
22,10.853702328903925,3.0
23,11.685144895056606,2.0
24,12.229244409962524,2.0
25,13.380134884535062,1.0
26,14.832963373326338,4.0
27,14.957421385454593,2.0
28,14.960200516356366,4.0
29,15.654194706839384,2.0
30,15.672843630458068,2.0
31,16.069766576659603,4.0
32,16.268743970143223,4.0
33,16.623885812795503,4.0
34,16.647036483945843,4.0
35,17.075226733905993,1.0
36,17.221056477566613,4.0
37,17.466401431502067,2.0
38,17.903496352664682,2.0
39,18.35260620024073,1.0
40,18.429452632379416,4.0
41,18.581680850989255,4.0
42,18.933614211538426,1.0
43,18.940992213625062,4.0
44,19.875820398748072,4.0
