,time,event
0,0.14809886269949402,1.0
1,0.4163233193315216,1.0
2,0.5380568655560327,4.0
3,1.3417771446427054,2.0
4,1.563532357597405,2.0
5,1.595671095160118,3.0
6,2.4687718115567243,2.0
7,2.603136060950367,4.0
8,3.107899732790899,2.0
9,3.225376988096257,4.0
10,3.3526947428568343,4.0
11,3.685400244237771,4.0
12,4.363133229039638,0.0
13,4.724088404633379,1.0
14,5.2336144857475375,1.0
15,5.404421315332138,1.0
16,5.490998183063779,2.0
17,5.915366388779558,4.0
18,6.327409109809405,1.0
19,6.419078907788014,4.0
20,6.782668747777944,2.0
21,8.562474912426598,1.0
22,8.583339889547393,4.0
23,9.130652550313972,4.0
24,9.427043944939987,1.0
25,9.568375197848969,4.0
26,9.599287050426087,4.0
27,9.910665730380359,4.0
28,9.992917773372623,4.0
29,10.218471378175828,3.0
30,10.326966939736637,3.0
31,10.43184508609798,1.0
32,10.462167529175636,0.0
33,10.49399975467386,4.0
34,10.53370046449895,4.0
35,11.015585723052709,4.0
36,11.071211067123054,4.0
37,11.190525342733341,4.0
38,11.517431340169765,4.0
39,11.523294636704799,4.0
40,12.729201236039973,4.0
41,13.024885242357316,1.0
42,13.159687416159633,4.0
43,13.483679122756207,2.0
44,13.777911533760463,4.0
45,13.813912858986031,1.0
46,14.031277251215403,0.0
47,14.047861742061105,4.0
48,14.138345364204621,4.0
49,14.476692639784758,2.0
50,14.702947921776055,2.0
51,15.150555437939508,3.0
52,15.632289543984415,4.0
53,15.96061840684737,1.0
54,16.314903316968945,2.0
55,17.037123319549156,1.0
56,17.122729851970234,1.0
57,17.535173226543815,2.0
58,17.65176586347452,2.0
59,18.08147104971133,1.0
60,18.759818901736157,2.0
61,18.788513417409042,4.0
62,19.050218037503885,1.0
63,19.070522969019443,1.0
64,19.364159346861303,1.0
65,19.62900994666053,1.0
