,time,event
0,1.0455134867615603,4.0
1,1.0494506393361753,0.0
2,1.1408184093402318,2.0
3,1.8287390388302895,4.0
4,2.0908136543270994,4.0
5,2.7023798297582613,1.0
6,2.7299465562656837,2.0
7,3.8577772909663723,2.0
8,4.294190922169102,4.0
9,4.436831026692424,1.0
10,4.644548897795358,4.0
11,4.714840608515246,2.0
12,4.915094827235934,3.0
13,5.003014694942218,4.0
14,5.556359568906062,4.0
15,6.15301173206932,0.0
16,6.189982940622877,3.0
17,6.368662834276752,2.0
18,6.529355995092117,3.0
19,6.539645369416871,0.0
20,6.621019875879852,4.0
21,6.664871033046688,1.0
22,7.018523171946581,0.0
23,7.489517505523708,1.0
24,7.625047707249932,0.0
25,7.728161669705026,1.0
26,7.849924647553089,1.0
27,7.881298752865358,4.0
28,8.799448419360736,1.0
29,9.048060032093375,4.0
30,9.2947383872257,1.0
31,9.550381027967541,3.0
32,9.608876180398829,4.0
33,9.753865745241155,2.0
34,10.101559869278189,4.0
35,10.856025032666938,4.0
36,11.181948196559095,1.0
37,11.330886084308927,0.0
38,11.612233187872599,3.0
39,11.617249773276557,4.0
40,12.207110755108642,2.0
41,13.242770890677381,4.0
42,13.390929668575918,1.0
43,14.352048575343634,2.0
44,14.359296409365248,0.0
45,14.49688119620212,1.0
46,14.689534875281767,4.0
47,14.820977872001032,4.0
48,15.015465328414644,2.0
49,15.056072782894868,4.0
50,15.124083466471536,0.0
51,15.33485994949008,4.0
52,15.589923307345083,4.0
53,16.05444396453453,2.0
54,16.429094789726587,4.0
55,17.120935472625145,1.0
56,17.429187390129467,1.0
57,17.927838259529622,2.0
58,18.021624873017554,1.0
