,time,event
0,0.7398428166092277,4.0
1,1.5668647622957022,3.0
2,1.8651205878171058,4.0
3,4.664235544591002,4.0
4,5.129056888475458,4.0
5,5.858844782330061,4.0
6,6.074191895099985,3.0
7,7.131516386120451,3.0
8,7.7232840451740286,4.0
9,8.345660507017788,4.0
10,9.459383636641872,1.0
11,10.47105190216069,4.0
12,11.161404400017707,3.0
13,11.598076947878047,4.0
14,11.652324538160364,4.0
15,11.778652740739783,4.0
16,12.592169747549887,4.0
17,12.977945223156103,4.0
18,14.065812605106721,1.0
19,16.466813450576907,4.0
20,17.623127355880275,3.0
21,17.997310335436296,3.0
22,19.421572162506326,1.0
23,19.840187200751377,4.0
