,time,event
0,0.005587126582325976,1.0
1,0.6117759681349759,2.0
2,1.613534273173555,3.0
3,1.718973981297209,2.0
4,1.7312207809590163,1.0
5,1.7351663040702445,4.0
6,1.751306311200259,1.0
7,2.1848000418459894,1.0
8,2.5642502532839875,1.0
9,2.5928117976549907,1.0
10,3.0515194751185284,4.0
11,4.8459358247901445,1.0
12,4.96185847211289,2.0
13,5.159789751478307,2.0
14,5.330690550047256,1.0
15,5.402801155769983,2.0
16,5.673233440319517,4.0
17,5.951952783273516,4.0
18,6.199597284759241,2.0
19,7.066974196151158,3.0
20,7.3582929526389975,4.0
21,7.469871923517758,1.0
22,7.931805695017267,4.0
23,8.06611463261371,4.0
24,8.131284380215913,4.0
25,8.254061575182972,1.0
26,9.090997158186681,1.0
27,9.302785995080068,4.0
28,9.40025276670049,1.0
29,9.821796099205157,4.0
30,9.95229285408737,4.0
31,10.028727670199133,4.0
32,10.674639006647539,3.0
33,10.778617353972173,2.0
34,10.960527372056546,3.0
35,10.975853279359232,2.0
36,11.172957709275817,3.0
37,11.229028403332425,4.0
38,11.724311428236309,1.0
39,12.019743581102256,2.0
40,13.240198374386594,4.0
41,14.035025705345689,1.0
42,14.162482371230755,4.0
43,14.188262302624212,4.0
44,14.513561592834062,3.0
45,14.755578918654853,0.0
46,14.770167812767395,3.0
47,14.865833988867047,1.0
48,15.191367399105324,1.0
49,15.19683039062033,0.0
50,15.45524886859089,0.0
51,16.250214859090647,2.0
52,16.783507437898393,3.0
53,16.930614309924586,4.0
54,17.337661173773437,4.0
55,17.533948412217356,1.0
56,17.863507297358694,4.0
57,17.88888726266061,4.0
58,18.35389137006808,4.0
59,18.355877282146704,1.0
60,18.78711108528433,4.0
61,18.999511629796103,2.0
62,19.118184708784096,4.0
63,19.17936797572004,4.0
