,time,event
0,0.4581220327000042,3.0
1,0.748253323403594,4.0
2,0.9247185539029293,1.0
3,1.1995157617335959,1.0
4,1.3820808476927535,1.0
5,1.625146527054086,4.0
6,2.156379323309869,1.0
7,2.2660375523960155,4.0
8,2.603567980890629,1.0
9,2.804020644687228,0.0
10,3.2939956820661864,3.0
11,3.4343131624408803,1.0
12,3.9100539370642386,2.0
13,4.118060933485636,1.0
14,4.316859043135787,1.0
15,4.324785144767011,3.0
16,4.545264992243761,4.0
17,4.556752814276712,1.0
18,4.845715269330819,2.0
19,5.389971009215533,2.0
20,5.496664948206386,4.0
21,5.596000256956561,1.0
22,5.699226431163858,4.0
23,7.1508349107555444,2.0
24,7.285739084602515,4.0
25,7.291700885699803,1.0
26,7.4335157487001355,1.0
27,7.566419740380488,4.0
28,8.547988860027475,1.0
29,10.14105486834324,2.0
30,10.530636256917527,3.0
31,10.951476013616537,4.0
32,11.58142200430278,1.0
33,12.669504215444675,4.0
34,12.895679975791602,1.0
35,13.214748342477364,1.0
36,16.966231254455565,4.0
37,17.713273575651577,4.0
38,17.777482650573322,1.0
39,18.289991559878935,4.0
40,18.29809114974338,1.0
41,18.48417612741516,4.0
42,18.77338995646405,3.0
43,18.84697898728038,4.0
44,19.199337725395054,1.0
45,19.46439729659199,4.0
46,19.828627241965645,2.0
