,time,event
0,0.8031088137043021,2.0
1,1.1221355465682288,3.0
2,1.5000004901715456,3.0
3,1.8342978674181567,4.0
4,2.3126203876502567,4.0
5,2.3861236545790856,2.0
6,2.770816564186161,3.0
7,2.947411544649124,1.0
8,3.11290040577501,4.0
9,4.504334611164795,2.0
10,4.606677637105764,4.0
11,4.686682172819592,1.0
12,4.930998034323387,4.0
13,5.426630355095384,1.0
14,6.177080074168128,1.0
15,6.262220841956261,0.0
16,6.99079201435777,2.0
17,8.426174743357445,4.0
18,8.536821250118177,1.0
19,8.73160920851739,3.0
20,9.005416443218047,2.0
21,9.099123990812187,4.0
22,9.199838356789854,1.0
23,9.300914172486737,1.0
24,9.318316863196795,1.0
25,9.414318989480098,1.0
26,9.916698065924221,4.0
27,10.289351243072195,1.0
28,10.640923640889898,4.0
29,11.109137350953917,1.0
30,11.766247341949294,2.0
31,13.561616552727315,0.0
32,13.618949610840104,4.0
33,13.684878822279222,4.0
34,13.697516468030777,4.0
35,13.848781935461535,4.0
36,14.447016497709692,4.0
37,14.473057581547195,4.0
38,15.27636869545575,2.0
39,15.280426967055867,2.0
40,15.302098280684412,2.0
41,15.924924788866475,2.0
42,15.986872526955464,1.0
43,16.056743102447374,2.0
44,16.37070482828602,3.0
45,16.472510248989803,4.0
46,16.98472263661802,4.0
47,17.037931804823007,2.0
48,17.3064342456051,3.0
49,17.953452328553503,4.0
50,18.753732417612532,4.0
51,18.91835633651192,2.0
52,19.447197584924442,4.0
53,19.706277703330297,2.0
54,19.86246663657951,4.0
55,19.92412881200153,4.0
56,19.93052538679329,4.0
57,19.975135174895353,4.0
