,time,event
0,0.08666086743265988,4.0
1,0.25750878228616,4.0
2,0.29698391378079503,2.0
3,0.7982044546127199,1.0
4,0.8496191748661945,4.0
5,1.15241195284351,4.0
6,1.15331768892209,2.0
7,1.4010658956149071,4.0
8,1.439267022515629,4.0
9,1.8161332850453105,4.0
10,2.172711460287381,2.0
11,2.2004361792002016,1.0
12,2.7380145931867914,2.0
13,2.8770346491343233,4.0
14,3.1104127118140776,0.0
15,3.2950542397277847,4.0
16,3.8504456027366523,1.0
17,4.274054222646467,3.0
18,4.330410684030173,2.0
19,4.345626907516781,4.0
20,4.426475642852972,3.0
21,4.8129378418887425,2.0
22,5.198124507661397,4.0
23,5.338126294349373,2.0
24,5.6388149891302755,2.0
25,5.825446992723601,2.0
26,6.99151337913925,4.0
27,7.0328237695256055,4.0
28,7.600700922717128,1.0
29,7.817389067748201,0.0
30,7.920916928239427,1.0
31,7.950730393480833,4.0
32,8.35467233726193,4.0
33,8.718117337350199,1.0
34,8.75092688181082,2.0
35,9.79149086321932,1.0
36,9.791527600141453,1.0
37,9.794971402767967,0.0
38,9.889533967158584,1.0
39,10.209953467380116,4.0
40,10.31628698863661,1.0
41,10.50571877941821,1.0
42,10.680244927521153,2.0
43,10.76294758842184,2.0
44,11.395467621497822,2.0
45,11.907343084941623,1.0
46,11.914725957158117,4.0
47,12.20407195172153,4.0
48,12.317228758036435,2.0
49,12.942543470637984,1.0
50,13.732941074145662,2.0
51,13.80735551728268,1.0
52,14.649342610062424,3.0
53,14.968867070929166,4.0
54,15.208931344796003,1.0
55,15.75393620266296,2.0
56,15.801140228639245,2.0
57,15.98284727714091,4.0
58,16.207433926645653,1.0
59,16.319974055843435,4.0
60,16.44217233120499,2.0
61,17.549261958542555,1.0
62,17.625217277948046,1.0
63,17.840621499137573,2.0
64,18.9856507906993,1.0
65,19.456304258334043,1.0
66,19.783794728294147,3.0
