,time,event
0,0.2534458057871162,4.0
1,0.9584103033814171,4.0
2,2.380047300470544,4.0
3,2.7985935343257844,4.0
4,2.8128990794956574,4.0
5,3.0855672617961067,4.0
6,3.695416385754543,1.0
7,4.128469934949996,2.0
8,4.183650508579087,4.0
9,4.299221391049845,1.0
10,4.749218029146579,1.0
11,4.994954263504594,4.0
12,5.479490148257316,1.0
13,5.4827074208039415,4.0
14,6.5129826431740465,2.0
15,6.768794713836769,1.0
16,6.901894321434241,0.0
17,8.636443837210908,2.0
18,8.716802074366445,4.0
19,9.66559765556628,4.0
20,9.69610394050289,1.0
21,10.31581496629312,2.0
22,11.557408716729006,1.0
23,11.800654274852704,4.0
24,11.962022182190665,1.0
25,12.742238859886577,2.0
26,13.039753039736576,2.0
27,13.044230664988357,3.0
28,13.231010988161675,4.0
29,13.741595220759532,4.0
30,13.746791557142528,1.0
31,13.74731072387827,1.0
32,13.927837424931104,4.0
33,14.008724146380573,3.0
34,14.508825415695261,4.0
35,14.677322826853032,1.0
36,15.190471470774657,1.0
37,15.240100560179654,2.0
38,15.502378629327058,1.0
39,15.757491147073964,2.0
40,15.787582714947334,4.0
41,16.207894662379196,1.0
42,16.30823034243522,4.0
43,16.310866814829247,2.0
44,16.454489866239907,2.0
45,17.2809094659936,1.0
46,17.75301795587421,3.0
47,18.685797931687148,3.0
48,19.126204921682337,2.0
49,19.359536212424658,4.0
50,19.5047649978566,1.0
51,19.526469156108377,3.0
52,19.573705111442617,1.0
