,time,event
0,0.20582113803731633,4.0
1,0.30226262106541524,4.0
2,0.6613057365146469,4.0
3,1.5119038573915118,4.0
4,1.9813312377198122,4.0
5,2.964889208215156,3.0
6,3.4451278466498754,1.0
7,3.550965333287784,4.0
8,4.62103870997959,4.0
9,4.872188332805736,3.0
10,4.982290979449548,4.0
11,5.369711412986821,3.0
12,5.476978302568881,4.0
13,5.653171551055773,4.0
14,5.779477009669733,4.0
15,5.951934227403589,4.0
16,6.728968360814943,4.0
17,6.781106642904403,4.0
18,6.894374773293285,4.0
19,7.630903601994236,4.0
20,7.911522753599323,3.0
21,10.291572343748497,3.0
22,10.295647748780697,3.0
23,10.37642796149226,4.0
24,11.31293678150521,4.0
25,11.666284184146264,4.0
26,11.892286746917694,4.0
27,11.982171993192699,3.0
28,15.582595772632242,3.0
29,16.323877994630422,0.0
30,16.3272370644759,4.0
31,16.604731930662638,3.0
32,17.275355030109882,3.0
33,17.276458923678394,3.0
34,17.324029482330694,4.0
35,17.599324444991197,4.0
36,18.07182351188447,4.0
37,18.200335854620555,4.0
38,18.879131325829775,3.0
39,19.183202625663466,4.0
40,19.294035336321926,4.0
