,time,event
0,0.5562526253537592,4.0
1,0.9630119017138915,1.0
2,1.27653131339025,4.0
3,1.6132177124185276,2.0
4,2.6303837842381492,1.0
5,3.40992719853804,3.0
6,3.5132540974365543,1.0
7,3.9261357907804597,1.0
8,4.675903472913702,1.0
9,4.926333923190482,4.0
10,5.2028988519852195,4.0
11,5.221569497820942,2.0
12,5.3063448325000895,1.0
13,5.437419051865095,4.0
14,5.588301316712405,4.0
15,6.250440554829106,4.0
16,6.394186680528751,2.0
17,8.41411757099862,4.0
18,8.459031839377879,4.0
19,8.588774466298148,3.0
20,9.198906324252997,4.0
21,9.244850194124878,2.0
22,9.46080635927063,4.0
23,9.616952586717234,1.0
24,9.84394063608409,1.0
25,10.200128641468037,1.0
26,10.431299592447347,1.0
27,10.580512925505108,2.0
28,12.0997182649744,3.0
29,13.00665293261201,1.0
30,13.528125961852302,2.0
31,13.59096748971181,4.0
32,14.455258653668015,2.0
33,14.8196066028894,1.0
34,15.964984467443895,1.0
35,16.98031521153125,1.0
36,17.025148737912698,4.0
37,18.371764474680116,2.0
38,18.40040166681636,3.0
39,18.529815865370043,4.0
40,19.658811577938398,4.0
