,time,event
0,0.32191979845506064,2.0
1,0.9663163282220788,4.0
2,1.5363455189121717,1.0
3,1.734509131472274,1.0
4,1.792390921727784,0.0
5,1.8477807099646821,4.0
6,2.453759475936154,2.0
7,2.74628703004065,1.0
8,3.626345062894333,1.0
9,3.712202123809558,4.0
10,3.812283432657721,4.0
11,4.678974881935512,4.0
12,4.762049900002151,2.0
13,4.9257827468733835,4.0
14,5.113323195281218,0.0
15,5.705222131783808,0.0
16,5.913621594836459,1.0
17,5.914743548662623,1.0
18,6.218881907139033,4.0
19,7.084621185146534,2.0
20,7.414220986503974,2.0
21,8.513835250719676,3.0
22,8.64518818347207,0.0
23,8.842271987803242,4.0
24,9.356309070943468,4.0
25,10.059886654179031,1.0
26,10.24399125624747,2.0
27,10.33201907184115,4.0
28,10.481986373964109,1.0
29,10.683814283005024,4.0
30,10.770886530379164,4.0
31,11.717334557933736,2.0
32,11.78854693056057,2.0
33,11.961620494257023,2.0
34,13.32962594509379,1.0
35,13.329667546665966,0.0
36,13.648934572397062,2.0
37,14.356320548463572,4.0
38,14.90371052167457,2.0
39,14.942215228604196,1.0
40,15.889948891125034,3.0
41,15.989614551155633,1.0
42,17.003097436040196,4.0
43,17.265995453065464,1.0
44,17.49320559963748,4.0
45,18.61891145315105,1.0
46,18.948228512093163,2.0
47,19.382707255052594,4.0
