,time,event
0,0.2874417816668052,4.0
1,0.5989957605081084,2.0
2,0.8936990973446288,2.0
3,1.3842175783132165,1.0
4,1.6363704268732893,2.0
5,2.1734992145016663,2.0
6,2.8018088303130733,4.0
7,2.843365932879826,2.0
8,2.9058530377405383,4.0
9,5.012369081617123,0.0
10,5.108593390821733,4.0
11,5.2293076106918255,4.0
12,6.050831583506561,4.0
13,6.901645065064212,4.0
14,7.187379604976915,1.0
15,7.76337750291638,4.0
16,7.796459009625889,1.0
17,8.242468595940656,4.0
18,8.293002893781393,0.0
19,8.821956801971488,2.0
20,9.306395008564431,1.0
21,9.955529829632178,4.0
22,9.96040857052971,4.0
23,10.34139102839666,4.0
24,11.075664479211241,4.0
25,11.178779940488795,2.0
26,11.525597872647227,4.0
27,11.65737087103655,4.0
28,12.129230974998293,4.0
29,12.274602417634364,4.0
30,12.303574599914462,4.0
31,12.33550214705572,1.0
32,12.527105207235529,1.0
33,12.645053478064979,3.0
34,12.858781800857622,3.0
35,12.961410112013942,2.0
36,13.42455870816473,2.0
37,13.661769336370764,4.0
38,13.713605996931017,4.0
39,14.150650494075967,4.0
40,14.775079482379425,4.0
41,14.878612739265634,1.0
42,15.430404135717572,1.0
43,15.715971484558947,2.0
44,16.03679674059773,1.0
45,16.435356218403133,2.0
46,16.598826501406876,4.0
47,16.78295219268992,1.0
48,16.806893769081114,2.0
49,16.83960115431411,3.0
50,17.745336843803916,4.0
51,18.779041141103523,4.0
52,18.796123663757214,2.0
53,18.859144727277997,2.0
54,18.90367316895914,1.0
55,19.468308892231803,4.0
56,19.649721117689623,4.0
57,19.69019649732657,4.0
58,19.755401928933445,4.0
