,time,event
0,0.01672520599452561,4.0
1,0.14534766528553175,1.0
2,0.35626271128840303,2.0
3,0.37717235125934206,2.0
4,0.6323066214010546,2.0
5,0.8231924518993516,4.0
6,1.2910832515560988,4.0
7,1.3263145231062523,3.0
8,1.5328542600567274,1.0
9,1.5784318846002323,1.0
10,2.3644142575090594,3.0
11,2.4579921524203403,0.0
12,2.5708914611920264,2.0
13,3.9638222351001096,1.0
14,4.412821627070647,1.0
15,4.444796394779997,1.0
16,4.548410819228669,4.0
17,4.555759847655294,2.0
18,5.525695319789938,1.0
19,5.72064468811432,4.0
20,5.720670507222394,2.0
21,5.839085612737807,2.0
22,5.953643392116579,1.0
23,6.504222294570743,1.0
24,6.5911389531004225,1.0
25,6.928139499694825,2.0
26,7.37683585976567,4.0
27,7.650108121513259,4.0
28,8.658423939493911,2.0
29,8.68114613715716,1.0
30,8.898423331139306,1.0
31,9.258123864903146,3.0
32,9.670220359529187,4.0
33,10.003075599471858,1.0
34,10.13126445904863,2.0
35,10.222509529505427,1.0
36,11.153987324647462,4.0
37,11.51961887607732,2.0
38,11.66067782902207,3.0
39,11.717367879397672,4.0
40,11.796032557344553,1.0
41,12.107240292291074,2.0
42,12.349811570917558,2.0
43,12.968813447902695,2.0
44,13.655585297176223,3.0
45,13.681761165182943,1.0
46,13.79658542240014,0.0
47,14.042623458107242,4.0
48,14.14656313127053,3.0
49,14.23518269542941,4.0
50,14.255704004962228,4.0
51,14.99212279553371,1.0
52,15.155763326054556,3.0
53,15.829193890644262,4.0
54,16.576149164280263,4.0
55,16.800470386140766,2.0
56,19.296807985623698,1.0
57,19.35994351592388,4.0
58,19.836078631413095,4.0
59,19.88871639738058,2.0
