,time,event
0,0.32564813575704316,3.0
1,0.37577332365814814,1.0
2,0.8250472354993141,1.0
3,0.9311936981632535,4.0
4,1.8632836526867997,2.0
5,2.070549617553783,4.0
6,2.1876026474487174,4.0
7,2.8714042493183447,1.0
8,3.045640006106397,4.0
9,3.087650882719203,0.0
10,3.096979714397316,4.0
11,3.1139012112463216,1.0
12,3.1839012414472343,2.0
13,3.184035815880124,1.0
14,3.4592564001304615,4.0
15,4.649341338260938,1.0
16,5.141325801707653,4.0
17,5.249022928626153,1.0
18,5.531157499507277,1.0
19,5.695470036796925,4.0
20,6.056510495867592,2.0
21,6.084542562802587,1.0
22,6.396522389354229,2.0
23,6.437982193010433,4.0
24,6.578275180688538,2.0
25,6.9347598688380785,3.0
26,7.802809533778695,4.0
27,8.306565794973386,4.0
28,8.579732094057908,1.0
29,8.72128121831832,1.0
30,8.862402789194977,4.0
31,9.017960163009906,1.0
32,10.104791953657159,1.0
33,10.231601898857571,2.0
34,10.4715849022488,4.0
35,11.187348785908767,4.0
36,11.756423256571084,1.0
37,12.649687038527272,1.0
38,12.885305245426705,1.0
39,12.990821149393247,2.0
40,13.108024972942678,2.0
41,13.109786046164459,2.0
42,13.401333775667196,4.0
43,13.933088655938501,1.0
44,14.28079345424183,1.0
45,14.615411122617159,2.0
46,14.751918910736876,2.0
47,15.422171559669067,3.0
48,16.948879528361374,4.0
49,17.710443726360715,1.0
50,17.83640546517052,0.0
51,18.285395171611597,2.0
52,19.2685475128765,4.0
53,19.521058621197504,3.0
