,time,event
0,0.05279051650868845,4.0
1,1.077650760469862,1.0
2,1.2253056748483653,4.0
3,1.5625897418892492,2.0
4,1.9464581630641538,2.0
5,1.9858875367336615,2.0
6,2.854861706733323,0.0
7,3.2639047864813167,2.0
8,4.49079644012241,4.0
9,5.171200133011641,3.0
10,5.418995512083377,4.0
11,5.768474131759719,2.0
12,5.866015829822528,1.0
13,5.936203318002728,3.0
14,6.248163742188903,4.0
15,6.616634022320125,1.0
16,6.920681200528098,2.0
17,7.204532084997835,0.0
18,7.499877508739624,1.0
19,8.255209919995009,4.0
20,8.71396316801554,3.0
21,9.006343300705348,2.0
22,9.207506340676007,3.0
23,9.439740858449083,1.0
24,9.909583975211287,0.0
25,10.203954603232278,2.0
26,10.221580000966709,4.0
27,10.370032783356278,1.0
28,10.71995407623928,2.0
29,10.765650610950788,2.0
30,11.413372602380367,1.0
31,12.327391533520633,1.0
32,12.419030256644836,1.0
33,12.882215233254763,1.0
34,13.279522473674856,4.0
35,13.598482852256973,4.0
36,13.82053168194068,1.0
37,14.712269441534804,2.0
38,14.847157110554313,4.0
39,14.924402459078925,2.0
40,15.27307813634656,1.0
41,16.047978768974563,1.0
42,16.11042444205404,1.0
43,16.378677232427435,4.0
44,16.623246863305557,1.0
45,16.759019065782322,2.0
46,16.811512365381656,2.0
47,16.914022242418834,2.0
48,17.65006926414859,4.0
49,17.929399372192524,2.0
50,18.360601132965023,3.0
51,18.680265358826574,1.0
52,18.761338969975533,0.0
53,18.85771994171677,4.0
54,18.936014835306242,1.0
55,19.057285592632905,2.0
56,19.155341130524096,1.0
57,19.339381698345758,4.0
58,19.479950353522735,3.0
