,time,event
0,0.30571510820118747,4.0
1,1.8864700727552628,4.0
2,2.3574354867566054,3.0
3,2.795936027975622,2.0
4,3.0335114079980743,4.0
5,3.3408722218253772,3.0
6,3.80966604614854,4.0
7,4.3685083750113085,2.0
8,4.518482607481323,4.0
9,5.308233616716275,4.0
10,5.359187420198998,1.0
11,5.558041978399651,4.0
12,5.604293718392211,4.0
13,6.140010873397044,4.0
14,6.834942494780039,4.0
15,7.289625946972844,0.0
16,7.557195870315746,1.0
17,7.8590414130967154,2.0
18,8.328958546012837,4.0
19,8.346439333633183,4.0
20,8.696929974013834,1.0
21,8.866137371058324,0.0
22,9.120560419155844,4.0
23,9.164273926323117,4.0
24,9.585973137970079,2.0
25,9.79774481149342,1.0
26,10.32117789674036,4.0
27,10.666349286336587,4.0
28,11.24059428015135,1.0
29,11.342309192149564,2.0
30,11.726667901429074,3.0
31,11.945462117033331,3.0
32,13.576757301893597,1.0
33,14.903195450149463,1.0
34,15.222814664272766,2.0
35,15.41937684771998,3.0
36,15.436068495425861,0.0
37,15.494584472517584,4.0
38,15.534146247601203,2.0
39,15.624354671556645,4.0
40,15.81151810778818,1.0
41,16.230117478834174,1.0
42,16.53448639013355,2.0
43,16.558233155879165,4.0
44,17.66505036342083,3.0
45,17.74121613189247,4.0
46,17.763109624615392,4.0
47,18.047038778577704,3.0
48,18.54445233839844,1.0
49,19.27066358416892,4.0
50,19.399739088005738,3.0
51,19.814273452028868,2.0
