,time,event
0,0.06485260395027952,3.0
1,0.12564951892867338,2.0
2,1.0996917124641477,0.0
3,1.1763778310925868,4.0
4,1.489115089176169,2.0
5,1.555194845575629,4.0
6,1.6730978975639048,2.0
7,2.302592286388263,2.0
8,2.3858037873859286,2.0
9,2.516927349177912,4.0
10,2.8490890042772583,2.0
11,3.3509713899342994,1.0
12,3.461008209496273,2.0
13,3.5156857607700434,0.0
14,3.6656867966468654,3.0
15,3.801071622945613,2.0
16,4.122529205251366,4.0
17,5.000234309701362,2.0
18,5.430386734441341,3.0
19,5.8387249443695115,2.0
20,6.206277454931507,3.0
21,6.379318848849739,2.0
22,6.396924695895712,0.0
23,6.436961365944186,2.0
24,6.697567534229214,2.0
25,6.843903949786943,1.0
26,6.866976606987884,3.0
27,7.29107835904834,0.0
28,7.495733804448799,2.0
29,7.511891357720089,1.0
30,7.578782848251407,4.0
31,7.80794439460357,2.0
32,8.040667249813033,4.0
33,8.155140315303253,2.0
34,8.35877925838567,4.0
35,8.6931556533306,1.0
36,9.000013616203224,2.0
37,9.262344709630758,2.0
38,9.575723135257261,2.0
39,9.94591005236095,4.0
40,10.147071679716204,2.0
41,10.381761443743795,3.0
42,10.994060983143736,1.0
43,11.266770411575026,4.0
44,11.639048196035137,4.0
45,12.689334759053544,4.0
46,12.922004460040375,0.0
47,13.15595650791432,4.0
48,13.18649341372077,2.0
49,13.677817561906664,1.0
50,13.860892835882897,4.0
51,14.747719822435668,2.0
52,14.84584171777465,4.0
53,15.237503791361794,4.0
54,15.67610861299942,4.0
55,16.304006834096906,2.0
56,16.775703570885216,3.0
57,17.289469366042464,2.0
58,17.598630338125258,4.0
59,17.94380428371928,4.0
60,18.069620597783704,4.0
61,18.149580326684937,2.0
62,18.357145510346363,2.0
63,18.94221365929878,2.0
64,19.040542381765842,1.0
65,19.277030689250456,3.0
66,19.613724582591736,2.0
67,19.854902728271217,1.0
