,time,event
0,0.25959281662824873,4.0
1,0.33998295351947605,4.0
2,0.7400401556250304,2.0
3,0.771906834706588,1.0
4,0.8175242692545708,1.0
5,1.1086383078825135,4.0
6,2.2121655255058474,4.0
7,2.470908396075551,3.0
8,2.84628626366385,4.0
9,3.0052644881752286,2.0
10,3.164955802869096,1.0
11,3.7485691996908357,4.0
12,4.249518463172458,2.0
13,4.443142981497981,2.0
14,4.617228694514274,2.0
15,4.677002048749002,2.0
16,4.774982626655469,0.0
17,4.788827312146724,4.0
18,4.888016234343379,4.0
19,5.041010307093795,2.0
20,5.619754230525768,1.0
21,6.438108700018852,4.0
22,6.493546770322386,0.0
23,6.65344309870259,1.0
24,6.675390343880804,1.0
25,6.769446163695544,4.0
26,7.185840822652506,1.0
27,7.603724543486767,4.0
28,7.683277935942009,3.0
29,7.864839908023404,4.0
30,7.965051168797888,4.0
31,8.833642667224566,2.0
32,9.498972667164074,2.0
33,9.77817381508486,2.0
34,10.153028961524926,4.0
35,11.41148235018707,3.0
36,11.415865337624968,4.0
37,11.542317192644354,2.0
38,12.31722457240409,2.0
39,12.344607848626886,1.0
40,12.41207895384802,4.0
41,13.498119052521224,3.0
42,13.64784438409752,4.0
43,14.754391204936999,2.0
44,14.94639445895086,4.0
45,15.172921568738506,1.0
46,15.52389619958172,1.0
47,15.541193959414487,4.0
48,15.786944282773005,1.0
49,15.959420640966561,1.0
50,16.05215416483005,2.0
51,16.053711394516824,4.0
52,16.778556398703902,2.0
53,16.93025608882388,2.0
54,17.067927477098486,0.0
55,17.256041550815063,2.0
56,17.43075254932513,4.0
57,17.791369451670448,2.0
58,19.128593599115533,3.0
