,time,event
0,0.17117528559177803,1.0
1,0.3879074654007965,4.0
2,0.6139311330580829,1.0
3,0.6385801157601715,2.0
4,1.0570571364797279,2.0
5,1.2273958671025655,4.0
6,2.467317537230219,4.0
7,2.5270977474660965,2.0
8,2.5633256489430534,1.0
9,3.0007813358481688,2.0
10,3.3661360396620905,4.0
11,3.6252945108485926,3.0
12,3.703721259559691,2.0
13,3.759200175923929,1.0
14,4.931178030160487,4.0
15,5.69768309714833,4.0
16,5.857411929568932,2.0
17,5.857646505994519,1.0
18,6.4707288782750485,1.0
19,7.032765169833904,2.0
20,7.282443936053064,4.0
21,7.511297455079208,2.0
22,7.992655284768753,0.0
23,8.120929225667044,2.0
24,8.777333119892113,1.0
25,8.779005679501644,2.0
26,9.07166935511789,1.0
27,9.428090029421385,4.0
28,9.562238924349403,4.0
29,9.75472371203066,1.0
30,10.071938539949363,4.0
31,10.849759192281663,3.0
32,10.859734423844229,4.0
33,10.943258702674116,2.0
34,11.115601358615605,4.0
35,11.171920914749078,4.0
36,11.294229626985905,4.0
37,11.451934201795167,1.0
38,11.759147225385606,1.0
39,12.304482707440249,4.0
40,12.564087541337958,1.0
41,12.682272866651001,1.0
42,13.208470612994137,2.0
43,13.449562255142245,2.0
44,13.458877901027313,4.0
45,13.4687135772646,4.0
46,13.801292765656733,2.0
47,14.495123857622989,2.0
48,14.993926227050602,2.0
49,15.684994758271513,1.0
50,16.15371222478276,4.0
51,16.209176370065425,2.0
52,16.6952115687457,4.0
53,16.847883604191352,1.0
54,17.622399976025868,4.0
55,17.85183857354852,4.0
56,19.993594622914497,1.0
