,time,event
0,0.48729815460420345,1.0
1,0.5098308720760993,1.0
2,0.7853158697098641,4.0
3,1.6436780725262303,1.0
4,1.6564042889529096,4.0
5,1.9764965454395043,1.0
6,2.5382561859619326,1.0
7,3.1626056304067856,2.0
8,3.5223155559648855,2.0
9,4.8564488624373165,4.0
10,5.319750909858142,1.0
11,5.7681513174153025,1.0
12,6.64508370340742,4.0
13,6.84674096195578,4.0
14,6.9328314591552225,4.0
15,7.492650796283345,3.0
16,7.945283800305181,1.0
17,8.144008247416556,1.0
18,8.356815827825109,0.0
19,9.649633916350322,1.0
20,10.344596986794881,2.0
21,10.704884194813824,3.0
22,10.90541276004449,1.0
23,11.781358808943116,1.0
24,12.343338445305573,1.0
25,13.715112435417218,2.0
26,13.724477620969894,4.0
27,13.948780269285464,4.0
28,14.275269704953566,2.0
29,14.536990622625776,2.0
30,15.195727299393042,2.0
31,15.848819274438936,1.0
32,16.031163495382007,4.0
33,16.39281016240953,2.0
34,16.434542968499652,4.0
35,16.697074573216046,2.0
36,16.860482407586947,2.0
37,17.35106117180417,1.0
38,18.02622643041377,4.0
39,18.031271602315044,4.0
40,19.632909417263324,2.0
41,19.718639917331284,2.0
42,19.72447005299713,3.0
