,time,event
0,0.1537670370255297,2.0
1,0.17349247196129336,4.0
2,0.39679584586641736,3.0
3,1.3975152559531139,2.0
4,1.5264684398841415,2.0
5,1.882497883229754,1.0
6,2.2427693422681543,0.0
7,2.460324905664343,4.0
8,2.5941466115106273,3.0
9,2.782160521690446,4.0
10,2.9749263418622056,4.0
11,3.2838354339763622,1.0
12,3.513359238677465,4.0
13,4.124189473702071,1.0
14,4.255421999713358,2.0
15,4.372673161237896,2.0
16,4.678349396242545,2.0
17,5.114567421913977,1.0
18,5.802892147468743,4.0
19,6.635415170621092,4.0
20,6.665810977745443,4.0
21,6.728846055128972,4.0
22,6.990948312234705,1.0
23,7.4227671745852675,4.0
24,8.46588263937176,4.0
25,10.6101723519603,4.0
26,10.706420938644534,4.0
27,11.188793596894735,4.0
28,12.065147981016684,2.0
29,12.531663838413234,2.0
30,13.083569617004178,0.0
31,13.195907848138875,2.0
32,13.260358762139942,2.0
33,13.405712994927605,2.0
34,13.476306729779376,4.0
35,15.832500006879904,2.0
36,15.963567114936302,1.0
37,15.969770136122724,4.0
38,15.976959847305158,0.0
39,16.06223714609805,4.0
40,16.179573536027885,2.0
41,16.629803765314122,2.0
42,16.980159503696594,1.0
43,17.628742114421062,2.0
44,17.751206682333244,1.0
45,18.457202642579677,4.0
46,18.514244865089214,1.0
47,18.625632958843823,4.0
48,19.706817334311417,2.0
