,time,event
0,0.01174864562100952,4.0
1,0.25024673427383876,2.0
2,0.2764631860958902,2.0
3,0.5085141134285934,4.0
4,0.5792654487252217,1.0
5,0.6267708521960138,2.0
6,0.8549956569087507,4.0
7,0.9527461760292957,4.0
8,1.4814300664063045,3.0
9,1.5939496958043988,4.0
10,1.7014293559944027,3.0
11,2.04635450572486,1.0
12,2.287338166647059,2.0
13,2.4156494664386297,2.0
14,2.6186027061863033,2.0
15,2.7024777844501293,1.0
16,3.2288949423889184,2.0
17,3.2369818180365666,2.0
18,3.267764857336447,1.0
19,3.3260781765703897,0.0
20,3.720220469344548,1.0
21,4.27564571130383,4.0
22,4.8208366942758625,4.0
23,4.935144222454162,2.0
24,5.553018939500386,2.0
25,6.48636227116609,1.0
26,6.964741514607531,4.0
27,7.202975743266846,1.0
28,7.6261901870515985,4.0
29,9.025938732632179,1.0
30,9.354723466172574,1.0
31,9.70848280428714,4.0
32,10.713040521904144,1.0
33,11.494101359741805,0.0
34,11.52407830407066,3.0
35,11.708637891879677,1.0
36,11.735586754660824,0.0
37,12.011941025975464,4.0
38,12.032332391411343,4.0
39,12.240807533418714,0.0
40,13.35853077486545,1.0
41,13.38934540016024,2.0
42,14.21041291715665,1.0
43,14.644328075117095,4.0
44,15.046583408623551,4.0
45,15.335567610332836,4.0
46,15.454051907735613,2.0
47,15.517482554293077,3.0
48,15.672564780245713,2.0
49,15.72400929921835,2.0
50,15.775151971538028,1.0
51,16.55835270882283,1.0
52,16.562806885505637,2.0
53,16.856483356197362,0.0
54,16.919832835470313,4.0
55,16.96726210833183,1.0
56,17.956949277461128,4.0
57,19.095349819102307,2.0
58,19.514028361740245,4.0
59,19.91381925095061,4.0
