,time,event
0,0.42811877588794156,1.0
1,0.4928702499124271,1.0
2,0.9737514129634011,4.0
3,1.2481145255058366,4.0
4,1.5624780957040039,4.0
5,1.831653846273997,4.0
6,2.3200335322743784,2.0
7,2.3811458471227884,0.0
8,2.475839716842879,4.0
9,3.250132869885042,4.0
10,3.398718215889088,1.0
11,3.4294711191980407,4.0
12,4.264472052503908,3.0
13,4.355633266711055,1.0
14,4.376544369075463,1.0
15,4.760069472508212,4.0
16,5.517821190219727,4.0
17,5.616725299064387,3.0
18,6.022543424516363,3.0
19,6.143143598070472,4.0
20,6.386912543905035,2.0
21,6.729314582548776,3.0
22,7.749542715313232,1.0
23,7.776810126277312,4.0
24,7.935626414680622,4.0
25,10.292003429078742,0.0
26,10.694457536861986,1.0
27,11.457732080253715,4.0
28,13.36932070755443,1.0
29,13.777507581928777,4.0
30,14.62991430487078,3.0
31,15.045995605173772,1.0
32,15.273594468511012,1.0
33,16.317358492444274,2.0
34,17.20739216200699,0.0
35,17.685512434577014,1.0
36,18.338181399277964,1.0
37,18.8263944659484,3.0
38,19.15270534414126,4.0
39,19.690379120473768,1.0
40,19.851514776171,3.0
41,19.895639198190413,4.0
