,time,event
0,0.8580414851487371,2.0
1,0.9140943316610455,4.0
2,1.2439017887406594,1.0
3,1.6601573521066704,1.0
4,1.9763087266194002,4.0
5,2.5129010388245705,4.0
6,2.767601238823991,4.0
7,3.0313657963202383,4.0
8,3.2834048471719095,4.0
9,3.5430903714842423,1.0
10,3.913682362856674,1.0
11,4.502311701865393,2.0
12,5.168803737299146,1.0
13,5.304589057797422,1.0
14,5.371950928951911,4.0
15,5.398670551305012,2.0
16,5.815918157666015,4.0
17,6.1543182007707715,1.0
18,6.757285255775238,2.0
19,7.091551583760943,2.0
20,7.578761473923756,1.0
21,7.959230091671523,1.0
22,8.234060807383182,4.0
23,8.261506774288609,4.0
24,8.857018880141139,2.0
25,9.207447850463018,1.0
26,9.282430131721936,4.0
27,9.496533370390884,2.0
28,9.636758000966244,1.0
29,10.64780830847852,0.0
30,12.233481032495483,1.0
31,13.026400440338062,2.0
32,14.245012050350336,1.0
33,14.31311723247283,4.0
34,14.318216293408163,4.0
35,14.404313142673676,1.0
36,14.460685593996688,1.0
37,14.545774047976764,4.0
38,14.976137123735763,1.0
39,15.121758759519535,4.0
40,15.489017959394333,2.0
41,15.62895808716762,1.0
42,15.650545019447504,1.0
43,16.35276145798468,1.0
44,16.878867133989992,4.0
45,16.98438429551602,2.0
46,17.1073081034139,0.0
47,17.683833056230963,1.0
48,17.7773295921137,1.0
49,17.81213589263644,4.0
50,19.999608438883104,1.0
