,time,event
0,0.05961555473188475,2.0
1,0.38852042123883385,3.0
2,0.6786595577544063,2.0
3,0.9020476809539143,4.0
4,1.3382238360826637,1.0
5,1.4229744941370388,2.0
6,1.7750615503909657,4.0
7,1.8078370989237185,4.0
8,1.9242712682903214,4.0
9,1.9992318178189479,1.0
10,2.7190729787238643,4.0
11,2.7828220643230948,2.0
12,2.875070830871519,1.0
13,3.2519148897264705,2.0
14,3.3421567631459705,1.0
15,3.3568087731263003,4.0
16,3.716485760557914,2.0
17,4.102310241378135,0.0
18,4.594061283826097,4.0
19,5.815325977550626,2.0
20,5.950010970039299,4.0
21,6.013342494067571,4.0
22,6.444068137892341,0.0
23,6.504803306333736,4.0
24,6.658434316344256,0.0
25,6.9255744495192575,1.0
26,7.037306352578148,3.0
27,7.03987413039625,0.0
28,7.2368195748881385,2.0
29,8.154379289347588,0.0
30,8.683132661270438,4.0
31,8.799484196778534,1.0
32,8.863487355792621,3.0
33,9.100397769468927,1.0
34,9.198287071098939,1.0
35,9.226799614741022,1.0
36,9.273314122169332,1.0
37,9.680486858330692,4.0
38,9.918839847874102,1.0
39,10.129399720204342,1.0
40,10.878488609113962,2.0
41,11.307937647420179,2.0
42,11.324464439294207,4.0
43,11.43958802732506,2.0
44,11.57637972172684,4.0
45,12.388006528528987,1.0
46,12.850453718767676,4.0
47,12.91065758042728,1.0
48,13.165585283531337,4.0
49,13.512703502755762,4.0
50,14.066969596743531,2.0
51,14.860024864717845,2.0
52,14.928477949089734,1.0
53,15.397138599829013,2.0
54,15.423818041210575,4.0
55,16.01973607093045,0.0
56,16.200959791846834,1.0
57,16.538925418619826,4.0
58,18.340185841154753,2.0
59,19.26990712112663,1.0
60,19.287155557166205,1.0
61,19.30587831452693,1.0
62,19.55950989993517,2.0
63,19.695814606199384,1.0
