,time,event
0,0.9542557570789557,4.0
1,1.1016422105430743,1.0
2,1.1347711056978744,1.0
3,1.2916146795484376,4.0
4,1.5746553481999248,0.0
5,1.7060135000479137,1.0
6,2.62056342654602,2.0
7,2.6829033387890564,2.0
8,2.723526981767892,2.0
9,3.057375941193654,2.0
10,3.331857937305149,2.0
11,3.42529792942762,3.0
12,3.6201207060361993,0.0
13,3.937160857358709,2.0
14,3.9484541581874804,4.0
15,4.002277754198179,3.0
16,4.109169198174646,1.0
17,4.494458347184662,4.0
18,4.99666413329245,1.0
19,5.3915674660363,2.0
20,5.458815457580714,4.0
21,5.731757968100174,4.0
22,6.377345144613379,4.0
23,6.560248389743848,2.0
24,7.012267020093537,1.0
25,8.41974736505934,1.0
26,8.422846364246,2.0
27,8.859296692565643,0.0
28,8.9082484897106,4.0
29,10.274977922218067,4.0
30,10.358481778172939,1.0
31,10.595116324944287,1.0
32,11.698183122049217,2.0
33,11.99316939946094,4.0
34,12.13769075805004,1.0
35,12.351911944629293,4.0
36,12.859154706608374,4.0
37,13.523274068327424,2.0
38,13.572456239151517,2.0
39,14.765926760056141,1.0
40,15.514931614938273,2.0
41,15.692615357522547,4.0
42,16.372241928864117,2.0
43,16.704619276892736,4.0
44,16.79359782068546,4.0
45,16.90255637327365,4.0
46,17.539796416004474,2.0
47,17.655531904887386,4.0
48,18.859604385669808,1.0
