,time,event
0,0.582187219840022,3.0
1,2.4588702833895835,3.0
2,2.800460185604431,4.0
3,3.343745406615566,3.0
4,4.127618313037363,3.0
5,5.2331146892438785,3.0
6,7.081550997251569,1.0
7,8.223780189965652,2.0
8,8.773061741723746,4.0
9,9.112932150397087,3.0
10,10.062462415617928,4.0
11,10.66225125201395,4.0
12,10.704473674630187,4.0
13,10.730818781428406,3.0
14,11.104217561643956,3.0
15,11.163150759344767,4.0
16,11.432399030475365,3.0
17,11.515230131138107,4.0
18,13.160880699531681,4.0
19,13.33134616897194,4.0
20,13.425215883119703,3.0
21,13.745383076721136,4.0
22,13.864202871873724,4.0
23,13.875405559528165,3.0
24,15.363999293249579,4.0
25,15.913725125095283,4.0
26,15.975405988388637,3.0
27,16.34505014407299,3.0
28,16.780954359239818,4.0
29,17.05562138251079,4.0
30,17.282527545856716,0.0
31,17.720576503044697,4.0
32,18.285900565705415,4.0
33,18.3175635996884,4.0
34,18.326138258409394,3.0
35,19.040655638466106,4.0
36,19.762768454121044,4.0
37,19.975390848947665,4.0
