,time,event
0,0.5137914125665113,4.0
1,0.6109626016277647,3.0
2,0.6425440744276358,1.0
3,0.7607257912921233,1.0
4,1.2064114852950552,4.0
5,1.4547760107617387,2.0
6,1.8039548144754878,3.0
7,1.805644435091363,1.0
8,2.270744578969524,3.0
9,2.516842106968999,2.0
10,2.6521569479320783,0.0
11,2.7574029514102634,4.0
12,2.765195854123928,4.0
13,2.815114301488304,4.0
14,2.958675870891036,2.0
15,2.9940886710635284,2.0
16,3.2568040090873245,4.0
17,3.409518994673856,2.0
18,4.089721630064632,4.0
19,4.19090719461499,2.0
20,4.332894538740834,3.0
21,4.616632738940707,2.0
22,4.828840245251945,4.0
23,5.01422277696713,0.0
24,5.1855678762794675,4.0
25,5.266442439518309,1.0
26,5.319044846530583,1.0
27,5.424754338425549,4.0
28,5.71314675539896,2.0
29,5.934213486682262,4.0
30,5.984747909726122,1.0
31,6.384366241988691,4.0
32,6.889117692417007,4.0
33,7.48065479276033,0.0
34,7.565462734964293,4.0
35,8.049428267461112,2.0
36,8.167649418384705,4.0
37,8.328264165618132,2.0
38,8.537335478105517,2.0
39,9.255127205062543,1.0
40,9.293722734568197,2.0
41,9.70624116953711,0.0
42,9.80620518415535,1.0
43,10.374394904571393,4.0
44,10.60134232290372,2.0
45,10.71250494244365,2.0
46,10.831541084563016,1.0
47,11.014985208145777,1.0
48,12.033238201261408,4.0
49,12.119567601344757,0.0
50,12.42684360077609,2.0
51,12.658203158448304,4.0
52,13.176124643344574,4.0
53,14.896226911309398,4.0
54,15.315907439314708,4.0
55,15.592828957924208,3.0
56,15.781596821645245,1.0
57,15.996553019180386,4.0
58,16.035239445308235,2.0
59,16.060538752392922,3.0
60,16.222975576940865,2.0
61,16.29393820789238,2.0
62,16.328968402144085,3.0
63,16.392029727668486,1.0
64,16.403980880458114,1.0
65,16.812825431938332,4.0
66,17.18405011232203,1.0
67,17.30431856627362,2.0
68,17.644773556379963,4.0
69,17.75503217202216,1.0
70,17.84929743170094,3.0
71,18.10166258408703,2.0
72,18.50869515814959,4.0
73,18.527900996345632,4.0
74,18.652974422122703,1.0
75,19.08363624094899,4.0
76,19.09879917265788,4.0
77,19.532419087913578,0.0
78,19.729212135338035,2.0
