,time,event
0,0.2204771895764788,2.0
1,0.7980985629106302,4.0
2,2.144834680363066,3.0
3,3.153420653103418,4.0
4,3.3987469138282074,3.0
5,3.4919077139483945,4.0
6,3.4974512428938547,1.0
7,3.7224088533442634,3.0
8,3.938768713495881,4.0
9,4.292915949753399,0.0
10,4.705023935880269,1.0
11,6.440130936631777,2.0
12,6.743778570285396,2.0
13,7.285512233432297,2.0
14,8.123544944371195,3.0
15,8.523108393403941,4.0
16,8.752319656736784,4.0
17,8.843892229257117,2.0
18,8.903223577079947,4.0
19,9.57991045545347,3.0
20,9.94997599534693,2.0
21,10.482522152996202,4.0
22,10.631678813379095,2.0
23,10.75240432426751,3.0
24,11.714808366006087,3.0
25,11.905644494859047,3.0
26,11.958040005560774,3.0
27,12.195522017019682,1.0
28,12.814375654136906,2.0
29,13.186554746797517,2.0
30,13.254771832428185,1.0
31,13.359706120418066,0.0
32,13.711650138121618,3.0
33,13.733620747893555,3.0
34,13.998291765880746,2.0
35,14.448742595864841,3.0
36,15.414390869657753,3.0
37,15.990246475816308,2.0
38,16.212225119572253,4.0
39,18.355790223429757,4.0
40,18.370632346249884,3.0
41,18.85706608841734,4.0
42,19.294418940379945,3.0
43,19.430259182233353,1.0
