,time,event
0,0.5037892320216755,1.0
1,0.7596924354392152,3.0
2,0.9489125798988994,4.0
3,1.242591925139843,3.0
4,1.6506134796343672,3.0
5,2.222128917276133,3.0
6,2.264859490137198,3.0
7,2.338560035842818,4.0
8,2.3493572102371156,4.0
9,2.7739002811437854,4.0
10,3.15983923962855,3.0
11,3.3022135657006015,3.0
12,4.672613366895067,3.0
13,5.020833613168527,2.0
14,5.220988439970142,1.0
15,5.441660974451267,3.0
16,5.879833439376064,3.0
17,5.92517981364883,2.0
18,6.708709517102141,0.0
19,6.768287610021523,4.0
20,7.593514233859448,4.0
21,8.059400029346783,3.0
22,8.356856065254124,1.0
23,8.425862491746335,3.0
24,8.615453996395578,3.0
25,8.921051961337907,4.0
26,9.13292003212404,3.0
27,10.061509412433871,4.0
28,10.457118718968117,3.0
29,10.534057564505098,1.0
30,10.710788962491131,3.0
31,11.147553530989102,4.0
32,11.202106952383785,4.0
33,12.00553535091491,4.0
34,12.017699366108923,3.0
35,12.326975550590847,4.0
36,12.612962798449779,4.0
37,13.740640182706604,1.0
38,14.408030270964257,2.0
39,14.466589732034507,4.0
40,15.115648225445867,4.0
41,15.790755838095576,2.0
42,16.356358563880807,3.0
43,16.45000617772915,4.0
44,16.460206202799895,2.0
45,16.505751528630736,3.0
46,16.524168416884155,4.0
47,16.691852728034764,4.0
48,16.76130958723506,3.0
49,17.352320183915722,1.0
50,17.921383942009623,3.0
51,18.710912578436517,3.0
52,18.93998668031158,2.0
53,19.21662049527827,3.0
