,time,event
0,0.3871466678366211,3.0
1,2.089575199781307,1.0
2,2.2675017072609176,1.0
3,2.9845709892821595,2.0
4,3.4046910732684017,2.0
5,3.520768523712813,4.0
6,3.77978510073171,4.0
7,4.809274272894713,4.0
8,5.438305774488192,2.0
9,5.734535754318927,1.0
10,6.280688315903736,4.0
11,6.673090007662106,3.0
12,7.1247887166143204,3.0
13,7.285282073013616,3.0
14,7.4074100538974985,4.0
15,7.693731608485807,2.0
16,9.30604068336972,2.0
17,9.54593405007991,2.0
18,9.637725355550721,3.0
19,11.555782513273604,0.0
20,12.384151121748909,1.0
21,12.503660292865245,3.0
22,12.897197777614675,4.0
23,13.361672982265368,3.0
24,13.952904525282543,4.0
25,14.680362683604312,2.0
26,14.736886418889735,3.0
27,15.005228253355266,3.0
28,15.160265377731347,3.0
29,15.253308830066535,2.0
30,15.633206206542221,1.0
31,15.959921155308596,4.0
32,16.44678575408492,3.0
33,16.52815067361691,3.0
34,16.549977570539184,3.0
35,16.66014785782306,2.0
36,17.670113058140082,3.0
37,17.836448880959537,3.0
38,18.28551206520804,3.0
39,18.42170486964853,4.0
40,18.68302111656595,3.0
41,18.749451033001062,4.0
42,18.895186279588298,3.0
43,19.561773712892414,4.0
44,19.603412436264865,4.0
45,19.702463586340063,0.0
