,time,event
0,0.42805096760753464,3.0
1,0.6465497361803717,4.0
2,0.8691907535492612,4.0
3,1.2296337514803155,3.0
4,1.2333373164504005,1.0
5,1.788188246720161,3.0
6,1.9768746705351448,4.0
7,2.3857167603944998,3.0
8,2.7402125105242425,1.0
9,2.766752771394438,3.0
10,3.724237220647352,4.0
11,3.9844914115553065,2.0
12,4.3468893957081916,2.0
13,4.768137715286882,4.0
14,6.156117105972721,2.0
15,6.605817576483759,3.0
16,9.088459416473263,3.0
17,9.141262052900625,3.0
18,9.339937994265759,3.0
19,9.585985728705728,3.0
20,10.497029983509556,1.0
21,10.717469905278783,4.0
22,10.728435300543783,2.0
23,11.477493322996011,3.0
24,12.537933246935538,2.0
25,13.01661560351501,1.0
26,13.512131442228897,3.0
27,13.569689108627598,3.0
28,13.719020064274668,3.0
29,14.464782530907478,3.0
30,15.378106467572994,3.0
31,15.462647247366586,4.0
32,15.489282710630567,0.0
33,15.558936324899587,2.0
34,16.088558488986802,2.0
35,16.428765353426726,3.0
36,16.699686936310773,3.0
37,16.720265540642774,3.0
38,16.8961307448986,3.0
39,17.047598539469153,3.0
40,17.363521508996897,3.0
41,18.137420161348732,4.0
42,18.226784862597466,2.0
43,18.321644493326325,4.0
44,18.394780912505517,3.0
45,18.598781626441344,3.0
46,18.685084886969783,3.0
47,19.217726543785723,3.0
48,19.66693857480343,3.0
49,19.775050249679545,4.0
50,19.863974738493916,3.0
