,time,event
0,0.014011492176344177,3.0
1,0.5689007596459312,4.0
2,0.9036782101018392,3.0
3,0.9260196790589568,2.0
4,1.0476454932607768,4.0
5,1.2203077852017126,4.0
6,1.563890500286263,3.0
7,1.5820665863007213,3.0
8,2.280061838629762,2.0
9,2.8504387183969597,3.0
10,3.291657324420926,3.0
11,3.3970325974481037,2.0
12,3.4826698265293294,2.0
13,3.621056396928174,3.0
14,5.251063077376895,2.0
15,5.274197193580973,3.0
16,5.796915184461123,3.0
17,5.80380720660504,3.0
18,6.114076921970363,4.0
19,6.918632785174212,1.0
20,7.4511421993057265,4.0
21,7.551238516538824,2.0
22,8.673145045966274,4.0
23,8.817187753904363,3.0
24,8.977736491705132,3.0
25,9.007271477768933,3.0
26,9.361373218665486,3.0
27,9.723384108476129,3.0
28,9.84809781736829,4.0
29,10.584410260370541,1.0
30,10.772254777753632,4.0
31,10.77581803623216,3.0
32,10.905850018914245,2.0
33,11.311424203274388,3.0
34,11.759545171894743,3.0
35,11.878383555462928,3.0
36,12.138286043613919,4.0
37,12.190054062423863,4.0
38,12.767258228495507,3.0
39,12.79423784864937,4.0
40,14.049667261767603,4.0
41,14.149741973595663,3.0
42,14.221870208489156,4.0
43,14.801256996546698,3.0
44,15.605471271759676,0.0
45,15.732536544450317,4.0
46,16.154892207849326,2.0
47,16.175928827568576,3.0
48,16.289804653857566,2.0
49,17.242645786563237,3.0
50,17.267995223957847,2.0
51,17.429731826711745,3.0
52,17.90556862584404,3.0
53,18.043542155580287,2.0
54,18.623475587109603,3.0
55,19.14188600200069,4.0
56,19.22354835904724,3.0
57,19.99257482624886,3.0
