,time,event
0,0.27561322322037574,3.0
1,0.5008934518975322,2.0
2,0.8141704681667173,2.0
3,0.9490142371906618,3.0
4,1.5278854660145131,3.0
5,1.666101715414894,3.0
6,1.967241540961537,3.0
7,2.7152310512667044,2.0
8,2.733256067915838,3.0
9,6.947694032694468,4.0
10,7.67329675478395,3.0
11,8.042375724286279,1.0
12,8.302735435759242,3.0
13,8.389572599551972,1.0
14,8.69001212923108,3.0
15,8.791017411161327,3.0
16,9.077699427434485,3.0
17,9.23067442972913,3.0
18,9.398691944066558,3.0
19,9.471418910103274,3.0
20,9.667219671567157,2.0
21,10.103446898146919,4.0
22,10.185260609126011,3.0
23,10.35284285162486,1.0
24,10.54826556830838,3.0
25,10.569547688484294,4.0
26,10.857288832457161,2.0
27,10.99153639898841,4.0
28,11.437020164069494,4.0
29,11.668298189730027,3.0
30,11.749586657969243,4.0
31,12.615791594113691,4.0
32,12.935419282037918,4.0
33,13.446353609870258,4.0
34,13.848473472119997,3.0
35,14.770592578026127,2.0
36,14.825403414273218,4.0
37,15.046023784292306,4.0
38,15.415859596264282,4.0
39,15.505971752279493,3.0
40,15.51419949530493,2.0
41,15.863556902670533,4.0
42,16.2803016866416,2.0
43,16.31725087065026,3.0
44,16.83238491951866,3.0
45,17.537427637528847,4.0
46,18.569319955866753,3.0
