,time,event
0,0.28864640082625487,4.0
1,1.1827711721867489,2.0
2,2.2722916595457074,3.0
3,2.617151699979588,3.0
4,2.8523359169949405,1.0
5,2.852574662192109,2.0
6,3.295038840367619,4.0
7,3.70145500249876,2.0
8,4.158695913983441,3.0
9,4.210675144721899,2.0
10,4.7506765100843005,4.0
11,4.879708088399601,3.0
12,5.477058336360048,3.0
13,5.539287950551113,3.0
14,5.758934128196623,4.0
15,7.7851192711829125,3.0
16,7.955889523296407,3.0
17,8.070246145957642,0.0
18,8.464753918070361,4.0
19,9.016443465193191,4.0
20,9.329406224621058,2.0
21,9.769586590324565,3.0
22,10.069945642518611,2.0
23,10.929755643565322,3.0
24,11.472375194183165,4.0
25,11.599465180249076,2.0
26,11.656785748995588,2.0
27,12.011878975726518,3.0
28,12.871278479668359,3.0
29,12.98656543705272,1.0
30,13.433789658806393,2.0
31,13.719571714301575,3.0
32,14.080028810343341,4.0
33,14.283548255449992,1.0
34,14.331576908352195,3.0
35,14.67708990927859,4.0
36,17.068169147564266,1.0
37,17.12399924021881,2.0
38,18.25316747974945,4.0
39,18.52492749919102,2.0
40,18.55897460251673,4.0
41,19.488454229717146,4.0
42,19.591120610809952,4.0
