,time,event
0,2.0153560395094194,4.0
1,2.0856690621837073,4.0
2,2.169164972604246,3.0
3,2.405088257415752,3.0
4,2.6450244975383814,1.0
5,3.9496631069195174,4.0
6,4.643377173381761,3.0
7,4.670323040254083,4.0
8,5.123916517900331,4.0
9,5.210324059958876,0.0
10,5.237604332214188,4.0
11,5.2461757291488835,4.0
12,5.305533402413131,4.0
13,5.681225747411332,4.0
14,6.279609617553177,4.0
15,6.827191520341412,3.0
16,7.075787791717288,4.0
17,8.537580754999212,3.0
18,8.611753721372803,3.0
19,8.96440891411568,4.0
20,9.13560566593739,1.0
21,9.75670897450318,3.0
22,10.119241501634146,1.0
23,10.618575958435295,2.0
24,10.847558080021551,2.0
25,13.256636988731957,4.0
26,13.70102124314619,3.0
27,14.471308484475744,3.0
28,14.569986319784656,4.0
29,14.996129051932336,3.0
30,15.969792480333984,0.0
31,16.195629135813725,3.0
32,16.7442754182503,3.0
33,17.6894055074618,3.0
34,18.380931298288367,2.0
35,18.417707239340533,1.0
36,18.674549484606572,3.0
37,19.358760692151144,3.0
38,19.557151215924804,3.0
39,19.95625947643493,4.0
