,time,event
0,0.3054771553639026,3.0
1,1.4160631559400711,3.0
2,1.7887166877519856,1.0
3,2.0084001743530555,4.0
4,3.063613219692454,3.0
5,3.134702544230681,4.0
6,4.183246463993518,4.0
7,5.576467097761874,2.0
8,5.617967488505611,1.0
9,5.9804319324169555,1.0
10,7.987562135089375,2.0
11,9.787174762798442,3.0
12,10.879473884458003,4.0
13,11.623593988764409,3.0
14,12.30868174860953,3.0
15,12.794442772182887,2.0
16,12.87308412371396,4.0
17,13.639876847229296,3.0
18,14.050906752386393,3.0
19,14.315144937517106,4.0
20,14.323013264105695,4.0
21,14.5383097487906,1.0
22,16.111115729145514,2.0
23,17.147356652425984,0.0
24,18.60778281361577,1.0
25,19.821783936763097,4.0
