,time,event
0,0.09992554838847525,3.0
1,0.14525373035844222,3.0
2,0.474357169708822,3.0
3,1.0784970324718113,4.0
4,1.2936588661974922,4.0
5,1.408444713630391,1.0
6,1.6361433731511474,3.0
7,1.6515800028233492,3.0
8,2.4069526633182914,3.0
9,3.384091001756408,3.0
10,3.412035134310733,3.0
11,4.034516427532441,3.0
12,5.300257847414681,4.0
13,5.401064214192079,3.0
14,5.5223979085324215,4.0
15,5.550116555353356,4.0
16,6.812348026615381,4.0
17,6.949575607464883,3.0
18,7.716219719444782,3.0
19,7.990467200421478,3.0
20,8.740603135382528,3.0
21,8.885188677307143,4.0
22,9.149972842725642,1.0
23,9.25153800025878,4.0
24,9.544462304423552,3.0
25,10.999233775725742,4.0
26,11.271034090503884,4.0
27,11.3923344350275,2.0
28,11.599379438780517,4.0
29,11.796655042196138,4.0
30,12.896300248231142,4.0
31,13.10651734775859,3.0
32,13.498115294015614,3.0
33,13.599880480780495,4.0
34,13.758720547201097,3.0
35,13.775225975192647,3.0
36,14.811919695105008,3.0
37,14.901448485930676,3.0
38,15.822245931853406,3.0
39,15.862170122368386,3.0
40,17.24038661935533,4.0
41,17.53330533882594,3.0
42,18.80159856494463,2.0
43,19.14698967274713,2.0
