,time,event
0,0.017672748774301358,2.0
1,1.0617219674277059,1.0
2,1.3654404832603757,4.0
3,1.8395545216255564,4.0
4,1.9651816334181471,1.0
5,2.158631375488143,2.0
6,2.3583161214659794,3.0
7,2.6387587920864193,4.0
8,2.852374970675913,1.0
9,3.0821141761652733,2.0
10,4.296398590619228,4.0
11,4.964092276649145,2.0
12,5.071472989603672,2.0
13,5.192009063070332,4.0
14,5.4752478760562395,3.0
15,5.557550210133141,3.0
16,6.199380829762301,3.0
17,6.491094123160692,3.0
18,7.770680884399889,3.0
19,8.302734324705215,4.0
20,8.646036868953678,4.0
21,8.716242489579438,3.0
22,8.804371547989918,3.0
23,9.583537144331,3.0
24,9.961063940431178,1.0
25,10.12944333113066,1.0
26,10.155101050514707,3.0
27,11.289504265041911,3.0
28,12.22687002443398,3.0
29,12.751007326914747,1.0
30,13.390045641559606,4.0
31,13.403704068898623,4.0
32,13.623613078378392,3.0
33,13.671741556012188,3.0
34,14.830256836561764,4.0
35,14.853110678754065,4.0
36,15.31529383170746,1.0
37,15.414233585448445,1.0
38,16.210526283864187,4.0
39,16.234588605591146,2.0
40,16.367411736612944,4.0
41,16.74941874011668,4.0
42,18.068301638544913,3.0
43,18.331066807159523,3.0
44,18.379032302860526,4.0
45,18.554118323167614,4.0
46,19.69138172355534,4.0
