,time,event
0,0.02483371997129939,1.0
1,1.803981489729393,3.0
2,1.8079616929382099,2.0
3,2.219192088917312,2.0
4,2.2617364096127957,1.0
5,2.2779691209804827,3.0
6,2.6656179370790274,3.0
7,3.0045150105608416,1.0
8,3.020811822638562,3.0
9,3.904786799628571,1.0
10,4.150637173383771,3.0
11,4.158932235189162,3.0
12,4.2639656796618075,4.0
13,4.290734449575912,4.0
14,4.842865278140301,3.0
15,5.138544318286137,3.0
16,5.199721111679266,2.0
17,6.3289972945096205,4.0
18,6.484982702546604,4.0
19,7.303423627338218,3.0
20,7.650470967387393,2.0
21,8.225653471057784,1.0
22,8.234928690878398,1.0
23,8.414746934518723,2.0
24,9.720028931089715,3.0
25,10.344550925287159,2.0
26,10.631465135492892,3.0
27,11.259109647781672,3.0
28,11.696806518693776,3.0
29,12.075348291555246,4.0
30,12.308380109262824,4.0
31,12.729281047524971,4.0
32,12.846778351254155,3.0
33,13.344205773419768,2.0
34,13.920273180112986,2.0
35,15.116865053332818,1.0
36,15.194642183914581,2.0
37,15.512483201850563,3.0
38,16.473736440168317,4.0
39,17.260113180698564,4.0
40,17.9221097756645,3.0
41,18.23500871983612,3.0
42,18.237646806028682,3.0
43,18.779229689534702,3.0
44,19.586005816550557,2.0
45,19.79856206654099,2.0
46,19.896768862824906,1.0
