,time,event
0,0.33120384941470193,2.0
1,1.7964167700993077,2.0
2,2.1565811627695286,2.0
3,2.4251514027694583,4.0
4,2.599298191469589,2.0
5,3.0883452324457346,4.0
6,3.306815425025151,1.0
7,3.616898340538485,1.0
8,3.738146153158522,0.0
9,3.817482326989937,3.0
10,4.049577533466755,1.0
11,4.208706266207584,1.0
12,4.647625533558816,3.0
13,4.957090118058851,3.0
14,5.096459230014226,3.0
15,6.69230999415891,1.0
16,6.935274053789496,4.0
17,7.29849354202124,4.0
18,7.568673600728943,4.0
19,8.131344248384494,3.0
20,8.993676323370977,1.0
21,9.006217863293148,3.0
22,9.435502302657929,1.0
23,9.44009004946792,1.0
24,10.371945285964923,4.0
25,12.299385389191452,4.0
26,12.380431730726642,2.0
27,13.041200987926976,4.0
28,13.059991734357213,2.0
29,13.073846806976212,3.0
30,13.173773834026079,3.0
31,13.176387818754268,3.0
32,14.091544079225793,3.0
33,14.341468172450861,3.0
34,15.050674167510634,1.0
35,16.328119355687065,2.0
36,17.519666740680034,4.0
37,17.973232309932364,4.0
38,17.992670478907655,3.0
39,19.187330146504106,4.0
40,19.872550479900756,4.0
