,time,event
0,1.170182382473347,4.0
1,2.1845263351206086,4.0
2,2.2769950039527536,1.0
3,2.8546266946886263,4.0
4,2.915061906984839,3.0
5,3.238330112755281,4.0
6,4.178548351820462,3.0
7,4.279174408313557,4.0
8,4.347320537331912,4.0
9,4.588029488854461,3.0
10,4.667219016249064,4.0
11,5.5679280938697655,2.0
12,5.573065370091169,1.0
13,6.192542828107993,4.0
14,6.707524507724877,4.0
15,6.898070206257832,4.0
16,7.769762351160062,4.0
17,8.406338616889967,4.0
18,8.62669563602902,4.0
19,9.279815067474697,4.0
20,9.400083374847407,4.0
21,10.654418451641828,4.0
22,11.715991664463715,4.0
23,12.239296793923216,4.0
24,12.810394503076722,4.0
25,12.901873130686887,4.0
26,13.181710716077001,3.0
27,13.202790116230734,3.0
28,15.413588600088682,3.0
29,16.364747257578223,4.0
30,17.093253952086833,3.0
31,17.128198031502226,4.0
32,17.78551581521356,4.0
33,18.14358567177982,4.0
34,18.202817750752356,4.0
35,18.399029012617756,3.0
36,19.1208751088007,3.0
37,19.282869168871468,4.0
38,19.35142037247893,0.0
