,time,event
0,0.2623346897627592,4.0
1,0.6812493217503928,2.0
2,0.8590041378854609,3.0
3,1.1764485996248797,3.0
4,1.5812375509170848,3.0
5,1.6429284139828568,4.0
6,2.387953242120529,1.0
7,2.696482420894088,4.0
8,2.7644700325488287,0.0
9,3.180797413530556,3.0
10,3.440393192324693,4.0
11,3.6641202369910273,4.0
12,4.744227107818019,4.0
13,5.258689293541168,2.0
14,6.0380658119872574,4.0
15,6.326897533444992,3.0
16,7.1725163434082315,4.0
17,7.3547877957936505,4.0
18,7.413170956540578,3.0
19,7.798410618508127,4.0
20,8.148445437142916,3.0
21,9.425562475776243,4.0
22,10.006974008488637,4.0
23,10.068684183320517,1.0
24,10.464617395009759,1.0
25,10.815097708780293,3.0
26,11.503180720930606,3.0
27,12.468536626303894,3.0
28,12.576371552019474,3.0
29,12.811503143542739,1.0
30,13.047255379622106,4.0
31,13.17759048880716,3.0
32,13.801214219817302,1.0
33,14.04079561181492,4.0
34,14.307322822110216,3.0
35,14.63747761882173,3.0
36,15.417569743374429,3.0
37,15.670451534726839,4.0
38,15.788075295503331,4.0
39,16.079821253026367,1.0
40,16.356752757994496,3.0
41,16.651654775932577,3.0
42,16.987051182046965,2.0
43,17.065704468016513,2.0
44,17.563570126682826,4.0
45,18.21840729019913,1.0
46,18.233344578783818,3.0
47,18.408026627941464,4.0
48,18.61676641765019,3.0
49,18.682481651965897,4.0
50,19.259000516267868,3.0
51,19.27367750873298,3.0
52,19.666149531830495,2.0
53,19.76540979786146,3.0
54,19.82796841715539,3.0
