,time,event
0,0.42019905795552387,4.0
1,0.6624477688306238,2.0
2,1.2032941162622497,3.0
3,1.5303258721064337,2.0
4,1.8082411068044628,3.0
5,2.0658320830155628,4.0
6,2.11969038395333,4.0
7,2.208328895944264,4.0
8,2.940743535149834,2.0
9,3.91217821796385,2.0
10,3.921606037988409,2.0
11,4.482812954353282,3.0
12,5.652661458852139,4.0
13,5.83595001412801,3.0
14,5.899671910859797,4.0
15,5.979460291287614,3.0
16,6.442143915404749,3.0
17,6.868744806861181,3.0
18,7.075471288947878,2.0
19,7.641422326909749,2.0
20,8.20958633991477,1.0
21,8.66416141634425,2.0
22,8.76561437630692,3.0
23,9.730422190622116,3.0
24,10.031465465239096,4.0
25,10.513922070492043,4.0
26,10.737937250233664,4.0
27,10.908639687732707,3.0
28,11.388823301610193,3.0
29,11.743213883131412,4.0
30,11.803326495399658,1.0
31,11.846808715385656,4.0
32,11.963241931567575,1.0
33,13.426913352791754,4.0
34,13.509390713854323,1.0
35,13.84884944605466,3.0
36,14.331381375278495,4.0
37,14.545536175676283,3.0
38,15.986013560534118,3.0
39,16.42444054739454,2.0
40,16.696808983934503,1.0
41,16.73982816104947,4.0
42,17.019925307842485,3.0
43,17.118963787839643,3.0
44,17.603955107091803,2.0
45,18.428474479758254,3.0
46,18.670489766305042,3.0
47,18.817168142607734,4.0
48,18.954176676234937,3.0
49,19.001072845360806,3.0
50,19.292375235530585,3.0
