,time,event
0,0.5353743666653864,4.0
1,0.80556822648926,3.0
2,1.8425492360105338,1.0
3,1.9817925623362496,1.0
4,2.9167923420379407,3.0
5,3.1709363362129213,3.0
6,4.394292110907438,4.0
7,4.7431319895456685,4.0
8,4.768507798247143,4.0
9,5.44179612842961,3.0
10,5.6985389117644,3.0
11,6.1450044291715065,4.0
12,6.269114822442199,2.0
13,6.633404606057924,1.0
14,6.849250502641335,3.0
15,8.48236594478279,2.0
16,8.658428775181758,2.0
17,8.853550733584191,3.0
18,9.118410570170067,4.0
19,9.922562029229134,3.0
20,10.074276472189425,4.0
21,10.476199861323245,4.0
22,10.81960978830785,3.0
23,10.872827566392246,4.0
24,10.932116424347718,4.0
25,11.069469534394637,3.0
26,11.443202946754509,2.0
27,11.457409628416757,4.0
28,11.766373466099001,4.0
29,11.84183315718007,1.0
30,12.235261631915401,3.0
31,12.531713106394077,2.0
32,13.197793406764438,3.0
33,13.416091155094582,2.0
34,14.160481420482794,2.0
35,14.510857614450423,0.0
36,14.916207127942696,3.0
37,14.95523087939816,2.0
38,16.111783392171727,2.0
39,16.215784035196844,4.0
40,16.64837932325849,4.0
41,16.88272828400079,2.0
42,17.349074237550973,4.0
43,18.080518587939153,4.0
44,18.227529401733527,3.0
45,18.870143655830557,4.0
46,19.189912008768637,2.0
47,19.934083122222233,2.0
48,19.97514457316928,3.0
