,time,event
0,0.8864130428155945,4.0
1,0.9419562743268114,4.0
2,1.4327877760592622,4.0
3,1.4918883069155953,3.0
4,1.9090646326532095,4.0
5,2.1933779476965927,3.0
6,3.2715347528977206,2.0
7,3.6266514122312943,3.0
8,4.036935425952096,3.0
9,4.106512151819796,4.0
10,4.3495004753238256,4.0
11,4.430546560713217,4.0
12,5.083084263300511,3.0
13,5.392405615765628,2.0
14,5.508822246981726,4.0
15,6.357289450853433,4.0
16,6.674946601148312,2.0
17,7.191705544581316,4.0
18,7.531018042034365,4.0
19,7.553304302644535,2.0
20,7.733781131488498,3.0
21,8.975055397019357,2.0
22,9.057794824020622,1.0
23,9.623080791239973,3.0
24,10.015815692032238,3.0
25,10.043059033966347,4.0
26,10.687118324169067,1.0
27,11.052908109300786,2.0
28,11.365641565839791,3.0
29,12.482756768118506,2.0
30,12.784361945130208,4.0
31,12.960908532456653,3.0
32,13.00411450276893,4.0
33,13.659663801273236,3.0
34,14.290334405349812,2.0
35,15.161704513453136,3.0
36,15.460206891809348,2.0
37,15.811665277337474,2.0
38,16.17172857214443,4.0
39,16.34182439318262,4.0
40,16.435516725094597,3.0
41,16.950466499081166,2.0
42,16.992140613053472,1.0
43,17.086140833439927,2.0
44,17.14587677688501,4.0
45,17.420291823189906,4.0
46,17.51892617751248,3.0
47,18.646209022965618,4.0
48,19.698320639539865,3.0
49,19.824902802724107,3.0
50,19.83981632913967,1.0
