,time,event
0,0.5146316132316311,2.0
1,1.2916205622393675,3.0
2,1.8815629582937272,2.0
3,1.9102985372538879,4.0
4,2.2835993693106236,2.0
5,2.4926027954235273,4.0
6,2.7316513335159422,3.0
7,3.4035540439233385,3.0
8,3.981408775776761,4.0
9,4.138934369759632,4.0
10,4.273958833389837,3.0
11,5.70792339067,4.0
12,6.507699603852323,4.0
13,7.8734904561146255,3.0
14,9.148891985063495,4.0
15,9.230635308650346,2.0
16,10.440200609196335,4.0
17,11.23926505690973,1.0
18,11.703969032553509,3.0
19,11.944115592708435,2.0
20,12.435370427606353,2.0
21,12.849191795953152,4.0
22,12.927150738917938,3.0
23,13.563442849412487,3.0
24,13.66583707355618,1.0
25,14.690243147795139,2.0
26,14.76784471902622,3.0
27,16.014966437366038,4.0
28,16.129815288717456,3.0
29,16.25296105825477,4.0
30,16.89270128295656,2.0
31,17.30797097535847,3.0
32,17.3306379338786,3.0
33,17.57495560080087,2.0
34,17.685370469808852,1.0
35,17.703317752966854,3.0
36,17.933261549024866,3.0
37,18.508368873357213,4.0
38,19.2956961512877,3.0
