,time,event
0,0.24711516844327133,3.0
1,0.5178110110969297,3.0
2,0.5613177879572839,2.0
3,1.72271299642613,3.0
4,2.0091677745850802,2.0
5,2.2663045387967924,3.0
6,2.6120701274717906,2.0
7,3.047469831292581,4.0
8,3.643990801335385,3.0
9,3.791592839270059,4.0
10,3.8640506262840093,4.0
11,4.133603333201303,2.0
12,4.579489628376087,4.0
13,5.421737507815388,3.0
14,6.460718524253364,0.0
15,6.862312765418451,4.0
16,7.702086052598973,3.0
17,9.675731233056597,4.0
18,10.497656347317674,4.0
19,10.658287936306634,3.0
20,10.697520251433044,3.0
21,11.138212885334603,1.0
22,11.733701116083521,1.0
23,11.90238166776499,3.0
24,12.406856040442166,3.0
25,12.58424431980067,2.0
26,12.876954177716328,3.0
27,13.019549479712618,1.0
28,14.268757339333218,4.0
29,14.407650608668307,3.0
30,15.179809439026158,3.0
31,15.41002773576058,3.0
32,15.616526676042271,3.0
33,15.694324918657596,3.0
34,15.970275839904856,3.0
35,16.416874344667306,4.0
36,16.471043463758736,3.0
37,16.960018909433522,4.0
38,17.16520383835301,1.0
39,17.25962178037758,4.0
40,17.708948826880764,3.0
41,17.745728128380104,3.0
42,18.625665123331984,3.0
43,18.90320428745494,4.0
44,18.907069904918206,3.0
45,19.184784464507086,4.0
46,19.22235705564435,0.0
