,time,event
0,0.8869417768682037,3.0
1,1.0976531132890002,3.0
2,1.3064630334133582,1.0
3,1.4167212683045407,4.0
4,2.644702071402821,1.0
5,2.652728591868233,1.0
6,2.7967703538777506,4.0
7,4.688405400812398,3.0
8,5.4492478666158455,4.0
9,5.826426989502353,2.0
10,5.92422734101745,2.0
11,6.057258070997666,3.0
12,6.07285806465496,2.0
13,6.496702078378167,3.0
14,6.622891943227271,4.0
15,6.684147553071415,3.0
16,6.724613809682547,2.0
17,6.838683619369611,3.0
18,7.3901490931483504,3.0
19,7.4675883161739565,3.0
20,7.519760091602529,4.0
21,7.596046462783715,3.0
22,7.933969624201451,4.0
23,8.223927945388402,4.0
24,8.561682311595805,3.0
25,8.57502984193304,3.0
26,8.893322454257921,3.0
27,9.766071338778778,2.0
28,10.635408432462365,3.0
29,11.070140725396802,2.0
30,11.171667511723665,2.0
31,11.77921367805833,1.0
32,12.544278486120767,4.0
33,12.804681298971596,2.0
34,13.554176182300015,3.0
35,13.825490946453707,4.0
36,14.261097179690214,2.0
37,15.026030574700869,3.0
38,15.027362099784117,4.0
39,15.32269496133305,2.0
40,15.375248150688485,3.0
41,15.582051173636009,4.0
42,15.96879286753519,3.0
43,16.138957735993905,2.0
44,16.379887444883444,3.0
45,16.549329077081214,1.0
46,16.67324350572022,3.0
47,17.302575925088473,3.0
48,17.586949222092485,3.0
49,17.66870498358648,1.0
50,19.088512943257474,1.0
51,19.367520604146566,2.0
52,19.56411978643713,4.0
53,19.875114356021133,2.0
