,time,event
0,1.1750819166879793,4.0
1,1.7321237906258902,0.0
2,1.8681223965507257,2.0
3,2.3075532719948937,4.0
4,2.7305801119037074,4.0
5,3.214363156336484,4.0
6,4.511206226462761,4.0
7,4.857989401713277,4.0
8,5.2553091010962785,4.0
9,5.648896286313617,3.0
10,6.613917809694083,4.0
11,7.193874595523168,4.0
12,8.67286211105788,4.0
13,9.61451362528873,3.0
14,9.759273588652999,4.0
15,10.729445056056441,3.0
16,11.108847104579368,4.0
17,12.57801298331942,3.0
18,13.289707483121111,3.0
19,13.496667494523164,1.0
20,14.09532096778509,3.0
21,15.43430407605263,3.0
22,15.480400582146261,3.0
23,17.338887627569314,3.0
24,18.10355417538873,4.0
25,18.399661178692803,4.0
26,18.513564282072377,4.0
27,19.863861067258576,4.0
