,time,event
0,0.774402465303241,3.0
1,1.7075957214589992,1.0
2,1.8210622140244292,1.0
3,2.2086949328626098,4.0
4,2.446642988892355,3.0
5,3.026317624419064,3.0
6,3.247365254578887,3.0
7,3.277867892743432,3.0
8,3.7028504646064366,4.0
9,3.7344215731721313,3.0
10,3.9366401091293572,3.0
11,4.0052450665382775,2.0
12,4.578472966047493,3.0
13,4.77978406775661,2.0
14,4.880404489550632,3.0
15,5.090804691606146,4.0
16,5.128327406873405,2.0
17,5.752203657346603,2.0
18,6.096875929037129,2.0
19,6.9522038286687895,4.0
20,7.525243162878364,1.0
21,7.6888270200007485,3.0
22,8.329315275574796,4.0
23,8.568067237318314,4.0
24,8.627556890777173,4.0
25,8.811835693660878,3.0
26,9.554743443881033,4.0
27,10.150393510522763,1.0
28,10.364604785246108,3.0
29,10.852321110884295,3.0
30,11.548065269803965,3.0
31,11.80551626441607,4.0
32,13.002946761282491,1.0
33,13.750814640633068,4.0
34,13.970159299506102,1.0
35,14.702875457988311,4.0
36,14.792796110382255,3.0
37,16.162195366083914,4.0
38,16.29864483641693,3.0
39,16.400829516258103,3.0
40,17.26921668194269,4.0
41,17.504135034252098,3.0
42,18.454302890985492,4.0
43,18.55414971328311,1.0
44,19.464852282153217,4.0
45,19.68309098635108,2.0
