,time,event
0,0.023772637783402276,4.0
1,0.15180314886798996,4.0
2,0.22613911970705702,1.0
3,1.047450041607831,3.0
4,1.4903333428783145,4.0
5,3.846296164727269,3.0
6,3.893008082891338,0.0
7,4.622053345582085,4.0
8,5.6163811381233995,3.0
9,6.513122857464774,4.0
10,6.553519905074551,4.0
11,7.103017829861543,2.0
12,7.377869998479449,3.0
13,9.390335367162926,3.0
14,10.175206249856327,4.0
15,10.95481132659,4.0
16,11.629328714988334,3.0
17,12.221300927679824,3.0
18,12.817039981493496,3.0
19,13.843891656090175,3.0
20,14.651008424050934,3.0
21,15.642213206500927,3.0
22,16.017213178472474,4.0
23,16.352138007969156,3.0
24,16.50066221239318,3.0
25,17.608549747436395,3.0
26,18.57933428249128,4.0
27,18.723351620341273,4.0
28,18.864476825267367,4.0
29,19.15892612233386,4.0
