,time,event
0,0.023597664632007645,4.0
1,0.7954925602850922,3.0
2,1.0441235647068405,6.0
3,1.9152708027646326,1.0
4,2.0128906205769335,8.0
5,3.19208122422593,6.0
6,3.95661630068474,2.0
7,4.719258086174844,4.0
8,4.980064755100908,7.0
9,7.0233120369432696,3.0
10,14.703966978423548,4.0
11,18.468104573975182,8.0
12,19.479099575558067,6.0
13,19.807768288103738,7.0
14,20.57006976066231,7.0
15,21.59269862569904,3.0
16,21.648448267116716,6.0
17,23.650578138186326,3.0
18,24.305379991676766,7.0
19,29.261405206829075,9.0
20,29.600815481657524,6.0
21,32.568788271034705,8.0
22,32.68531364491772,8.0
23,32.8020725815194,1.0
24,33.18880930528023,9.0
25,36.77355512112944,3.0
26,36.78687984472577,9.0
27,37.22990804394719,3.0
28,40.14426266862584,9.0
29,40.62733514423534,6.0
30,42.3481891468572,3.0
31,42.698372295643814,8.0
32,42.88858223061917,6.0
33,43.55301370191021,3.0
34,44.3082914879471,9.0
35,44.32300819028128,6.0
36,44.68414150316418,5.0
37,50.36526255445202,1.0
38,51.20664148829368,6.0
39,51.85736862021692,4.0
40,55.05643163960388,1.0
41,56.376710844496515,5.0
42,61.41534064437386,8.0
43,62.41667419849256,4.0
44,62.951202099419405,6.0
45,64.00245791980173,7.0
46,64.8791381042578,4.0
47,64.88696825169964,5.0
48,65.95413655984493,8.0
49,70.53755179665737,3.0
50,71.5292342723526,5.0
51,71.92869444890435,7.0
52,72.36593749056685,4.0
53,72.545676594499,7.0
54,72.83928378900967,2.0
55,73.35703987701372,5.0
56,73.65865921846328,3.0
57,73.65993092007588,2.0
58,73.7530613446918,2.0
59,73.85451163778932,7.0
60,74.37779558643606,9.0
61,74.45200886247446,7.0
62,75.20841439447508,6.0
63,75.39208768414971,3.0
64,75.50379148290817,1.0
65,75.56955269539581,9.0
66,76.18070845019967,3.0
67,77.88997069558435,1.0
68,78.57463317873663,1.0
69,79.08457468367246,9.0
70,79.27547484933584,8.0
71,79.48674916365592,3.0
72,79.65027434035619,1.0
73,81.17457021890355,6.0
74,82.54583225961167,8.0
75,84.24536370658387,2.0
76,84.2725391341311,2.0
77,84.32415440665345,9.0
78,85.24898977758347,3.0
79,88.17230550769915,5.0
80,91.31966903433941,3.0
81,92.82270422575817,9.0
82,92.82745713999259,0.0
83,93.42240041774426,8.0
84,94.23097230657173,3.0
85,95.02861185266899,6.0
86,96.3705922529569,5.0
87,96.91007573857208,3.0
88,97.03084455316333,1.0
89,98.13344710313281,4.0
90,98.79172508096669,9.0
91,99.73915277000287,3.0
