,time,event
0,1.6138445320996053,3.0
1,3.5782643666009806,6.0
2,4.790773462072595,3.0
3,5.622124831130984,7.0
4,6.080001018576475,9.0
5,6.880955164406955,9.0
6,7.578081125971566,6.0
7,8.480540134263434,2.0
8,9.198014343251153,7.0
9,9.890796193314795,8.0
10,10.633186762368558,8.0
11,10.814491537249614,2.0
12,13.532947037061607,5.0
13,14.082224587456302,5.0
14,15.614013025773593,7.0
15,19.240166175786733,8.0
16,20.743727271200175,2.0
17,21.173154667857993,9.0
18,22.297735002382634,2.0
19,23.845118996632994,9.0
20,29.929286430293,2.0
21,30.979488278096255,2.0
22,31.393832333032684,9.0
23,33.06437319337749,8.0
24,33.18746029626457,9.0
25,33.60766814804498,8.0
26,33.78600719503571,9.0
27,34.938240635958174,1.0
28,38.455284012023206,2.0
29,39.572494565798515,2.0
30,40.35889113184685,0.0
31,44.8054529927452,7.0
32,45.548875754851984,1.0
33,45.690410326502914,4.0
34,45.86149556107752,6.0
35,46.46090836314261,0.0
36,48.795459379915236,2.0
37,49.6486363472244,1.0
38,50.23849972763929,6.0
39,51.861317983304446,2.0
40,52.579957748461254,1.0
41,53.9918733565715,3.0
42,55.301999458652695,2.0
43,55.36006754043649,3.0
44,55.78058953484325,3.0
45,55.79042820877307,3.0
46,56.18828758134076,3.0
47,57.642766327574066,7.0
48,58.141077598934785,9.0
49,60.16542130278759,3.0
50,60.316744393594284,6.0
51,60.42687590117427,4.0
52,60.59077737235103,7.0
53,60.66322346696284,7.0
54,61.47905025745612,3.0
55,61.66751082056562,5.0
56,61.82938154887637,9.0
57,62.28246810009023,3.0
58,62.68673059695713,5.0
59,63.406036109969186,0.0
60,63.80203849773701,6.0
61,63.813023424981246,2.0
62,63.87602825811415,1.0
63,64.26518174671843,9.0
64,64.84777037862058,7.0
65,64.85501283292297,7.0
66,65.18722757972532,9.0
67,65.52256246240121,4.0
68,66.52607877291302,7.0
69,66.69026458284678,1.0
70,66.73536193540247,0.0
71,67.04757960585863,4.0
72,67.97875219849412,3.0
73,68.37451579786027,3.0
74,69.75625141153624,4.0
75,70.90731588512226,8.0
76,71.05844555050953,7.0
77,71.0939102165909,9.0
78,71.14938509088776,3.0
79,71.21345134500235,2.0
80,71.57537453003084,5.0
81,73.21352267627745,0.0
82,73.87598702102515,6.0
83,75.72105913353573,3.0
84,76.93316644885223,9.0
85,78.30095896831799,9.0
86,79.80067698541858,3.0
87,80.08119291384621,9.0
88,81.73897573009289,3.0
89,87.0714426910712,3.0
90,88.63195920270195,9.0
91,89.95315693068487,4.0
92,91.09362205987628,6.0
93,91.24105577498517,7.0
94,96.51833950507046,5.0
95,98.57322269971124,0.0
