,time,event
0,2.314926317749811,9.0
1,5.973080515905369,3.0
2,8.07240969969539,2.0
3,9.144585907263947,8.0
4,11.306132639400156,2.0
5,11.54301396287145,7.0
6,11.80289799576471,7.0
7,12.794978666550103,4.0
8,12.821348215291977,0.0
9,13.549941343937546,0.0
10,13.901325933552297,6.0
11,21.297104391344877,1.0
12,21.443341382172044,5.0
13,25.576851378131988,5.0
14,26.99270426332051,3.0
15,27.7529424042585,6.0
16,27.764025001641222,9.0
17,28.818007314254256,4.0
18,34.525456554472726,3.0
19,35.87100387895366,5.0
20,49.8737785424707,5.0
21,52.648733800923594,2.0
22,54.08834404252961,1.0
23,54.15270348645699,3.0
24,55.5037893281723,8.0
25,56.8107545016538,3.0
26,57.5686076643149,3.0
27,58.492109887979765,0.0
28,60.156628239186794,2.0
29,60.46589838729985,5.0
30,60.67186320576638,1.0
31,60.70151332422516,3.0
32,60.750182270591026,0.0
33,61.10851023372387,1.0
34,61.360580941892,4.0
35,61.58380671842518,6.0
36,61.66592221106838,1.0
37,62.80284566612144,7.0
38,63.12613990612856,4.0
39,63.33590822969489,4.0
40,63.41225311944474,5.0
41,63.55910518831831,4.0
42,63.768588695624196,6.0
43,63.88131314062149,2.0
44,64.43906165501903,5.0
45,64.50942958925303,1.0
46,64.5611626720751,3.0
47,65.05066617068908,6.0
48,65.12576243300799,4.0
49,65.23648749020062,2.0
50,65.29568318948523,1.0
51,65.66370077953094,1.0
52,65.82906800240404,9.0
53,66.69505048813753,9.0
54,67.16575296165526,5.0
55,67.38153073628149,9.0
56,67.6793749253055,6.0
57,67.83350318366068,8.0
58,67.83444029444227,5.0
59,67.95167759495362,9.0
60,68.68464328731208,1.0
61,68.83718146330573,2.0
62,69.35514441945298,9.0
63,70.2523359208298,7.0
64,70.65114104465059,7.0
65,71.49647722007666,9.0
66,71.57969311071996,4.0
67,71.61040823572377,8.0
68,71.92336870004512,3.0
69,72.13395964202434,5.0
70,73.75147843933976,1.0
71,74.04334666663398,1.0
72,74.30587881139576,2.0
73,74.38130919821184,7.0
74,75.26604191189324,0.0
75,78.12488396376584,4.0
76,78.35154342857095,7.0
77,80.33673851217628,3.0
78,82.24393201108501,6.0
79,82.41657828641554,1.0
80,89.43409580888049,3.0
81,89.51098725360198,8.0
82,90.91354490847546,7.0
83,92.27735337817109,2.0
84,92.40913616531861,7.0
85,94.25604584999424,3.0
86,95.95573336751066,6.0
87,96.10019847168782,0.0
88,96.26007507388002,9.0
89,98.07452048322041,5.0
90,98.10628654217632,9.0
