,time,event
0,0.006143705186521793,0.0
1,0.21765314249299236,4.0
2,0.5232681901039324,1.0
3,1.7015129121002037,1.0
4,1.731338803939701,1.0
5,1.826081511262114,1.0
6,2.010394989312416,4.0
7,2.4491732386562033,4.0
8,2.5249286380538147,1.0
9,2.7928473555523428,0.0
10,2.7979080834605665,1.0
11,2.937368140793506,3.0
12,3.4773333492883207,1.0
13,3.591185831451864,4.0
14,3.6326924709608335,4.0
15,3.825396539329643,4.0
16,3.997594259602737,1.0
17,4.0138857701781,0.0
18,4.12399264218467,0.0
19,4.239726672932835,0.0
20,4.541858689091238,4.0
21,4.761882545195861,2.0
22,5.135123909864298,1.0
23,5.4734979582217775,4.0
24,5.478463249617059,4.0
25,5.5343304036625,0.0
26,5.614869974519445,0.0
27,5.624574778629337,1.0
28,5.664921841190815,2.0
29,5.70262663026309,4.0
30,5.727398406859307,1.0
31,6.4387058877757495,1.0
32,6.6424340147033,1.0
33,6.82422319253494,4.0
34,6.963116283990896,2.0
35,7.307256621068144,0.0
36,8.303466939873376,2.0
37,8.952123166797335,2.0
38,9.110394964940806,0.0
39,9.291322658907333,0.0
40,9.361324023454952,1.0
41,9.838821052892461,1.0
42,10.125543038758344,1.0
43,10.804661657425829,0.0
44,11.478404346529171,0.0
45,12.120088347218067,4.0
46,12.387400594416604,4.0
47,12.880674961649023,0.0
48,12.90832191067982,2.0
49,13.403431318892837,0.0
50,14.02773861578939,0.0
51,14.23862484175422,4.0
52,14.609449527674075,4.0
53,14.698670538060252,1.0
54,15.046407386555577,0.0
55,15.713058304003251,1.0
56,15.744139779906227,1.0
57,15.969766680513219,1.0
58,16.644034451440817,1.0
59,16.813371729100528,1.0
60,17.194197405695192,1.0
61,17.21173058711091,2.0
62,18.319572029361954,2.0
63,18.562580023714215,4.0
64,19.24186614101809,0.0
65,19.66069505333042,0.0
