,time,event
0,0.15114683754291652,0.0
1,0.24295592770528052,2.0
2,0.7659449243307265,0.0
3,1.8842549777880726,4.0
4,2.6678241945003602,2.0
5,2.6816057435331344,1.0
6,3.065802982791503,2.0
7,3.2718761550213697,1.0
8,3.4865719527684362,4.0
9,3.5688327191195555,3.0
10,4.149446271500966,4.0
11,4.470897660637163,0.0
12,4.641785362963971,4.0
13,4.9606964528943145,1.0
14,5.042963039707813,4.0
15,5.132540570071518,0.0
16,5.202497654098699,1.0
17,5.396499644279079,1.0
18,5.913684208186796,2.0
19,6.256778649764919,4.0
20,6.592270266271331,0.0
21,6.699553400101635,0.0
22,7.0909807930665165,0.0
23,7.566356998976108,0.0
24,7.614805763435502,0.0
25,7.776037625934329,3.0
26,7.79918992145307,2.0
27,7.802375886269378,4.0
28,8.049635220792428,2.0
29,8.407065494797799,0.0
30,8.45463921514019,4.0
31,8.463972641213479,4.0
32,9.060853136549783,1.0
33,9.237280719271817,4.0
34,9.923431440637616,4.0
35,10.002919638869153,4.0
36,10.225049496128248,0.0
37,11.126435396688521,2.0
38,11.719409834006912,2.0
39,12.57049836456421,2.0
40,12.829789912580635,1.0
41,12.857471593066004,0.0
42,12.866643619361854,0.0
43,13.214818183415979,2.0
44,13.355305827636672,4.0
45,13.547296418634467,2.0
46,13.645229619717465,4.0
47,14.19640992908846,0.0
48,14.374871757676921,0.0
49,14.43450382335932,1.0
50,14.656832189400196,1.0
51,14.881945360927332,4.0
52,15.180718966537082,4.0
53,15.80499279024063,0.0
54,15.833984842016326,0.0
55,17.289794497253773,4.0
56,17.397473081011995,1.0
57,17.848242684346733,2.0
58,18.22894033617825,3.0
59,18.51875973372414,0.0
60,18.73517270115492,0.0
61,19.111522188446298,0.0
