,time,event
0,0.005776596450637336,2.0
1,0.03461777478739335,4.0
2,0.6951353626088838,0.0
3,0.7377661548471454,1.0
4,1.0012619476076274,0.0
5,1.0312652940652336,1.0
6,1.2286539897423618,1.0
7,1.482093252722453,0.0
8,1.4919472690452649,2.0
9,1.5297182694997253,2.0
10,2.4296398302848727,1.0
11,3.3944808922401437,2.0
12,3.6060145170163307,1.0
13,3.738744685114352,4.0
14,3.769884500305843,0.0
15,3.8651180203641187,4.0
16,4.204197343978592,1.0
17,4.37636049221829,4.0
18,5.427698129953723,4.0
19,5.594394625226864,2.0
20,5.68883937543362,0.0
21,6.461566763328614,4.0
22,7.313701535400224,1.0
23,7.842991143874846,3.0
24,8.013309209481626,1.0
25,8.625058041868625,0.0
26,9.413647049591997,1.0
27,9.536094138275216,0.0
28,9.755721172685908,4.0
29,10.490222289955739,0.0
30,10.62976103978961,1.0
31,11.82843162318651,1.0
32,12.019444126780071,4.0
33,12.09484347835217,1.0
34,12.631526108284804,1.0
35,12.883579998413463,1.0
36,13.055761105786631,1.0
37,13.8904943433047,0.0
38,14.058930143752272,4.0
39,14.215381977311361,4.0
40,14.48744187001515,0.0
41,14.688257758505152,2.0
42,14.7468984610417,2.0
43,15.143936110670888,2.0
44,15.145222382463581,1.0
45,15.874623405527538,4.0
46,16.159110614347426,2.0
47,16.543321922915695,0.0
48,17.386207921354455,1.0
49,17.4653591437234,0.0
50,17.709858289915157,4.0
51,18.054094679075636,3.0
52,18.13501399885085,4.0
53,18.29920142613289,1.0
54,18.888219129491056,2.0
55,19.097184622820095,4.0
56,19.26568943815263,4.0
57,19.33174205284108,1.0
58,19.419796261028587,1.0
59,19.912864021717372,1.0
