,time,event
0,0.3473134832792043,1.0
1,0.4102373345035363,0.0
2,0.8045116424522429,0.0
3,0.9941847019797971,4.0
4,1.0853607636325662,1.0
5,1.9559681045153336,1.0
6,2.4947151737590203,2.0
7,3.117111979554461,0.0
8,3.9511330662983273,1.0
9,4.399844374025137,0.0
10,4.954865187921645,4.0
11,5.7966254255473,2.0
12,6.311590815780115,1.0
13,6.441114597931997,4.0
14,6.510391506110781,3.0
15,7.148246090196634,3.0
16,7.15519430351462,1.0
17,7.486055183925338,4.0
18,7.633623787580435,4.0
19,7.845526818337501,4.0
20,7.864613423515472,2.0
21,7.944592504378251,0.0
22,8.291859700093035,0.0
23,8.33454065736353,3.0
24,8.430360606362301,2.0
25,9.332382215248584,1.0
26,9.548481664577622,2.0
27,9.600238607652694,1.0
28,9.918129264125563,4.0
29,10.05775779143424,0.0
30,10.092913737134928,1.0
31,10.126671994612517,2.0
32,10.24255142719482,0.0
33,10.355368609329501,1.0
34,10.383291163918036,2.0
35,10.420397172856939,1.0
36,10.513717196029273,3.0
37,10.533329630708709,4.0
38,11.459243807395538,4.0
39,11.646906652127491,4.0
40,12.264425742289527,1.0
41,13.175553853339625,3.0
42,13.989906160526399,1.0
43,14.129427651463855,1.0
44,16.474105920972313,1.0
45,17.505820662588565,4.0
46,17.54287879080786,2.0
47,17.918606370379564,1.0
48,18.007405249224533,0.0
49,18.693124245305544,4.0
50,19.10083139001407,2.0
51,19.13442151238207,1.0
