,time,event
0,0.07427450078018928,1.0
1,1.0223506947982008,4.0
2,1.1591730632524226,4.0
3,1.4378235856294133,4.0
4,1.63809255195233,2.0
5,1.7028320556663923,4.0
6,1.7635065362132871,4.0
7,2.649374038092556,0.0
8,3.0953065436497065,0.0
9,3.190941437993945,0.0
10,3.745213020036169,0.0
11,4.666264302194325,1.0
12,4.989780456334499,2.0
13,5.41832870872927,1.0
14,5.774738358293602,3.0
15,5.864352978200312,0.0
16,6.250113317003046,4.0
17,6.252527282287178,0.0
18,6.715795267541541,2.0
19,6.835707660715863,1.0
20,7.305393000546202,0.0
21,7.771791926869066,1.0
22,7.898784680664623,4.0
23,8.838571428481249,4.0
24,9.366135076016295,4.0
25,9.393152860558704,1.0
26,9.444969806100906,1.0
27,9.686120419950766,4.0
28,10.833754404722786,2.0
29,10.891547565763819,4.0
30,11.104354805772786,1.0
31,11.662642324159942,4.0
32,11.868677076142673,0.0
33,12.322763501465797,0.0
34,12.602743590235853,0.0
35,12.872928917789455,2.0
36,12.994088583409832,0.0
37,13.12535965144664,1.0
38,13.232569045301611,0.0
39,13.235528608958113,4.0
40,13.888639735883041,4.0
41,14.95849879595372,4.0
42,15.057531171085827,4.0
43,15.875753677678333,1.0
44,15.929942237591993,1.0
45,15.96496949419013,2.0
46,16.09761615698211,0.0
47,16.213714094793968,3.0
48,16.52049677826385,1.0
49,17.116872783185695,1.0
50,17.137395496715015,1.0
51,17.246793429335742,2.0
52,17.50125842641302,3.0
53,17.556514255612885,3.0
54,17.827748052670454,1.0
55,18.24867383632808,1.0
56,18.485964389587142,0.0
57,18.62149816964535,2.0
58,18.68048125803082,0.0
59,19.396563626375443,1.0
60,19.512243949762738,0.0
61,19.71186957877377,1.0
62,19.729575038917424,4.0
