,time,event
0,1.9304496282502142,2.0
1,2.3235894572703497,4.0
2,2.4388923906017026,0.0
3,2.5185190372916355,1.0
4,2.5974986114497653,1.0
5,2.7886042568366305,2.0
6,2.9445273525776856,0.0
7,3.0611458530107596,0.0
8,3.2295908443702768,4.0
9,3.4589071500053636,0.0
10,3.546471152564844,4.0
11,4.257019713355162,0.0
12,4.590642434229313,1.0
13,4.928871205394662,1.0
14,5.137847077372947,2.0
15,5.361725375587355,0.0
16,5.469460330585375,4.0
17,5.572616619987794,1.0
18,5.710848453638199,2.0
19,6.161962266974729,4.0
20,6.232712638978463,1.0
21,6.234781433924854,2.0
22,6.309873241248432,0.0
23,6.516984552266664,1.0
24,6.690724656750413,2.0
25,7.440234351865694,2.0
26,8.129827376888178,0.0
27,8.351363711973129,4.0
28,9.164293631824593,0.0
29,9.248846746371507,4.0
30,9.463790176923967,0.0
31,9.668363979521528,0.0
32,9.700978241231397,4.0
33,10.082027278608669,0.0
34,10.426159178542814,2.0
35,10.572994533199592,3.0
36,10.828832751052076,4.0
37,10.987051125580532,3.0
38,11.343821465856834,4.0
39,11.461057463735687,2.0
40,11.553123044805027,1.0
41,11.605530047134383,0.0
42,11.647781449767605,1.0
43,12.338328614664263,4.0
44,12.446072596075865,1.0
45,12.488776275346192,3.0
46,15.261269746084928,4.0
47,16.222946129211252,4.0
48,16.595910310767515,1.0
49,16.63654989164204,1.0
50,17.70104745944914,0.0
51,17.733496695297806,2.0
52,17.84233486689117,4.0
53,18.505507706495727,2.0
54,18.577096055588086,1.0
55,19.388009256125077,2.0
56,19.432562984032938,4.0
