,time,event
0,1.379020348156585,1.0
1,1.6923012905278902,2.0
2,1.8410335724973532,1.0
3,1.9268750847073113,2.0
4,2.4855995531347927,4.0
5,2.5022479622142106,0.0
6,2.7392289726567363,1.0
7,3.6282388285504124,4.0
8,4.298935429350763,2.0
9,4.31636472571881,2.0
10,4.354582501536552,1.0
11,4.561230070099137,1.0
12,4.760707563293108,3.0
13,4.928117649977884,0.0
14,5.195943849570504,1.0
15,5.466217971056888,1.0
16,5.592704160043949,0.0
17,5.659145448891152,4.0
18,5.8255353143163715,0.0
19,5.853203605875146,1.0
20,6.058084825291111,3.0
21,6.11166093518554,3.0
22,6.146559310185108,4.0
23,6.366734700152351,2.0
24,7.311689042879419,4.0
25,7.338290082244574,4.0
26,7.691307557165262,4.0
27,8.641732394333856,4.0
28,8.829200352432858,2.0
29,9.176909155914522,1.0
30,9.508297868595996,0.0
31,9.975065065337091,2.0
32,10.460128706679974,0.0
33,10.50570297209884,0.0
34,10.947174518388206,1.0
35,11.00053750926938,2.0
36,11.06271981107702,4.0
37,11.080306326425003,1.0
38,11.130461147162872,4.0
39,11.93550755278827,2.0
40,12.42639899848508,4.0
41,12.544778324113388,4.0
42,13.65951531236626,0.0
43,14.415652375750755,4.0
44,14.532522461112318,0.0
45,14.729915307242507,0.0
46,15.157837824929056,3.0
47,15.776867573425932,4.0
48,16.10952427140975,4.0
49,16.35952017438888,4.0
50,16.51120139840048,3.0
51,17.318852219741846,0.0
52,17.462497051650196,3.0
53,17.54871863861478,4.0
54,17.63149468854895,4.0
55,18.420488709654954,1.0
56,18.82927556626832,0.0
57,18.86696853942067,1.0
58,18.96000048149515,2.0
59,19.256247103117932,2.0
60,19.281122766322373,4.0
61,19.50422265425656,2.0
62,19.54630251776445,4.0
63,19.844074324476363,1.0
