,time,event
0,0.27769730974916546,2.0
1,0.5138963845402271,1.0
2,0.5272763293613615,1.0
3,0.6792289511563252,4.0
4,1.184102929742814,0.0
5,1.9108705921574205,0.0
6,2.303829753757117,4.0
7,2.6540156839938716,2.0
8,2.767220155558791,3.0
9,2.782363649288161,1.0
10,2.8246870668953914,4.0
11,2.8517193109395436,1.0
12,3.1670938599532468,3.0
13,3.255610342586186,1.0
14,3.3774327064641354,1.0
15,3.590831870719176,0.0
16,3.784843754334788,2.0
17,4.25798140166161,2.0
18,4.280591412726472,2.0
19,5.8380967541729865,0.0
20,6.003353720267355,1.0
21,6.255618368063914,3.0
22,6.8255719009955,1.0
23,7.26456430108948,1.0
24,8.169325003562598,3.0
25,8.217155576287125,3.0
26,8.6969970428822,1.0
27,9.321115633803274,4.0
28,9.694888359050022,4.0
29,10.7837808397179,1.0
30,10.863067418170601,4.0
31,11.415178538866503,2.0
32,13.008268875656233,4.0
33,13.708734412978579,4.0
34,13.933653759012138,2.0
35,14.325787061562655,2.0
36,14.627442228296571,4.0
37,14.772318544296823,4.0
38,15.135136921869735,4.0
39,15.206142657851718,0.0
40,15.223693658945269,4.0
41,15.40904565163315,4.0
42,16.176412511657194,2.0
43,16.311718563754983,0.0
44,16.895774600489997,0.0
45,17.278128898598954,1.0
46,17.74944798063669,1.0
47,18.6861722315649,0.0
48,19.115125093984446,4.0
49,19.18018383437335,1.0
50,19.822390981504885,0.0
51,19.830331727058915,0.0
52,19.856729853154302,0.0
