,time,event
0,0.00653173090374405,1.0
1,0.8364745547316952,1.0
2,1.0446970402434168,3.0
3,1.0576133874356892,0.0
4,1.362278004897229,4.0
5,1.4785231618778867,0.0
6,1.514096028326167,2.0
7,1.8950712613415046,4.0
8,1.9444855376484864,3.0
9,2.802786513208887,2.0
10,2.983863432240465,4.0
11,3.6674138133789445,4.0
12,3.7038971010629456,4.0
13,3.786357260860711,2.0
14,4.230947345519279,2.0
15,5.414400437053207,0.0
16,5.58219961732226,0.0
17,6.906567246826201,4.0
18,7.342900346279073,0.0
19,7.570542947535805,1.0
20,7.755689116455018,4.0
21,7.92319224416335,1.0
22,8.265791172769788,4.0
23,8.786899445757467,4.0
24,9.358601767720614,2.0
25,9.4282484979356,1.0
26,9.811564912812123,1.0
27,10.732893717482694,0.0
28,10.80909479694147,2.0
29,11.237444944510049,4.0
30,11.555729770081737,4.0
31,11.586536122665835,0.0
32,12.419009839898106,0.0
33,12.488087968057197,4.0
34,12.992379315984792,1.0
35,13.065885228902156,4.0
36,13.371248979121509,1.0
37,13.51230776937011,1.0
38,13.763175336997321,2.0
39,13.792542626828077,4.0
40,13.816751521856881,1.0
41,13.820389874342725,2.0
42,14.275343575568474,0.0
43,14.37054216605713,0.0
44,15.007877314312564,1.0
45,15.881324722513739,2.0
46,16.0602553668493,1.0
47,16.461901368658022,3.0
48,16.47725174500893,2.0
49,16.634706148330057,4.0
50,18.295403057515735,3.0
51,18.490733934642286,4.0
52,18.54784253805745,1.0
53,18.80269969139716,1.0
54,19.43817347625072,4.0
55,19.714240480616944,0.0
56,19.97710337617596,4.0
57,19.98474664293703,1.0
