,time,event
0,0.34726654517081446,4.0
1,0.9527989900896157,1.0
2,1.2502613298778467,0.0
3,1.3775877473770053,4.0
4,1.4034757050208013,4.0
5,1.418345186186559,4.0
6,1.510451053168254,1.0
7,1.9600747350837524,4.0
8,2.122615224783611,1.0
9,2.2828461268011218,2.0
10,2.551844547202549,4.0
11,2.7405093959806504,1.0
12,2.957829142962446,0.0
13,3.0688706414900637,0.0
14,3.453681603436039,0.0
15,4.114083548683952,1.0
16,5.029866550378053,1.0
17,5.224374707252305,1.0
18,5.8703218834432755,2.0
19,6.359530156100065,0.0
20,6.985030715875057,2.0
21,7.030225170746202,4.0
22,7.2629050800498565,4.0
23,7.42046612790761,1.0
24,7.91539927058701,2.0
25,8.179718540478698,0.0
26,8.3551800225069,1.0
27,9.410265929513695,3.0
28,9.436937847728936,1.0
29,10.337189175861381,2.0
30,10.776478541460156,1.0
31,10.876174544123094,1.0
32,10.95900390388841,2.0
33,11.05059816719667,0.0
34,11.075643556936098,3.0
35,11.368744834657027,1.0
36,12.263427168509846,3.0
37,12.280595831259989,1.0
38,13.759675256039547,1.0
39,13.872358087749305,2.0
40,13.94321742202753,4.0
41,14.247205732287874,1.0
42,14.352108952431221,2.0
43,14.578747872050226,4.0
44,15.515450703149748,1.0
45,15.606982888796635,2.0
46,16.30179524009108,1.0
47,16.459645071138922,0.0
48,17.054641981289397,3.0
49,17.292027784499336,4.0
50,17.33117100397017,2.0
51,17.356144702222696,1.0
52,17.908552970376952,2.0
53,18.302402154994407,4.0
54,18.579069881115775,1.0
55,18.675848687648784,0.0
56,19.725717060365863,2.0
57,19.72708637567802,1.0
58,19.747514521177102,3.0
59,19.81565271235725,2.0
60,19.933129538399598,0.0
