,time,event
0,0.12141203147103348,2.0
1,1.0854158813193266,3.0
2,1.091909435980268,2.0
3,2.118663223211856,2.0
4,2.604964948628022,0.0
5,2.7882971880891185,0.0
6,3.5684122066459616,2.0
7,3.957349121267017,4.0
8,4.084517171359777,4.0
9,4.579296566065395,3.0
10,5.051358452467773,4.0
11,5.165202355889669,2.0
12,5.5468740233336975,3.0
13,5.790863096050187,2.0
14,6.226765036253015,2.0
15,6.715392450654685,0.0
16,6.969367706721108,0.0
17,7.224782394943925,2.0
18,7.487668676360439,3.0
19,7.50444094533507,4.0
20,7.8963282900363945,2.0
21,7.913796191528288,3.0
22,9.170101440436856,2.0
23,9.252409423333694,3.0
24,9.315639369743847,0.0
25,10.385764247965543,4.0
26,10.643169519406232,2.0
27,11.080704651505505,3.0
28,11.22130813674276,3.0
29,11.959048392817472,2.0
30,12.28252084641309,3.0
31,12.306828743688584,2.0
32,12.365410497011228,3.0
33,13.155900150152277,3.0
34,13.366386979360527,3.0
35,14.739283218514572,3.0
36,15.089234808811982,4.0
37,15.228863073619497,0.0
38,15.475913555783803,2.0
39,15.491844309564728,4.0
40,15.593460783089403,0.0
41,16.722496034481257,3.0
42,17.930083379507646,0.0
43,18.12000497994071,2.0
44,18.142215509275502,1.0
45,18.254774363512507,4.0
46,18.374663970723503,2.0
47,18.45524069945683,2.0
48,18.466512429832942,3.0
49,18.862174638954624,1.0
50,18.963360887977522,3.0
51,19.227421894822772,4.0
52,19.415130247013884,2.0
53,19.49881349791622,0.0
54,19.588222831203733,2.0
55,19.64270751662148,3.0
56,19.750730572418455,2.0
