,time,event
0,0.2646122571134135,2.0
1,1.046634969239072,0.0
2,1.153355259183601,3.0
3,2.7788401074160025,0.0
4,3.351415580259634,0.0
5,3.819875523293776,2.0
6,4.038885356092265,4.0
7,4.3138045090299295,0.0
8,5.35788995653332,2.0
9,5.420475162066278,2.0
10,5.937263577889419,2.0
11,5.969639102731621,4.0
12,5.9744518608646,2.0
13,6.260975482906314,3.0
14,6.453094690334183,2.0
15,6.792400183275336,3.0
16,7.007466351965856,0.0
17,7.182736262854209,2.0
18,7.527084369572288,2.0
19,8.31420051285019,2.0
20,8.723190950322891,2.0
21,8.829143770626896,0.0
22,8.90294782775272,3.0
23,9.31029929998043,3.0
24,9.739143945810637,0.0
25,9.815204670269123,0.0
26,9.974295504494933,4.0
27,10.330259186148915,0.0
28,11.186838685084917,0.0
29,11.697333066180033,0.0
30,11.746542213667766,0.0
31,11.975508746562397,3.0
32,12.76045278569099,3.0
33,12.792491345782306,2.0
34,12.802024691902174,3.0
35,13.025529287370633,0.0
36,14.029881771247467,0.0
37,15.424087094971124,3.0
38,15.536102607310106,0.0
39,15.790029860901305,3.0
40,15.819503946534919,2.0
41,15.933009879703846,3.0
42,16.129978145139557,0.0
43,16.990139413843675,0.0
44,17.6731110841007,2.0
45,17.89898070530888,2.0
46,18.06565956298087,4.0
47,18.483556024633433,2.0
48,18.892133285847247,3.0
49,19.069720370497247,4.0
50,19.314987813866615,0.0
51,19.59249105090619,4.0
