,time,event
0,0.32392091701111614,2.0
1,0.6381487022156422,2.0
2,1.1922626872934794,2.0
3,1.800179060907987,0.0
4,1.8713435978870334,4.0
5,2.035178776269707,0.0
6,2.3152494788195574,0.0
7,2.5007694744709403,3.0
8,2.7687602903612354,2.0
9,3.3421819147637675,0.0
10,3.5414766456419438,0.0
11,3.567900202012425,3.0
12,3.5712816567550916,0.0
13,3.6099574877214704,0.0
14,3.8800465516962137,2.0
15,4.557612429727593,2.0
16,5.014307632357797,0.0
17,5.4473050424366365,4.0
18,5.568048909248696,2.0
19,5.699497593348178,0.0
20,5.918966489647421,4.0
21,6.616363214707159,0.0
22,6.930274360727591,0.0
23,7.501001891081767,2.0
24,8.045326187953433,1.0
25,8.263898170384795,0.0
26,8.621736719592288,3.0
27,10.29029884797948,3.0
28,10.498348260275792,0.0
29,10.700314099721218,3.0
30,10.870913651730351,0.0
31,11.549972278525102,0.0
32,11.925833159085274,2.0
33,12.429607684375704,0.0
34,12.574402193689751,0.0
35,12.614559255509404,3.0
36,12.92142171054505,3.0
37,13.459074935452177,4.0
38,13.478819615414272,0.0
39,13.664591714762315,3.0
40,14.619471476199013,2.0
41,14.72569873073618,2.0
42,14.782037724712074,0.0
43,15.093116794890049,4.0
44,15.53961636525816,3.0
45,15.830229154152462,3.0
46,16.252768920758903,3.0
47,17.0867125841352,3.0
48,17.590693567341653,0.0
49,18.003436196043907,3.0
50,18.2497378170957,3.0
51,18.275807788037145,3.0
52,18.612370848824238,0.0
53,18.736382518174338,3.0
54,18.863967502581048,2.0
55,19.062121791861102,3.0
