,time,event
0,0.10700054573179381,3.0
1,1.220870591771338,0.0
2,1.5125933462932535,2.0
3,2.2729303096903353,2.0
4,2.4277443326758066,3.0
5,2.8084983456202317,2.0
6,3.6874814471247106,2.0
7,4.015234038612105,0.0
8,5.215723230065542,4.0
9,7.006525833906862,0.0
10,8.599118037985635,0.0
11,8.648017628014628,0.0
12,8.832156826557469,2.0
13,9.351093566608352,3.0
14,9.544232181296245,3.0
15,9.804712812205416,3.0
16,10.71471979521388,2.0
17,10.810935886586165,3.0
18,11.251865872846553,4.0
19,11.261819468757398,3.0
20,11.332631987837868,0.0
21,11.73721807750408,0.0
22,11.743605367424673,3.0
23,11.77040101378479,0.0
24,12.102814871092386,0.0
25,12.285661063312752,3.0
26,12.46284344378423,2.0
27,12.761150918579208,3.0
28,12.979315509211846,4.0
29,14.125893802424372,2.0
30,14.1354291211822,3.0
31,14.681784724692946,0.0
32,14.75552448665098,2.0
33,14.880339130027334,3.0
34,16.153034647200432,2.0
35,16.173292926983628,2.0
36,16.223567069126435,2.0
37,16.374822205601753,0.0
38,16.686469146067346,3.0
39,17.04709223725393,2.0
40,17.050838422940636,2.0
41,17.562625889566363,3.0
42,18.1315616954411,1.0
43,19.219456029257813,3.0
44,19.787211653932612,2.0
