,time,event
0,0.3193692795020714,0.0
1,1.0669934058344193,2.0
2,1.8956133866285922,2.0
3,2.0123210419614765,2.0
4,3.3667437238581455,4.0
5,4.040086514698398,3.0
6,5.47033236340272,3.0
7,5.775916289454575,0.0
8,5.798507424473769,3.0
9,6.142019009138204,1.0
10,7.269841669564933,2.0
11,7.624669286410466,2.0
12,7.854405659516437,3.0
13,7.949712286158229,3.0
14,9.173117371167638,3.0
15,9.30820066826152,0.0
16,9.513743821216028,4.0
17,9.68772519238279,2.0
18,10.621260829222818,0.0
19,10.915157161895246,4.0
20,10.964710438441802,3.0
21,11.997268921998797,3.0
22,12.642718515956048,3.0
23,13.201988274804258,4.0
24,13.288698226692738,2.0
25,13.383257434266016,3.0
26,13.413594984975633,2.0
27,13.675966302888462,2.0
28,14.056486844491154,3.0
29,14.258768201242464,0.0
30,14.371351899797569,3.0
31,15.36165271453976,2.0
32,15.46010046410658,2.0
33,16.918898583488104,2.0
34,17.251582738692974,0.0
35,17.304626881155762,3.0
36,17.817489259719615,0.0
37,18.021213754477746,2.0
38,18.15932538816025,3.0
39,19.45610682682173,2.0
40,19.994551782356925,2.0
