,time,event
0,0.02724235707912968,2.0
1,0.11135024984185096,0.0
2,0.1507998072622232,0.0
3,0.8313502200436454,2.0
4,1.1041699588699831,0.0
5,1.1140941230518349,2.0
6,1.4203184804832303,4.0
7,1.5629996398204682,4.0
8,1.6538750443371923,4.0
9,2.4667817746103595,3.0
10,2.4906530851136734,3.0
11,2.839322037243788,0.0
12,3.3226099554082262,2.0
13,4.602998067143167,3.0
14,5.033379696149039,0.0
15,5.484937842527624,2.0
16,5.934421601344578,3.0
17,5.975447798251787,0.0
18,6.314343932881268,3.0
19,9.227088665245788,2.0
20,9.865513706962648,0.0
21,10.526390861741586,2.0
22,10.91913479925128,2.0
23,11.468510901747097,3.0
24,11.572656664586415,0.0
25,12.16148338074365,4.0
26,12.601504373724328,2.0
27,12.90694470959409,0.0
28,13.646224126366214,0.0
29,13.685465997405919,0.0
30,13.73182702975114,3.0
31,14.255586026679008,4.0
32,15.172334944115036,4.0
33,15.181192501597137,3.0
34,15.3966804079963,3.0
35,15.950434242608235,2.0
36,16.149447979711038,2.0
37,16.669511840291772,2.0
38,16.89889944373905,2.0
39,16.98543326518214,0.0
40,17.223026046632683,3.0
41,18.501556409203193,0.0
42,18.596778810246892,4.0
43,18.69856162663904,0.0
44,19.28384997101893,0.0
45,19.779903309169043,0.0
46,19.87664194252436,4.0
47,19.999239910403556,2.0
