,time,event
0,0.4514063479945936,0.0
1,1.2799943419234208,3.0
2,2.7321800048884244,2.0
3,3.161778572620035,3.0
4,3.3002448417595645,4.0
5,3.3593883416223185,3.0
6,3.6573312028764873,2.0
7,4.728558869914651,0.0
8,4.8308963206846585,2.0
9,4.8551876017713935,0.0
10,4.878404135942229,2.0
11,5.193230675285912,2.0
12,5.266133553459287,3.0
13,5.296109281369957,3.0
14,6.14717093904741,0.0
15,8.184657677752586,3.0
16,8.827927807331076,3.0
17,9.12451837851721,2.0
18,9.519867287931877,2.0
19,9.715781058059555,0.0
20,9.946048999209577,2.0
21,10.442418379845536,2.0
22,10.689835573945592,0.0
23,10.73348977274315,3.0
24,11.524665413486654,3.0
25,11.732524934628863,3.0
26,12.343929447147607,2.0
27,12.690278647756266,3.0
28,12.894775378709584,3.0
29,12.920072727431185,3.0
30,13.053212615886602,3.0
31,13.213417435497611,3.0
32,13.397356281250062,2.0
33,13.725983033398514,2.0
34,13.778715497296258,2.0
35,14.307475200510726,0.0
36,14.744285396772094,0.0
37,15.11747575561736,2.0
38,16.45578785609788,2.0
39,16.46126041922657,2.0
40,16.5785885260021,0.0
41,16.705746117599713,3.0
42,17.216329380610944,2.0
43,17.46936641980358,2.0
44,18.73576803244251,0.0
45,19.021943482382262,3.0
46,19.0605929406729,2.0
47,19.323332497051943,4.0
48,19.497766218139276,2.0
