,time,event
0,0.17020571448015706,3.0
1,0.30485759841364746,3.0
2,0.6140192817017214,2.0
3,1.0603817825433484,3.0
4,1.1798374634959001,4.0
5,1.7264182902399554,2.0
6,1.9601589567144948,3.0
7,2.089941422641503,3.0
8,2.1629893807603424,2.0
9,2.2001748532219554,2.0
10,2.4210815716566945,3.0
11,2.5567890338565995,2.0
12,2.7767884790534296,4.0
13,2.797645440730373,2.0
14,2.798731649403368,3.0
15,3.2582398856884907,3.0
16,3.3466754354370973,3.0
17,3.602352534770157,2.0
18,3.6692462739366296,2.0
19,3.8842954862021157,4.0
20,4.365833092597081,2.0
21,4.5016709464116325,3.0
22,4.770836468382861,3.0
23,4.853710014149,3.0
24,5.2256488663763285,2.0
25,5.670239896388023,3.0
26,5.881496567375649,0.0
27,6.1783073471487375,0.0
28,6.273707482491962,3.0
29,6.645265355299889,0.0
30,7.130358862267023,2.0
31,7.315900343695927,2.0
32,7.4099620799601045,2.0
33,7.883833121793023,4.0
34,7.918685848155799,4.0
35,8.195145811461687,2.0
36,8.270189830932752,0.0
37,8.568753841879655,3.0
38,8.781823062595192,2.0
39,9.306257497137146,3.0
40,9.396882333445332,2.0
41,9.623678459993432,0.0
42,10.185172238730864,3.0
43,10.286155187260643,4.0
44,10.538935886914961,0.0
45,11.46784560179548,2.0
46,11.78837256250017,3.0
47,12.075362599647185,0.0
48,12.20651763184843,2.0
49,12.403752524318895,4.0
50,12.50577283094069,2.0
51,13.039765834246174,4.0
52,13.378261923335572,2.0
53,13.622968153009198,4.0
54,14.630021301930197,2.0
55,14.765597733545823,1.0
56,14.769863449770025,3.0
57,14.80997327245855,2.0
58,15.222147678149986,0.0
59,15.61311302765968,3.0
60,16.262794274914814,3.0
61,16.30246567528263,2.0
62,16.597252931053376,3.0
63,17.074842002847088,0.0
64,17.13616280222886,3.0
65,17.96826710754285,3.0
66,18.04466420165681,3.0
67,18.107557797247782,4.0
68,18.724317277683742,4.0
69,18.868041624887777,2.0
70,18.87497306344483,4.0
71,18.88689290889634,3.0
72,19.046518302586556,4.0
73,19.055216817879927,2.0
74,19.126501855852613,3.0
