,time,event
0,0.44577073076404694,4.0
1,0.85121649871377,3.0
2,1.1972694466947533,0.0
3,1.238414034716528,3.0
4,2.1497669750557016,3.0
5,3.2352303302692613,0.0
6,3.358194601486904,0.0
7,3.552918726888115,3.0
8,3.779057620802086,2.0
9,4.128555147148233,0.0
10,4.178015211481131,0.0
11,4.275754238969752,0.0
12,4.796953086503039,2.0
13,5.954912463327897,4.0
14,6.0653083498749085,0.0
15,6.105342476028792,0.0
16,7.458853623732627,0.0
17,8.135250622176248,4.0
18,8.715433879860083,0.0
19,8.751192534634153,0.0
20,8.952989673502394,0.0
21,9.218290147813999,3.0
22,9.540508814539706,2.0
23,9.617424839795788,0.0
24,10.411454082879603,3.0
25,11.028101929534168,0.0
26,11.605671276990307,4.0
27,11.818664497420682,4.0
28,12.854410303360806,3.0
29,13.127301939366118,3.0
30,13.146854765549609,2.0
31,13.370809002269793,3.0
32,13.946904843160848,3.0
33,14.344093237943609,2.0
34,14.404058833204315,4.0
35,14.427105983679006,0.0
36,14.595426735879967,0.0
37,15.005412707432107,3.0
38,15.136909078238686,2.0
39,15.2893513843883,2.0
40,15.3125724156373,2.0
41,16.2055787535766,3.0
42,16.824747515114343,2.0
43,16.91917980911941,0.0
44,17.066061111726636,3.0
45,17.21587633477647,2.0
46,17.379321311497694,2.0
47,17.881039490139568,2.0
48,18.31367660007509,0.0
49,18.896719504727272,0.0
50,19.292084149589698,0.0
51,19.320446404545578,2.0
52,19.54335417605225,4.0
53,19.579350013495226,3.0
