,time,event
0,0.9434613298506277,3.0
1,1.0587509653935119,4.0
2,2.004097961412392,2.0
3,2.552947891593938,2.0
4,3.2995419280629577,0.0
5,3.55767949941709,3.0
6,4.14373651661853,2.0
7,4.526705765946061,3.0
8,5.540221617775314,3.0
9,5.99918941899722,0.0
10,6.110834480067701,4.0
11,7.680436241538807,3.0
12,7.922829827013919,0.0
13,7.953401785869246,3.0
14,8.059169117674008,2.0
15,8.247854085834092,0.0
16,8.4126786108742,2.0
17,8.549966748307233,3.0
18,8.862942365055742,0.0
19,9.400880221506345,4.0
20,9.442731740238138,2.0
21,9.706368249561747,0.0
22,9.986144883462812,4.0
23,10.441214554510625,0.0
24,10.607803778030883,4.0
25,10.91200308398376,0.0
26,11.025423139978441,4.0
27,11.265765747431239,2.0
28,11.553810148571056,0.0
29,11.580860739545942,3.0
30,12.374038637773836,4.0
31,12.468016647974007,3.0
32,12.597031743428214,0.0
33,13.098939422353132,4.0
34,13.235147480353401,4.0
35,13.835216960318995,0.0
36,13.928102332820643,0.0
37,14.069592431122926,0.0
38,14.896753339339327,0.0
39,14.931924842511881,3.0
40,15.66611940415115,2.0
41,16.27565069273185,0.0
42,17.65127741254072,2.0
43,17.67027017583832,0.0
44,18.43998033130895,3.0
