,time,event
0,0.3475552821714782,0.0
1,1.41366628173401,0.0
2,2.6834682237750638,0.0
3,3.5906614537991857,3.0
4,3.763204751399513,2.0
5,4.505545277814167,2.0
6,4.596934255083659,3.0
7,4.995447811737324,2.0
8,5.937834098829423,2.0
9,7.063447060758765,4.0
10,7.783057262296717,2.0
11,8.068073571240268,2.0
12,8.126836456025606,0.0
13,8.374738555758654,3.0
14,8.540975275705499,2.0
15,9.538233703139252,0.0
16,9.779971061820204,3.0
17,10.371956708413911,2.0
18,10.72068971415531,2.0
19,11.001117138766272,3.0
20,11.122260096811326,2.0
21,11.23928589788867,0.0
22,12.035850860042395,2.0
23,12.345455204006385,2.0
24,12.669992567212581,2.0
25,12.811350927921668,0.0
26,13.365219537001302,0.0
27,13.846894778518383,3.0
28,14.727816874828047,2.0
29,15.034902650019568,3.0
30,15.194072129960205,4.0
31,15.558996234369799,2.0
32,15.959632304970373,2.0
33,16.71709477447748,1.0
34,17.331532532253224,1.0
35,17.501617003775863,3.0
36,18.4226004207173,0.0
37,18.886849623720227,2.0
38,18.92558724822017,0.0
39,19.58722748716956,2.0
40,19.85456809868828,4.0
41,19.908643562067244,0.0
42,19.921685426859835,3.0
