,time,event
0,1.2549742697154205,0.0
1,1.3469266155380348,0.0
2,1.6249575271647374,0.0
3,2.151330389933812,0.0
4,3.1251877839162576,3.0
5,3.233464051805049,2.0
6,3.621018788132159,4.0
7,4.675417077450746,3.0
8,4.746920431703956,2.0
9,5.441071851925437,2.0
10,5.839692069853498,3.0
11,6.050881678948886,3.0
12,6.4695201396984245,2.0
13,6.589881247659427,3.0
14,6.613484349163379,0.0
15,6.728165721328687,0.0
16,6.753349692863099,0.0
17,6.971608968446386,2.0
18,8.8846781405066,2.0
19,8.993144248202682,2.0
20,8.995166247864162,0.0
21,9.505662438998248,0.0
22,9.696821508491027,3.0
23,10.165597926146832,3.0
24,10.295970803122463,0.0
25,10.621796183612155,4.0
26,10.675039948743672,0.0
27,10.888454130874267,0.0
28,11.46419733256316,2.0
29,11.64705404297419,3.0
30,11.752892635063985,2.0
31,11.814251903867806,0.0
32,11.89647508035235,4.0
33,11.957605739401435,3.0
34,12.33550488047334,0.0
35,12.63966296024431,0.0
36,12.856947389440139,0.0
37,12.92977217297404,0.0
38,13.930733495544036,0.0
39,14.347322448899762,0.0
40,14.85753224671689,3.0
41,14.890470319172344,2.0
42,15.288612479978136,3.0
43,15.4093642752567,0.0
44,15.423408441068375,2.0
45,15.551310817530826,0.0
46,15.670084655184683,3.0
47,15.969695595069098,2.0
48,15.986366628153334,4.0
49,16.705738013411068,0.0
50,17.822716139929344,0.0
51,18.211137431759905,1.0
52,18.223804034966015,0.0
53,18.287105079225867,4.0
54,18.470059961837887,0.0
55,18.695393479326803,3.0
56,19.681079362798474,2.0
57,19.700751229807445,0.0
58,19.90898317460759,4.0
