,time,event
0,0.19305971162823418,0.0
1,0.41272037384538063,0.0
2,0.6321045911400266,3.0
3,0.6572775402115889,0.0
4,1.411491983428931,2.0
5,2.0003270471428847,4.0
6,2.3584307215824762,4.0
7,2.883997364322238,3.0
8,3.570723181696305,2.0
9,4.2386508010734305,0.0
10,4.727330890510766,3.0
11,4.784010228024485,4.0
12,6.237259147222813,0.0
13,6.384869512891945,0.0
14,6.712906595310282,3.0
15,6.945639500866212,2.0
16,6.977044021532961,2.0
17,7.725519969766701,0.0
18,7.809210212550568,2.0
19,8.54270985488973,4.0
20,9.234817387773253,2.0
21,9.721734957240985,0.0
22,9.750839665344406,4.0
23,9.89409161651671,3.0
24,9.923704547763583,0.0
25,10.898721010633748,3.0
26,11.107555055376919,0.0
27,11.293474230576887,0.0
28,11.663683665260514,2.0
29,12.648403004397135,2.0
30,12.865483884556303,4.0
31,13.321829199944753,0.0
32,13.617280074116199,0.0
33,13.736440306551422,3.0
34,14.735704020675806,0.0
35,15.230939125125163,2.0
36,15.252861428906007,2.0
37,15.365351417977001,4.0
38,16.047691727270493,3.0
39,16.843381625350105,3.0
40,17.298072602619186,0.0
41,17.806523316295088,4.0
42,18.237568554588027,4.0
43,18.40596958870234,3.0
44,18.62969536712753,0.0
45,18.95609146404525,0.0
46,19.415589990555457,3.0
47,19.520375261128077,2.0
48,19.878577610068213,3.0
