,time,event
0,1.031592479842798,3.0
1,1.1557509200312204,3.0
2,1.9194342948209164,0.0
3,2.368800331011655,3.0
4,2.969638972562738,3.0
5,3.103621501309927,0.0
6,3.6362001617861894,0.0
7,4.032463378008507,2.0
8,4.24667873934199,0.0
9,4.48058714751146,3.0
10,4.9516143009384965,4.0
11,5.217821851043373,0.0
12,5.230593468744126,2.0
13,5.600074451600339,3.0
14,6.129531591470146,0.0
15,7.09317317567388,0.0
16,7.584311043414767,2.0
17,7.942800065516096,3.0
18,8.13130407726395,0.0
19,9.299605587557473,2.0
20,10.593441162666334,0.0
21,10.952302685980618,3.0
22,11.94076542827404,3.0
23,12.276916503397278,2.0
24,13.052081314486268,3.0
25,13.208916531976472,0.0
26,13.571705700707344,0.0
27,13.874335657111684,3.0
28,14.52802033716169,3.0
29,14.68329060776139,0.0
30,15.150856906026199,0.0
31,15.386711388716455,2.0
32,15.421827037414635,2.0
33,15.477324371510479,0.0
34,15.63107946632629,4.0
35,15.729867750491097,0.0
36,16.444215297238053,1.0
37,16.865143595539386,3.0
38,17.712261423849213,4.0
39,18.659756824130543,3.0
40,19.21352053070338,3.0
41,19.24632954579,4.0
42,19.348056489672047,0.0
