,time,event
0,0.4079816601258118,3.0
1,0.7574194747451615,0.0
2,1.1885222643395001,4.0
3,1.4540508540351786,2.0
4,1.471620402878059,4.0
5,1.9015847166745106,2.0
6,2.1140753007972077,0.0
7,2.610589281119046,2.0
8,2.692998581276391,2.0
9,2.7235446285788965,0.0
10,2.774918417939584,4.0
11,2.8970761548030985,3.0
12,3.071404123258249,3.0
13,3.4598359604286286,4.0
14,3.9434973272217935,0.0
15,3.9774345017305084,0.0
16,4.285345348139118,2.0
17,4.6048268570256745,3.0
18,4.8953478154631584,3.0
19,5.068090240305409,0.0
20,5.202229273673002,3.0
21,5.369742596690777,0.0
22,5.680398201094054,3.0
23,5.921614644221668,2.0
24,6.103426850696252,2.0
25,6.142860800699438,0.0
26,6.624141574096135,3.0
27,6.866573012811465,4.0
28,7.376206317293375,2.0
29,7.8228994385964405,2.0
30,8.525565840456565,3.0
31,9.364968193712993,0.0
32,9.503357712309413,3.0
33,9.742766382697853,0.0
34,9.999615121375994,2.0
35,10.225616097996715,0.0
36,10.238784625425462,4.0
37,10.79809370767393,2.0
38,11.390972458810026,3.0
39,11.706185270192739,2.0
40,11.794128747474302,0.0
41,12.270218763045106,0.0
42,12.354505827908897,4.0
43,12.513579877747345,0.0
44,13.019030008308766,0.0
45,13.328488261377132,0.0
46,13.435489033050512,4.0
47,13.571685337048994,0.0
48,13.648555678759205,4.0
49,14.222897668570806,4.0
50,14.475089242341557,2.0
51,14.581165850204158,3.0
52,14.853827391276134,3.0
53,15.282764016768194,3.0
54,15.572562754105508,0.0
55,16.731994069938363,0.0
56,16.960000118257575,4.0
57,17.112399440270153,2.0
58,17.433731934454336,2.0
59,19.16410753639954,0.0
60,19.260564611673455,0.0
61,19.53613734382867,4.0
62,19.624899858332824,2.0
63,19.926712297887995,4.0
