,time,event
0,0.4164803437374144,2.0
1,2.376393464401362,0.0
2,2.4890185796828703,0.0
3,2.535643958253532,0.0
4,2.8568810769842274,0.0
5,3.753926302947225,0.0
6,4.783282285635694,2.0
7,4.827441961849395,0.0
8,5.587024149683402,0.0
9,5.762562533572681,0.0
10,5.94646471746851,0.0
11,7.826271687376548,2.0
12,8.883737309470703,2.0
13,9.42295800528944,0.0
14,9.425430031953217,2.0
15,10.052475665685352,0.0
16,10.449735927922752,2.0
17,10.492039693418347,3.0
18,10.516120700922295,4.0
19,11.780983312943182,2.0
20,11.8326728689076,0.0
21,12.265406819841708,0.0
22,12.379166939079957,3.0
23,12.570076725206835,2.0
24,12.909455327490504,0.0
25,13.025681703973962,2.0
26,13.754812556132569,0.0
27,13.995062910941856,2.0
28,14.10093182040921,0.0
29,14.271053845134892,0.0
30,14.319010512289713,3.0
31,14.537757048710679,0.0
32,14.838205657140305,0.0
33,15.598425815727973,3.0
34,16.096772232922746,0.0
35,17.595095943701544,0.0
36,17.899064399200277,2.0
