,time,event
0,0.26975025267940217,4.0
1,0.8204313106317971,2.0
2,1.4382287916612615,0.0
3,1.5337978214426287,4.0
4,2.1757191952586403,2.0
5,2.2641252711622357,0.0
6,2.4079393995854743,0.0
7,2.6056905372520944,0.0
8,4.225565397867774,0.0
9,4.827104375003607,0.0
10,5.311402104191157,3.0
11,5.766971371383721,3.0
12,5.997113144920492,3.0
13,7.282970329246244,3.0
14,7.363911839912336,4.0
15,7.743943324332775,3.0
16,8.095188511839476,2.0
17,9.110413467068739,0.0
18,9.135064882652737,3.0
19,9.750458103405547,3.0
20,9.755575501403607,2.0
21,9.775402291322509,3.0
22,10.182324034933206,0.0
23,10.331886024852917,0.0
24,10.471585437120126,2.0
25,10.969211676581555,2.0
26,11.650100430513135,3.0
27,11.849489462996884,2.0
28,12.164893590857458,3.0
29,12.331481483487599,4.0
30,12.332771372751271,2.0
31,12.431675800130952,3.0
32,13.234684268264267,4.0
33,14.043919379655602,2.0
34,14.47145855526761,3.0
35,14.681068328950069,0.0
36,15.142412464701442,3.0
37,15.162320402121344,3.0
38,15.463410499030637,0.0
39,16.21356023799732,3.0
40,16.59477125661474,0.0
41,16.810733922913673,2.0
42,17.21234069954834,3.0
43,17.55890531961929,3.0
44,17.565460306867173,3.0
45,17.87621046005459,0.0
46,18.872689387751784,0.0
47,18.99256792154343,3.0
48,19.89019881027169,0.0
