,time,event
0,0.7196339291795629,0.0
1,0.9252499375743958,3.0
2,0.9530684105634231,0.0
3,1.0128671021667626,2.0
4,1.3018548790677045,3.0
5,1.855597103169085,0.0
6,2.1478542550960866,3.0
7,2.8892032233689644,0.0
8,3.9890070880107458,1.0
9,4.364422975360429,2.0
10,4.840712127812676,4.0
11,5.58656912687147,2.0
12,6.187992863122556,3.0
13,7.511124837904966,4.0
14,7.519335623904083,2.0
15,7.822887955743271,2.0
16,7.8482845807662605,3.0
17,8.299387203358156,3.0
18,8.335657069485258,3.0
19,9.387397029877215,0.0
20,9.440560888735448,4.0
21,9.81115901196798,3.0
22,10.042245190831732,3.0
23,10.149104926893362,3.0
24,10.31628406159575,3.0
25,10.84679147920404,0.0
26,11.766784264558343,0.0
27,12.294864238248953,4.0
28,12.645458119083285,0.0
29,13.575644308906135,2.0
30,13.751366248196392,2.0
31,13.825615817800266,0.0
32,14.048640159059772,3.0
33,15.854468364199775,3.0
34,15.879224811286864,3.0
35,15.944465411865961,2.0
36,16.07136921871818,0.0
37,16.194183472024424,2.0
38,16.871306703585795,0.0
39,16.921414609042724,3.0
40,17.30814418015906,2.0
41,17.400299051351386,4.0
42,17.603484835755737,0.0
43,18.18678613960534,3.0
44,18.29125847725881,3.0
45,19.4230992115599,3.0
46,19.562524817232834,3.0
47,19.609752744843945,3.0
48,19.868265703884937,2.0
