,time,event
0,0.009809937141251487,4.0
1,0.1799038089838646,0.0
2,0.28988477455583933,2.0
3,0.2921073071338741,3.0
4,0.5892263296795595,2.0
5,0.8905859192880556,0.0
6,0.9560784623290118,0.0
7,1.3533139190606864,3.0
8,2.0356381861167137,2.0
9,2.2750536098654734,3.0
10,2.409031969835313,2.0
11,2.883032816235117,4.0
12,2.8903449286857863,0.0
13,2.9925989537040953,0.0
14,3.0387792637217577,3.0
15,4.026871627599478,2.0
16,4.776370395616747,3.0
17,5.00674138415615,2.0
18,5.157645378894885,2.0
19,5.477877171909136,2.0
20,5.48415458368929,4.0
21,5.6476116350146,4.0
22,5.723338094202823,4.0
23,6.117695259436937,0.0
24,6.244347321140008,3.0
25,6.589329417058701,4.0
26,6.686200428235497,0.0
27,6.826391751071237,3.0
28,6.868249764363859,2.0
29,7.016840903315345,0.0
30,7.363357048721815,3.0
31,7.836574985116049,0.0
32,8.51667886222052,2.0
33,9.109623165205832,3.0
34,9.185754783970305,0.0
35,9.205379621032684,0.0
36,9.638640519841042,0.0
37,12.768758110122796,3.0
38,13.009792309659403,0.0
39,13.379772333950266,0.0
40,14.774725908441667,0.0
41,15.639527607983954,2.0
42,17.022845788865524,2.0
43,18.065939776949836,0.0
44,18.210661474952598,3.0
45,18.94824368885911,3.0
46,18.97342959205702,2.0
47,19.047074849203295,2.0
48,19.238859956522568,2.0
