,time,event
0,0.2522101026381724,3.0
1,0.3695229574156243,3.0
2,1.1270992106687197,0.0
3,1.3968652465554199,3.0
4,1.4063275738709116,0.0
5,1.9441590078261775,1.0
6,2.3341009285127656,2.0
7,2.570208743375718,4.0
8,3.289712463494915,3.0
9,3.511523051752743,3.0
10,4.665801416624396,3.0
11,4.789807240406344,0.0
12,5.779975627754878,0.0
13,5.997019414126018,3.0
14,6.151982831279064,2.0
15,6.314121626035404,2.0
16,6.640333469783849,2.0
17,7.150446672039173,0.0
18,7.335673052747933,0.0
19,7.773347588086352,2.0
20,8.02984826072309,2.0
21,8.12023211612903,0.0
22,8.169205973335316,2.0
23,8.2370191541666,3.0
24,8.317383908046752,3.0
25,8.341547810999222,0.0
26,8.924589551902427,4.0
27,9.10183703473164,3.0
28,9.546430038589019,3.0
29,9.638790841964793,0.0
30,11.101653436505673,0.0
31,12.0528877196818,2.0
32,12.382217309379381,3.0
33,13.051970822683609,0.0
34,13.784030283230994,0.0
35,14.00165838816666,2.0
36,14.29940857544733,0.0
37,14.850719030080933,3.0
38,14.984644128568508,3.0
39,15.569609589695764,0.0
40,16.332522220061644,2.0
41,16.57238302063738,0.0
42,16.650964004499375,4.0
43,16.810061907270843,0.0
44,17.650937064583434,2.0
45,17.659820318294678,0.0
46,17.796328979349507,2.0
47,17.99569767808277,0.0
48,18.531592931020064,0.0
49,18.57705659802258,3.0
50,19.43831147936799,2.0
