,time,event
0,0.44142919159421123,2.0
1,0.5869827419475426,0.0
2,0.7363793640263067,3.0
3,0.8207280615493823,4.0
4,1.6056362082224582,0.0
5,1.681382987184798,3.0
6,2.2742318933238,4.0
7,2.912355201301198,4.0
8,3.119767539425215,2.0
9,3.2375196309510037,3.0
10,3.5600005882178625,0.0
11,3.676138146986821,3.0
12,3.9804232112344233,0.0
13,4.210788197334587,3.0
14,4.2509217455911825,3.0
15,4.592640500478651,2.0
16,4.911771190661126,4.0
17,5.654503452871628,3.0
18,6.174267058487161,3.0
19,6.8011342383348925,2.0
20,6.8022556157508065,4.0
21,7.08238675963145,0.0
22,7.122800490544408,2.0
23,7.737501648463882,2.0
24,8.571838169950853,2.0
25,8.786011902156519,4.0
26,8.906943997822985,0.0
27,9.31956746923334,4.0
28,9.529427813764414,4.0
29,10.41505246638902,2.0
30,11.034896990691932,2.0
31,11.277706349928314,2.0
32,11.305613512196231,2.0
33,11.306948766632589,0.0
34,11.519637908367654,0.0
35,12.075047069010354,2.0
36,12.53078386544958,3.0
37,13.116572486792496,2.0
38,13.802247378897139,4.0
39,13.850518413385352,0.0
40,14.597586432032415,3.0
41,14.66590410064415,4.0
42,15.272189193681449,0.0
43,15.33085364217317,0.0
44,15.57251526085356,4.0
45,16.322317704462332,2.0
46,16.415987443493695,4.0
47,16.55463344793996,4.0
48,16.669524049476706,2.0
49,16.894022166118408,4.0
50,17.214890791950758,2.0
51,17.345908737150047,4.0
52,17.532128495566848,3.0
53,17.828215470866265,2.0
54,18.45786557722482,0.0
55,18.595534990725763,2.0
56,19.449181851714958,0.0
57,19.49759213848234,3.0
58,19.724524868603748,3.0
