,time,event
0,0.06449098281311832,0.0
1,0.30031483282826915,0.0
2,1.205320086218129,4.0
3,1.8046366632115407,2.0
4,1.9584697550463428,2.0
5,1.9732552069262932,4.0
6,2.77654297843011,0.0
7,3.1442924729624355,0.0
8,3.3717568821100588,0.0
9,6.201092328067585,0.0
10,6.404174364225571,3.0
11,6.902854436321083,4.0
12,6.945801522812623,3.0
13,7.181758704199595,3.0
14,7.725192685462763,3.0
15,8.024315614593489,3.0
16,8.13070748505512,0.0
17,8.294912046962283,2.0
18,8.59106071571848,0.0
19,8.906360240459627,0.0
20,10.28943160696972,2.0
21,10.6620989434648,2.0
22,10.795190315885739,0.0
23,10.84726927357069,2.0
24,11.026292638746837,4.0
25,11.162138514657874,0.0
26,11.249613033764257,3.0
27,12.847448243878224,0.0
28,13.546986956214703,0.0
29,13.582945977215893,3.0
30,13.737947666790193,0.0
31,14.080876219892584,4.0
32,14.222600261208672,3.0
33,14.256551038662062,4.0
34,14.797172381568828,2.0
35,14.804045078282481,4.0
36,15.072629640955544,2.0
37,15.468480366214848,3.0
38,16.17344676013488,0.0
39,16.21767919343979,2.0
40,16.345488098605703,2.0
41,16.484978121751574,3.0
42,17.017383825863092,0.0
43,17.254634625928905,3.0
44,17.332459879538554,0.0
45,17.82494028932326,4.0
46,18.614205155527397,4.0
47,18.792435049258827,4.0
48,18.99341652704091,0.0
49,19.690289990267754,2.0
50,19.817925668811956,2.0
