,time,event
0,0.5667050097070048,3.0
1,0.9142689660311536,2.0
2,1.9696816135864526,2.0
3,2.001044102289346,3.0
4,2.601198009927578,3.0
5,2.6598088275735225,2.0
6,2.7971214202424943,2.0
7,2.9428485030497296,3.0
8,3.029708908945595,4.0
9,3.244512136134746,0.0
10,3.3651711591358753,0.0
11,3.4058121157655252,0.0
12,3.7304581677793847,3.0
13,4.734362577064404,3.0
14,5.014428287832698,3.0
15,5.518108690267943,3.0
16,6.184335666181586,2.0
17,6.823099717633041,3.0
18,7.097489245635793,2.0
19,7.284450272115079,2.0
20,7.310391946385185,4.0
21,7.583456194627569,4.0
22,8.093875825948933,2.0
23,8.26252494075727,4.0
24,8.69550186760629,0.0
25,8.934384931393579,3.0
26,9.355204643792415,4.0
27,9.38481729882597,3.0
28,9.56543135085666,2.0
29,10.222234611174033,0.0
30,10.353994497034353,2.0
31,10.482423496868343,3.0
32,10.749466211921002,2.0
33,11.056624376462471,0.0
34,11.434207714883797,3.0
35,12.120121611674332,0.0
36,12.321667314406026,3.0
37,12.41176501883345,2.0
38,12.469664458641855,0.0
39,12.820663189772015,3.0
40,13.096754040089145,2.0
41,13.247526081978206,3.0
42,13.849527523056029,3.0
43,14.481141555513034,3.0
44,14.632712656410442,2.0
45,16.039806774397434,3.0
46,16.565062189302225,4.0
47,17.668931966873224,0.0
48,18.638056268928196,3.0
49,18.732927865977718,0.0
50,18.752781726109955,0.0
51,19.148882255036114,3.0
52,19.15889277652696,4.0
53,19.456762939826557,2.0
