,time,event
0,0.08257860873367032,3.0
1,0.2538892850997291,3.0
2,0.43119119855128063,2.0
3,0.9238149491273999,2.0
4,1.216596974763795,4.0
5,1.8830137860310825,3.0
6,2.089063332588138,4.0
7,2.096398185669019,4.0
8,2.102134722668266,2.0
9,2.138985016112775,0.0
10,2.593145173962704,3.0
11,2.9158627431363797,4.0
12,3.093416938733061,2.0
13,3.2422718796663115,0.0
14,3.3234228268379242,0.0
15,3.3953878773161525,4.0
16,4.445278326833117,0.0
17,4.76176803692793,3.0
18,4.853199525451855,4.0
19,4.957274719272339,4.0
20,6.588775658082425,4.0
21,6.764949608310091,4.0
22,6.768210426331364,4.0
23,7.746346856521866,0.0
24,7.812815783341449,4.0
25,8.159505703032602,3.0
26,9.244775543526675,0.0
27,9.52193271096679,0.0
28,9.619696984787751,4.0
29,9.833856207100027,4.0
30,10.524282304535562,2.0
31,11.186164018218065,4.0
32,11.665997518990826,0.0
33,11.706826856993352,2.0
34,11.814975924715307,2.0
35,11.964662905525156,2.0
36,12.375563312541509,2.0
37,12.676419560622627,3.0
38,12.826159083363438,2.0
39,13.087593810203087,3.0
40,14.245728405889466,3.0
41,14.325195877571439,3.0
42,15.082710882156828,0.0
43,15.56962830782778,4.0
44,15.77498771793504,2.0
45,16.375799775158566,4.0
46,16.830985299697264,4.0
47,16.83944445814595,4.0
48,17.056297200715644,3.0
49,17.24792413155121,0.0
50,17.524481308581727,2.0
51,17.53565393758037,2.0
52,18.398938997074286,2.0
53,18.486399678939993,4.0
54,18.683067148085257,2.0
55,19.28819889481352,4.0
56,19.325416726114508,2.0
57,19.367507009111968,0.0
