,time,event
0,0.2675874471269504,2.0
1,0.3956569653435583,0.0
2,0.6700614124627424,2.0
3,0.7146748261367923,3.0
4,0.9869705390626591,0.0
5,1.4136138876381592,0.0
6,1.78598987631052,3.0
7,1.9952647821538436,4.0
8,2.32680412168371,2.0
9,2.7923864702532004,2.0
10,3.7504174560657675,0.0
11,4.513804718891945,0.0
12,4.517709171593588,0.0
13,4.9943656620645305,2.0
14,5.783595641909793,3.0
15,6.505046986117433,4.0
16,6.568120068330648,3.0
17,6.717848718069951,4.0
18,7.175912905445889,0.0
19,7.914716257225651,3.0
20,8.06218726818184,0.0
21,8.981334884739468,2.0
22,9.049369924838684,3.0
23,9.19700597406997,3.0
24,9.27047959420731,0.0
25,9.310477762438921,3.0
26,9.714029971708719,3.0
27,10.250148423206813,4.0
28,10.563495091542217,2.0
29,10.69510227477697,3.0
30,10.856935926340386,4.0
31,11.5009046690377,0.0
32,11.602287965808754,3.0
33,11.781474043598017,0.0
34,11.844796445251271,0.0
35,11.9603810261379,3.0
36,12.278942113694763,2.0
37,12.646488138073753,0.0
38,12.655203472212683,3.0
39,13.582585812825561,4.0
40,13.709468211094746,3.0
41,13.83093712884003,3.0
42,14.367124581579423,3.0
43,14.654169245549692,4.0
44,14.728005261081037,2.0
45,15.122094985499473,0.0
46,15.137831452390486,0.0
47,15.176499387052061,3.0
48,15.227952416937146,2.0
49,15.360930154346129,2.0
50,15.507106032700898,2.0
51,15.721909643291657,0.0
52,16.126531809027508,2.0
53,16.68839345922493,0.0
54,16.71677415934349,3.0
55,16.757840286963706,4.0
56,17.048271627870538,0.0
57,17.11916939595677,2.0
58,17.22116655814388,3.0
59,17.304647804187987,2.0
60,17.450213240311044,4.0
61,17.671015494192076,2.0
62,18.33492206375249,1.0
63,18.544745384275174,4.0
64,18.97397422893546,0.0
65,19.36950283016227,0.0
66,19.374441082720487,2.0
67,19.78462259745436,0.0
