,time,event
0,0.15708292743362182,3.0
1,0.5743091620532264,2.0
2,0.7418387114234358,4.0
3,0.8279853226311148,2.0
4,1.3649974041770787,3.0
5,1.5394452346832368,2.0
6,1.7026026377069718,2.0
7,1.7183920097381251,0.0
8,2.317798214661803,3.0
9,2.4745439655617294,4.0
10,2.486305418983427,0.0
11,3.004339418667966,3.0
12,3.34528358020467,0.0
13,3.4384861501228525,2.0
14,3.5218348774530823,2.0
15,3.6559920002189092,0.0
16,3.7175947707076027,0.0
17,5.095411040847987,3.0
18,5.303966064178415,2.0
19,5.320165414844183,3.0
20,5.5921263760375615,3.0
21,5.802701147495089,3.0
22,6.189646435736876,4.0
23,6.473929415799811,3.0
24,6.490295863426683,2.0
25,6.534457876015113,3.0
26,7.705609643399988,2.0
27,9.053045924405852,3.0
28,9.858282627232699,3.0
29,11.034596273625475,3.0
30,11.111982176348123,3.0
31,11.65000286000708,3.0
32,11.98131529660293,0.0
33,12.22405172262891,0.0
34,12.613271727893013,3.0
35,12.63295529140801,4.0
36,12.879033209393109,4.0
37,13.291686953371316,4.0
38,13.397554322982957,0.0
39,13.814307759724018,2.0
40,13.903079806178454,2.0
41,14.525444451819595,4.0
42,14.735995445342285,3.0
43,15.250215717767855,0.0
44,15.698900733750135,3.0
45,15.723359184476463,2.0
46,16.10037904392413,2.0
47,16.7600884018119,4.0
48,17.733799006549567,0.0
49,18.062195596823745,0.0
50,18.12707641212026,3.0
51,18.715460948567497,0.0
52,18.981995485288596,2.0
53,19.541692758694587,3.0
54,19.91254948407444,4.0
