,time,event
0,0.0051876626718190535,0.0
1,0.07221242092707543,2.0
2,0.15650004265133988,0.0
3,1.341174946467752,3.0
4,1.9758928619312153,2.0
5,2.1182020806579227,2.0
6,2.3613701767003077,2.0
7,2.420893166268186,2.0
8,2.9899562713474195,3.0
9,3.4899883361006196,4.0
10,3.938350577385624,2.0
11,4.213056164708975,3.0
12,4.567053449037663,2.0
13,5.196635623332062,2.0
14,5.387002863315021,4.0
15,5.437131934485556,3.0
16,5.726104131687612,0.0
17,6.705336340118504,0.0
18,6.782805620088208,3.0
19,6.840703494154582,4.0
20,7.882642694295811,4.0
21,8.164040004469804,0.0
22,8.58590161750824,2.0
23,8.946805896319105,0.0
24,9.53556443732046,4.0
25,10.563450471062103,4.0
26,10.617573279278288,3.0
27,10.736785208225307,2.0
28,11.191987214048757,4.0
29,11.272334990919488,1.0
30,11.646053887237436,0.0
31,11.856301919172893,2.0
32,12.506932038806351,3.0
33,12.547156808121015,4.0
34,13.257370876179465,2.0
35,13.3458947203038,0.0
36,13.65656357706721,3.0
37,13.857923930080453,3.0
38,13.952180769337906,4.0
39,14.29969946243111,0.0
40,15.474547544642865,4.0
41,16.809139557195667,3.0
42,17.2128903294433,3.0
43,17.29891668008098,4.0
44,17.643040251401374,2.0
45,17.684645443879496,2.0
46,17.770742426271962,0.0
47,18.260070473908048,3.0
48,18.893783245750203,3.0
49,19.15678815855559,3.0
50,19.32608025459002,0.0
51,19.932295247567435,0.0
