,time,event
0,0.2248527847402624,0.0
1,0.5026174344442135,3.0
2,0.7063003844978655,4.0
3,1.0456163261878513,3.0
4,1.0604620574614432,0.0
5,1.9518109455012846,3.0
6,2.926545701397262,0.0
7,2.9826884657809365,0.0
8,3.1356896411128448,2.0
9,4.034570837424278,3.0
10,4.1678728815225385,3.0
11,4.350989227480203,0.0
12,4.366844391116389,0.0
13,5.545538862043317,0.0
14,6.386358872302912,4.0
15,7.204029993490768,2.0
16,7.530819726553433,2.0
17,8.117849484278828,4.0
18,8.367796838786592,4.0
19,8.554655684671433,3.0
20,9.013246672414393,0.0
21,9.269285522237256,0.0
22,9.384451339820394,3.0
23,9.783690308647182,2.0
24,9.832915871213752,3.0
25,10.0649446424665,2.0
26,10.586804746973753,0.0
27,10.634095141699216,2.0
28,10.692593983024727,3.0
29,11.258583450156594,3.0
30,11.512579969887868,0.0
31,12.281025896047014,4.0
32,12.582066815143317,2.0
33,12.652149405149352,2.0
34,12.994557593214697,3.0
35,13.775226936673096,3.0
36,14.528259830861687,3.0
37,15.16653897471667,2.0
38,15.278167641198758,2.0
39,15.401172798649823,3.0
40,16.477137367348057,3.0
41,16.588356057314762,4.0
42,17.698423623641826,3.0
43,17.987347759744864,3.0
44,18.29691985460678,0.0
45,18.89719739271755,0.0
46,19.909246566770175,0.0
