,time,event
0,0.058864498329707124,3.0
1,0.6454733399150704,2.0
2,0.7571134704312089,3.0
3,0.9620842743293689,0.0
4,0.9646254630412928,2.0
5,2.379096436625547,2.0
6,3.989127010931294,0.0
7,4.6699650776216615,3.0
8,4.816612829077532,3.0
9,5.357780263690016,3.0
10,5.608999219988674,2.0
11,5.739460510345056,0.0
12,6.33122832119634,2.0
13,6.889894864400739,3.0
14,7.749940669564693,2.0
15,9.686708757633317,0.0
16,9.876119007348407,2.0
17,10.547556066596218,2.0
18,11.09698042367527,3.0
19,11.417399856587643,0.0
20,12.210947940638201,4.0
21,12.821854187358518,2.0
22,12.892929300221576,0.0
23,13.695968837420004,0.0
24,13.765545206412652,2.0
25,14.17606495367826,0.0
26,14.184077086024937,0.0
27,15.75598200571973,3.0
28,16.998644275183604,2.0
29,17.361925288723047,3.0
30,17.422791394309552,3.0
31,17.431565151173416,3.0
32,17.951315879228556,2.0
33,18.89289241901371,0.0
34,18.95113795498702,3.0
35,18.97721727727254,3.0
