,time,event
0,0.5731573772973816,0.0
1,0.8421603119999169,4.0
2,0.9842161841786567,1.0
3,1.068399677855108,2.0
4,1.197034731395949,3.0
5,1.5852529939346964,3.0
6,2.474199015448397,2.0
7,2.623644167461677,3.0
8,2.642395893269496,0.0
9,2.7553602467177383,2.0
10,3.567818891147586,3.0
11,4.511053462717181,0.0
12,4.676272211787374,3.0
13,4.840641124253895,2.0
14,5.265322008377104,4.0
15,5.323213641736047,2.0
16,6.293282389733922,4.0
17,6.546327663003629,0.0
18,6.741947398689284,0.0
19,7.366199825877306,1.0
20,7.5268842293028015,0.0
21,7.903093123027161,2.0
22,8.263765904770963,3.0
23,8.862769304125125,2.0
24,9.127542263518198,2.0
25,9.184671845558247,0.0
26,9.206478298741052,2.0
27,10.018001557324126,3.0
28,10.13366381221157,2.0
29,10.164610287434014,3.0
30,10.809938116387956,3.0
31,11.210367356348362,0.0
32,11.313053404588393,3.0
33,11.528698009900916,4.0
34,11.618549374743907,0.0
35,11.99775913329854,3.0
36,12.304525619423774,2.0
37,12.711564076003487,3.0
38,13.556189943429985,4.0
39,13.609767992190873,4.0
40,13.623261664965343,2.0
41,14.668129682584606,4.0
42,14.845279519231434,4.0
43,15.410340775140313,0.0
44,17.013514650237024,0.0
45,17.191217870424616,0.0
46,17.590278523837686,2.0
47,17.615793277462657,3.0
48,17.67268619430247,3.0
49,17.873469936549725,4.0
50,18.53463955564436,4.0
51,18.575847049917588,2.0
52,18.865883734127518,3.0
53,18.89536037362013,2.0
54,19.640491110522476,0.0
55,19.763819986726627,2.0
