,time,event
0,0.8473066503427167,2.0
1,0.9491118013782043,1.0
2,1.4334269356731053,0.0
3,1.5501255526989626,0.0
4,1.955003865403579,3.0
5,2.0151822236316406,3.0
6,2.9628213874567115,2.0
7,3.023755257477243,2.0
8,3.533369836112379,2.0
9,3.7689266767983427,2.0
10,3.795517804874318,0.0
11,3.8938487376803153,2.0
12,5.394347117257492,0.0
13,5.456228289086007,2.0
14,5.524475863812586,0.0
15,5.784143460715292,3.0
16,6.163509609530171,0.0
17,6.217960215667762,2.0
18,6.295434893010155,3.0
19,7.682910709002313,3.0
20,7.947568752951304,3.0
21,8.488507538561246,3.0
22,8.904834598440283,3.0
23,9.202267281822909,0.0
24,9.474737299004854,3.0
25,12.55841958251419,0.0
26,12.565185193700733,3.0
27,12.787582405029692,3.0
28,13.413032991154875,3.0
29,13.62759265863647,3.0
30,13.826454327984832,0.0
31,13.826563467357037,0.0
32,14.152000943894775,4.0
33,14.958547128993349,3.0
34,15.328741979648877,3.0
35,15.603666460329377,3.0
36,16.831205160341824,3.0
37,16.91557804730894,3.0
38,19.236168273765806,2.0
