,time,event
0,0.11254320552465723,0.0
1,0.46587702686607413,2.0
2,0.49734006280097065,0.0
3,1.306147431450338,4.0
4,1.6105028694744306,0.0
5,1.7566233692257298,3.0
6,2.6393075066835827,4.0
7,4.002958297647851,3.0
8,4.939860636892043,2.0
9,5.3411338140569,3.0
10,5.4115998650419925,3.0
11,6.099938735783976,2.0
12,6.136444959945133,3.0
13,7.06666509430603,3.0
14,7.477667153731518,3.0
15,7.514631445878803,4.0
16,7.600921332648307,0.0
17,8.902450768478385,3.0
18,9.185247296641249,2.0
19,9.263374092201056,2.0
20,10.112310427435833,3.0
21,10.229440289989455,2.0
22,10.35826451902764,3.0
23,10.374386409949405,2.0
24,10.611660348722854,3.0
25,10.713237058555574,0.0
26,10.91189536860005,0.0
27,11.221939913007285,3.0
28,11.56879443036867,3.0
29,11.738909165041303,0.0
30,12.086388288418139,2.0
31,12.208971319197076,4.0
32,12.230564022391489,4.0
33,12.252430414809915,2.0
34,12.348152867934255,0.0
35,12.866835451350246,0.0
36,12.938242909500486,0.0
37,13.04912366837222,2.0
38,14.52134692905259,2.0
39,14.623171830000125,4.0
40,14.74591269551827,2.0
41,15.460631112715742,0.0
42,15.887399605462099,2.0
43,16.23120491746187,2.0
44,16.579768714094875,4.0
45,16.831005782211186,2.0
46,17.122358313183543,4.0
47,17.625281481924397,3.0
48,18.018609076802225,3.0
49,18.023208586895308,0.0
50,18.599921872470432,2.0
51,18.95746372110175,3.0
52,19.313138242228323,2.0
53,19.429600648216347,0.0
