,time,event
0,0.016955795980382264,2.0
1,0.23063023702660876,2.0
2,0.4799503329074839,0.0
3,1.1371265014606977,0.0
4,1.3131173000154608,0.0
5,1.7658828681610736,1.0
6,1.9842524571214575,3.0
7,1.9922930097902454,3.0
8,3.1615436503807377,0.0
9,4.088768592192807,3.0
10,4.1277594284317605,0.0
11,4.333012909479032,3.0
12,5.1950205524495585,1.0
13,5.333133958405741,3.0
14,5.669078826690801,0.0
15,5.826516247412547,3.0
16,5.871303537874039,2.0
17,6.5108109680945665,2.0
18,6.535720789871445,3.0
19,6.7993009516373935,3.0
20,6.8033270472468,0.0
21,7.235083057960172,3.0
22,7.965947440864286,3.0
23,9.105976414344521,3.0
24,10.075282766251927,4.0
25,10.230391898560374,2.0
26,10.373709435947397,0.0
27,10.458412801011814,2.0
28,10.893031080832623,2.0
29,12.481530443405857,4.0
30,12.53342613720544,0.0
31,12.690865478020818,0.0
32,12.8513778074822,3.0
33,12.922957302051756,2.0
34,13.024787078593201,0.0
35,13.266601845879803,0.0
36,13.438838417823355,3.0
37,13.623606916329889,3.0
38,13.679867434628642,2.0
39,14.652827313272322,3.0
40,15.1908002590886,3.0
41,15.272791510035848,3.0
42,15.692795362044933,0.0
43,16.014093495175874,3.0
44,16.342544526658628,3.0
45,16.775467589138444,2.0
46,16.825659773242588,2.0
47,17.217254197134736,3.0
48,17.284317206790007,2.0
49,17.301227131382465,0.0
50,17.573555856835767,2.0
51,18.36404786195427,4.0
52,18.947427729457328,2.0
53,19.09951461302995,2.0
