,time,event
0,0.29298809131552245,3.0
1,0.6137679036758519,2.0
2,0.8078673081789443,3.0
3,1.4198278819349857,4.0
4,1.5331186078474712,0.0
5,1.5768915049475598,3.0
6,1.6446602875935101,3.0
7,2.3157253376526663,3.0
8,2.467261653040774,3.0
9,2.553303662219,3.0
10,2.6094263329174856,3.0
11,2.694400829383324,2.0
12,3.5699766353792532,2.0
13,4.046365546411669,0.0
14,4.110733993773534,0.0
15,4.173349501445831,0.0
16,5.40489648110837,0.0
17,5.427906649546165,2.0
18,5.783859530261187,2.0
19,5.986003121056128,3.0
20,6.318658681444799,3.0
21,6.731092379600828,4.0
22,6.762913525293116,4.0
23,7.311776224374764,3.0
24,7.703428745242881,4.0
25,8.038094018934492,3.0
26,8.238227215281315,3.0
27,8.241259692660682,4.0
28,8.74547216031563,3.0
29,8.92955644705987,3.0
30,9.076189797023293,3.0
31,9.259880064768561,0.0
32,9.338380249103055,3.0
33,9.360509982661036,4.0
34,9.752415200145753,2.0
35,11.037186246947133,0.0
36,11.75240972119167,3.0
37,12.091665809946146,0.0
38,12.667514479957449,4.0
39,12.893184714824777,0.0
40,12.911689856776702,0.0
41,13.047016198910855,0.0
42,13.17760806373775,2.0
43,13.31382121128117,2.0
44,13.367085874846508,3.0
45,14.827143366736626,3.0
46,15.605516831482392,3.0
47,16.521208396804933,0.0
48,16.71580380279253,3.0
49,17.021705343802978,0.0
50,17.344246468742995,3.0
51,17.539647478058075,3.0
52,17.838643455375745,0.0
53,18.268740932533742,0.0
54,18.355912991291678,4.0
55,18.508763738579944,0.0
56,18.88708125225875,0.0
57,18.97998927151008,3.0
58,19.03152839488911,0.0
59,19.55127880115625,0.0
