,time,event
0,0.3491453481964581,2.0
1,0.5069426774603094,3.0
2,1.2561885041329632,4.0
3,1.8173042911094597,2.0
4,2.4150796623123454,3.0
5,3.50406471701714,2.0
6,4.519538620723624,3.0
7,4.587511737446188,4.0
8,4.852359735532093,2.0
9,5.141943126853709,0.0
10,5.481170360102089,4.0
11,6.001258438695516,0.0
12,6.100145229512581,0.0
13,6.415375350428673,3.0
14,6.426388466750255,3.0
15,6.633390201733267,3.0
16,7.871897652141335,0.0
17,8.02892188004954,3.0
18,8.264740604505324,3.0
19,8.799028338592892,3.0
20,8.992161508693059,2.0
21,9.929343093162018,3.0
22,10.033959332620464,3.0
23,10.118212442379138,2.0
24,10.40478842889314,4.0
25,11.213473623631508,2.0
26,11.320086201571494,3.0
27,11.369104187426817,3.0
28,11.555142442408547,2.0
29,12.02001611191569,0.0
30,12.48249221721019,4.0
31,12.664766772772658,2.0
32,14.03757611434342,0.0
33,14.6739546763269,3.0
34,14.731749958389054,4.0
35,14.996164053757798,4.0
36,15.243971743039827,3.0
37,15.639692652842008,2.0
38,15.856731854976546,0.0
39,15.940494808773076,3.0
40,16.558124175964156,3.0
41,17.249103184001463,3.0
42,17.763972340973535,0.0
43,18.52985573288899,2.0
44,18.708264982042543,2.0
45,19.18583556519831,0.0
46,19.400266088058707,2.0
47,19.521380291352255,2.0
