,time,event
0,0.0958283193794521,2.0
1,0.4893169654663032,3.0
2,0.6577943249366364,0.0
3,1.228363609686645,3.0
4,1.4035605294602687,0.0
5,2.3067285540339078,2.0
6,2.4162646261973917,0.0
7,2.702864921741384,4.0
8,2.7703636584900444,2.0
9,2.843110503906476,3.0
10,3.4472020684451317,3.0
11,4.107829879325906,3.0
12,4.21172702790119,3.0
13,4.232904137004473,2.0
14,4.716039783813188,3.0
15,5.16745838926381,3.0
16,5.569507453072618,0.0
17,5.585866388334046,2.0
18,5.627548734952425,2.0
19,5.668147639209522,3.0
20,6.450950403337924,3.0
21,6.5718539222917665,3.0
22,6.610201585668353,0.0
23,7.484711723419737,3.0
24,7.560061726021226,3.0
25,7.697759227407795,3.0
26,7.772010435615994,0.0
27,7.797203075347427,0.0
28,7.915946829082971,3.0
29,8.39771366981653,0.0
30,9.266769741007888,3.0
31,9.535923374145836,3.0
32,9.686807185252846,3.0
33,10.781683271717883,0.0
34,10.949771648673694,2.0
35,11.17718729216691,0.0
36,11.467150445635147,4.0
37,11.498809122906778,2.0
38,12.627560301225925,3.0
39,12.85927460420619,3.0
40,13.40753019464944,3.0
41,13.626124850395815,2.0
42,13.8414268437921,0.0
43,14.231210991506178,0.0
44,14.2924042889141,3.0
45,14.737838124841202,0.0
46,15.023637856018219,1.0
47,15.228860510470154,4.0
48,17.100101294453946,3.0
49,17.929382848645265,2.0
50,18.023062718050266,2.0
51,18.45030348549791,4.0
52,18.645048997117758,3.0
53,18.99604598255298,0.0
54,19.006899300990625,3.0
55,19.048247900232923,3.0
56,19.218234132623056,3.0
57,19.501534112558776,4.0
58,19.637994871516298,1.0
59,19.70489723434166,4.0
60,19.878249671922283,3.0
