,time,event
0,0.02019513072585893,2.0
1,0.19969429022018748,3.0
2,0.3511899398288061,3.0
3,0.6254671728451219,3.0
4,0.6374266419115153,2.0
5,0.807688974884487,2.0
6,1.291785259487707,4.0
7,1.3513849568970069,2.0
8,1.4080781808350356,3.0
9,1.4117170019055454,3.0
10,1.9493087472790709,2.0
11,2.5782981721152893,2.0
12,2.8394599982276025,2.0
13,3.3267093294206767,0.0
14,4.067646362242536,4.0
15,4.108606469234418,2.0
16,4.404160198230316,2.0
17,4.712144924875725,3.0
18,5.467792973058048,4.0
19,5.617245731039201,3.0
20,5.7143337626666435,3.0
21,6.227968766307741,2.0
22,6.36636052591795,2.0
23,7.021267330185466,2.0
24,7.024470819085008,4.0
25,7.738409944536261,4.0
26,7.763271854980953,2.0
27,8.242599372840266,4.0
28,9.236678631494325,4.0
29,9.62969953634555,4.0
30,10.55679046444895,3.0
31,11.168731699871834,2.0
32,11.334065253491152,0.0
33,11.611903559368871,1.0
34,11.751298841298546,4.0
35,12.065880752464595,1.0
36,12.224519610111054,2.0
37,12.457792368573092,4.0
38,12.55301436543738,2.0
39,12.942509885557788,2.0
40,14.099042418253353,3.0
41,14.257863733179573,2.0
42,14.564040819215947,0.0
43,14.745609343321457,3.0
44,14.886660876926445,0.0
45,14.940771743330405,4.0
46,15.501189343679298,2.0
47,15.635809045667916,2.0
48,16.631911097213116,0.0
49,16.70819909095251,3.0
50,16.962114125700058,4.0
51,17.221426339291817,2.0
52,17.725798261807967,3.0
53,17.85993993700664,2.0
54,18.524082961121348,3.0
55,18.827936122042324,4.0
56,18.845812946995842,0.0
57,19.18514027745753,2.0
58,19.59471247864804,2.0
59,19.647930694949746,2.0
60,19.74022328490349,2.0
61,19.746720492188636,0.0
