,time,event
0,0.7202003567313746,2.0
1,0.9227711487179423,4.0
2,0.9522521044231883,0.0
3,1.229562506408446,3.0
4,1.9809357463715855,3.0
5,1.9830798369133802,2.0
6,3.982562188969469,0.0
7,4.035716723412063,2.0
8,4.4786877157759655,2.0
9,4.695481400589324,4.0
10,4.7598912121782595,3.0
11,5.153658702978653,0.0
12,5.195776374978665,0.0
13,5.4899155342642665,3.0
14,6.3160103298666375,3.0
15,6.42803320467867,3.0
16,6.703188646217345,2.0
17,6.914739731884653,3.0
18,7.048014237649467,3.0
19,7.3394707660929654,0.0
20,7.499653904931366,4.0
21,7.731048065751763,3.0
22,8.092521830641632,2.0
23,8.44750241212788,3.0
24,8.606289159481516,3.0
25,9.07717834634112,3.0
26,9.839574260713736,3.0
27,10.087414421131015,4.0
28,10.511951492195735,3.0
29,10.869019412162626,4.0
30,12.10666591195409,3.0
31,12.152008407345663,4.0
32,12.958474502817138,2.0
33,13.379725633110967,3.0
34,13.38344413058351,2.0
35,13.967557805464534,2.0
36,15.373957353996476,3.0
37,15.560738356023261,0.0
38,15.712325730812173,0.0
39,15.828028385763087,4.0
40,16.325592329245023,2.0
41,16.352205583837808,2.0
42,16.4559322635711,3.0
43,16.515904302916084,2.0
44,16.532479723472044,0.0
45,16.60062878650991,4.0
46,16.609578874450364,4.0
47,16.900712321711318,0.0
48,17.389412888815162,0.0
49,17.450880381502465,2.0
50,17.872157494196298,4.0
51,17.92598881632898,0.0
52,18.03001343966083,0.0
53,19.475335282445073,0.0
54,19.615844402195908,3.0
55,19.919712400322997,3.0
