,time,event
0,0.8597876601891077,3.0
1,1.2742008601953163,2.0
2,1.4972624809010422,0.0
3,1.6433933325328764,2.0
4,1.9281791927110268,3.0
5,1.9293869088019309,3.0
6,2.8477740187682854,2.0
7,3.3142863660077255,2.0
8,3.433899646402353,3.0
9,3.537530301239095,2.0
10,3.764917031236218,3.0
11,4.177794277438791,3.0
12,5.313448006301358,2.0
13,5.527246344023189,4.0
14,5.9184701394525,3.0
15,6.2478901819205355,2.0
16,6.834757709970439,2.0
17,7.487347629188627,2.0
18,7.51739541261678,2.0
19,7.7945454319386664,3.0
20,7.84069158796108,0.0
21,8.244483705922093,2.0
22,8.727773342676285,3.0
23,8.974388627152942,4.0
24,9.266091837245376,2.0
25,9.681842803459887,3.0
26,9.824517519349234,4.0
27,9.825076789492798,4.0
28,10.319717843467712,2.0
29,10.779772574034627,3.0
30,10.899346848174687,0.0
31,11.184724189921248,0.0
32,11.30661069664516,2.0
33,11.946918692999407,4.0
34,12.272122171533013,2.0
35,12.308291436134322,3.0
36,12.389169423171749,2.0
37,13.289640058230974,3.0
38,14.105839602946673,2.0
39,14.106130702555967,0.0
40,14.297405499670106,0.0
41,14.302413951961306,4.0
42,14.365809371809958,3.0
43,14.552526675935441,0.0
44,14.604489066974134,3.0
45,15.431045217980477,3.0
46,17.39315041298034,0.0
47,17.44821352647222,3.0
48,17.866987360235765,2.0
49,18.328119136257484,2.0
50,19.97447886790673,3.0
