,time,event
0,0.3973669561541786,2.0
1,0.6779443003308034,2.0
2,0.7896873331507055,2.0
3,1.4425875510698152,4.0
4,1.7753134472324732,4.0
5,1.9261395599871154,3.0
6,2.2194184705653432,4.0
7,2.3488441698296083,3.0
8,2.410704552296839,4.0
9,3.115140878575425,3.0
10,3.3720009376315794,3.0
11,4.193189349159553,3.0
12,4.592837343946594,2.0
13,4.677104388120212,4.0
14,4.7803501471080265,4.0
15,4.8808437279669175,2.0
16,5.045217813875442,2.0
17,5.335078143244785,0.0
18,5.8428847396180625,2.0
19,5.9616657827183195,2.0
20,6.475022663357221,3.0
21,6.683732659099066,3.0
22,7.111602291717952,0.0
23,7.336495894704511,0.0
24,7.607983101794997,0.0
25,8.55177099585713,2.0
26,8.731440860771672,2.0
27,8.858369604684032,2.0
28,9.164719626401542,2.0
29,9.796873446485034,2.0
30,9.979747614161443,3.0
31,11.237997188447208,3.0
32,11.470594144411269,0.0
33,11.847106888972299,0.0
34,11.944714768984465,2.0
35,11.98526729038621,4.0
36,13.935514816358461,2.0
37,13.988786751120958,3.0
38,14.016522542175302,2.0
39,14.32776493483944,4.0
40,14.620756130119496,2.0
41,14.688716523037296,2.0
42,16.606751792732545,0.0
43,16.76351976878273,3.0
44,16.920280201495988,2.0
45,17.084668948348757,2.0
46,17.4044804325859,3.0
47,17.574822258855267,4.0
48,17.797476492414823,2.0
49,17.854889835263997,3.0
50,17.908691965064282,0.0
51,18.121424569049868,4.0
52,18.40372424390969,3.0
53,18.465225887869085,2.0
54,18.754331858297288,3.0
55,19.00303093040686,3.0
56,19.2154348346764,2.0
57,19.262364978834313,4.0
58,19.38363252818019,2.0
59,19.640701181699356,0.0
