,time,event
0,0.280539045125936,3.0
1,0.986610280560527,2.0
2,1.0376010580630668,4.0
3,1.2790649979903188,2.0
4,1.430936272897827,3.0
5,1.4738292207699484,4.0
6,1.7982081166777375,2.0
7,1.836838329731104,2.0
8,2.07090014879945,3.0
9,2.134947686670215,4.0
10,2.7917046694204153,2.0
11,2.9131660588566937,3.0
12,3.053910463201585,3.0
13,3.618098119338786,2.0
14,3.84668267136601,3.0
15,3.8770111940358,3.0
16,4.641038589263252,2.0
17,5.242927090996857,2.0
18,5.279401879428714,3.0
19,5.40601943413738,3.0
20,5.803510912120982,3.0
21,5.852680183596604,3.0
22,6.1671157362981965,3.0
23,6.69309730742399,2.0
24,7.4083728479142925,0.0
25,7.608947774250688,3.0
26,7.636916905614652,3.0
27,7.812028110866279,4.0
28,8.257045873781554,3.0
29,8.593714727010296,3.0
30,8.66175101821726,2.0
31,8.663627367024452,2.0
32,8.797655786133024,2.0
33,9.034236042866835,2.0
34,9.10551810512994,3.0
35,9.21890735067412,4.0
36,9.326632206639726,3.0
37,9.400474079610383,0.0
38,9.439897660004673,3.0
39,10.115695945728332,0.0
40,10.473081053565963,2.0
41,10.70399489878672,3.0
42,10.815933649616337,0.0
43,10.859790750190903,4.0
44,11.313580241199965,3.0
45,11.7958105652393,2.0
46,12.474182949010071,3.0
47,12.665320361024204,3.0
48,12.775811770361498,4.0
49,13.188382631351093,2.0
50,13.309142137416472,3.0
51,13.470137504657586,0.0
52,13.60730659353245,4.0
53,13.726717477577118,1.0
54,14.01769229093486,3.0
55,14.138821794077161,0.0
56,14.351939603085237,2.0
57,14.402008770458833,3.0
58,14.740776492340617,3.0
59,14.988992480876718,2.0
60,15.36689957741483,2.0
61,16.264513422735615,3.0
62,16.52476239454347,0.0
63,16.543940357230994,2.0
64,16.97794602655976,2.0
65,18.244342457728735,3.0
66,18.36042530854666,0.0
67,18.708996431835885,3.0
68,18.9928508543921,0.0
69,19.530675701277264,2.0
70,19.89235493098481,2.0
