,time,event
0,0.4750885676300511,4.0
1,1.5261293308706771,0.0
2,1.9955202590456103,1.0
3,2.283802047332347,3.0
4,2.481666996878789,2.0
5,2.9395365201395594,3.0
6,3.2176019624454644,1.0
7,3.375862351794419,2.0
8,3.4486510189999255,2.0
9,3.4701819488726815,3.0
10,3.498766649899831,3.0
11,3.527408310829702,4.0
12,3.853537334912947,3.0
13,4.846828292990646,3.0
14,5.017585783392547,0.0
15,5.750188259233627,4.0
16,5.847449695510966,4.0
17,6.271821442399514,0.0
18,7.236655260239798,3.0
19,7.304946756872098,1.0
20,7.7595395977354285,0.0
21,7.790523931590488,4.0
22,7.859490742253882,2.0
23,8.080816864638296,4.0
24,8.398461572678432,3.0
25,9.082274628434597,4.0
26,9.110621503170087,4.0
27,9.500223401151086,3.0
28,9.532897600669072,4.0
29,9.854793117196657,4.0
30,9.927387992458758,0.0
31,10.381226619654392,2.0
32,10.413577009318171,2.0
33,10.887908996384455,0.0
34,11.63152177561207,4.0
35,11.707527593489862,0.0
36,12.20074864790214,0.0
37,12.786482825397155,0.0
38,12.874607452026503,2.0
39,13.088844070826699,3.0
40,13.282579946583176,3.0
41,13.550066529490293,0.0
42,13.57557215673988,3.0
43,13.68757388410831,3.0
44,13.790187811335207,2.0
45,14.124328413667977,0.0
46,14.770705366375324,4.0
47,15.39578949550281,2.0
48,15.454129482936478,0.0
49,15.566801376435405,2.0
50,15.630095347370062,2.0
51,15.945171965387614,4.0
52,16.138704246351804,0.0
53,16.412977609470662,3.0
54,16.525147813088267,0.0
55,17.544229025194266,3.0
56,17.77238639449214,4.0
57,18.050185278216414,2.0
58,18.803017815965216,3.0
59,18.99787405589999,3.0
60,19.01159876609169,3.0
61,19.17169405904223,3.0
62,19.4515000157303,3.0
63,19.95478920680225,3.0
