,time,event
0,0.087734058078431,2.0
1,0.5225360616992402,4.0
2,1.6638959376516853,2.0
3,2.268716763866423,3.0
4,2.33985175131136,2.0
5,2.7933026827020857,3.0
6,2.992321362448231,0.0
7,3.030532817875374,2.0
8,3.1807906132985995,2.0
9,3.582063562939196,2.0
10,4.004199800333002,3.0
11,4.084142864514066,2.0
12,4.234215881636577,4.0
13,4.421399037472862,3.0
14,4.698244929103382,2.0
15,5.225462058935721,3.0
16,6.0406951707394745,2.0
17,6.069086875890166,3.0
18,6.345920061986657,0.0
19,6.443094765473822,3.0
20,6.564527793163631,3.0
21,6.804640184781248,4.0
22,7.084504035382547,4.0
23,7.182635163933161,3.0
24,7.37810365808518,3.0
25,7.650272607821435,3.0
26,8.020261670874428,0.0
27,8.099798130779627,4.0
28,8.209141561002589,4.0
29,8.261907239026351,2.0
30,8.32209132087291,4.0
31,8.497018683470614,0.0
32,8.743013569416382,2.0
33,8.900729902603613,0.0
34,9.466593734995723,0.0
35,10.344456501145412,2.0
36,10.71711944734972,4.0
37,11.198681993834906,0.0
38,11.33663591650982,3.0
39,11.340707706330605,2.0
40,11.754750695025399,3.0
41,12.367207715610927,0.0
42,12.483502012764758,0.0
43,13.55631411476028,2.0
44,13.611635110563467,2.0
45,13.93355600591973,3.0
46,14.2100304755632,4.0
47,14.575532435802767,3.0
48,15.252770884979357,3.0
49,15.294759197985455,3.0
50,15.58295539778114,2.0
51,15.635230096500187,4.0
52,15.711942385035506,4.0
53,15.741057445178393,3.0
54,16.236007684204292,3.0
55,16.490574007863316,3.0
56,16.51248986894206,3.0
57,17.242834591498198,4.0
58,17.452695195955535,2.0
59,17.759839948162096,4.0
60,17.973841340575348,2.0
61,18.497792005604733,3.0
62,18.499139601589828,3.0
63,18.662074734717724,4.0
64,18.96130449971784,2.0
