,time,event
0,0.7024621647466023,2.0
1,1.387625356013323,2.0
2,1.587720394269211,2.0
3,1.6526653925061576,4.0
4,2.272083214925715,2.0
5,2.3455525272281808,4.0
6,3.0944452068668777,2.0
7,3.163908437091336,3.0
8,3.167733459263228,2.0
9,3.392297869362596,2.0
10,3.6944544711666683,2.0
11,3.997973156316504,2.0
12,4.063977651561587,0.0
13,4.064541896736832,3.0
14,4.698672477420742,3.0
15,4.750164362184594,2.0
16,4.915799650692738,4.0
17,5.174183552171709,2.0
18,5.5711542580681,3.0
19,5.735317213861599,2.0
20,6.45735828428146,3.0
21,6.698380633976848,1.0
22,7.596217425144095,0.0
23,7.650038832380986,3.0
24,7.750168548334813,2.0
25,7.908440037559039,3.0
26,8.202507894687471,2.0
27,8.839302456533712,2.0
28,9.44923876615264,3.0
29,9.539403900031592,3.0
30,9.621763569883313,0.0
31,10.843155482804622,3.0
32,10.891590655173287,4.0
33,10.988820438656905,3.0
34,11.18183991727388,3.0
35,11.667063373182362,2.0
36,12.056976564849451,3.0
37,12.196872131207707,3.0
38,12.385431614764624,2.0
39,13.03288472815268,3.0
40,13.086152457528971,2.0
41,13.259061527956218,2.0
42,13.419760514384427,2.0
43,13.523743563754067,0.0
44,13.744247719791804,2.0
45,14.304015574919227,0.0
46,14.417541183177914,4.0
47,15.031759966140875,2.0
48,16.34798003359599,2.0
49,16.65139811401263,3.0
50,16.968360536992748,0.0
51,17.45202734492493,2.0
52,18.135448161244344,3.0
53,18.460047852396194,2.0
54,19.678479232360324,2.0
55,19.872308364362404,3.0
