,time,event
0,0.06532962337746272,2.0
1,0.16177086820029088,2.0
2,1.0213730139609298,0.0
3,1.0547966194721208,3.0
4,1.0840091718830132,2.0
5,1.4552384627727848,3.0
6,1.469747194457197,3.0
7,1.6731054404488663,2.0
8,1.9157652828389262,2.0
9,2.1510536933469964,3.0
10,2.710123452215794,0.0
11,3.1307044204851517,2.0
12,3.1468667518601023,2.0
13,3.3359521890911443,2.0
14,3.425452180664661,3.0
15,3.497782429873695,2.0
16,4.557709831839752,0.0
17,4.647070410433534,3.0
18,4.8647417321047035,2.0
19,4.921698451491821,2.0
20,5.080709450992347,2.0
21,5.102734787399573,2.0
22,5.351206060876848,3.0
23,6.7804639506419475,2.0
24,7.50262820960768,2.0
25,7.6777161969362595,1.0
26,8.533302368338616,0.0
27,9.019413941438643,2.0
28,10.261285133798676,2.0
29,12.270149874501803,2.0
30,12.45930391830157,2.0
31,12.494029154526974,3.0
32,13.364493938203037,3.0
33,13.522295293973936,2.0
34,13.829220164739922,4.0
35,14.092837897357546,4.0
36,14.15224342344899,3.0
37,14.435574603279429,2.0
38,14.664465710165596,2.0
39,15.386248661287503,2.0
40,15.48597893467311,2.0
41,16.062311940567454,4.0
42,16.06698582385384,0.0
43,16.16393124945332,0.0
44,16.582316628371238,1.0
45,16.59025613663111,0.0
46,17.61037630715266,3.0
47,17.910820337644306,2.0
48,18.04042320333295,2.0
49,18.167404376878814,3.0
50,18.243039153934028,0.0
51,18.616705443134457,0.0
52,19.310424616837743,3.0
53,19.48819537104323,0.0
54,19.592910839648777,0.0
