,time,event
0,0.28916145052955605,2.0
1,0.4945567550743616,3.0
2,1.2444730811840747,2.0
3,1.505831981005323,4.0
4,1.6286244669200025,2.0
5,1.7940865970278073,3.0
6,1.8852709291581862,4.0
7,2.2337046038997093,4.0
8,2.3387843427731854,0.0
9,2.356899986903822,4.0
10,2.869070193798867,4.0
11,2.936401958068199,3.0
12,3.0844769481937084,3.0
13,3.355152242604106,2.0
14,3.582223289308669,3.0
15,4.385085799039336,4.0
16,4.717648674080624,2.0
17,4.789170884212374,3.0
18,5.886930172089801,2.0
19,6.121254547731852,1.0
20,7.1742534194367655,0.0
21,8.594864367012194,3.0
22,8.914032082522995,4.0
23,9.034127980837024,0.0
24,9.15544355663074,0.0
25,9.319759072502062,2.0
26,9.512055030773897,3.0
27,9.59996392696832,3.0
28,9.731559509257425,2.0
29,9.84890217133831,3.0
30,9.939040251127444,3.0
31,10.68864220074631,4.0
32,12.266243013678091,3.0
33,12.822529576503229,4.0
34,12.906464985953786,4.0
35,13.071667187887755,3.0
36,13.493231617778283,3.0
37,13.703660745955982,0.0
38,13.967584974774136,3.0
39,14.11078497180366,2.0
40,14.224443349187812,0.0
41,14.782062910417162,3.0
42,15.09987400018284,2.0
43,15.270412322306983,2.0
44,15.339609417176487,3.0
45,15.548417708134808,4.0
46,16.01684641569878,0.0
47,16.1328829822462,3.0
48,16.341468892311557,2.0
49,16.35231586906291,4.0
50,16.82048451077112,3.0
51,17.694711674913556,4.0
52,17.821728277824,3.0
53,18.31777975054038,1.0
54,18.48082239896512,4.0
55,18.977184877205413,3.0
56,19.13738244142094,3.0
57,19.66773605832371,0.0
58,19.792948755788895,2.0
59,19.80843934644148,2.0
60,19.84454553478641,4.0
