,time,event
0,0.02895722125728233,4.0
1,0.3550098030216252,3.0
2,0.7924500031201451,3.0
3,1.472851655850382,2.0
4,1.975377194425981,2.0
5,2.9695316960643514,0.0
6,3.0732458126582025,3.0
7,3.1060201621163803,3.0
8,3.3457898389072422,3.0
9,4.403893468188552,3.0
10,4.41453321942963,0.0
11,5.303125085878434,3.0
12,5.34631075877862,4.0
13,5.348658938773449,4.0
14,5.4544330324201304,0.0
15,5.511336983273877,0.0
16,6.8768639550648265,3.0
17,6.962141194233944,3.0
18,7.231097855665347,0.0
19,7.26379474265939,2.0
20,7.468443064856703,3.0
21,7.760018233288809,2.0
22,8.250517347134437,3.0
23,8.341198521938795,3.0
24,8.666689445461605,2.0
25,9.139482964983543,3.0
26,9.626165245791782,3.0
27,9.958279770532398,0.0
28,10.167445758537212,2.0
29,10.178372290617789,2.0
30,10.657092964374026,2.0
31,10.991413626997986,2.0
32,11.035418994110046,4.0
33,11.413157197261276,0.0
34,11.542077257255526,0.0
35,11.810455149326133,3.0
36,11.855566295498317,3.0
37,11.866858138992075,2.0
38,11.878596595221671,4.0
39,12.023788953098192,3.0
40,13.483146910461373,3.0
41,14.210879158120875,2.0
42,14.26406571781456,2.0
43,14.515806578903852,2.0
44,15.029588292432685,4.0
45,15.290657904541916,4.0
46,16.380190878025054,0.0
47,17.308774517529127,2.0
48,17.93724685152999,4.0
49,18.43468869197972,3.0
50,18.487098743082118,4.0
51,18.93081235323834,2.0
52,18.97573797634744,2.0
53,19.16851431039056,1.0
54,19.683412655973065,3.0
55,19.76923924214981,0.0
56,19.881292532750425,3.0
