,time,event
0,0.23068899791063022,3.0
1,0.2660410281108378,2.0
2,1.02981457791272,2.0
3,2.0517956705295566,3.0
4,2.3216766705850085,3.0
5,2.4783039704758303,2.0
6,2.579948032843464,4.0
7,2.801862214325147,2.0
8,3.0396712096571665,3.0
9,3.6548364886540337,3.0
10,3.949309474877214,0.0
11,3.9726818390383722,0.0
12,4.712081709995263,3.0
13,5.248816520076546,4.0
14,5.357824939702634,1.0
15,5.609582508406643,2.0
16,6.173802246059721,2.0
17,6.3378830569117595,3.0
18,6.427623500061652,3.0
19,6.436953382442408,3.0
20,6.779865723296937,2.0
21,6.850960631040875,0.0
22,9.14924814577752,1.0
23,9.358300942129917,3.0
24,9.741072927208592,2.0
25,10.334906667853442,4.0
26,10.430877987713586,2.0
27,10.589624207873836,4.0
28,10.679708183707756,0.0
29,11.348561446152642,3.0
30,11.522992165528834,2.0
31,12.29354001588233,3.0
32,12.777696110054151,3.0
33,13.010762799583214,0.0
34,13.385574388276101,2.0
35,13.859366887667901,4.0
36,14.282662628070232,3.0
37,14.543534228453757,2.0
38,15.260132916712484,2.0
39,15.303571551506975,4.0
40,15.807300590395466,3.0
41,15.970723189271279,2.0
42,16.027390749492195,2.0
43,16.172529703608514,0.0
44,16.697402362783013,4.0
45,16.700446762425695,4.0
46,17.000611320877926,3.0
47,17.221456139173835,2.0
48,17.498409829723137,2.0
49,18.73822450254535,4.0
50,18.751230449846428,3.0
51,19.278170048211294,4.0
52,19.879460437164468,2.0
53,19.935561477419586,4.0
