,time,event
0,0.31090669585313685,4.0
1,0.36035142378016327,2.0
2,1.0988155860020026,4.0
3,1.506907226592948,4.0
4,2.345532127741988,4.0
5,2.350056622882413,3.0
6,2.4388067279630685,2.0
7,2.57168704358693,0.0
8,3.515479758274436,3.0
9,3.580591223638879,2.0
10,3.693399198661034,3.0
11,3.702206952615151,2.0
12,3.8693359908470084,4.0
13,3.9766904287805835,2.0
14,4.633562922106986,4.0
15,4.838572827399033,2.0
16,4.960166216853191,4.0
17,5.401132085389617,4.0
18,5.613882195507584,3.0
19,5.656655417506796,2.0
20,5.886633529905431,0.0
21,6.965242813551706,4.0
22,7.076616851579335,3.0
23,7.267356921276878,0.0
24,7.282240656049865,2.0
25,7.686749509170614,2.0
26,8.226574587462366,2.0
27,9.25191157068892,4.0
28,9.444124712776473,3.0
29,11.264542785800842,4.0
30,11.680044066701354,3.0
31,11.9513467762983,4.0
32,12.674012608702181,4.0
33,12.843370361342071,0.0
34,12.959899961784437,0.0
35,13.159546079012818,3.0
36,13.178198838221105,2.0
37,13.391131258598113,3.0
38,13.819039891457258,2.0
39,14.094490172622972,4.0
40,14.195789625856158,3.0
41,14.741115164920211,4.0
42,15.06642393607438,4.0
43,15.203014778290765,2.0
44,15.59921460796322,2.0
45,16.43673640563299,2.0
46,16.884103496876488,2.0
47,17.28318545397794,3.0
48,17.4604888876838,3.0
49,17.544256668224666,3.0
50,18.07059011003382,3.0
51,18.404598110932405,2.0
52,18.735042683930228,2.0
53,18.90276560166865,4.0
54,18.93732594863671,0.0
55,19.232260109610777,2.0
56,19.47375349211551,2.0
