,time,event
0,0.0716009984773212,2.0
1,0.6161587882371767,2.0
2,1.391465357398384,0.0
3,1.9456318607467584,2.0
4,2.2568524731361075,3.0
5,2.290616781565945,3.0
6,2.485117122272398,3.0
7,2.7124250953701408,2.0
8,3.2342485166998785,0.0
9,4.276831204716614,2.0
10,4.6161261412503025,3.0
11,4.703795713829959,0.0
12,4.842071833041013,4.0
13,5.1485301150210265,4.0
14,5.359277862203543,2.0
15,5.821626880966972,4.0
16,5.980094465727167,4.0
17,7.039471759892169,3.0
18,7.471819084675555,4.0
19,7.590366504487869,2.0
20,7.999394867715814,3.0
21,8.001929929000688,3.0
22,8.195183767538264,0.0
23,9.092894594956814,0.0
24,9.34021213082537,2.0
25,9.50309539597536,2.0
26,9.905667995044537,3.0
27,9.949360737124106,0.0
28,10.009700206888905,2.0
29,10.980906599008897,3.0
30,11.418923358852373,2.0
31,11.424767425371206,1.0
32,11.746981819784914,0.0
33,11.773573085607444,3.0
34,12.349508228678905,3.0
35,12.381423282871497,2.0
36,13.111446954219316,2.0
37,13.45738979887652,2.0
38,14.184318294920338,0.0
39,15.01093202733981,2.0
40,15.103808342433192,2.0
41,15.110662880810507,4.0
42,15.170209311552107,0.0
43,15.222909147951734,3.0
44,15.317729723469059,0.0
45,15.356918738436168,2.0
46,15.535434733253851,3.0
47,15.681414017679101,2.0
48,15.72091761965993,3.0
49,15.994888033061471,2.0
50,16.154715660517045,3.0
51,16.207092870095696,4.0
52,16.381862535540037,3.0
53,16.386164429201987,0.0
54,16.634292541376276,2.0
55,16.648335878338308,2.0
56,16.689402958039135,4.0
57,16.921769060360894,2.0
58,17.267550761293446,3.0
59,17.345436143597833,4.0
60,17.685544819709325,2.0
61,17.813110451864624,3.0
62,17.927135813422673,4.0
63,18.44757954450291,3.0
64,18.704404112012245,4.0
65,18.974259813482625,2.0
66,19.21931237469239,3.0
67,19.793457239642485,4.0
68,19.870443883441233,3.0
69,19.95823547303997,2.0
