,time,event
0,0.31394715618676455,2.0
1,0.3373400743483392,3.0
2,0.4646795270120474,4.0
3,1.0725754411549548,2.0
4,1.2231078477598574,2.0
5,2.6789904030130076,2.0
6,2.782183091726131,2.0
7,2.8600340859379583,2.0
8,2.873246278991489,2.0
9,3.952595677330424,2.0
10,4.17171535924282,2.0
11,4.65395118800038,3.0
12,6.396808647002447,3.0
13,7.015054083350737,3.0
14,7.272884202696247,4.0
15,7.326209059944314,3.0
16,7.813063688665129,3.0
17,9.1392127168449,2.0
18,9.266809961886912,3.0
19,9.334195924073592,0.0
20,9.981383088570698,4.0
21,10.163252964976282,4.0
22,11.504639798957115,0.0
23,11.570214013360435,3.0
24,11.636920881595364,2.0
25,12.616934948287572,2.0
26,12.8439502057732,4.0
27,13.05645491338828,0.0
28,14.233710905740082,4.0
29,14.665341874063735,2.0
30,14.962476354722652,0.0
31,15.197569866267681,3.0
32,15.554854403244118,0.0
33,15.984679990019377,4.0
34,16.370696611540268,4.0
35,16.533295440432433,0.0
36,16.544712235155924,2.0
37,16.83441205700639,2.0
38,17.06433973261682,2.0
39,17.11481584344995,2.0
40,17.394341860483646,4.0
41,18.34836379390544,4.0
42,18.54140793644983,2.0
43,18.81244799800256,3.0
44,18.98522442721327,3.0
45,19.463445798233806,3.0
