,time,event
0,0.22688989229508574,2.0
1,0.4814279304030519,2.0
2,0.5253356128115036,4.0
3,0.6256452135063215,4.0
4,0.790105087427788,0.0
5,1.3058053257839697,4.0
6,1.5374272402136462,3.0
7,1.772650598173688,2.0
8,2.056459142345944,4.0
9,2.115292961646626,3.0
10,2.453326528120263,3.0
11,2.5257699259353847,2.0
12,2.656305321964796,0.0
13,3.1666278549444424,4.0
14,3.3923434224296516,3.0
15,3.643691061843327,3.0
16,3.643916193543532,3.0
17,4.104738133179359,3.0
18,4.429190861932843,2.0
19,4.6693010958850305,3.0
20,4.679288432898994,2.0
21,4.7699808236042855,0.0
22,4.796091724397924,3.0
23,5.941578477177172,0.0
24,6.0259393837310276,3.0
25,7.15697463695011,4.0
26,7.220162028794209,3.0
27,7.315133601668881,0.0
28,7.509671215922383,0.0
29,7.676945024202015,4.0
30,7.906996991218444,2.0
31,8.034458269137339,3.0
32,8.25328687748606,3.0
33,8.788800497776522,2.0
34,9.30007063747677,2.0
35,9.535586763268665,2.0
36,9.549566111932334,3.0
37,9.649891648522429,2.0
38,10.092722891926071,2.0
39,10.512140151323331,2.0
40,11.758304470724601,4.0
41,12.2019883296013,3.0
42,12.252273634079083,4.0
43,12.817283653169198,3.0
44,13.484895740701592,0.0
45,13.510127565288514,3.0
46,13.582100931750597,2.0
47,13.713199761238505,2.0
48,13.73641310633924,2.0
49,14.108543337102093,3.0
50,14.412757562310999,3.0
51,14.440512570639246,2.0
52,15.05337778580171,4.0
53,15.090827092644638,4.0
54,15.15713167063476,3.0
55,15.166263033275074,3.0
56,15.353276050093116,2.0
57,15.384827820500474,3.0
58,15.783079402109767,0.0
59,15.881041270052368,4.0
60,16.09170656898366,2.0
61,16.491336633961254,4.0
62,17.037585924744164,2.0
63,17.302544897843596,2.0
64,17.328699532443892,2.0
65,17.700117039950914,3.0
66,17.77392466011521,0.0
67,17.86044935507707,4.0
68,18.154488105351035,4.0
69,18.639090395482985,0.0
70,19.503882463998128,4.0
71,19.64872156269113,2.0
72,19.707302320673044,4.0
73,19.837465997428552,3.0
