,time,event
0,0.3781730802176092,4.0
1,0.654012438158638,3.0
2,0.7203848941090889,2.0
3,1.2774396023261385,0.0
4,1.9789787018152993,4.0
5,2.022922638210738,0.0
6,3.425997108104482,2.0
7,3.448672059777644,3.0
8,3.645055525903026,3.0
9,4.115406782384631,4.0
10,4.284112082386974,3.0
11,4.346349587274116,2.0
12,4.3866094247491265,2.0
13,4.387789548716477,3.0
14,4.4455111532487335,3.0
15,4.784075348231417,3.0
16,5.178449677280163,0.0
17,5.222332902497085,0.0
18,5.700693614510098,2.0
19,6.190878968012485,3.0
20,6.489321126592293,3.0
21,6.606306363901046,2.0
22,6.9146852639285035,4.0
23,7.233124088877329,3.0
24,7.45329944354095,4.0
25,8.003042478469549,3.0
26,8.13282914356317,2.0
27,8.506493216958471,4.0
28,8.837170253241144,0.0
29,9.22808485515731,3.0
30,9.336243378459221,0.0
31,9.684307820525225,2.0
32,10.046211189378766,3.0
33,10.563050406960532,3.0
34,10.675647393386239,3.0
35,10.882398621693767,4.0
36,11.27978399898965,4.0
37,11.342396435793022,3.0
38,11.425334204679986,4.0
39,11.631389177076173,4.0
40,11.979347812660237,0.0
41,12.249099319197155,2.0
42,13.211764122764793,3.0
43,14.05200892410021,2.0
44,14.580841648573596,0.0
45,14.60814433822265,2.0
46,15.01411362601007,3.0
47,15.038956990987435,3.0
48,15.387726984475647,0.0
49,15.859177010612125,2.0
50,15.879703252127605,0.0
51,16.258276546904384,3.0
52,16.68728704122278,4.0
53,17.609826399645264,2.0
54,17.904454981085113,0.0
55,18.290737632524266,3.0
56,18.560997698797088,0.0
57,19.134544145435825,0.0
58,19.28619129879176,2.0
59,19.326488466297295,4.0
60,19.327027236393224,4.0
61,19.601182634166022,2.0
62,19.86195007228337,4.0
