,time,event
0,0.16738752091420106,1.0
1,0.8814347646345464,2.0
2,0.909382473816231,3.0
3,1.2538758733003135,2.0
4,1.546332858913385,3.0
5,1.5569033141226094,2.0
6,3.395977608618086,4.0
7,3.6900477853511724,4.0
8,4.448070730508588,2.0
9,4.734880008709078,3.0
10,5.104533838797615,0.0
11,5.399456049752535,2.0
12,5.427190703767117,2.0
13,6.0219082586166435,0.0
14,6.927674171216931,2.0
15,7.349622674841833,4.0
16,7.668339856605297,3.0
17,8.010864249149535,3.0
18,8.237895339615434,3.0
19,8.333424775035834,2.0
20,9.063736919093309,2.0
21,9.070942467665626,0.0
22,9.148602640607324,4.0
23,9.580923801865914,2.0
24,9.850734404654833,2.0
25,9.870480876684956,2.0
26,9.993471186320521,4.0
27,10.596998693491017,3.0
28,10.847977967319952,2.0
29,10.907148147356311,3.0
30,11.243837906551919,2.0
31,11.292105639137745,4.0
32,11.306868019867252,4.0
33,11.376334763994594,3.0
34,12.343637365033032,2.0
35,12.427535076651209,0.0
36,12.878118385246154,2.0
37,12.99651643423882,2.0
38,13.334728555567068,2.0
39,13.67931337650592,3.0
40,14.172936699822662,4.0
41,14.766229462340055,0.0
42,15.201049133765396,0.0
43,15.556023267397926,0.0
44,15.579900017392752,0.0
45,15.70047042135869,2.0
46,15.7414386058122,3.0
47,15.89688653313835,3.0
48,16.523407871246373,0.0
49,16.52787562429194,4.0
50,16.957505795603346,2.0
51,16.97963860357148,0.0
52,16.99418254921549,3.0
53,17.03204495722937,3.0
54,17.171674308477947,2.0
55,17.501088903605524,2.0
56,17.773142023963455,3.0
57,18.428741640677725,3.0
58,19.987819650096544,4.0
