,time,event
0,0.31270156960058154,0.0
1,0.39207340566139287,4.0
2,0.9386253536512061,3.0
3,1.0460647473279048,0.0
4,1.0884195473482352,3.0
5,1.1567833740297577,2.0
6,1.4140144562119246,2.0
7,1.9679343745674815,2.0
8,2.6935729270791864,0.0
9,2.729114642991244,2.0
10,3.0489259424157495,3.0
11,3.385496472576629,2.0
12,3.6438220210639867,0.0
13,4.190734581438781,2.0
14,4.2743679654088576,3.0
15,4.3584490874127,3.0
16,4.481247293865464,3.0
17,5.209893601009062,3.0
18,5.451432580038814,4.0
19,6.021550008656967,4.0
20,6.270927251127173,0.0
21,6.619678478651781,4.0
22,6.746944625932666,3.0
23,7.6304071994779274,3.0
24,7.686212819807629,0.0
25,7.984821630898575,4.0
26,8.045361952634392,2.0
27,8.060731538879942,3.0
28,8.188597042140504,2.0
29,8.409218438396982,4.0
30,8.702699876621642,2.0
31,9.38498430142611,2.0
32,9.505446272255202,0.0
33,10.026050223065537,3.0
34,10.26398898297858,2.0
35,10.303109451333471,2.0
36,10.457814628091606,4.0
37,11.151075483341726,3.0
38,12.08168792944888,3.0
39,12.138796096719824,0.0
40,12.269288060101147,0.0
41,12.273804313273635,2.0
42,12.448811424562736,3.0
43,12.602866742514118,4.0
44,12.627240292150747,2.0
45,12.79895674178216,2.0
46,14.408119372961096,4.0
47,14.509962176658139,3.0
48,14.666538097844978,3.0
49,15.167613872151723,3.0
50,15.218352508901017,3.0
51,15.302077727654517,3.0
52,16.838870977280763,2.0
53,17.11420467602149,0.0
54,17.173117546499615,0.0
55,18.13085000401462,3.0
56,18.20379935022407,3.0
57,18.369317366981182,0.0
58,18.86020225717789,0.0
59,19.03449132951855,2.0
60,19.079016833646218,3.0
61,19.081759455896723,4.0
62,19.31080549674267,4.0
63,19.36296868220675,3.0
64,19.430339654514995,0.0
65,19.435557758657527,0.0
66,19.47004769116361,2.0
67,19.592295069168344,0.0
68,19.688368597523013,2.0
