,time,event
0,0.06667846636559545,2.0
1,1.137249901674303,2.0
2,1.5063920422751844,3.0
3,1.6419261575253254,1.0
4,2.1551194098108777,2.0
5,2.972803704169587,0.0
6,2.984722543695274,3.0
7,3.065469617065192,3.0
8,3.8281435024610744,2.0
9,4.372643874591135,2.0
10,4.439190029610962,3.0
11,4.5073106864376,3.0
12,4.613008998115768,3.0
13,4.643364767248331,3.0
14,5.235943578952081,2.0
15,5.565077096942183,3.0
16,5.724280463730797,3.0
17,5.752443776432014,2.0
18,6.155811264083014,0.0
19,6.184750232187946,3.0
20,6.226581909310162,3.0
21,6.302031565712842,2.0
22,6.373925972474413,2.0
23,6.591043034693149,2.0
24,7.497386905686135,3.0
25,7.845454746765317,3.0
26,10.594925287255606,3.0
27,10.650720061457577,2.0
28,10.997482906138787,3.0
29,11.29613366010907,2.0
30,12.230246373176021,2.0
31,12.556766980651927,0.0
32,12.956905762735605,1.0
33,14.274524727513793,3.0
34,14.370164770741468,2.0
35,14.437556523385236,3.0
36,14.628690555001794,2.0
37,14.79021827223754,2.0
38,14.831257388051004,3.0
39,14.858372298732592,3.0
40,15.397411244323852,3.0
41,15.403688985930929,2.0
42,17.23857118237061,1.0
43,17.44239770040875,3.0
44,18.227953363250005,1.0
45,18.27311014302725,3.0
46,19.04824325206716,2.0
47,19.461415051176616,3.0
48,19.912221313203208,3.0
