,time,event
0,0.17375402980283616,2.0
1,0.3139957009001155,1.0
2,0.5764285533515223,2.0
3,0.66463580283968,2.0
4,1.863676391206086,2.0
5,2.103103099499925,1.0
6,2.2828090846708213,4.0
7,2.4984542822034306,0.0
8,2.8365496270763573,3.0
9,3.466680438791075,2.0
10,3.8794595453218705,2.0
11,3.9589113932577216,2.0
12,4.445997835478568,2.0
13,5.127325422594691,3.0
14,5.383946739598293,3.0
15,5.505802500354699,0.0
16,5.617300528535636,3.0
17,5.759031601598692,1.0
18,6.239833877720803,2.0
19,6.644851650859374,3.0
20,7.228558848342796,2.0
21,7.389091953599928,3.0
22,7.970699079238863,3.0
23,8.44897833657388,2.0
24,8.543870111069904,3.0
25,9.168781762484528,3.0
26,9.522166680169228,2.0
27,11.00339279311695,2.0
28,11.18282775569441,1.0
29,11.352432602069143,3.0
30,11.45911705489908,1.0
31,11.979489501827736,3.0
32,12.244152162008895,1.0
33,12.326422779446094,4.0
34,13.31927544462703,2.0
35,13.338531745018441,1.0
36,13.543197986043635,2.0
37,13.9311007891872,2.0
38,15.15222294160918,2.0
39,18.006398094931278,1.0
40,18.019573316408376,2.0
41,18.192752477511547,3.0
42,18.6809845788663,3.0
43,19.018991636595246,2.0
