,time,event
0,0.23757092567501928,3.0
1,0.47354410619172577,2.0
2,0.9112958349175463,3.0
3,1.2411035606580125,4.0
4,1.8460404981549339,2.0
5,1.923989929931891,0.0
6,2.176118075363656,2.0
7,2.2205718390766025,3.0
8,2.5423766227722093,3.0
9,2.7208927539646757,3.0
10,3.1725337524195507,3.0
11,3.684832701754653,2.0
12,3.841403113787412,4.0
13,3.9379717989126504,4.0
14,4.098073618728487,0.0
15,4.193120163410431,0.0
16,4.286106026286894,3.0
17,4.825854529586721,4.0
18,5.122640104677103,3.0
19,5.570775512325262,0.0
20,5.929347267070122,2.0
21,6.026847603453869,2.0
22,8.101661432302336,0.0
23,8.387924941354482,3.0
24,8.911712711423615,0.0
25,9.569750459180746,3.0
26,10.037439083233592,4.0
27,10.677463811008028,4.0
28,10.818539698632176,2.0
29,11.040585117078686,2.0
30,11.329994546170129,0.0
31,12.032423457774145,2.0
32,12.619108821018017,2.0
33,12.694339435959897,3.0
34,12.964364392132596,3.0
35,13.29297046212857,1.0
36,13.405835657164927,4.0
37,14.195269917101468,2.0
38,14.853727711194317,2.0
39,15.51261623496096,0.0
40,15.57452560699757,2.0
41,15.723207210576025,4.0
42,16.10379391604325,2.0
43,16.23938268922674,2.0
44,16.2508776324519,1.0
45,16.43502719202048,3.0
46,16.63381661188781,3.0
47,17.048777358810838,2.0
48,17.136480350890608,3.0
49,17.389332646331436,4.0
50,17.430324991646426,2.0
51,18.323727070400793,2.0
52,18.692527320928274,4.0
53,19.54423004603171,1.0
