,time,event
0,0.07943538185607243,3.0
1,0.8921477471278029,2.0
2,1.128207429860759,3.0
3,1.4856672734576977,2.0
4,2.306327709821728,2.0
5,2.5537301171470475,2.0
6,2.712552997612652,0.0
7,3.003551063726111,1.0
8,3.3347593844517602,1.0
9,3.352685874314451,2.0
10,5.009010497470795,2.0
11,5.105277383070243,3.0
12,5.990871316386883,2.0
13,6.016737908043748,1.0
14,6.160313293188387,0.0
15,6.994950829280885,3.0
16,7.999719313658006,2.0
17,8.380963873559873,1.0
18,8.518477190902747,3.0
19,8.592457424202433,3.0
20,8.632307725601851,3.0
21,8.703407310304385,3.0
22,9.1404364833209,2.0
23,9.207869637252912,3.0
24,9.30167850966805,2.0
25,9.674214271517393,3.0
26,10.111383045577195,3.0
27,10.312030416767223,1.0
28,10.426948170955184,1.0
29,10.496483284241549,1.0
30,10.606376250042082,2.0
31,10.903289813052206,1.0
32,11.170022317139937,2.0
33,11.426934335505555,2.0
34,12.039994911767137,3.0
35,12.19989192100286,0.0
36,13.26980553310684,0.0
37,14.111989111880442,3.0
38,14.158778199689642,3.0
39,14.286709366148758,2.0
40,14.546085090788582,3.0
41,14.721531636736938,1.0
42,15.285095719134189,2.0
43,15.58373045764704,2.0
44,15.657128884945493,2.0
45,16.139539747330907,3.0
46,16.28383393692146,2.0
47,18.810495519716707,1.0
48,19.865150814963652,3.0
49,19.868425318794106,4.0
