,time,event
0,1.2604159909344812,3.0
1,1.2983002893281466,2.0
2,1.4478073305788437,3.0
3,1.473726209669411,3.0
4,1.6537859321096262,2.0
5,1.6672087251776075,3.0
6,2.8304820666106396,3.0
7,2.9885732090686017,3.0
8,6.934367828891148,4.0
9,8.19922163672574,2.0
10,8.297997700433307,1.0
11,8.307642810665683,2.0
12,8.329853928677629,3.0
13,8.364912457385875,3.0
14,8.471168313327631,2.0
15,8.511637319173534,0.0
16,8.54585382064091,2.0
17,8.847729336705173,2.0
18,9.64751115790057,3.0
19,9.740437474220757,2.0
20,10.028483866749447,3.0
21,10.241306268262814,2.0
22,10.83556754550866,2.0
23,10.906374007806871,3.0
24,11.372449928425734,3.0
25,11.379733456032275,3.0
26,11.69517737126773,3.0
27,11.9194655883313,3.0
28,11.928913112492554,3.0
29,12.503247025027527,3.0
30,13.547793732079716,2.0
31,14.418689281846767,2.0
32,14.727283968567344,3.0
33,14.75075919672433,2.0
34,16.07037485808607,3.0
35,16.126204143035274,3.0
36,16.420655692876206,2.0
37,17.30045606997238,2.0
38,17.996164248890345,2.0
39,18.63331007212542,2.0
40,18.71135821488337,3.0
41,19.010506074108083,3.0
42,19.11451868043868,3.0
43,19.19696377365749,3.0
44,19.358041656726453,3.0
45,19.556537988890558,3.0
