,time,event
0,0.27326752575206803,1.0
1,0.6817136135885044,0.0
2,1.436297210038627,3.0
3,1.4895032903783807,2.0
4,1.5147685521901022,2.0
5,2.570697763756098,2.0
6,2.597795479847513,2.0
7,2.806947122917244,3.0
8,2.931491602068494,2.0
9,3.9677354541834617,1.0
10,4.355017463054894,3.0
11,4.634552707861811,3.0
12,4.736571254294664,3.0
13,4.824887464040256,1.0
14,5.709068448571532,1.0
15,5.994000977126746,2.0
16,6.366132643196241,2.0
17,7.134241592534549,1.0
18,7.29768404269495,2.0
19,7.445165519113262,0.0
20,8.049023731670703,2.0
21,8.614673746019923,2.0
22,8.790733744314405,3.0
23,8.911947188814763,3.0
24,9.609588038189054,2.0
25,10.180224838134976,3.0
26,10.88733373992598,1.0
27,10.924791817357185,2.0
28,11.24109388232231,3.0
29,11.276025462446595,3.0
30,11.809461305566835,3.0
31,11.897389531042293,2.0
32,12.702406632719926,4.0
33,13.26755557694439,2.0
34,13.489026605153969,2.0
35,13.62829831132435,3.0
36,13.80436669811006,1.0
37,13.840003499190342,3.0
38,14.600520803406548,3.0
39,14.63121046280732,1.0
40,14.867447488558458,3.0
41,14.935939233335313,3.0
42,14.944468815094252,2.0
43,15.26986907539919,3.0
44,15.397878772846912,3.0
45,15.63225218734532,0.0
46,15.667144971893213,0.0
47,16.266792876157904,2.0
48,16.96529524832225,3.0
49,17.043737522481578,4.0
50,17.21161033720447,2.0
51,18.279704723651086,3.0
52,19.328419504003662,3.0
53,19.626660414822346,2.0
