,time,event
0,0.19125811357866054,2.0
1,1.0163773747785831,2.0
2,1.0681852479175737,2.0
3,1.1862680240459595,0.0
4,1.3792249454763401,1.0
5,1.9006327546100903,3.0
6,2.1107663682298954,2.0
7,2.3018199422578047,2.0
8,2.429738627319337,1.0
9,2.7514749652757096,2.0
10,2.9802669012643412,3.0
11,3.450082624896982,2.0
12,3.4554983828575727,2.0
13,3.6190003251435052,2.0
14,3.6713891773494525,3.0
15,3.739610521258908,2.0
16,3.750153631961389,0.0
17,3.8401024464659006,3.0
18,3.9282767301584913,2.0
19,4.910732208315594,1.0
20,5.426536355946291,2.0
21,5.477839168502148,3.0
22,5.5729066395732785,3.0
23,5.703713514820749,2.0
24,6.346717265378853,3.0
25,6.789711718586034,3.0
26,7.4089674786633495,2.0
27,8.829134961041579,1.0
28,9.232537891371317,2.0
29,9.400265463469735,2.0
30,9.908381476023397,0.0
31,10.521861666782105,1.0
32,11.549528910003714,3.0
33,11.798463405037044,3.0
34,11.920582181284068,2.0
35,12.616965621292376,2.0
36,13.647843167858907,3.0
37,13.779368778341246,2.0
38,14.291695134110052,2.0
39,14.30577815428944,3.0
40,15.333932836349497,1.0
41,15.656694545933377,0.0
42,15.760558498633552,3.0
43,15.816870597840916,0.0
44,16.031312250028154,3.0
45,16.435749146068215,2.0
46,16.6072640691481,2.0
47,16.731345592897966,3.0
48,16.811257288160448,3.0
49,16.8522972247393,2.0
50,17.59649572218426,0.0
51,18.435559931268283,3.0
52,18.506244812666,1.0
53,18.86010609042886,2.0
54,19.41003287410938,2.0
55,19.567643723572107,0.0
56,19.581467947813216,2.0
57,19.698526438007296,2.0
58,19.989550690272463,2.0
