,time,event
0,0.05354050787979565,2.0
1,0.6596844430690977,0.0
2,1.5411683843686692,1.0
3,1.544763021441661,2.0
4,1.6108106688378032,2.0
5,1.6549100613398864,3.0
6,1.8530091045601045,2.0
7,2.07112044137773,3.0
8,2.1793509924353818,3.0
9,2.621055139911204,3.0
10,2.642227543645282,3.0
11,2.714759637360826,2.0
12,3.6617724037429684,2.0
13,4.116167176904478,1.0
14,4.9042430264802,3.0
15,4.9813910467387315,3.0
16,5.217681297786893,1.0
17,5.902658900918626,3.0
18,5.914925192922714,2.0
19,6.6424810459468056,2.0
20,7.869736314809823,0.0
21,8.166406677545972,0.0
22,8.646553898392233,1.0
23,8.737779780107772,2.0
24,9.42548133366972,1.0
25,11.265381473682002,3.0
26,11.623464028462804,3.0
27,11.729098699085853,3.0
28,12.581147815097522,2.0
29,12.582940007515964,3.0
30,12.801930377018818,1.0
31,12.81954426852944,3.0
32,13.241773284801756,3.0
33,13.337481669537782,2.0
34,13.660210950195712,3.0
35,14.046049138920898,3.0
36,14.224758358185513,2.0
37,14.323992128586285,3.0
38,14.95286485428306,3.0
39,14.978258930393968,3.0
40,15.096876315913786,2.0
41,15.26368414617909,3.0
42,15.599813782089576,2.0
43,16.05311696963403,2.0
44,16.561675253462333,0.0
45,16.83354198326232,3.0
46,18.574432888792092,1.0
47,18.787932428392544,2.0
48,19.959154816702462,3.0
