,time,event
0,0.23835083727555437,3.0
1,0.9776979508946929,2.0
2,1.3844515772846768,1.0
3,1.7008638919213843,3.0
4,1.8871418797421302,1.0
5,2.465836685815696,3.0
6,2.9530637884181217,1.0
7,4.561020904181397,2.0
8,4.807396319626661,3.0
9,5.17055638723634,3.0
10,5.224246177907169,2.0
11,5.37053950343561,2.0
12,5.653435954692392,2.0
13,5.812828540187986,3.0
14,5.932050220260799,1.0
15,6.036297131311038,3.0
16,6.755750463771871,3.0
17,6.789551620182341,3.0
18,7.348611161503619,2.0
19,7.69214197227552,1.0
20,7.736540029555465,2.0
21,7.831385788666212,2.0
22,7.9876988630464485,2.0
23,8.298459239266117,3.0
24,9.01191670938903,2.0
25,9.041674135110714,3.0
26,9.16821247262975,3.0
27,9.726095347730512,3.0
28,10.124109551043466,1.0
29,11.068201786313479,2.0
30,11.29879415724234,2.0
31,11.451476957640415,2.0
32,11.800008006714481,2.0
33,11.834917210580613,0.0
34,11.895836857862026,3.0
35,12.871164066327644,3.0
36,14.034000025742687,2.0
37,14.230975409130908,2.0
38,15.4080913466486,1.0
39,15.418129317725985,3.0
40,15.440897101573073,3.0
41,16.347305051210128,3.0
42,16.721851281404028,1.0
43,16.74978504374998,2.0
44,17.846143150555356,3.0
45,18.57164724919151,1.0
46,18.807873137453665,3.0
47,19.017408158191017,2.0
48,19.482313202488154,1.0
49,19.57781093833261,0.0
50,19.75621148231975,2.0
51,19.839230070321157,0.0
