,time,event
0,0.8696320064276145,3.0
1,0.8964054515634132,2.0
2,1.3504011284946609,2.0
3,1.7347151469953206,3.0
4,1.7936992751362524,2.0
5,3.068551696742081,3.0
6,3.4551282998558848,3.0
7,3.7802419879877274,0.0
8,4.2731685440305345,0.0
9,4.912430831437209,1.0
10,5.522818600517705,3.0
11,5.689843935932796,1.0
12,6.337469782913056,1.0
13,6.637357808955058,0.0
14,6.8874559190406,3.0
15,6.889324010001225,2.0
16,7.101965393927524,3.0
17,7.142004785921835,3.0
18,7.264384071129933,3.0
19,7.525147672316151,3.0
20,7.758496728160514,1.0
21,8.902699795385988,2.0
22,9.32506865204486,3.0
23,9.359551184271465,2.0
24,10.316843750818448,2.0
25,10.699126394252321,2.0
26,11.68079873562778,2.0
27,12.00017661148893,2.0
28,12.228429889019417,3.0
29,12.74229933383328,3.0
30,12.798507703308948,2.0
31,15.790689266748089,1.0
32,16.013250069814042,1.0
33,16.305863696223103,1.0
34,16.535719553609656,3.0
35,16.914455382112553,2.0
36,16.96840552011445,3.0
37,17.671290073426036,2.0
38,17.88597489779241,3.0
39,18.67487147752237,3.0
40,18.69884111346333,3.0
41,18.80006273862633,3.0
42,19.14281078296027,3.0
43,19.1502030665651,0.0
44,19.495698368886107,3.0
