,time,event
0,1.3039239466018193,3.0
1,1.368247931078326,3.0
2,1.5813499150940198,2.0
3,1.9139763457033498,3.0
4,1.9234797405979516,3.0
5,2.5489387391236136,3.0
6,2.7773301439799,1.0
7,4.393536237402461,2.0
8,4.62196067586629,2.0
9,4.747775805258808,0.0
10,5.077531521336986,2.0
11,5.193166226774278,0.0
12,5.286394359092914,3.0
13,5.322049542247109,1.0
14,5.333859557497923,3.0
15,5.392132705970502,1.0
16,5.613645711823171,2.0
17,5.995102313263339,3.0
18,6.112802400008923,3.0
19,6.472330396450723,2.0
20,6.8705043999873325,2.0
21,6.909485896150242,3.0
22,7.513870453043883,3.0
23,8.877712170165532,2.0
24,8.976518716605288,1.0
25,9.07219080986908,1.0
26,9.25209296162588,0.0
27,9.491210033457756,2.0
28,9.74806242063677,3.0
29,9.960443156699812,1.0
30,10.552276898260647,2.0
31,10.608745253443576,3.0
32,10.634289450639063,3.0
33,10.654598098094977,2.0
34,11.694783813516736,0.0
35,12.766523313645125,3.0
36,12.984299682363815,2.0
37,12.992497899112129,2.0
38,13.844933765077949,3.0
39,13.913652288499039,2.0
40,13.954210397430298,3.0
41,14.416429046028746,3.0
42,16.29396502249829,2.0
43,16.334791520234575,3.0
44,16.351678378496853,3.0
45,17.109965219021415,2.0
46,17.16678305697099,3.0
47,17.24983007201914,2.0
48,17.329193881687722,1.0
49,17.590801920429797,2.0
50,17.965444957419024,1.0
51,17.99811879323759,0.0
52,18.134459218955804,3.0
53,19.584235482425104,0.0
