,time,event
0,0.20076584466409178,1.0
1,0.27431393543565064,2.0
2,1.151696620284319,3.0
3,1.2566006189618935,2.0
4,1.635079302895023,3.0
5,1.6712513836702392,1.0
6,2.3143292173252297,2.0
7,2.319883082582505,0.0
8,2.5580935261491877,2.0
9,3.008300953848101,3.0
10,3.6314091588230153,3.0
11,3.7996033675991843,3.0
12,4.102959743692088,2.0
13,4.920821024655556,3.0
14,5.203872653974345,0.0
15,5.405249625495311,0.0
16,5.60297849971356,1.0
17,8.214114936729748,3.0
18,9.084630862904282,2.0
19,9.235374000421361,1.0
20,9.67315293196343,2.0
21,9.960271772899983,2.0
22,10.44512803022149,2.0
23,10.560955343935797,3.0
24,10.737970861139797,1.0
25,11.054064809968839,4.0
26,11.071007242644848,2.0
27,11.656831265790824,2.0
28,12.652558539413608,3.0
29,12.76231412713546,3.0
30,12.844096136580635,3.0
31,13.61224074921671,2.0
32,13.927506837172325,1.0
33,14.413870720770397,3.0
34,14.53975803398594,2.0
35,14.680587122765852,3.0
36,14.94646008885928,3.0
37,15.257394392984303,3.0
38,15.379970897123563,3.0
39,15.835256934765466,2.0
40,15.95620382363236,2.0
41,15.968660011395082,1.0
42,16.06839605970242,2.0
43,16.50065036962989,3.0
44,16.53572120653001,3.0
45,16.692390549424765,2.0
46,17.038402204120736,1.0
47,17.206186082469756,3.0
48,17.525281437808975,3.0
49,17.91221200399314,2.0
50,18.065011003364358,2.0
51,18.54712515155517,3.0
52,19.358989170108853,1.0
53,19.422325488044756,2.0
54,19.77881408355092,0.0
55,19.870676642560742,1.0
