,time,event
0,0.33338983127418903,3.0
1,0.43832263675455707,2.0
2,0.8379825536870523,3.0
3,1.0251496110118987,2.0
4,1.5596579452601045,3.0
5,1.8454360237529153,3.0
6,2.0072646611625524,3.0
7,2.2828971187262947,3.0
8,2.6648455366195667,3.0
9,2.7276945396224295,3.0
10,3.8042417859104347,2.0
11,3.8395521856527832,3.0
12,4.068461691124978,3.0
13,4.387997576114237,2.0
14,4.601472829319992,3.0
15,4.985739025046413,1.0
16,5.090617010404644,3.0
17,5.2189643894580735,2.0
18,5.659800071619702,0.0
19,5.668409242036987,2.0
20,6.033924293982682,3.0
21,6.294790716011432,2.0
22,6.310577514015021,2.0
23,6.359961688214633,3.0
24,6.9608449458724815,2.0
25,7.148275959467246,3.0
26,7.14828873481834,2.0
27,7.155383369157459,3.0
28,7.601147009550561,3.0
29,8.141638445765645,2.0
30,8.28262569162083,3.0
31,8.386613002198393,3.0
32,9.221168856035353,1.0
33,10.626890459959764,2.0
34,11.059667246936455,2.0
35,12.469961838791814,4.0
36,12.859856214046749,2.0
37,13.565215609426085,0.0
38,14.539591770802017,2.0
39,14.784329124176168,3.0
40,14.95584230434512,1.0
41,15.246583007288377,3.0
42,15.276513423586419,2.0
43,16.395068776390865,3.0
44,16.523082697650473,3.0
45,16.54636094514945,2.0
46,16.777412197907946,2.0
47,16.824391594446237,3.0
48,17.60067252590664,2.0
49,17.797476476746755,1.0
50,18.389603192545746,3.0
51,18.73461642865857,1.0
52,18.737070831011458,3.0
53,18.768285379317714,3.0
54,18.813884709584116,0.0
55,19.045999766280758,3.0
56,19.600751740844164,2.0
57,19.96128050244557,3.0
