,time,event
0,1.2141635299388926,2.0
1,1.408182837684141,0.0
2,1.6504368825312927,3.0
3,1.962677550015046,1.0
4,2.6615221212310862,1.0
5,2.84567929392165,2.0
6,2.9166400710364067,3.0
7,3.925038600104371,2.0
8,3.94697390217571,1.0
9,3.9934106802516873,1.0
10,4.1508725167199145,3.0
11,4.736699465413794,2.0
12,4.876566771267837,3.0
13,5.419730223501324,2.0
14,5.922396507519863,1.0
15,6.155321237899043,2.0
16,7.002527135689815,3.0
17,7.288162992285882,3.0
18,7.790190226986968,2.0
19,8.287358334323262,3.0
20,8.74072307332338,2.0
21,9.087917813020027,1.0
22,10.058851743914417,3.0
23,10.215412706955782,1.0
24,11.233582504471856,3.0
25,11.591673244565877,3.0
26,11.602911545395278,2.0
27,12.069121159701442,3.0
28,12.07929296850917,3.0
29,13.029026176228724,4.0
30,13.106328521495957,1.0
31,13.33378158610768,3.0
32,13.645976015117263,0.0
33,13.88804008980567,3.0
34,14.270119331073788,3.0
35,14.626873637777523,2.0
36,14.744014469215609,2.0
37,15.481722177398522,2.0
38,15.894061420522878,1.0
39,16.58715603501261,1.0
40,17.012585342138504,2.0
41,17.203698661117112,3.0
42,17.664155216917898,1.0
43,18.033355609886474,1.0
44,18.581594146654904,3.0
45,19.05803570701747,3.0
46,19.63397125041843,3.0
47,19.91768480124751,1.0
