,time,event
0,0.5196297820914755,3.0
1,1.0304683979476608,3.0
2,1.3158880242978723,3.0
3,1.4139704309884598,2.0
4,1.4773889295214169,2.0
5,2.157422747921771,3.0
6,2.3755789920569157,3.0
7,2.857512165679492,2.0
8,3.2208532946855444,3.0
9,3.6830789573732594,0.0
10,3.6896020099602813,4.0
11,4.488393371337219,2.0
12,5.459029328088976,3.0
13,6.205992421668229,2.0
14,6.514367495839975,3.0
15,6.6792987932811805,3.0
16,6.9257555018866785,1.0
17,6.943598396716131,2.0
18,7.167528792695148,1.0
19,7.195706118827665,3.0
20,8.501394181973343,2.0
21,8.740278258061474,1.0
22,9.028248096172797,3.0
23,9.78738451457919,3.0
24,10.041362886120291,1.0
25,10.1877478863866,1.0
26,10.659784241354727,0.0
27,11.12653604023274,3.0
28,11.141642838091789,3.0
29,12.954793084849658,3.0
30,12.98766576990655,3.0
31,13.19616712129343,2.0
32,14.517071295696363,1.0
33,15.05491522670392,3.0
34,15.141803819273267,3.0
35,15.99968163405515,2.0
36,17.915355476005168,3.0
37,18.019241998028733,1.0
38,19.335216032027933,2.0
39,19.78930311522071,2.0
40,19.79173675813187,0.0
