,time,event
0,0.14038326401964824,3.0
1,0.8789094269614786,2.0
2,1.118173436139335,3.0
3,1.470588888855305,3.0
4,1.8535792872310881,2.0
5,2.1562924910711163,3.0
6,2.4982564003100816,2.0
7,2.846957501382751,2.0
8,3.368212341389775,3.0
9,3.8113741823407805,3.0
10,4.003710843736101,3.0
11,4.7335104000229915,3.0
12,5.263647910270193,3.0
13,5.6411108144506175,2.0
14,5.681468971992226,3.0
15,5.735515022706573,3.0
16,6.035766858938662,1.0
17,6.345001199132345,2.0
18,6.380084213875231,3.0
19,6.884079847472238,2.0
20,7.172919719029091,2.0
21,7.175879076297447,2.0
22,7.238183595953077,2.0
23,7.284658960664922,1.0
24,7.373044531667421,3.0
25,7.711390508768178,2.0
26,8.09761009686884,1.0
27,8.5504686884065,2.0
28,9.212799499354256,3.0
29,9.829812426168898,2.0
30,10.165014059892483,2.0
31,10.337432111940586,1.0
32,10.69345241774073,0.0
33,10.876206215751182,2.0
34,11.070023329278213,3.0
35,11.223830933101453,3.0
36,11.513609844886231,1.0
37,13.58360644855956,2.0
38,13.795755291347387,3.0
39,13.896387118339598,3.0
40,13.956767516275198,3.0
41,15.173023628006446,2.0
42,15.296011158312526,3.0
43,15.59253394049014,3.0
44,16.51679906103186,3.0
45,16.638748612861537,2.0
46,16.659619226257814,2.0
47,16.708039899140434,1.0
48,17.059535542897716,2.0
49,17.180605881380853,1.0
50,18.076950560510777,3.0
51,18.461776585413116,1.0
52,18.623550310743706,2.0
53,18.628538051088764,0.0
54,19.117100619116453,2.0
55,19.96767660574697,1.0
