,time,event
0,0.050092078743528466,2.0
1,0.5223992518729783,0.0
2,1.085009858348496,3.0
3,1.1825612280295004,3.0
4,1.301543622870386,1.0
5,3.207231387876015,2.0
6,3.8568060818195673,3.0
7,5.466929703259204,1.0
8,6.475148376457707,2.0
9,7.955546081255398,3.0
10,7.99162775551749,1.0
11,8.246510974986911,2.0
12,8.360607122760692,4.0
13,8.394185875748354,2.0
14,8.612476051829903,3.0
15,8.790381812887246,3.0
16,9.497594921315738,1.0
17,9.691340038891461,2.0
18,9.728125296281263,3.0
19,9.858694772239113,2.0
20,10.130134532964625,3.0
21,10.53489128401491,4.0
22,10.566607045839376,1.0
23,10.648205817292519,3.0
24,11.084186891194111,2.0
25,11.378947434151373,3.0
26,11.646644035120039,3.0
27,11.847100215163314,2.0
28,12.385786003102229,2.0
29,12.633190558928883,0.0
30,12.648092402305547,3.0
31,13.681090981708198,2.0
32,14.300835057798297,3.0
33,14.532842255373724,3.0
34,14.569754421379347,3.0
35,14.759827607139385,0.0
36,15.485352837386358,0.0
37,15.52723172802561,3.0
38,15.831663497864119,2.0
39,16.344569330381006,2.0
40,16.600896352855493,2.0
41,17.12975687298425,2.0
42,17.240941653178947,2.0
43,17.300114316628584,3.0
44,17.63613628858332,2.0
45,17.90476792493277,3.0
46,18.915465800458474,1.0
47,19.62322536191174,1.0
48,19.624812040889736,3.0
