,time,event
0,0.9799056987161296,2.0
1,1.503899435716832,2.0
2,1.9717452778418103,2.0
3,2.0665583512837293,2.0
4,2.2869079495945432,3.0
5,2.6799167964752235,3.0
6,3.2693915577247035,3.0
7,3.573439651282765,2.0
8,3.852463503733753,3.0
9,3.944353054372467,2.0
10,4.537608150076302,1.0
11,4.667609184994792,3.0
12,4.8515802182895325,2.0
13,5.502424591053972,3.0
14,7.0089054119011465,2.0
15,7.651338497373004,2.0
16,8.452202565696725,3.0
17,9.933997026131081,3.0
18,10.14503989298717,2.0
19,10.208116100182398,2.0
20,10.810648619505082,3.0
21,11.30296348330459,2.0
22,11.365183441398823,1.0
23,11.728084378129735,1.0
24,12.093537957873304,3.0
25,12.405528798766696,3.0
26,13.427843273264694,1.0
27,13.90296585435415,3.0
28,14.018895292186443,2.0
29,14.096133425114706,1.0
30,14.715028029448066,3.0
31,14.831254522698192,0.0
32,14.959228653120938,3.0
33,15.382546683156722,3.0
34,16.197042408151013,0.0
35,16.436422942510468,0.0
36,17.24536133193173,3.0
37,17.587975636558816,4.0
38,18.04460360726765,0.0
39,18.43234666736557,3.0
40,19.02976886049162,1.0
41,19.229119236478642,3.0
42,19.732651946323873,0.0
43,19.749980257552895,0.0
44,19.83707811189644,2.0
