,time,event
0,0.2112804168735974,2.0
1,1.1271374520363067,3.0
2,1.1598323389047598,3.0
3,1.999801011048374,2.0
4,2.9777959001329255,3.0
5,4.1396523383701815,2.0
6,7.319171946759261,3.0
7,7.699136609266652,3.0
8,8.038952617592866,3.0
9,8.380619733001614,2.0
10,8.51229407436242,1.0
11,9.099136469099927,3.0
12,9.139812209164065,2.0
13,9.17268117069419,3.0
14,9.318834840748398,3.0
15,10.10249002806919,2.0
16,10.260951085023821,3.0
17,10.658362899172868,3.0
18,10.681411794541368,3.0
19,11.038080966255134,3.0
20,11.226296871636663,2.0
21,11.244825571045432,3.0
22,11.439683849024291,3.0
23,11.686035199931244,2.0
24,12.762523455228202,3.0
25,12.896273397675353,2.0
26,12.96631344502782,1.0
27,13.001076471655313,3.0
28,13.366097278977554,2.0
29,13.588184341381009,1.0
30,13.615488673234921,3.0
31,13.780339217905683,1.0
32,14.206620495054773,0.0
33,14.270993557963855,2.0
34,14.353773564565971,1.0
35,14.931781889269425,3.0
36,15.322967676758687,3.0
37,15.924455346136577,2.0
38,16.003090385003173,0.0
39,16.541465717218905,3.0
40,17.15889527927525,3.0
41,17.20477978226454,1.0
42,17.27809635545179,2.0
43,17.723821861484872,2.0
44,17.74343087512728,3.0
45,18.45428561541418,2.0
46,18.965341888479784,1.0
