,time,event
0,1.2800288454324869,2.0
1,2.344519943735171,3.0
2,3.1196483624198077,3.0
3,3.932535631012666,3.0
4,4.016841747926153,1.0
5,4.376848153655729,2.0
6,5.031107341023148,2.0
7,5.255756366068876,3.0
8,5.501552949281234,3.0
9,5.527681722741934,2.0
10,5.727568785549749,3.0
11,6.0045546585757865,3.0
12,6.056261848638214,4.0
13,6.079474339395627,3.0
14,6.3806513602021155,0.0
15,7.0090662316395385,3.0
16,7.232077173888559,3.0
17,7.599411048928793,2.0
18,8.650697101395538,2.0
19,9.103990533668426,1.0
20,9.657947877957872,3.0
21,10.518255426492015,2.0
22,11.274463451263752,1.0
23,11.388249769451434,0.0
24,11.495514802220299,2.0
25,11.540986736692657,3.0
26,11.943228616778992,1.0
27,13.584051150518661,1.0
28,13.982289017488378,2.0
29,14.147538622359493,3.0
30,14.508616206241697,2.0
31,14.562883399466953,3.0
32,14.951327105602124,2.0
33,15.06118996834555,3.0
34,15.913777921514491,2.0
35,15.916097444643407,3.0
36,16.46840301134658,3.0
37,16.837869957678087,2.0
38,17.01263200181504,2.0
39,17.772443899872048,0.0
40,18.12832317274838,3.0
41,18.2612041221534,1.0
42,18.44013326627144,2.0
43,18.747184674948038,2.0
44,19.067631725430267,2.0
