,time,event
0,0.08548102667742705,3.0
1,0.5689107571606691,2.0
2,1.019882907930941,2.0
3,1.2363252382740864,1.0
4,1.5619073053548944,2.0
5,3.0188407335178953,1.0
6,3.2164940697420534,3.0
7,3.354902319306396,2.0
8,3.357232945904925,3.0
9,3.4043668535870335,4.0
10,3.4443187015901686,3.0
11,3.815754417539325,3.0
12,4.082330664751938,2.0
13,4.754449779650065,1.0
14,4.9541192150705164,1.0
15,5.86426185751095,3.0
16,6.281693698670667,2.0
17,6.563181368339525,3.0
18,7.080458282998389,0.0
19,7.964242222998117,1.0
20,8.083477987728736,1.0
21,8.10773875804569,2.0
22,8.540456795302847,3.0
23,8.981385521978842,2.0
24,9.168698955175216,2.0
25,9.47787373130777,3.0
26,9.98238311435276,2.0
27,9.985059050658952,2.0
28,10.021040816479259,3.0
29,10.372236787790118,1.0
30,10.745379460205722,0.0
31,11.20707352848969,3.0
32,11.50470736517471,2.0
33,12.150404549630878,3.0
34,12.721377553965478,3.0
35,12.883173237615232,2.0
36,13.244004241276091,2.0
37,13.99674581467846,2.0
38,14.162257884822566,2.0
39,14.20343552499819,1.0
40,14.772802912263863,1.0
41,14.801888917996068,2.0
42,14.810767476880088,4.0
43,15.533628098762458,2.0
44,15.913330344391724,0.0
45,16.400733028797244,3.0
46,16.801100149873697,3.0
47,16.934129541975558,2.0
48,17.200929012793825,1.0
49,17.826919320012276,2.0
50,18.632974649941204,3.0
51,18.728129661511936,3.0
52,19.468358373196093,3.0
53,19.500379031647793,3.0
54,19.80183970772426,3.0
