,time,event
0,0.2710709979156161,2.0
1,0.38378378644864053,1.0
2,0.5146944652357879,3.0
3,1.4199171446426497,2.0
4,1.9871875251315898,3.0
5,2.732443910410069,2.0
6,2.908493896865204,2.0
7,4.151559991960984,3.0
8,5.4058113586311505,3.0
9,5.631584172262381,2.0
10,5.643793678130075,3.0
11,5.8210455839148185,2.0
12,6.30428193217039,3.0
13,6.50497931493914,2.0
14,6.980955128845508,1.0
15,7.559375080452694,3.0
16,7.976117263060812,2.0
17,8.057690388776068,2.0
18,8.586467649372855,3.0
19,8.705540183450742,2.0
20,10.05721880991203,3.0
21,10.437022093303606,3.0
22,10.644516498843618,2.0
23,10.989920448070775,2.0
24,11.134466435740165,2.0
25,11.50622557146633,1.0
26,11.86580244274772,2.0
27,12.044229516380204,2.0
28,12.19088569284321,2.0
29,12.649439183895625,2.0
30,13.08509781344641,2.0
31,13.648840984860998,1.0
32,13.763899250514179,3.0
33,14.636867996533502,1.0
34,14.873820235600773,4.0
35,15.750888389448228,3.0
36,15.829938781151561,3.0
37,15.848513223176898,3.0
38,16.1721217617529,3.0
39,16.624272142805385,3.0
40,17.320669784553495,2.0
41,18.175095134353146,3.0
42,18.4187795885838,2.0
43,18.68355224153472,2.0
44,18.736280612677497,3.0
45,18.79403160209032,3.0
46,19.102678429774578,3.0
47,19.173570338906945,2.0
48,19.20394853692225,3.0
