,time,event
0,0.12089796338183209,2.0
1,0.5387562456483044,3.0
2,0.590461681643414,2.0
3,0.6013642209614715,3.0
4,0.7234422314781508,2.0
5,1.4564618339290054,3.0
6,1.4665249010595216,2.0
7,1.9679364435509095,2.0
8,2.2703135068414646,3.0
9,2.979912752465739,3.0
10,3.2168548016629854,2.0
11,4.928816796582335,3.0
12,5.9370120624319105,0.0
13,5.959813861929904,3.0
14,6.263077789397748,3.0
15,6.389990249697207,1.0
16,6.686350307532591,3.0
17,7.653431111100501,3.0
18,8.079971961882459,3.0
19,8.351085076237442,2.0
20,8.724086211309835,1.0
21,8.811078559950081,2.0
22,9.687833329587345,3.0
23,10.505913526901638,2.0
24,11.202956750594543,3.0
25,11.589006948472555,2.0
26,12.298552274523725,2.0
27,12.304912864514657,1.0
28,12.58422979407681,3.0
29,12.772417620232245,3.0
30,13.26909269856613,2.0
31,13.43717872724711,2.0
32,13.797469463635627,3.0
33,14.153517683599194,2.0
34,14.166115886101007,3.0
35,14.746927611343828,3.0
36,15.015659997728308,1.0
37,16.147089496040294,2.0
38,16.527222504911204,3.0
39,17.018647794271846,0.0
40,17.296462077705947,3.0
41,17.501887682463042,2.0
42,18.215619606893256,3.0
43,18.272309423859372,1.0
44,18.59832348901054,1.0
45,18.878802770869996,3.0
46,19.912262705096825,3.0
