,time,event
0,0.5682002182451278,3.0
1,0.5685931593322052,4.0
2,1.4296709565462953,2.0
3,1.5198237021632035,3.0
4,1.6258017878703799,3.0
5,1.7781384865565117,0.0
6,2.0163475733355187,4.0
7,2.706896860978846,4.0
8,2.7117542918288016,2.0
9,2.8896961775352747,4.0
10,3.3702278679215327,2.0
11,3.8853170795983702,2.0
12,4.194911439972285,2.0
13,4.800441783186308,3.0
14,4.820596402866533,3.0
15,4.83874297153782,2.0
16,4.851501373782912,3.0
17,5.4303252098757895,3.0
18,5.674626250830677,2.0
19,5.725188190760353,0.0
20,5.73320293020949,3.0
21,6.520715681842669,2.0
22,6.567503000569751,4.0
23,6.894265436555081,0.0
24,7.193831494588373,2.0
25,7.429627618427792,4.0
26,7.619474543518097,0.0
27,8.308768579624594,1.0
28,10.225401127709828,3.0
29,10.65582750023634,4.0
30,11.102149594388012,2.0
31,11.114223656431752,0.0
32,12.326090444144183,2.0
33,12.377452030415911,0.0
34,12.394272740761885,2.0
35,12.510361349036193,2.0
36,14.19945180701706,4.0
37,14.471752973921634,0.0
38,14.782341585770125,3.0
39,14.827119103548307,4.0
40,15.103337854022623,2.0
41,15.378270036323855,2.0
42,15.806899294705842,4.0
43,16.03242248552145,0.0
44,17.147043275779787,0.0
45,17.256188711646377,4.0
46,17.2947821453036,3.0
47,17.731937051524277,2.0
48,17.771667599658212,3.0
49,17.77182882134639,3.0
50,18.15414872986812,1.0
51,18.462733807894125,4.0
52,18.71201813737406,2.0
53,18.726713929888827,3.0
54,18.73550287420918,3.0
55,18.949389538561423,2.0
56,18.98074359414354,3.0
57,19.20558954480005,4.0
58,19.842916750699413,0.0
59,19.96665909677175,2.0
