,time,event
0,0.010304035719008594,2.0
1,0.05812209629517166,3.0
2,0.0765139263092042,1.0
3,0.44049583446011553,0.0
4,1.069141199455649,2.0
5,1.2219144358446035,1.0
6,1.4778669634166532,1.0
7,1.5325828323593413,2.0
8,1.5328854635185443,3.0
9,4.009365542904556,2.0
10,4.60758212662942,3.0
11,4.83458654392443,1.0
12,4.864439785293863,3.0
13,5.290706414125488,0.0
14,5.4299633295739556,2.0
15,5.627319064613572,2.0
16,6.125433544918212,2.0
17,6.148553948953527,2.0
18,6.755079470773229,0.0
19,6.924525033644806,2.0
20,7.1868020452408725,2.0
21,7.270845429732055,3.0
22,8.128701593955029,2.0
23,8.26800977709849,4.0
24,8.31924825853722,2.0
25,8.604329474228514,4.0
26,9.678177147258449,3.0
27,10.771727091195848,3.0
28,10.821304100373291,2.0
29,10.902706565889726,2.0
30,11.345513943114245,3.0
31,11.380104542082993,3.0
32,11.539136957008678,3.0
33,11.668161326207835,2.0
34,11.816538046498488,3.0
35,11.902672205370521,1.0
36,11.977160812401019,3.0
37,12.516012599432312,1.0
38,12.61679108774836,0.0
39,13.643477812702503,3.0
40,13.916792991542438,0.0
41,14.104090892618306,3.0
42,14.417248476385321,3.0
43,14.964629227581437,2.0
44,14.965390366672544,1.0
45,16.50179506367429,3.0
46,16.74094895954665,2.0
47,16.818343177286952,2.0
48,16.895114324819335,0.0
49,17.21305715550704,3.0
50,17.226525433085044,2.0
51,17.99733195151927,2.0
52,19.439783545560694,2.0
53,19.985122054181794,3.0
