,time,event
0,0.7458775207473566,2.0
1,0.9109090280397334,2.0
2,1.5793827680779038,3.0
3,2.1673523174508365,2.0
4,3.20613089743223,3.0
5,3.683797748949179,2.0
6,4.271013534739775,2.0
7,4.610586712264951,3.0
8,4.972350256424894,3.0
9,5.0449481428605205,2.0
10,5.359587206405881,3.0
11,5.617107442477558,2.0
12,5.813353562311369,3.0
13,6.0343266332176855,3.0
14,6.4300775132495085,2.0
15,7.391209712415642,1.0
16,7.690644296775327,3.0
17,7.756339217051889,2.0
18,8.0873532554058,3.0
19,8.571172831398203,1.0
20,8.682324776176152,1.0
21,9.273769325670703,2.0
22,9.30012546035479,3.0
23,10.706378896786811,3.0
24,11.03679249672999,3.0
25,11.553426806138964,1.0
26,11.738488519096814,3.0
27,12.034696656684519,2.0
28,12.373927208298374,2.0
29,12.472916274608563,2.0
30,12.736636123362713,2.0
31,12.787268380633192,2.0
32,13.263536915976605,1.0
33,15.819770559444695,3.0
34,15.961709807036192,3.0
35,16.244466140136836,2.0
36,16.325314522160696,2.0
37,17.203168445252935,2.0
38,17.277587059822423,2.0
39,17.455982306347913,0.0
40,17.473245488701888,3.0
41,17.569241159511975,2.0
42,17.97226504795046,1.0
43,18.31138886842975,2.0
44,18.77675021040781,2.0
45,19.490937058300972,1.0
46,19.580546555506242,1.0
