,time,event
0,2.8190443717676543,2.0
1,2.9664227710165316,3.0
2,3.599281533528762,4.0
3,3.934886887506388,4.0
4,4.022348914698146,3.0
5,4.408237207030625,2.0
6,4.518712898724469,1.0
7,5.0450805493522495,1.0
8,5.398138950771144,2.0
9,5.661054908431113,3.0
10,6.058909359843773,1.0
11,6.42130020403097,3.0
12,6.49946338216332,0.0
13,6.57530619671733,2.0
14,6.6685756899103295,2.0
15,7.18100113419144,2.0
16,7.896363029456789,3.0
17,9.057145327090142,3.0
18,10.871546594402917,2.0
19,10.929198139199524,2.0
20,11.055411391325984,2.0
21,12.088984077861886,2.0
22,12.392104644569494,1.0
23,12.83991473311924,2.0
24,12.994341708693332,0.0
25,13.08638378391291,1.0
26,13.222594053145764,3.0
27,13.264621287958558,2.0
28,13.400711471337706,3.0
29,14.553153998397308,2.0
30,14.940874498948535,3.0
31,14.991003594842537,2.0
32,15.06254577456106,3.0
33,16.12386543511819,1.0
34,16.17124136992091,2.0
35,16.506271245136602,0.0
36,17.611837343282854,3.0
37,18.17610269716434,2.0
38,18.69494851822325,2.0
39,18.97483399429262,1.0
40,19.11730888437912,1.0
41,19.36954870783667,0.0
42,19.8199214416342,1.0
43,19.94626682536944,2.0
