,time,event
0,0.2320994515959433,3.0
1,0.9551793641235593,0.0
2,1.6854854865749278,2.0
3,1.89892807793221,1.0
4,3.565822850713494,4.0
5,4.010542292925247,2.0
6,4.171576712325018,1.0
7,4.237289138649966,2.0
8,4.57435624330196,1.0
9,4.590562353742866,3.0
10,4.604721730260454,3.0
11,5.104350125592444,3.0
12,5.129764554602061,3.0
13,6.147839629010413,3.0
14,6.251104155821389,4.0
15,7.851258765719292,2.0
16,8.683841454232729,2.0
17,9.315624372950062,2.0
18,9.407216411892453,3.0
19,9.889283276832396,2.0
20,10.093913997381014,3.0
21,10.57330274659278,3.0
22,10.781465021381557,2.0
23,10.80780269592943,2.0
24,10.821774753370962,1.0
25,11.036231901266632,3.0
26,11.581705886612113,3.0
27,11.65280266391488,1.0
28,11.861444174388712,3.0
29,12.058403898613145,3.0
30,12.417032864716846,3.0
31,12.493365478687135,0.0
32,14.187384436752843,3.0
33,14.33327260596073,3.0
34,14.721360891767148,3.0
35,14.92265436498449,2.0
36,15.01103663032183,3.0
37,15.073699724933164,3.0
38,15.63918334692192,0.0
39,15.70985836767458,2.0
40,15.746696323429466,2.0
41,15.751904285478904,3.0
42,16.16679717232887,1.0
43,16.20464345201651,2.0
44,16.494623730686083,2.0
45,16.644278608392767,2.0
46,16.742983646634514,1.0
47,17.447650327121984,1.0
48,17.543402420338715,2.0
49,17.580632027118654,2.0
50,17.62416958735293,3.0
51,17.76944079771739,2.0
52,17.82830368019244,3.0
53,18.41894273565467,2.0
54,18.582923590152316,3.0
55,19.090492163839198,2.0
56,19.157239195322436,0.0
