,time,event
0,0.46239645177230304,2.0
1,0.9548452086311568,2.0
2,1.1415386227950999,2.0
3,1.5437967823949772,3.0
4,1.7737648528673013,2.0
5,2.042918758727433,2.0
6,2.2446308217275726,3.0
7,2.9221178674339905,3.0
8,3.058895941690103,3.0
9,3.4911811676628384,2.0
10,4.044749991035624,3.0
11,4.468544808028106,2.0
12,5.192799954089489,2.0
13,5.70327962815104,3.0
14,5.80246331094164,1.0
15,5.8803533676035675,1.0
16,6.4290802129162135,3.0
17,8.24127739073191,3.0
18,8.246948632467218,1.0
19,8.74491481967558,2.0
20,8.888335272684458,2.0
21,8.950672963262864,2.0
22,9.257487384128467,3.0
23,9.341146071544177,2.0
24,9.42800075950366,3.0
25,9.461795888234239,2.0
26,9.508478126145217,3.0
27,9.517439792887835,2.0
28,10.004532706427584,3.0
29,10.287492949577038,3.0
30,10.427311320239863,2.0
31,10.69395300323135,2.0
32,10.990234385515551,3.0
33,11.606784933899366,0.0
34,12.04510932686385,3.0
35,12.074543984693966,2.0
36,13.690936509071479,3.0
37,13.75813982122425,2.0
38,14.529615361242502,3.0
39,14.856601393487619,2.0
40,15.302355422272761,3.0
41,16.204545246153398,2.0
42,16.677802070153557,3.0
43,16.694374507956926,0.0
44,17.50870712194992,3.0
45,18.446483227994946,2.0
46,18.722975755973724,3.0
47,19.163044475821845,3.0
48,19.23001663737142,3.0
49,19.257565963479543,4.0
50,19.538391536445754,3.0
51,19.99024449321457,2.0
