,time,event
0,0.02156495844719311,2.0
1,0.1591970507502089,3.0
2,0.9134481048294336,2.0
3,2.467779769327058,3.0
4,2.614288991995283,0.0
5,2.9923756245638073,3.0
6,3.1074776347917776,2.0
7,3.9337989126484936,3.0
8,4.349035379533479,0.0
9,5.3914077855147,3.0
10,6.775743132976491,2.0
11,6.961892438797397,2.0
12,7.502258173041256,2.0
13,8.017290634035596,2.0
14,8.108513264979408,2.0
15,8.288841511161644,3.0
16,8.63641178438761,3.0
17,9.250743696312924,2.0
18,10.317530819886734,2.0
19,10.56108638741432,2.0
20,11.400540605377698,2.0
21,11.938429974710585,2.0
22,12.953222787688578,3.0
23,13.124008071510499,2.0
24,13.22982123403254,3.0
25,13.928254606117665,1.0
26,14.492238408065317,1.0
27,15.322582255482235,2.0
28,16.175143995250185,3.0
29,16.513560069620983,3.0
30,16.56014269620583,3.0
31,17.11949269442971,2.0
32,17.187979296097502,0.0
33,18.160880268330587,3.0
34,18.203855390744046,2.0
35,18.220594742820655,3.0
36,18.438111242862917,2.0
37,18.585345581543514,0.0
38,19.106897799270254,3.0
39,19.137629256540524,2.0
40,19.18077936402758,3.0
