,time,event
0,0.12805417917365625,2.0
1,0.6110983678451561,1.0
2,1.3293433783599942,2.0
3,1.9310926749088146,3.0
4,2.207196506703412,3.0
5,4.98263169964241,3.0
6,5.754616737371288,3.0
7,6.43340297794623,0.0
8,7.521527556887944,3.0
9,9.602798774339028,2.0
10,9.833036042036023,2.0
11,10.357625266040124,3.0
12,11.010073158633856,0.0
13,12.012981080141348,0.0
14,12.099905439856855,0.0
15,12.254328149755775,2.0
16,12.913323336291292,3.0
17,13.27282604047044,0.0
18,13.758641038800105,3.0
19,14.536446552522255,4.0
20,14.554926298487123,1.0
21,14.93131158021779,2.0
22,15.791049050555943,0.0
23,15.950151395485925,3.0
24,16.514568734520044,2.0
25,16.881590314899956,2.0
26,19.265548311945242,2.0
