,time,event
0,0.3133399444921149,4.0
1,0.5463714097299984,2.0
2,0.9802609535563577,3.0
3,1.0186381656401067,3.0
4,1.022807736074773,0.0
5,1.4455344119920135,0.0
6,2.2219741468255503,3.0
7,2.5535196217107945,4.0
8,2.657503023883081,3.0
9,2.6600071058695285,3.0
10,2.736274987851167,2.0
11,2.8466066202786946,2.0
12,2.9192810010644252,2.0
13,3.01655793290268,4.0
14,3.623062566120234,3.0
15,4.0804584583051815,3.0
16,4.173957868258633,3.0
17,4.436428365363289,2.0
18,5.2198247570807155,0.0
19,5.330734773224783,2.0
20,5.967174818800855,0.0
21,5.99181306185279,0.0
22,6.035151539461312,3.0
23,6.148726062407542,2.0
24,6.358488992451906,3.0
25,6.718027871219137,3.0
26,6.733749070178989,4.0
27,7.298072085993278,3.0
28,7.358650087098959,4.0
29,7.5182494116668535,3.0
30,7.71355250257541,4.0
31,7.7137335584017155,3.0
32,8.341392731925657,2.0
33,8.807072348962137,0.0
34,8.883681886641831,2.0
35,8.886498855179815,3.0
36,9.048817416178457,2.0
37,9.34029159819836,3.0
38,9.448145795834858,0.0
39,9.870488884866107,2.0
40,10.406723654728195,3.0
41,11.619884069636935,2.0
42,11.65548283508782,3.0
43,11.923852335511338,2.0
44,12.149729537695293,2.0
45,12.310968036723615,4.0
46,12.413785366927108,0.0
47,12.565885143140155,4.0
48,12.976120322949543,2.0
49,13.348011566726855,3.0
50,13.95352467059373,2.0
51,15.065819159158886,2.0
52,15.128080381899752,4.0
53,15.52156968924602,0.0
54,15.626099528269053,3.0
55,16.37691060607029,3.0
56,16.90002222520585,3.0
57,16.924039852618627,2.0
58,17.24523900842516,3.0
59,18.184082066940295,4.0
60,18.449638431340286,3.0
61,18.742988476916214,2.0
62,18.80181389293915,2.0
63,19.227442127405304,0.0
64,19.903497337154775,2.0
