,time,event
0,0.06518038671989546,3.0
1,0.8823558264983055,2.0
2,1.3346434376563963,3.0
3,1.738127500301927,3.0
4,2.23927629215372,3.0
5,3.462982055296589,3.0
6,4.109865927738861,3.0
7,4.149123418662321,3.0
8,4.345500473441355,1.0
9,5.411151563102574,2.0
10,5.966304072580918,0.0
11,6.4635003000241325,2.0
12,6.697470107526705,2.0
13,6.768990708188375,2.0
14,6.801657193031231,1.0
15,6.976495311044088,3.0
16,7.104163854492807,2.0
17,7.320833745164546,2.0
18,7.898247588669335,2.0
19,8.661249732368704,1.0
20,8.896918370318772,2.0
21,9.382844736107758,3.0
22,9.620789500362585,2.0
23,9.778520378593644,3.0
24,10.34609084459824,2.0
25,10.439644595855961,2.0
26,10.463484482045935,3.0
27,10.477700994097537,2.0
28,10.763221528330577,3.0
29,10.96869937547707,2.0
30,11.373494941091565,2.0
31,11.65551562288444,1.0
32,11.81560343444871,0.0
33,12.693380242509514,3.0
34,12.734693111796155,2.0
35,13.40040320644376,2.0
36,13.574486205569542,1.0
37,13.917189623510348,2.0
38,14.098696178484769,3.0
39,14.31517259748469,3.0
40,14.676692247197925,0.0
41,14.820608290548133,2.0
42,16.245664919733027,1.0
43,17.38334839368595,0.0
44,17.49983536049614,2.0
45,17.639208851807222,3.0
46,17.924909885378128,3.0
47,18.38634015436067,2.0
48,18.390284026890246,3.0
49,18.47213268103672,1.0
50,18.47823093417073,0.0
51,18.772567855140267,3.0
52,18.81083905931259,2.0
53,19.003605403383766,3.0
54,19.206706441607466,3.0
55,19.309954398776977,2.0
56,19.710648736651326,2.0
57,19.871523287765505,2.0
58,19.930454431338916,3.0
