,time,event
0,0.12604151457365181,2.0
1,0.8156731316663621,1.0
2,2.0306174354613713,3.0
3,2.1178444250796216,3.0
4,2.485102216603589,3.0
5,2.5808258592960787,3.0
6,2.621337888596661,3.0
7,3.2255026899889296,2.0
8,3.6753797227118956,1.0
9,3.81290012331124,3.0
10,3.844043731907578,3.0
11,4.411606835170225,4.0
12,4.779579783007236,0.0
13,4.930334204334738,0.0
14,6.293531774990912,4.0
15,7.057167292498006,2.0
16,7.093890007426877,0.0
17,7.525735090935171,2.0
18,7.628071316804308,3.0
19,7.685183773124431,4.0
20,7.730768270853142,3.0
21,7.732169656660389,0.0
22,7.813132479030163,2.0
23,7.956387667836058,3.0
24,8.713865577744983,2.0
25,8.972404541934106,3.0
26,9.028316597229624,3.0
27,9.642586498054989,0.0
28,9.824210924567064,3.0
29,9.98605988176715,4.0
30,10.20058499963616,3.0
31,10.697764718833977,4.0
32,11.280358872146675,3.0
33,11.698915047980973,4.0
34,11.727279135314268,3.0
35,11.787383456119635,0.0
36,11.794592544636041,0.0
37,11.879040914305284,1.0
38,12.423282805450151,2.0
39,12.50685612185658,3.0
40,12.604312891964142,4.0
41,12.617256051700265,2.0
42,12.821555133532211,2.0
43,13.34877781558811,2.0
44,13.395309499043274,3.0
45,13.481599641580631,3.0
46,13.561074681898306,2.0
47,13.66686324993299,2.0
48,13.972734781949256,3.0
49,14.748016414431502,3.0
50,15.616814716625166,3.0
51,15.815975235769143,0.0
52,16.366117011854964,4.0
53,16.475935159708712,3.0
54,16.794361339969228,3.0
55,17.5426570477701,0.0
56,17.591567529725047,2.0
57,17.690815873979744,3.0
58,17.733652772831455,2.0
59,17.980412547769436,3.0
60,17.987590320988488,2.0
61,18.244944871547943,3.0
62,18.299738824485782,3.0
63,18.646483918763145,0.0
64,19.96040651658402,0.0
