,time,event
0,0.050896941826686075,0.0
1,0.28712318777790824,1.0
2,1.7195821949230963,4.0
3,1.8988673127114297,2.0
4,3.0601953145239715,4.0
5,3.368313818903624,1.0
6,3.6034132985724474,0.0
7,4.077118207381951,0.0
8,4.406519883775301,4.0
9,4.606520244801515,1.0
10,5.961396164835342,2.0
11,6.580125539655367,4.0
12,6.679535392186894,4.0
13,6.986038308118115,4.0
14,7.116657827598762,1.0
15,7.14380533817422,0.0
16,7.519532830556106,1.0
17,7.7565391246981426,1.0
18,8.073474166205788,4.0
19,8.215639671216534,1.0
20,8.413930848313024,0.0
21,8.756593564747234,3.0
22,9.217119713298036,1.0
23,9.462969084000095,0.0
24,9.609687162201118,2.0
25,9.772463586527154,1.0
26,9.874298192972299,2.0
27,11.02194009801251,4.0
28,11.979452322806548,1.0
29,12.221296037112564,1.0
30,12.670331415186405,0.0
31,12.869798330321716,4.0
32,12.936963845327034,0.0
33,13.184640790272919,1.0
34,13.820842855023717,2.0
35,13.91337168724102,0.0
36,14.369495717041481,2.0
37,14.757490218120227,1.0
38,14.862546673433437,2.0
39,15.651412958137055,1.0
40,16.180287475887628,0.0
41,16.549442716888368,2.0
42,16.810107661873552,1.0
43,16.853971624222588,1.0
44,16.953144356820495,2.0
45,17.21687777210521,1.0
46,17.83762256108527,4.0
