,time,event
0,0.6164612561112085,4.0
1,1.0184086362465226,0.0
2,1.2477313985844505,1.0
3,1.2555370125312315,1.0
4,1.2980083877637094,1.0
5,1.5236958842044488,0.0
6,1.526326853221531,0.0
7,1.5718258346466758,3.0
8,2.044767858439549,1.0
9,2.264855320774436,1.0
10,2.667910866962408,0.0
11,2.9985293568003515,1.0
12,3.179490678368934,1.0
13,3.443261587055428,4.0
14,3.5196399450849865,1.0
15,3.6300500027379226,4.0
16,3.812720244323304,4.0
17,3.8824149721686942,4.0
18,3.8986812051850084,2.0
19,3.9047274610252884,0.0
20,4.200405972805721,2.0
21,4.871478643643339,2.0
22,5.107118831473506,1.0
23,5.790994442431311,1.0
24,5.889841970589642,0.0
25,5.973922870727342,1.0
26,6.154673121994854,4.0
27,6.385431975646221,0.0
28,7.152080586284968,2.0
29,7.614084959296235,3.0
30,8.871208109283048,1.0
31,9.054542013272844,2.0
32,9.561526745903503,3.0
33,10.02958051013563,4.0
34,11.357401158343022,1.0
35,11.433536332006337,1.0
36,11.723061047370658,2.0
37,13.112543904182543,2.0
38,13.328593870646628,2.0
39,13.731103389812368,3.0
40,13.864494451466364,3.0
41,13.959734225886244,4.0
42,14.157642582747124,2.0
43,14.24699955236947,1.0
44,14.443528317731257,0.0
45,14.485881142290053,2.0
46,14.725138972421314,4.0
47,15.097711997414434,3.0
48,15.10955844583471,4.0
49,15.692080985335378,2.0
50,15.783922906448263,1.0
51,15.911979990668646,1.0
52,16.066338724355695,1.0
53,16.2868112563134,4.0
54,16.82257064190418,4.0
55,17.002699449812162,4.0
56,17.058820899143015,4.0
57,17.21911669266944,1.0
58,17.88445020223903,0.0
59,18.02364042360019,2.0
60,18.114429008369715,1.0
61,18.822360824770794,3.0
62,18.939991487971863,1.0
63,18.985714385033265,0.0
64,18.99666420700632,4.0
65,19.004007015366696,0.0
66,19.494731654729307,2.0
67,19.703315105028214,1.0
68,19.898388560047465,1.0
69,19.99279548676532,1.0
