,time,event
0,0.5942085749076116,0.0
1,0.7854341788166569,0.0
2,2.007018630928864,4.0
3,2.6485564567053737,0.0
4,3.422205873743019,4.0
5,3.828786693771981,2.0
6,3.856635490043618,1.0
7,3.9981890647726646,2.0
8,4.04054869527628,2.0
9,4.447260817614746,0.0
10,4.875614140270606,1.0
11,5.786733836497101,4.0
12,5.993388317291703,2.0
13,6.179334880263541,1.0
14,6.248347137791307,4.0
15,6.49771156507422,4.0
16,8.178504954257338,4.0
17,8.438498554806095,0.0
18,8.931389273513624,4.0
19,8.976478872969192,1.0
20,9.179452035394167,4.0
21,9.670258304883811,1.0
22,9.846740013963865,2.0
23,9.98840678312778,2.0
24,10.006343863727073,2.0
25,10.262331080137665,3.0
26,10.428876673063723,4.0
27,10.761343974232705,4.0
28,10.943086838025815,1.0
29,11.183489146666993,4.0
30,11.447250024077587,1.0
31,11.55947415271964,0.0
32,11.738289845938665,1.0
33,11.77274298401639,0.0
34,11.971603513129946,4.0
35,12.053891660647214,2.0
36,13.081737041016646,4.0
37,13.406991768501912,1.0
38,13.466018232727183,4.0
39,13.561181057770737,4.0
40,14.093283969641428,2.0
41,14.116920178646952,1.0
42,14.130996509654771,2.0
43,14.132556790290877,1.0
44,14.187251507876416,0.0
45,15.618295961337445,0.0
46,16.11564433598974,0.0
47,16.3891847646133,2.0
48,16.523151720319778,1.0
49,16.602819847018864,0.0
50,16.842729008710712,0.0
51,17.10645267372936,1.0
52,17.126483418103522,0.0
53,17.18798794867371,0.0
54,17.344335410628712,0.0
55,17.696070816829344,1.0
56,18.13970033839311,1.0
57,18.462509482142305,0.0
58,19.763855616395198,1.0
