,time,event
0,0.053114371915213475,4.0
1,0.0715923236663844,1.0
2,0.31410500080752574,2.0
3,0.31489305742200413,4.0
4,0.3163131709960426,1.0
5,0.7485115410247227,1.0
6,0.9348331701469312,1.0
7,1.1586462293164879,4.0
8,1.3371086968092776,2.0
9,1.4354941911911965,0.0
10,1.5943742714515692,1.0
11,1.9698896365432885,2.0
12,2.4047780883976784,1.0
13,3.216446551483873,1.0
14,3.784526066381246,1.0
15,4.153996352059804,1.0
16,4.224969134677909,1.0
17,4.552748313044516,0.0
18,4.842907113868266,1.0
19,4.969508808767294,1.0
20,5.383735018895059,1.0
21,5.486411564158852,4.0
22,6.4956095658801525,2.0
23,6.715044566581473,0.0
24,6.81115947572111,1.0
25,6.830828145940027,4.0
26,6.940369999800368,4.0
27,6.959964638559882,3.0
28,7.662375413710211,2.0
29,7.8773867339778825,0.0
30,8.827667450182437,2.0
31,9.00791921171917,1.0
32,9.216583686757895,2.0
33,9.305249539521217,1.0
34,9.41802837086436,2.0
35,9.736341572001896,4.0
36,10.032240065143101,0.0
37,10.452509424288914,1.0
38,10.63720687648034,0.0
39,11.196367297182196,2.0
40,11.552414799831475,3.0
41,12.002281589538411,3.0
42,12.17020761974408,2.0
43,13.15853440714974,4.0
44,13.530374539225758,3.0
45,13.866494248449866,1.0
46,14.61775033584122,1.0
47,15.008940677027272,0.0
48,16.821701548886526,4.0
49,16.86112985052425,4.0
50,17.204526523518144,2.0
51,17.43621637486752,4.0
52,17.452553672175963,1.0
53,17.503681297930548,4.0
54,17.689599078550618,3.0
55,17.981419817838063,1.0
56,18.660316874277587,3.0
57,18.794297785227126,1.0
58,18.960888960814174,4.0
59,19.123305649699667,1.0
60,19.170154331481328,0.0
61,19.200980674694314,2.0
62,19.226119808635417,4.0
63,19.948105292765455,2.0
