,time,event
0,0.6115105956914157,3.0
1,0.6334777592616241,2.0
2,0.6346712781400811,2.0
3,0.7758968140127797,3.0
4,1.1815627358759209,3.0
5,1.282878585058062,3.0
6,1.3985827187723414,3.0
7,1.4009470281068488,0.0
8,1.4980735647447583,4.0
9,1.8085595139859614,2.0
10,2.179411134082473,0.0
11,2.278704625745441,3.0
12,2.5977760291213037,3.0
13,2.6967145674877733,3.0
14,3.3201573048310107,4.0
15,3.5019006779577957,2.0
16,4.224846103981725,3.0
17,4.373580266175003,2.0
18,4.4581010450603715,3.0
19,4.784966001939425,4.0
20,4.803469959129048,2.0
21,5.033394217878662,2.0
22,5.048314908838591,3.0
23,5.790138774990702,0.0
24,6.879926688840133,3.0
25,7.299540764894633,3.0
26,7.350654915721519,2.0
27,8.020727752754711,0.0
28,8.150766793198008,4.0
29,8.548499236041502,2.0
30,8.639424313658322,2.0
31,8.640036884341685,3.0
32,9.217195169767667,4.0
33,9.386857069885904,0.0
34,9.514005720077321,1.0
35,10.408717613747863,0.0
36,10.799078169028551,2.0
37,10.903374856578317,2.0
38,11.288523056711703,0.0
39,11.45801314208603,0.0
40,11.717972998957508,3.0
41,11.839976559181595,3.0
42,11.995320157214834,2.0
43,12.045477358353201,3.0
44,12.102272478450718,3.0
45,12.78404673489275,0.0
46,13.022472653438314,3.0
47,13.29293986997274,2.0
48,13.68837402990148,2.0
49,14.089496391078608,0.0
50,14.587394558455628,2.0
51,14.878274115176097,0.0
52,15.917064164246906,3.0
53,16.224810021161368,2.0
54,16.339964817142118,2.0
55,16.74879924272844,2.0
56,17.24559959547391,2.0
57,17.775440448758175,0.0
58,18.264095935916448,4.0
59,18.563971470152932,3.0
60,19.69410769358646,3.0
