,time,event
0,0.2869072677758568,3.0
1,0.2905807962592732,2.0
2,0.35884119788995394,4.0
3,0.46770480943416337,0.0
4,1.3232805832807166,0.0
5,1.358601014506496,1.0
6,1.5148270876582561,4.0
7,1.6857888918532506,1.0
8,2.3739961065901847,2.0
9,2.5675897287466483,1.0
10,2.843059886615054,1.0
11,3.169306291565575,4.0
12,4.001259321751302,4.0
13,4.118888047640802,4.0
14,4.230138354371035,1.0
15,4.696499644539892,0.0
16,4.757407628572566,2.0
17,5.588820925237579,0.0
18,5.931871276208595,3.0
19,6.060647285768239,0.0
20,6.786962240853907,2.0
21,7.7294975828591985,1.0
22,7.874686838376557,0.0
23,8.182476273057532,4.0
24,8.58145833703451,1.0
25,8.63920033394153,2.0
26,9.202366198681364,1.0
27,9.403427466535664,1.0
28,9.848892115943151,2.0
29,9.947555957791442,1.0
30,10.16982707703868,3.0
31,10.630509152925589,4.0
32,10.837721292310285,1.0
33,11.35225360676539,2.0
34,11.663793153295982,1.0
35,11.843941814382736,0.0
36,12.424807882519273,1.0
37,12.9040898973714,1.0
38,13.327452257246996,4.0
39,13.626034002502736,4.0
40,13.630214814329463,1.0
41,14.717078814251929,1.0
42,14.931536485709412,1.0
43,15.159122858346274,1.0
44,16.791581331071086,2.0
45,17.302801143347207,0.0
46,17.527604992966182,2.0
47,17.93061322860676,3.0
48,18.261710805266233,1.0
49,19.15825567618802,1.0
50,19.175222777289175,0.0
51,19.803626809624326,2.0
52,19.897981092640244,0.0
