,time,event
0,0.09602656913685237,1.0
1,0.9392081553639272,3.0
2,2.285382838088817,4.0
3,2.367765441256464,1.0
4,2.3916523026466887,2.0
5,2.6927290195383855,1.0
6,3.0556017965112106,4.0
7,3.491973459576812,3.0
8,5.1757360619778625,1.0
9,5.794969259148996,1.0
10,5.951382418414607,4.0
11,5.962876184841895,4.0
12,5.979771134556385,3.0
13,7.0821137621656,3.0
14,7.129823872882909,1.0
15,7.330061661035401,0.0
16,7.998980983575487,3.0
17,8.09700146159478,4.0
18,8.286629512620355,1.0
19,8.592655724899842,4.0
20,8.77052399394343,4.0
21,8.920676250338738,2.0
22,8.928951544195556,4.0
23,10.252398712139271,0.0
24,10.460848088156634,0.0
25,11.269904015864263,1.0
26,11.84225207767003,2.0
27,12.338243724714038,2.0
28,12.970462438869218,1.0
29,13.764462995581253,2.0
30,13.885631260604278,0.0
31,13.92704242350779,1.0
32,14.012504598259651,2.0
33,14.257597806201046,2.0
34,14.35883141371424,0.0
35,14.465637447003788,1.0
36,14.90466429038576,4.0
37,14.942540750539617,1.0
38,15.068329234240839,0.0
39,15.223530055678125,4.0
40,15.627763125139639,1.0
41,15.765927684690963,4.0
42,15.769696794217628,2.0
43,16.053251079342495,1.0
44,16.464307737302146,0.0
45,16.679150625050227,0.0
46,16.875559458054315,1.0
47,16.889797441937148,1.0
48,16.94675524178095,1.0
49,17.101757228373078,1.0
50,17.892239142581822,0.0
51,18.355042333280906,2.0
52,18.64039977715993,1.0
53,18.901621720334962,0.0
54,18.97348878725596,2.0
55,19.623440460020877,1.0
56,19.882166778237444,1.0
57,19.959984660687393,0.0
