,time,event
0,1.1433586602518118,4.0
1,1.4252364821452221,0.0
2,1.7885790056587345,4.0
3,3.2734626453933524,1.0
4,4.10484897743461,1.0
5,4.497047805695211,1.0
6,4.754472578733068,1.0
7,4.9077574118154335,0.0
8,5.208517550254729,0.0
9,5.84233888536817,1.0
10,6.84956326345485,2.0
11,6.981994598821488,2.0
12,7.06789557607664,4.0
13,7.417942517159246,0.0
14,7.432398707770256,4.0
15,8.165805433984993,4.0
16,8.515967482246092,4.0
17,8.764284148521389,2.0
18,8.773864546346681,2.0
19,8.795080221847376,1.0
20,9.097468470175036,1.0
21,10.125480202715714,0.0
22,10.58787540950376,0.0
23,10.614835725757173,4.0
24,10.625031269997786,1.0
25,10.929010587478233,1.0
26,11.177358742336372,4.0
27,11.263063819345454,0.0
28,11.679756561546904,0.0
29,11.849958421565216,0.0
30,12.04868717783126,0.0
31,12.57867339038343,2.0
32,13.01893511251411,4.0
33,13.077779941113084,2.0
34,14.54046738979381,0.0
35,14.83470175470169,2.0
36,15.022185971702882,4.0
37,15.406949740348297,1.0
38,15.834181503493063,1.0
39,15.84159698850451,1.0
40,16.00059190691603,1.0
41,16.214185758183117,1.0
42,16.255437843788897,4.0
43,16.275139835101644,1.0
44,17.704626384374787,1.0
45,17.759912464091137,2.0
46,17.839121807738234,1.0
47,18.02322578557652,0.0
48,18.068074280389403,0.0
49,18.226335021088783,1.0
50,18.493306025197224,2.0
51,18.524644313785743,4.0
52,18.66030326507366,4.0
53,19.089081611531864,4.0
54,19.36140536401268,1.0
55,19.709499165348944,1.0
