,time,event
0,0.002269337307006594,4.0
1,0.03274088002785527,3.0
2,0.20191475756717625,3.0
3,0.23984360806315577,1.0
4,1.8620017050258006,4.0
5,2.581633170284194,1.0
6,2.6986993380025988,3.0
7,2.751805897667758,2.0
8,2.9111911423816417,0.0
9,4.882471896076515,0.0
10,4.960657630995486,3.0
11,5.071230670078407,1.0
12,5.213366116625941,1.0
13,7.1137536228824905,0.0
14,7.25043098428102,1.0
15,7.716237903364038,4.0
16,8.61769897999093,3.0
17,9.238733543932351,2.0
18,9.680933758837776,1.0
19,9.788377665148445,2.0
