,time,event
0,0.11171405316635755,0.0
1,0.41083726757133493,3.0
2,0.7039681844600401,2.0
3,0.7940856145870836,0.0
4,0.9197477635042045,0.0
5,1.0878023612841445,0.0
6,1.2814903255447891,0.0
7,1.4421193979941274,0.0
8,1.5236994234808556,3.0
9,1.5581967133605705,2.0
10,1.7161587983122795,1.0
11,1.7784914453634133,3.0
12,1.805966746421308,3.0
13,2.290239233949615,0.0
14,2.571098606162393,1.0
15,2.677022173988787,4.0
16,2.8987731204418674,0.0
17,2.9916369120231208,2.0
18,3.324715644693647,3.0
19,3.4028500743017616,0.0
20,3.41688073702921,0.0
21,3.468748445236008,0.0
22,3.862805382434143,0.0
23,3.869736016458951,2.0
24,3.8952605944366274,0.0
25,3.9021851907847562,0.0
26,3.935161323961751,0.0
27,4.016260241499187,3.0
28,4.293574912505516,0.0
29,4.573644068095178,0.0
30,4.581432558372854,1.0
31,4.643611073373148,0.0
32,4.731967865548603,1.0
33,4.870538409294542,4.0
34,4.962828881497497,4.0
35,4.973077879538098,3.0
36,5.015899493153773,1.0
37,5.093082926784497,1.0
38,5.130264308922682,0.0
39,5.2066307609268945,0.0
40,5.2476547021735485,0.0
41,5.398474160392714,1.0
42,5.407413869004775,1.0
43,5.448186421492463,0.0
44,5.486370673158976,1.0
45,5.539711034345543,0.0
46,5.561050087041329,0.0
47,5.602157663995564,0.0
48,5.619545150948309,0.0
49,5.644518241367362,1.0
50,5.6637046373825966,0.0
51,5.705249954490454,0.0
52,5.9931137106512145,0.0
53,6.002940970437944,2.0
54,6.015160552311016,0.0
55,6.37766790449213,0.0
56,6.440437596653294,1.0
57,6.771489565493608,1.0
58,6.907262438658327,3.0
59,6.937055038411327,3.0
60,7.011116175339132,1.0
61,7.084999664207549,4.0
62,7.142436156843316,0.0
63,7.150748901632381,3.0
64,7.267156231898552,1.0
65,7.292816657840331,4.0
66,7.418824545035321,0.0
67,7.484890029511197,1.0
68,7.496086532753215,1.0
69,7.519916388216542,4.0
70,7.563060495038017,0.0
71,7.6835958498052115,0.0
72,7.684850192965293,3.0
73,7.685615463939573,0.0
74,7.779496285104691,0.0
75,7.881209272475375,1.0
76,7.884400933573848,4.0
77,7.9257040707003155,3.0
78,7.9283207754972,2.0
79,8.17370297112995,0.0
80,8.224527400935681,0.0
81,8.80041979298205,2.0
82,8.9248251871097,1.0
83,8.999775789968057,1.0
84,9.053134526910544,1.0
85,9.083849144096863,0.0
86,9.130228123773014,4.0
87,9.22052223008156,4.0
88,9.232413437455335,0.0
89,9.233512789276757,0.0
90,9.243675658103884,0.0
91,9.293350959437948,3.0
92,9.403090725401432,0.0
93,9.742891296816977,1.0
94,9.852889429364827,1.0
95,9.954906329718344,0.0
96,9.971471913500606,1.0
