,time,event
0,2.091595204106527,2.0
1,2.2127445423796583,0.0
2,4.575420775992561,1.0
3,6.040728934571032,3.0
4,7.381274906372884,4.0
5,7.494442236504346,4.0
6,7.658145860823529,4.0
7,7.712508623297324,0.0
8,8.144032746875528,0.0
9,8.317499581174392,4.0
10,8.416309027357263,0.0
11,8.512841975445806,4.0
12,8.91882415458774,4.0
13,9.547503808046107,0.0
14,9.652739512620448,2.0
15,9.864331270432853,0.0
16,9.891924473513598,3.0
