,time,event
0,0.6127185718586496,0.0
1,1.0685075344974533,1.0
2,1.8548030031323735,2.0
3,2.6490580627336824,4.0
4,4.969300869286215,1.0
5,5.277984320982129,2.0
6,6.952134689078546,1.0
7,7.250953348918383,3.0
8,8.253242574917142,4.0
9,9.21277099240517,1.0
10,9.510899755220086,2.0
11,9.571922511914465,2.0
12,9.992821468750236,3.0
