,time,event
0,0.22846730132269302,2.0
1,0.42310935678408207,4.0
2,2.157403946682765,3.0
3,2.30229622953132,3.0
4,2.377473072681149,1.0
5,2.7694582280007687,0.0
6,2.8160176397780843,0.0
7,7.436014801537199,0.0
8,8.149788870249322,3.0
9,8.285073163792788,3.0
10,8.642938981406873,2.0
11,9.730667560395839,2.0
