,time,event
0,0.3625968698452787,1.0
1,0.38634033475564455,2.0
2,0.8701910492067618,3.0
3,1.5652455896878024,1.0
4,2.0530129797245853,0.0
5,2.1494622010240767,1.0
6,2.24811842780262,4.0
7,2.7419998522147884,4.0
8,2.8385477031838637,4.0
9,2.891720125475698,1.0
10,3.7402628565327576,3.0
11,3.9693072270561363,0.0
12,4.0769596840223095,4.0
13,4.263221716010768,0.0
14,4.3214861168706875,4.0
15,4.391040569625303,3.0
16,4.490881017109737,1.0
17,4.575952330056319,2.0
18,4.579700531113787,0.0
19,5.084660454832111,3.0
20,5.225804594635506,3.0
21,5.383321621534374,0.0
22,5.77003209782226,2.0
23,5.9695942974569585,2.0
24,6.099082048305185,2.0
25,6.226514285175835,0.0
26,6.318977881342945,3.0
27,6.339323387946818,3.0
28,6.373351981239138,2.0
29,6.517767294518514,1.0
30,6.627931313770195,1.0
31,6.787569655539933,1.0
32,6.940901147415657,1.0
33,7.281468147640699,2.0
34,7.528488701043908,2.0
35,7.783351529472608,3.0
36,7.815536005702873,3.0
37,7.8931405494521645,3.0
38,8.098954894728198,0.0
39,8.221881831926883,1.0
40,8.334809964729029,3.0
41,8.698797545081153,2.0
42,8.72271896789395,0.0
43,8.76228318939447,0.0
44,8.791059016831204,2.0
45,8.805927209660538,3.0
46,8.992721207028346,3.0
