,time,event
0,0.001977915952994552,2.0
1,0.08781260960974027,1.0
2,0.8755361293867047,0.0
3,1.2989845111904006,1.0
4,1.9491999606695403,2.0
5,2.0924367801040513,1.0
6,2.3246448072506705,4.0
7,2.4037131151220175,0.0
8,2.9142075538699053,0.0
9,3.1824357392697125,0.0
10,3.2191040994249396,0.0
11,3.226882488987918,1.0
12,3.5162748060137217,0.0
13,3.6980534579699675,1.0
14,3.7929551967631885,1.0
15,3.913217371335872,1.0
16,4.416067674776814,1.0
17,4.474303855945334,3.0
18,4.477781552999683,2.0
19,4.711288889849931,3.0
20,4.819221901075759,1.0
21,4.887435649036657,1.0
22,4.982252750863468,3.0
23,5.0422013184304415,1.0
24,5.120087900032693,0.0
25,5.124865435384092,2.0
26,5.214352815779089,3.0
27,5.216808039857086,0.0
28,5.286523488902283,1.0
29,5.358237870548608,1.0
30,5.3584956003204605,1.0
31,5.562976236100867,0.0
32,5.776408225098798,1.0
33,5.864044585050664,1.0
34,5.926824013613836,0.0
35,5.992114617038542,0.0
36,6.126811816046327,3.0
37,6.174524583897818,3.0
38,6.269834773441822,3.0
39,6.282253635386897,3.0
40,6.622750292725713,3.0
41,6.7069035623155075,1.0
42,6.777830236662021,4.0
43,7.0074559813665065,0.0
44,7.059023079672695,3.0
45,7.2047943149578835,1.0
46,7.225012889946017,3.0
47,7.283002663919168,0.0
48,7.31431109620023,1.0
49,7.31723793763595,4.0
50,7.330835169310031,3.0
51,7.390337252154386,4.0
52,7.39860167766379,0.0
53,7.431810889366707,3.0
54,7.524778085504373,0.0
55,7.540190398931574,4.0
56,7.602013183634869,3.0
57,7.690369391987142,4.0
58,7.801341007874307,0.0
59,7.836991929193726,2.0
60,7.888368158785364,1.0
61,7.942738009276142,3.0
62,7.996110262905618,3.0
63,8.056621831200173,0.0
64,8.062335915503146,3.0
65,8.1723223184208,1.0
66,8.348557910314693,1.0
67,8.352218934199678,3.0
68,8.369817525473673,4.0
69,8.403211864991631,0.0
70,8.408106338439712,1.0
71,8.42245052118793,4.0
72,8.504352707561873,0.0
73,8.526993352191893,2.0
74,8.567949858333911,4.0
75,8.602180465680174,4.0
76,8.631674037961888,1.0
77,8.9212580663589,3.0
78,9.095245395280063,0.0
79,9.251200407383958,1.0
80,9.262940360297666,3.0
81,9.288607361006921,0.0
82,9.373523567266304,1.0
83,9.481550901292957,0.0
84,9.511995255054261,4.0
85,9.634733861281763,1.0
86,9.641893044803796,1.0
87,9.643145110499225,0.0
88,9.722897639757848,3.0
89,9.738941282720132,1.0
90,9.965838226973188,2.0
