,time,event
0,0.15438904012565835,1.0
1,0.5682913711103529,1.0
2,0.5832269703403533,1.0
3,1.1384321835134144,3.0
4,1.6767512775677988,0.0
5,2.380665614996944,2.0
6,2.7605937822035473,1.0
7,3.043948362059393,2.0
8,3.3909517534231797,3.0
9,3.470302185945179,0.0
10,3.5396380452055918,4.0
11,3.8228706266231907,3.0
12,3.955922405330451,0.0
13,3.978188922276374,3.0
14,4.3938386524387,1.0
15,4.838152176325511,3.0
16,4.925791742026397,3.0
17,5.107791773516986,1.0
18,5.3723574957139455,1.0
19,5.489122971924962,3.0
20,5.82699632593598,0.0
21,5.834037967742145,0.0
22,5.950503062972701,4.0
23,5.993861513902055,0.0
24,6.18762622412311,2.0
25,6.27823584234188,4.0
26,6.306708194324565,0.0
27,6.312953115347551,3.0
28,6.405070047278175,1.0
29,6.5502224633361985,3.0
30,6.618446366667327,0.0
31,6.825358391436871,1.0
32,7.006660763784071,0.0
33,7.084493163061563,0.0
34,7.162461053866453,2.0
35,7.282690941549625,0.0
36,7.290109368247088,1.0
37,7.670344145171805,3.0
38,7.6817085397468325,1.0
39,7.72334598850333,2.0
40,7.852683184956277,4.0
41,8.070947705091356,3.0
42,8.114751951117626,3.0
43,8.168151563735265,0.0
44,8.219783947859703,3.0
45,8.323004595475613,4.0
46,8.383180600900046,2.0
47,8.413347269880667,4.0
48,8.457186533894628,4.0
49,8.458846746935873,3.0
50,8.461629151450566,3.0
51,8.57232402074905,4.0
52,8.585448723109778,4.0
53,8.653651891791462,2.0
54,8.681266046298498,3.0
55,8.722569230894749,3.0
56,8.882081686491375,3.0
57,8.897059105993609,2.0
58,8.926361655654894,3.0
59,8.936566429733144,3.0
60,8.985924508486605,1.0
61,9.074305385267145,1.0
62,9.075545820830543,3.0
63,9.122264013855526,4.0
64,9.142608823869823,4.0
65,9.271082752483508,4.0
66,9.331909143501386,2.0
67,9.442948464696268,4.0
68,9.475527578367258,4.0
69,9.504019704328286,4.0
70,9.512072726895607,3.0
71,9.578650369072665,3.0
72,9.620324777902619,4.0
73,9.662700662369438,4.0
74,9.667028221305149,3.0
75,9.729309574263109,2.0
76,9.787681012516169,3.0
77,9.890879100630569,4.0
