,time,event
0,0.29359587388920816,1.0
1,0.8218431809815907,0.0
2,1.5276227818979875,1.0
3,2.354993946122081,2.0
4,2.4113893548811314,1.0
5,2.6838341817978337,0.0
6,2.917582876824984,3.0
7,2.938451722437009,2.0
8,3.4737661244273697,3.0
9,3.61735533532025,1.0
10,3.6268984377806146,0.0
11,3.8097642909741456,3.0
12,3.8723886858785486,3.0
13,3.9014600895315934,0.0
14,4.051982738460873,2.0
15,4.093343672495746,2.0
16,4.257642167225841,1.0
17,4.4050286979657525,0.0
18,4.429235035268531,0.0
19,4.478489383497783,1.0
20,4.4993400329748106,2.0
21,4.542916444136393,0.0
22,4.928638607625494,3.0
23,5.096573041644988,3.0
24,5.162582944153752,4.0
25,5.2509646231879135,1.0
26,5.375933847907423,4.0
27,5.590560942034177,4.0
28,5.662854873629005,0.0
29,5.824470263708636,1.0
30,5.851077985568568,4.0
31,5.888676996264477,1.0
32,6.000391956353813,2.0
33,6.11021387320779,3.0
34,6.162262301498242,0.0
35,6.17093114510338,0.0
36,6.174426234141338,2.0
37,6.266529149012851,3.0
38,6.315449533510687,2.0
39,6.420551142617308,1.0
40,6.45763650808041,1.0
41,6.530835002193298,2.0
42,6.564284403721593,2.0
43,6.597036848499237,0.0
44,6.613694255837604,1.0
45,6.731302245324254,0.0
46,6.768324277192288,2.0
47,7.033375667943329,1.0
48,7.05531518493505,1.0
49,7.058721466705509,3.0
50,7.066300523027017,3.0
51,7.245477292220195,1.0
52,7.757668491248227,3.0
53,7.878581438190277,3.0
54,8.016984231636291,2.0
55,8.038684438812012,2.0
56,8.151852829358342,0.0
57,8.166699109195498,0.0
58,8.20790614727051,3.0
59,8.34342749355534,3.0
60,8.359211351148726,0.0
61,8.38706167430256,2.0
62,8.422864779016336,0.0
63,8.488823807132084,2.0
64,8.518037676694615,0.0
65,8.526984829073735,4.0
66,8.54794627061543,2.0
67,8.583635190363625,3.0
68,8.594857614499094,0.0
69,8.664179453876605,0.0
70,8.670057708840996,4.0
71,8.67425866393341,2.0
72,8.700336643087885,3.0
73,8.701844812884277,4.0
74,8.766902012902516,0.0
75,8.781700494318338,1.0
76,8.809640422393294,0.0
77,8.877301543891667,2.0
78,8.918465406531203,4.0
79,8.921790683663296,2.0
80,8.959806133459233,2.0
81,8.977124607163503,2.0
82,9.012433789653713,2.0
83,9.17956939492192,2.0
84,9.235246077152524,2.0
85,9.2711829385909,4.0
86,9.365857410958782,3.0
87,9.498965115654986,0.0
