,time,event
0,0.613441926278193,0.0
1,0.6382215951117559,1.0
2,1.0816131521776553,4.0
3,1.4157750798601496,3.0
4,1.4984772688024088,3.0
5,2.2840930827081762,1.0
6,2.303063759006696,4.0
7,2.3327413683366878,3.0
8,2.341162139124844,1.0
9,2.7267216563090764,0.0
10,2.8977085736293056,2.0
11,2.9725813808822688,3.0
12,3.0407080270185047,3.0
13,3.0588888938326773,1.0
14,3.069632306201865,3.0
15,3.3510428668155505,0.0
16,3.3645868668420253,2.0
17,3.4537362277158627,1.0
18,3.5052547387514266,1.0
19,3.5280741807080536,0.0
20,3.5475358104695345,0.0
21,3.5540286568788044,1.0
22,3.5747029074152454,0.0
23,3.756810656102688,3.0
24,4.489110620098771,1.0
25,4.546078309422147,2.0
26,4.677451701054281,4.0
27,4.7224229175993,1.0
28,4.725002696364957,3.0
29,4.780065749994697,2.0
30,4.7804167403365545,1.0
31,4.861413312394807,2.0
32,4.8727043618516745,1.0
33,4.94843363241678,4.0
34,4.964545932498685,3.0
35,5.040662122205898,0.0
36,5.042030047138013,1.0
37,5.332560484001996,3.0
38,5.332696520870448,1.0
39,5.521419633113891,0.0
40,5.540555581954237,3.0
41,5.710869858405583,3.0
42,5.713480772573423,1.0
43,5.803283970020605,3.0
44,5.823660368846142,3.0
45,5.861181526128558,3.0
46,5.930051188877345,1.0
47,5.985152224265846,1.0
48,6.03631282341327,2.0
49,6.059810116649589,2.0
50,6.277146719942034,1.0
51,6.8192314882034575,0.0
52,6.889464481463361,1.0
53,6.958525363951893,0.0
54,6.961987796134063,1.0
55,7.006466425489352,2.0
56,7.051875333923956,1.0
57,7.12938684294242,1.0
58,7.155310970236706,0.0
59,7.182026978449282,2.0
60,7.5111718193296495,1.0
61,7.593744318272631,0.0
62,7.820921973827774,0.0
63,7.846227651345827,2.0
64,8.072858275772782,0.0
65,8.119631608781802,0.0
66,8.133530419974603,1.0
67,8.147559169048744,0.0
68,8.305029203767031,0.0
69,8.31334934179014,1.0
70,9.051893997476247,1.0
71,9.11669947642433,2.0
72,9.141189068085838,2.0
73,9.151179873090614,3.0
74,9.18676046741764,1.0
75,9.21704294732188,1.0
76,9.276213482728338,0.0
77,9.427570730227002,2.0
78,9.451691965074886,1.0
79,9.546666167760101,3.0
80,9.5735898814146,1.0
81,9.706535161570336,2.0
82,9.739361431547415,1.0
83,9.93450562619465,1.0
84,9.948684490913433,1.0
