,time,event
0,0.5195796104988221,3.0
1,0.6500612201253312,3.0
2,0.7485098260587569,1.0
3,1.1283229993948065,3.0
4,1.4297587924923918,3.0
5,1.6292171507629003,1.0
6,1.8436763426210432,3.0
7,2.1840738230002077,2.0
8,2.6516934376437415,4.0
9,2.6537187460077027,4.0
10,2.6790189830259528,2.0
11,2.724702224217986,3.0
12,2.7813870929579934,3.0
13,2.862921680824438,0.0
14,2.9367467060340173,4.0
15,2.9593678704693565,1.0
16,3.102715627740142,4.0
17,3.212381537822136,0.0
18,3.472361093669289,4.0
19,3.6415427078801907,0.0
20,3.724551668297137,2.0
21,3.7588857155267696,0.0
22,4.252247289636184,0.0
23,4.253032989257182,1.0
24,4.384834775678039,4.0
25,4.56466701105822,0.0
26,4.803792353797765,1.0
27,4.834284557141108,0.0
28,4.8502371433578855,1.0
29,4.857220248614861,0.0
30,4.863892589554184,1.0
31,4.887172186493248,2.0
32,4.939180599070773,1.0
33,5.047271155356323,2.0
34,5.111783557640998,1.0
35,5.35849450694909,4.0
36,5.457297957613676,2.0
37,5.467990262726348,2.0
38,5.529888208075074,4.0
39,5.593677377083057,2.0
40,5.7869623395402,2.0
41,5.814565677788854,2.0
42,5.938400267393802,4.0
43,5.939077674951091,4.0
44,6.070427192259153,2.0
45,6.189771012574749,1.0
46,6.249869793200697,2.0
47,6.453653839178869,3.0
48,6.514960574999073,0.0
49,6.663361080959603,3.0
50,6.707891797221283,2.0
51,6.721215412274128,1.0
52,6.85408557823972,4.0
53,6.855559192016071,2.0
54,6.893652948038101,2.0
55,7.001610414749463,1.0
56,7.105217107583961,3.0
57,7.207263702065934,3.0
58,7.290846669637635,3.0
59,7.317921576371289,3.0
60,7.490638466356109,3.0
61,7.533074776653851,2.0
62,7.53399012028139,3.0
63,7.591035581243679,3.0
64,7.66617648394614,1.0
65,7.728191228636378,1.0
66,7.843474304080459,3.0
67,7.914417529124962,3.0
68,8.055935351360102,3.0
69,8.101471283378316,1.0
70,8.133460484056789,2.0
71,8.240292976436786,1.0
72,8.388076640092951,4.0
73,8.40578578014535,4.0
74,8.435115359375015,3.0
75,8.617838497563197,1.0
76,8.830584274325485,1.0
77,8.908470406728386,2.0
78,9.210877884711262,4.0
79,9.211159396435145,0.0
80,9.244253125510104,2.0
81,9.307764918744974,3.0
82,9.341017030765338,2.0
83,9.375643173677547,1.0
84,9.397038634806266,3.0
85,9.568413533057855,0.0
86,9.585760398285798,0.0
87,9.732633631036654,3.0
88,9.889586373562054,3.0
