,time,event
0,0.20825196748702113,2.0
1,0.22212998295103017,3.0
2,0.5599855312718947,0.0
3,1.6753114904461746,0.0
4,2.145881557883456,2.0
5,2.2616202804791885,2.0
6,2.505891979140155,3.0
7,2.7494476330312696,2.0
8,3.0548350660695585,1.0
9,3.221458586740582,2.0
10,3.4358058254338646,1.0
11,3.5326936194250598,3.0
12,4.0733550410508945,1.0
13,4.174222681652084,0.0
14,4.57690689861733,2.0
15,4.877169270242912,3.0
16,4.885961061458952,2.0
17,5.415264480022284,4.0
18,5.4834619178962365,1.0
19,5.84025953334262,2.0
20,5.854458235721846,2.0
21,5.871921692770884,1.0
22,5.905068020515469,1.0
23,5.9459448234753385,3.0
24,6.3508568970766754,1.0
25,6.400482540177315,1.0
26,6.439000659335691,1.0
27,6.459989752316931,1.0
28,6.564809316542926,2.0
29,6.605543902308801,0.0
30,7.348905874708652,1.0
31,7.510578038257862,3.0
32,7.842294306956761,1.0
33,7.9830756282350235,4.0
34,8.07494853349321,2.0
35,8.160989507738787,2.0
36,8.208749251752096,4.0
37,8.349708989161902,1.0
38,8.63015875973503,1.0
39,8.688851178950197,4.0
40,8.89287071222456,4.0
41,9.31294287470944,0.0
42,9.317438835307108,2.0
43,9.39447396608396,1.0
44,9.413711727097263,3.0
45,9.559896527377468,0.0
