,time,event
0,0.026063098250709734,3.0
1,0.35328060879763507,0.0
2,0.460984319114907,1.0
3,0.5268413699865543,1.0
4,0.767828907669437,3.0
5,0.8838649047436983,4.0
6,1.088174057011488,3.0
7,1.5929216053556328,4.0
8,1.6677279516555135,1.0
9,2.0822052551702646,0.0
10,2.154267386755503,1.0
11,2.2108238240403844,0.0
12,2.342752777203211,3.0
13,2.631282583818786,3.0
14,2.864701277087284,3.0
15,2.908252653475107,0.0
16,2.957874086402574,0.0
17,2.9747492410328245,0.0
18,2.997889135706495,1.0
19,3.147380420725813,1.0
20,3.2302739019656004,3.0
21,3.3141058000235035,0.0
22,3.4980489206633476,0.0
23,3.7266540403710553,3.0
24,3.952755652030191,4.0
25,3.9870456243794594,2.0
26,4.045751511119373,0.0
27,4.445537962840746,3.0
28,4.523981387075556,2.0
29,5.031122019958687,0.0
30,5.304003490819904,0.0
31,5.317024187407029,0.0
32,5.320361422032065,2.0
33,5.394380534597717,0.0
34,5.705149101074231,3.0
35,5.794344947384756,3.0
36,5.9627051002212745,3.0
37,6.131377498821702,0.0
38,6.429690491817772,3.0
39,6.767469628414817,2.0
40,6.8000544904544675,4.0
41,6.8673561165410835,3.0
42,6.949141235827908,3.0
43,7.3669493802571795,0.0
44,7.390933053742391,0.0
45,7.505588336215638,1.0
46,7.526153598355324,0.0
47,7.5396845597571645,3.0
48,7.577530547281312,3.0
49,7.686427953783291,2.0
50,7.852617284339215,3.0
51,8.042165207973468,0.0
52,8.053972772516094,0.0
53,8.369655807756082,0.0
54,8.599592971041185,0.0
55,9.043920807187055,0.0
56,9.131769943382523,0.0
57,9.132006790245661,2.0
58,9.151513830390984,0.0
59,9.173922832996736,4.0
60,9.182139851884614,4.0
61,9.617646234958771,3.0
62,9.648007020837758,3.0
63,9.825281212425018,3.0
