,time,event
0,0.0026742194741242015,3.0
1,0.2747372074040597,3.0
2,0.42753936600431336,3.0
3,0.49331856100282967,4.0
4,0.6333451820831842,3.0
5,0.80546128290618,1.0
6,0.9222980983317642,4.0
7,2.2313233580790697,2.0
8,2.794373207527951,1.0
9,2.9227374561900703,1.0
10,3.044375075865128,0.0
11,3.062500861591288,0.0
12,3.0673577877791858,1.0
13,3.0831869169336885,1.0
14,3.0960927320025777,2.0
15,3.1200013989043462,0.0
16,3.2778147491882246,2.0
17,3.3083176810557036,1.0
18,3.366620425006033,1.0
19,4.378749095053884,4.0
20,4.528628916389242,3.0
21,5.134668607266968,0.0
22,5.2317766807006425,0.0
23,5.242834209006277,0.0
24,5.281706433612323,0.0
25,5.324282861741735,0.0
26,5.4617135785127475,1.0
27,5.50298766489068,0.0
28,5.522572699153925,3.0
29,5.568161146688963,1.0
30,5.576914265398872,3.0
31,5.615356716247908,3.0
32,5.689873891750957,0.0
33,5.748840418238074,4.0
34,6.112017803156885,0.0
35,6.316474041592718,1.0
36,6.377989843388462,2.0
37,6.597583817211318,1.0
38,6.6429241786185775,3.0
39,7.137355469448263,0.0
40,7.308429731331521,3.0
41,7.360352295728344,3.0
42,7.373013568669269,3.0
43,7.4441721310108,0.0
44,7.479985980815906,0.0
45,7.488609257392187,0.0
46,7.562452956200226,3.0
47,7.771746566569092,2.0
48,7.839887833222372,2.0
49,7.918181968270204,2.0
50,7.977128665695485,4.0
51,8.020393232099115,1.0
52,8.060365958393835,1.0
53,8.072606023667365,1.0
54,8.122205319634487,3.0
55,8.149154916782276,3.0
56,8.172957597170331,0.0
57,8.17436186104818,3.0
58,8.182216013535353,0.0
59,8.234037522752999,2.0
60,8.407115571583418,2.0
61,8.504416885019014,1.0
62,8.592252304071808,3.0
63,8.623722231271266,3.0
64,8.656695349158564,1.0
65,8.804806815969394,1.0
66,8.8115556657985,3.0
67,9.086205966930228,0.0
68,9.144977304820113,3.0
69,9.261798626285696,3.0
70,9.303390436401001,0.0
71,9.399571506461397,1.0
72,9.500901480392816,1.0
73,9.554637153093518,3.0
74,9.586132129438836,1.0
75,9.618568959466927,1.0
76,9.7558382893545,2.0
77,9.894976127753443,1.0
78,9.919639814700847,2.0
79,9.927902840112784,2.0
80,9.942172408796687,1.0
81,9.97687762990925,0.0
