,time,event
0,0.899340812494155,2.0
1,0.9397498458183516,3.0
2,1.7245227330624804,3.0
3,1.8793514502696382,0.0
4,2.0718236508712913,1.0
5,2.337027336727313,2.0
6,2.6086848792347483,1.0
7,2.983167661711611,1.0
8,3.118467949128347,3.0
9,3.253058352716113,1.0
10,3.3377206032138456,3.0
11,3.3775763333381055,1.0
12,3.723922058796718,3.0
13,4.166088805424962,4.0
14,4.216964388734845,3.0
15,4.231252526237034,4.0
16,4.455000312141528,4.0
17,4.541744817502082,4.0
18,4.544372272287237,4.0
19,4.635004764315594,4.0
20,4.727590954217409,4.0
21,4.751822817965448,2.0
22,4.752827037342829,2.0
23,4.826273316709322,0.0
24,5.1176419483954225,1.0
25,5.211719910023101,0.0
26,5.247205986927618,4.0
27,5.280881179582149,1.0
28,5.316800625353926,0.0
29,5.389114779422382,4.0
30,5.55128453881107,4.0
31,5.5852671979424136,4.0
32,5.784441366447854,3.0
33,5.972827304290834,3.0
34,5.984107624137265,1.0
35,6.023396903678845,3.0
36,6.23021515207639,3.0
37,6.424289292088403,4.0
38,6.439758112613239,1.0
39,6.453127056111412,2.0
40,6.596566752140542,3.0
41,6.664378865656514,4.0
42,6.770076434194496,4.0
43,6.795404898098356,4.0
44,6.819533320587386,4.0
45,6.9626545043488735,3.0
46,7.045710847298939,4.0
47,7.048203635744788,1.0
48,7.114860015011959,2.0
49,7.2401801228524585,0.0
50,7.340361370590199,4.0
51,7.416334839043209,0.0
52,7.437762992590198,0.0
53,7.508872768350614,0.0
54,7.510371246748106,1.0
55,7.517146721431512,0.0
56,7.542368724331225,1.0
57,7.586386220146269,4.0
58,7.608397650479034,1.0
59,7.621426548015481,4.0
60,7.656979878332197,4.0
61,7.684692625281832,4.0
62,7.6874752603564405,4.0
63,7.702327452032142,0.0
64,7.783984274905464,4.0
65,7.897871469012284,3.0
66,7.930614455330046,3.0
67,8.019712264765555,4.0
68,8.120415840016905,1.0
69,8.124135848616564,4.0
70,8.356498301076282,4.0
71,8.36206622924437,1.0
72,8.44368159668313,1.0
73,8.560050791114913,4.0
74,8.606340807504138,1.0
75,8.765152884358907,3.0
76,8.812297224570212,4.0
77,8.848873361425454,1.0
78,8.93567150171885,4.0
79,9.020785487537557,4.0
80,9.05727478881118,4.0
81,9.086236651684393,3.0
82,9.091912553634444,4.0
83,9.280757930829274,0.0
84,9.347736525359494,3.0
85,9.404905273362361,1.0
86,9.431540654629824,1.0
87,9.443060727724639,4.0
88,9.618571951623242,0.0
89,9.667782537934704,0.0
90,9.674454239768652,0.0
91,9.67737577006485,0.0
92,9.739096984536417,4.0
93,9.79428135326869,1.0
94,9.808738542199372,1.0
95,9.879623927345396,0.0
96,9.919059717661025,0.0
