,time,event
0,0.2657263536692773,1.0
1,0.42976338605434383,2.0
2,1.0758188931689452,3.0
3,1.3045604514410616,0.0
4,1.3903992913118564,0.0
5,1.5620534901737093,3.0
6,1.6592332716157452,0.0
7,1.8570124661052956,4.0
8,2.0178808465005225,4.0
9,2.025642686907124,0.0
10,2.389775647648863,0.0
11,2.5713606490844945,0.0
12,2.606638004226746,0.0
13,2.785694018115399,4.0
14,2.9617268612415555,1.0
15,3.4956934483022093,1.0
16,3.891066557899534,0.0
17,3.993380968130681,3.0
18,4.002732435212033,2.0
19,4.067149074472704,1.0
20,4.077052799157159,1.0
21,4.198617372951358,4.0
22,4.735317426063606,0.0
23,5.065840406783068,1.0
24,5.208484984071037,1.0
25,5.51058868574862,0.0
26,5.719494620979123,2.0
27,5.792487918822014,2.0
28,6.253204723424508,0.0
29,6.331904902635422,2.0
30,6.3728839243652375,4.0
31,6.482217257057833,2.0
32,7.7598215349984185,0.0
33,7.934911895445863,1.0
34,8.140481117524415,3.0
35,8.187495294497568,0.0
36,8.25912363761692,1.0
37,8.404412519286067,3.0
38,8.412345591735164,4.0
39,8.573725027451477,3.0
40,8.80901215161923,4.0
41,8.825102335982935,3.0
42,8.977222983993478,3.0
43,9.50741966144321,0.0
44,9.87793635846026,1.0
