,time,event
0,0.26317402157316944,2.0
1,0.33378780158585936,1.0
2,0.8787317534723726,3.0
3,1.1608187167329622,4.0
4,1.2788711015206886,3.0
5,1.627670505710694,3.0
6,1.8515672505478922,3.0
7,1.8703133241867864,1.0
8,2.1711642086109797,4.0
9,2.5285717291679153,3.0
10,2.65609201945739,3.0
11,2.737661317154685,3.0
12,2.738347448683668,3.0
13,2.81993434036456,1.0
14,3.2327768423850434,1.0
15,3.2840006259791266,1.0
16,3.377180384444795,1.0
17,3.4178996040640146,0.0
18,3.5105538333065343,1.0
19,3.5727364794867382,3.0
20,3.717339807199107,3.0
21,3.8046416557567757,0.0
22,3.952869850068751,1.0
23,3.9877302708733486,3.0
24,4.084933908720814,1.0
25,4.174397054983585,3.0
26,4.2096848704042005,3.0
27,4.317453012351151,0.0
28,4.563416748393213,2.0
29,4.766252106818397,3.0
30,4.927740619121801,3.0
31,4.962771593300877,1.0
32,5.0048610259398965,3.0
33,5.0647104551087,3.0
34,5.066373066146602,0.0
35,5.11316272705464,0.0
36,5.4258667039522095,1.0
37,5.512278474018556,3.0
38,5.710346040746944,3.0
39,5.937713646795107,1.0
40,6.025978531102933,0.0
41,6.074090538950671,3.0
42,6.074778781782035,0.0
43,6.094609288820414,3.0
44,6.122963463871021,1.0
45,6.2151526066787355,3.0
46,6.3717080559992505,0.0
47,6.512186591631282,0.0
48,6.54806936351868,3.0
49,6.624512833205564,1.0
50,6.712778241475977,3.0
51,6.789166304935784,3.0
52,6.856520161388912,3.0
53,6.892514592861375,3.0
54,6.897555320047541,3.0
55,6.89918863838063,3.0
56,6.905483807229216,1.0
57,6.916319878300122,4.0
58,6.9523013027923115,0.0
59,7.042519624334103,3.0
60,7.208729189390383,1.0
61,7.24170227701389,0.0
62,7.29441253196829,1.0
63,7.295517068316429,0.0
64,7.38441986816487,3.0
65,7.935076887861605,0.0
66,7.954855524345824,0.0
67,8.000425786853642,3.0
68,8.010763517370204,1.0
69,8.03286655430757,0.0
70,8.141778661338037,0.0
71,8.210626471689174,0.0
72,8.221321373770499,3.0
73,8.245254072739558,3.0
74,8.364339532708943,3.0
75,8.48957577650052,0.0
76,8.587089600312247,0.0
77,8.59913290300453,2.0
78,8.665087672600878,3.0
79,8.939299666451939,0.0
80,8.986449830775099,0.0
81,9.001348041824551,0.0
82,9.053673992738064,3.0
83,9.07882804859677,2.0
84,9.089621439457547,1.0
85,9.140826504755879,1.0
86,9.142771684511839,3.0
87,9.173504742376359,1.0
88,9.259176003816073,3.0
89,9.275663286081894,3.0
90,9.288281732332033,0.0
91,9.301154039227717,0.0
92,9.326962118885282,1.0
93,9.358810731960592,0.0
94,9.532871122456225,0.0
95,9.857559719828274,1.0
96,9.993950437863056,4.0
