,time,event
0,0.23639136541899808,1.0
1,0.4437094118069335,2.0
2,1.1119477782772555,3.0
3,1.5377511236198451,3.0
4,1.8386573772082484,3.0
5,2.7076947517601826,3.0
6,3.1307734069679563,3.0
7,3.242785426603794,0.0
8,3.46002849612856,0.0
9,3.5473831148611,0.0
10,3.5562478484910014,0.0
11,3.558903266855945,0.0
12,3.7839027976429445,2.0
13,3.949439144190765,0.0
14,3.949930783088848,3.0
15,3.966209495863521,0.0
16,4.267203883756007,1.0
17,4.494936922807201,1.0
18,4.52750284213801,3.0
19,4.570485197458663,2.0
20,4.99767275064411,1.0
21,5.082228224245313,3.0
22,5.143202295436395,0.0
23,5.180281003620111,0.0
24,5.207114642969199,0.0
25,5.530671276635717,0.0
26,5.865115392355558,0.0
27,6.079602104489582,0.0
28,6.206047385394712,3.0
29,6.43333298519173,3.0
30,6.5654021681743675,3.0
31,6.656329701068935,0.0
32,6.9761297992031714,1.0
33,7.231539362417288,1.0
34,7.331350247930072,0.0
35,7.371669480232626,3.0
36,7.42187396347474,0.0
37,7.4246929481133925,1.0
38,7.443378840841814,0.0
39,7.496299840721223,0.0
40,7.80967673047708,0.0
41,8.00787735846063,1.0
42,8.364953632989641,1.0
43,8.501132651345756,0.0
44,8.650088850504378,0.0
45,8.655947679800795,1.0
46,9.063797759255175,0.0
47,9.425369108685665,1.0
48,9.46430780872735,0.0
49,9.478720657171198,0.0
50,9.508111004579614,3.0
51,9.637732731022558,1.0
52,9.715994171903265,0.0
53,9.836207880564714,0.0
54,9.863710373760547,0.0
