,time,event
0,0.22764433112397567,0.0
1,0.5367447412158199,0.0
2,1.035647362474601,0.0
3,1.2048118162869152,3.0
4,3.1582795106149923,2.0
5,3.3342757113326513,3.0
6,3.612393392142449,3.0
7,3.690749817514213,4.0
8,4.254201576324062,2.0
9,4.450875297926802,1.0
10,4.505287811917513,4.0
11,4.520519446418115,3.0
12,4.550398380006316,3.0
13,4.667083275131431,3.0
14,5.141963426780743,3.0
15,5.16138511806095,0.0
16,5.432766096945371,0.0
17,5.435702285484339,1.0
18,5.575902035278145,2.0
19,5.613531431907527,1.0
20,5.6197992011698235,1.0
21,5.665220732548241,1.0
22,5.778515483891715,3.0
23,5.889350402714854,2.0
24,5.959459988165014,4.0
25,6.237308691543823,1.0
26,6.430804461864588,3.0
27,6.468830590727742,0.0
28,6.717783485119766,1.0
29,6.733188077410071,2.0
30,6.742132579685622,4.0
31,6.801437158171139,2.0
32,6.87867281422423,2.0
33,6.912577113873669,1.0
34,7.001038567536441,2.0
35,7.079518454775736,2.0
36,7.303519219221024,2.0
37,7.694091053309771,4.0
38,7.714428452774527,3.0
39,7.77070601761251,2.0
40,7.776207996973129,1.0
41,7.828351572566829,1.0
42,7.862846961796515,2.0
43,7.871928706238343,1.0
44,7.908677295766494,2.0
45,8.043727321868115,1.0
46,8.04586566571133,2.0
47,8.053519197305224,1.0
48,8.079846556228816,4.0
49,8.099488901221443,1.0
50,8.114520314103206,2.0
51,8.208137679890573,4.0
52,8.240678585008515,2.0
53,8.245050587770436,1.0
54,8.291551882513724,1.0
55,8.492695591399302,4.0
56,8.67194077237057,2.0
57,8.744812260099067,3.0
58,8.77994760575547,4.0
59,8.850062460282986,2.0
60,9.122727346798658,1.0
61,9.616469486320423,1.0
62,9.674792231245029,1.0
63,9.873782956565712,2.0
64,9.90974650365672,3.0
65,9.921702682708187,3.0
