,time,event
0,0.22250870774160592,0.0
1,0.2859752954172895,3.0
2,1.2394095605166167,3.0
3,1.4093201857243727,1.0
4,2.3429872067915887,0.0
5,2.3854739018342808,0.0
6,3.132813179685205,2.0
7,3.1931996312047635,3.0
8,3.4629902133308836,4.0
9,3.598608400617682,3.0
10,3.657059763196279,2.0
11,4.373383194445029,2.0
12,4.467487413445022,1.0
13,4.809047455135816,0.0
14,4.884963021925525,0.0
15,4.907846912380008,3.0
16,5.009743842593637,2.0
17,5.425258728846173,1.0
18,5.569970867107298,3.0
19,5.648424021528257,3.0
20,5.718005259334042,4.0
21,5.804864552958886,3.0
22,5.812396982300685,1.0
23,5.835863750717501,4.0
24,5.9050030496002215,0.0
25,5.943238757546179,1.0
26,5.943301318390323,4.0
27,5.969171135107619,2.0
28,6.01109114167894,4.0
29,6.0144192520974595,0.0
30,6.407935310528527,4.0
31,6.703430244660672,3.0
32,6.882420712173875,1.0
33,6.90929888459213,4.0
34,7.12958839085337,1.0
35,7.215230566781861,1.0
36,7.3268972621822135,1.0
37,7.351511875180214,2.0
38,7.726798711483114,4.0
39,7.889133951856817,0.0
40,7.949194891700106,0.0
41,8.02309995173316,4.0
42,8.121109304488243,0.0
43,8.173246019289103,3.0
44,8.193124086516313,0.0
45,8.204132992618407,2.0
46,8.212230087254905,3.0
47,8.216431347791726,3.0
48,8.24665151960528,3.0
49,8.252176041475558,3.0
50,8.266053273609078,4.0
51,8.352655551638835,4.0
52,8.365848393350824,3.0
53,8.462342082534057,4.0
54,8.46404962366063,4.0
55,8.470067393031623,4.0
56,8.50377964671472,3.0
57,8.51021216542683,3.0
58,8.541141829518283,4.0
59,8.63796737461729,1.0
60,8.70463932228218,3.0
61,9.037515488888522,0.0
62,9.09212036947708,4.0
63,9.170393805839032,1.0
64,9.384877280670048,2.0
65,9.404948618068325,3.0
66,9.471074999143045,4.0
67,9.508017251759489,1.0
68,9.628423300550347,3.0
69,9.659777823332922,0.0
