,time,event
0,0.09681437147296942,4.0
1,0.16571805248193328,3.0
2,0.7152347376546414,3.0
3,0.8620922450235698,0.0
4,2.2736304599896164,4.0
5,2.4398435448744737,1.0
6,2.467503224469001,1.0
7,2.570898367806466,4.0
8,3.190503702953012,1.0
9,3.250877453507658,4.0
10,4.387870327865735,0.0
11,4.755081753699641,3.0
12,4.8707820789738205,4.0
13,4.908322583331125,1.0
14,4.916406639687363,1.0
15,5.0253344246288325,2.0
16,5.552345605272844,4.0
17,5.691523788672638,4.0
18,7.161329832583371,0.0
19,7.300501342254602,4.0
20,7.385021661477462,3.0
21,7.62061460634362,4.0
22,7.871250402110541,4.0
23,7.940927878247293,4.0
24,8.04052581332172,4.0
25,8.747631707936252,0.0
26,8.80155831371732,4.0
27,9.331570643992805,0.0
28,9.523573409907977,0.0
29,9.668220403166439,3.0
30,9.68215483122723,2.0
31,9.728888497143643,4.0
32,9.9034926644271,4.0
