,time,event
0,2.5489803731968377,4.0
1,3.133853118187217,3.0
2,3.47619530947086,4.0
3,4.173944579667532,4.0
4,4.535876150944187,0.0
5,4.94585387288855,1.0
6,5.548931096316317,1.0
7,5.651788801332783,1.0
8,5.676064333941995,1.0
9,5.777872412962246,4.0
10,6.474568682444214,1.0
11,6.528864353818356,0.0
12,6.580902173795494,0.0
13,6.644365573823136,0.0
14,6.721342593075264,1.0
15,7.025106017921879,1.0
16,7.081830094998986,4.0
17,7.92324396720535,1.0
18,8.08065455508203,4.0
19,8.525234072123663,0.0
20,8.726657921062777,1.0
21,8.873010945373395,0.0
22,8.921563831499565,0.0
23,8.974754068415894,1.0
24,9.02164350549625,0.0
25,9.073614375724036,0.0
26,9.08961053189929,0.0
27,9.228053391973226,0.0
28,9.443456562295157,1.0
29,9.480659892881366,1.0
30,9.584903811853907,4.0
