,time,event
0,3.6484119325534934,4.0
1,3.76322025643034,4.0
2,4.63884954415774,3.0
3,5.990334035316446,4.0
4,6.481943016018158,4.0
5,6.682160463682773,3.0
6,7.068020443158715,3.0
7,7.127283394152944,3.0
8,7.94890026338491,3.0
9,8.128535351440556,0.0
10,8.387410720929907,4.0
11,8.777518236431622,3.0
12,8.986084532822622,4.0
13,8.986935163175461,3.0
14,9.022300030952549,3.0
15,9.603662710265827,3.0
