,time,event
0,1.0866639299017085,4.0
1,2.629338445133601,0.0
2,3.01478594295169,4.0
3,3.3423816076458364,0.0
4,3.48720753906316,0.0
5,4.555684347945281,4.0
6,4.679891411155766,3.0
7,4.800073553335553,0.0
8,5.00355607498417,2.0
9,5.330275559867742,0.0
10,5.775213743658436,3.0
11,6.848195846976812,4.0
12,6.937422706429406,2.0
13,6.94502713315275,4.0
14,7.053989265375837,0.0
15,7.089790534012616,4.0
16,7.230470628551527,3.0
17,7.310340630998521,3.0
18,7.345320644159305,3.0
19,7.706982540846903,3.0
20,7.8001771396749255,4.0
21,8.222273191944605,3.0
22,8.819417610448772,2.0
23,9.037796706582276,4.0
24,9.182359422006565,2.0
25,9.311217971929421,0.0
26,9.489425281530155,0.0
27,9.525253950420028,1.0
28,9.539964053683283,1.0
29,9.547269770937552,1.0
30,9.58391195601835,1.0
31,9.623558963095531,2.0
32,9.651599378436586,3.0
33,9.668256688937927,4.0
34,9.669261097913703,4.0
35,9.678928998895003,3.0
36,9.683570302247464,4.0
37,9.872287299076525,2.0
38,9.914741554264955,2.0
39,9.954418586856807,1.0
