,time,event
0,0.7132317184296261,4.0
1,2.2287235580872067,0.0
2,2.9566560876132804,3.0
3,4.314121562975496,4.0
4,4.6064889189873455,0.0
5,4.8488485285639165,4.0
6,4.888394058059404,2.0
7,5.108646517709528,1.0
8,5.135140467935274,1.0
9,5.1658621690789674,0.0
10,5.273766881400029,1.0
11,5.415200196351377,2.0
12,6.348827093270412,3.0
13,6.533233270296084,4.0
14,6.579166207254417,4.0
15,6.601470168870484,0.0
16,6.860110828276166,1.0
17,6.94111158803855,0.0
18,7.0506809598517926,0.0
19,7.109647510017641,0.0
20,7.381078957861812,0.0
21,7.3990857348952686,0.0
22,7.626173531127823,2.0
23,7.988551191141215,2.0
24,8.56819338188961,3.0
25,8.688796530194614,1.0
26,8.732557078068027,3.0
27,8.764542430105136,1.0
28,8.779825173035944,0.0
29,8.788057453049833,0.0
30,8.798088342469853,3.0
31,9.010827577651149,4.0
32,9.20948060405134,3.0
33,9.313293252586085,0.0
34,9.315662195155998,0.0
35,9.365501092664827,0.0
36,9.433054378810068,3.0
37,9.452531812428527,3.0
38,9.550468696187552,4.0
39,9.872313850023339,3.0
40,9.89494544259176,4.0
41,9.954241941940978,2.0
