,time,event
0,0.22985362180673602,2.0
1,0.37107782053611393,1.0
2,0.3951364127429542,4.0
3,0.8863346382708656,0.0
4,1.9297644353601684,0.0
5,2.4092972897534555,3.0
6,2.5098859698851745,1.0
7,2.6745945697920646,3.0
8,2.81009230520637,3.0
9,2.8599761242930257,0.0
10,3.333269359050684,4.0
11,3.359756122539049,2.0
12,3.6878728041813695,4.0
13,3.7986625070891096,0.0
14,3.84059578001467,1.0
15,4.14985042355545,3.0
16,4.3709835140998665,0.0
17,4.7038259648028635,0.0
18,4.9541616991597,3.0
19,5.092973543714007,0.0
20,5.317096295000137,3.0
21,5.363284795963453,3.0
22,5.494429176515219,3.0
23,5.739158591170513,0.0
24,5.773253989807312,3.0
25,5.821906830982877,2.0
26,6.002352128747507,1.0
27,6.033490190317896,3.0
28,6.090648929312134,2.0
29,6.1110009485146835,1.0
30,6.528405709193816,2.0
31,6.567652889747257,0.0
32,6.852221831472262,2.0
33,6.897461876892445,4.0
34,6.93493552725205,3.0
35,7.3387671794928515,2.0
36,7.379738697715649,3.0
37,7.492240055634323,2.0
38,7.519992399211006,3.0
39,7.538314238990946,3.0
40,7.62034737733894,0.0
41,7.829624124945561,0.0
42,8.14224998757153,0.0
43,8.218851605560815,0.0
44,8.250250906120574,0.0
45,8.266022319760152,0.0
46,8.308868806264492,0.0
47,8.309096419444218,1.0
48,8.42902959056334,1.0
49,8.464249589168476,3.0
50,8.506963451740969,3.0
51,8.716522493711874,2.0
52,9.195218645804255,3.0
53,9.224977004989764,0.0
54,9.298831922074449,3.0
55,9.307214053862095,3.0
56,9.425733551561166,0.0
57,9.42838232647359,1.0
58,9.612340728991164,0.0
59,9.6965613885802,0.0
60,9.764261559781945,3.0
61,9.81399691531249,0.0
62,9.850991277591385,0.0
63,9.890996508665559,1.0
64,9.909260680400124,3.0
65,9.959012402804676,2.0
66,9.959402466809234,0.0
