,time,event
0,0.22966825639744748,3.0
1,0.8398847295896958,4.0
2,2.4474941098094467,4.0
3,2.4569418370515375,0.0
4,3.3050132684423477,2.0
5,4.240629386911912,2.0
6,4.7461482679123375,2.0
7,4.925986884960631,1.0
8,4.968652346189667,3.0
9,6.111468190460817,2.0
10,6.129026653418673,4.0
11,6.717768934310392,2.0
12,6.920121197663421,0.0
13,7.196052882868489,4.0
14,7.452563732505932,1.0
15,7.567627147646596,4.0
16,8.541583571300542,2.0
17,8.557034207470869,1.0
18,9.186380810159388,1.0
19,9.630626950729019,2.0
20,9.882826960582802,2.0
21,9.95031879708864,2.0
