,time,event
0,0.3213274457769047,4.0
1,0.7322275685942795,4.0
2,0.8901720365527218,1.0
3,1.420823551798255,3.0
4,2.7079242925541367,1.0
5,2.9024660850699506,4.0
6,3.1110180583380522,1.0
7,3.134034197750129,1.0
8,3.174400778903662,3.0
9,3.392423881648672,2.0
10,3.7697848854863434,1.0
11,3.8716427056244607,1.0
12,4.388719496176902,4.0
13,4.9342683491041495,3.0
14,5.073541393229251,2.0
15,5.134927742291575,1.0
16,5.168258416488804,0.0
17,5.192049961012349,1.0
18,5.407726615542759,2.0
19,5.468580831201998,1.0
20,5.531895374016429,0.0
21,5.848612871396632,1.0
22,5.889602303967349,3.0
23,6.109820479758609,1.0
24,6.155223136695804,2.0
25,6.216750669712677,0.0
26,6.344834774818067,1.0
27,6.726407266694142,1.0
28,7.240325181805393,1.0
29,7.3524698508226045,0.0
30,7.429847061747578,1.0
31,7.4961282274259675,2.0
32,7.574723805269489,2.0
33,7.654581076331775,0.0
34,7.8697191718464525,1.0
35,8.104548176509773,1.0
36,8.206801239521132,3.0
37,8.293330658311824,1.0
38,8.483577722749484,1.0
39,8.600559695368636,3.0
40,8.614170186494379,1.0
41,8.77268870416378,2.0
42,9.35100027063479,0.0
43,9.371399063902091,1.0
44,9.550144821319806,2.0
45,9.567713033347056,0.0
