,time,event
0,0.019616020912799164,4.0
1,0.49801182679243033,3.0
2,0.594728837915526,3.0
3,0.7810417781309924,2.0
4,0.8222274130879971,2.0
5,1.4374807935301663,3.0
6,1.5667892144644235,3.0
7,1.654677709360805,4.0
8,1.8364829369518663,3.0
9,2.1161930535941096,4.0
10,2.1764000500083056,2.0
11,2.269721627978585,3.0
12,2.6523150239927165,3.0
13,3.192812686801718,4.0
14,3.715381313080032,3.0
15,3.7467916253087235,2.0
16,4.042228059400355,3.0
17,4.044006100380034,3.0
18,4.452030537516089,3.0
19,4.903304263915959,3.0
20,5.099317454317083,4.0
21,5.468182738933988,3.0
22,6.550700360018115,2.0
23,7.002479240314876,4.0
24,7.061963345707132,1.0
25,7.424945193982939,3.0
26,7.8526713673449295,1.0
27,8.742633546280631,2.0
28,8.987514662960095,4.0
29,8.99380880465816,2.0
30,9.735107096909394,4.0
31,9.745755807818867,4.0
32,9.765747590970983,4.0
33,9.857252728194734,0.0
34,10.568416342130025,3.0
35,10.782672800595815,3.0
36,10.919533284532733,4.0
37,10.96205250119922,4.0
38,11.683529111106832,3.0
39,12.372544845090323,3.0
40,12.621219451551998,4.0
41,12.67978986075671,2.0
42,13.091649257075506,3.0
43,13.10284894990924,4.0
44,14.683369017818466,1.0
45,14.839599293905247,1.0
46,15.347968299872683,0.0
47,15.401664819738832,0.0
48,15.94398012428821,1.0
49,16.263867290130165,1.0
50,16.27158150119822,4.0
51,16.514649856581862,0.0
52,16.684840506562,4.0
53,16.97188065442783,0.0
54,17.81776240829115,4.0
55,18.32697308736134,3.0
56,18.712476078911656,2.0
57,19.365964912326845,3.0
58,19.478922870370475,3.0
59,19.532638329075517,3.0
60,19.582640938151545,3.0
