,time,event
0,0.5343139574775368,3.0
1,0.7650046156018278,1.0
2,1.3832922683017492,2.0
3,1.6304767626202747,1.0
4,1.7092915858376996,0.0
5,1.8127405965866488,4.0
6,1.9198394336506381,4.0
7,2.488891055896861,0.0
8,2.698424453407933,3.0
9,3.150174439583145,1.0
10,3.174082927717118,3.0
11,3.2123499526764805,1.0
12,4.20805298307539,1.0
13,4.863285121342775,1.0
14,5.253366741993898,4.0
15,5.2993695323140235,1.0
16,5.653050826556149,4.0
17,6.26394389367958,3.0
18,6.335529103934151,1.0
19,6.5591913733825535,1.0
20,6.603623021093277,3.0
21,7.301070429802195,4.0
22,7.874665989820768,2.0
23,8.146308620496379,1.0
24,8.298224687958252,1.0
25,9.449703413960405,3.0
26,9.620362876659694,3.0
27,10.576335885643802,3.0
28,10.702405133290986,1.0
29,10.79782803519189,4.0
30,11.035339419394065,3.0
31,11.741066482875937,1.0
32,12.859585356963,0.0
33,13.82808097969494,3.0
34,14.36686344981646,1.0
35,14.91205624613494,3.0
36,14.945819945257675,1.0
37,15.134020958085669,3.0
38,15.209175810581794,3.0
39,15.661826396173504,3.0
40,15.686425333172506,4.0
41,15.897969933230225,3.0
42,16.041563161273228,2.0
43,16.89255378828253,1.0
44,17.22935820794957,1.0
45,17.665268644535857,3.0
46,17.859338193115637,4.0
47,18.032986858531665,1.0
48,18.034335039682308,3.0
49,18.515943388448086,3.0
50,19.47363242684485,0.0
51,19.70787830065795,1.0
52,19.838413779632184,1.0
