,time,event
0,0.13547305395342576,1.0
1,0.9938614527832088,4.0
2,1.1701532888379282,3.0
3,1.3931355558397502,3.0
4,1.7880558822583021,0.0
5,2.3503775647692216,2.0
6,2.8800653266874647,3.0
7,2.975732105979392,3.0
8,3.547253677135762,3.0
9,3.724902048651908,1.0
10,3.8621844310455704,3.0
11,5.448915012694909,2.0
12,5.791792840234281,3.0
13,6.2336561270482544,3.0
14,6.40910141587749,0.0
15,7.035080535360461,3.0
16,7.205045085669445,0.0
17,8.99067898695815,4.0
18,9.077708854838177,3.0
19,9.251512134739174,1.0
20,9.618263997961419,4.0
21,9.691482765409093,4.0
22,9.771202738704797,0.0
23,10.241039190161247,3.0
24,10.299447391413246,3.0
25,10.338033608938337,3.0
26,11.190225377134073,2.0
27,11.335001521274233,1.0
28,11.386651041144766,0.0
29,11.488572349766207,3.0
30,12.542903383924427,0.0
31,12.652429389128645,1.0
32,12.947959451586152,0.0
33,13.12935247890516,3.0
34,13.133492680335305,4.0
35,13.341238226614095,1.0
36,13.372651506733318,1.0
37,13.386040273350826,2.0
38,13.719007913248753,1.0
39,14.041236473109048,2.0
40,15.799880300027894,4.0
41,15.852183147935468,4.0
42,16.54289937447138,3.0
43,17.102245862784592,3.0
44,17.480796957606113,1.0
45,17.70058893681253,3.0
46,18.497884294210717,4.0
47,18.837272804910896,1.0
48,19.132264411268398,1.0
49,19.804381567107733,3.0
