,time,event
0,0.028050237533845744,4.0
1,0.17306286170638638,4.0
2,0.6017120807617762,3.0
3,0.6269785291706677,3.0
4,0.6893455010536989,0.0
5,0.8452118872974991,3.0
6,0.8917558436908051,3.0
7,1.0691660985821665,4.0
8,1.1539613714297858,4.0
9,1.80818805770572,2.0
10,2.2358194596007874,3.0
11,2.9333167462331047,3.0
12,4.641831335034168,4.0
13,4.840945070772975,2.0
14,5.536756706366544,4.0
15,5.673731194877109,2.0
16,6.233340690150467,4.0
17,6.3676505867999555,2.0
18,6.959842195663634,2.0
19,7.2301911936779995,0.0
20,7.536887008261824,3.0
21,9.161808570453797,3.0
22,9.206536329522937,4.0
23,9.414073552845196,3.0
24,10.132959527966864,2.0
25,10.68783390831191,2.0
26,11.136501479415351,1.0
27,11.208009269950988,0.0
28,11.515272100729167,4.0
29,11.578207750552865,2.0
30,12.032055559282274,2.0
31,12.176916732150437,4.0
32,12.79405523389902,2.0
33,12.943371241629428,0.0
34,13.025084096908898,2.0
35,13.422919875052079,3.0
36,13.96347497037825,0.0
37,14.118172875880383,4.0
38,14.50260878512699,4.0
39,14.713451096967681,1.0
40,14.734704779147172,3.0
41,15.171240996707418,3.0
42,15.607564292730414,3.0
43,15.842446905843682,1.0
44,16.05474950935101,0.0
45,16.694480453163802,3.0
46,16.713464483079044,4.0
47,17.16133506664244,2.0
48,17.21690696853649,4.0
49,17.42954658723977,0.0
50,18.512726759093006,0.0
51,18.77184980268997,3.0
52,18.819635454683,3.0
53,19.00253193629635,1.0
54,19.087922460175317,4.0
