,time,event
0,0.30831340039656085,1.0
1,0.3815126857416923,3.0
2,0.8659847976199208,1.0
3,0.940166920348899,1.0
4,1.014892886341041,4.0
5,1.1731319568811183,3.0
6,2.3348535179513235,3.0
7,2.689543316755517,3.0
8,3.2122360277303126,3.0
9,5.114182127891685,1.0
10,5.201781178846239,2.0
11,5.360329724742058,3.0
12,6.2373957756427485,1.0
13,6.278978084308798,3.0
14,7.291361027297178,3.0
15,7.630224200634764,4.0
16,7.776299943687428,1.0
17,7.972497885622762,0.0
18,9.078334256374049,3.0
19,9.456167053918664,2.0
20,9.790437176150558,1.0
21,9.869454726953425,4.0
22,10.651788338919761,1.0
23,10.956958606688135,1.0
24,11.321641831342696,3.0
25,11.527298431167784,4.0
26,12.678442498294766,1.0
27,12.740327792667312,3.0
28,12.81067950527967,1.0
29,12.864776875560977,1.0
30,13.39048874234709,1.0
31,13.437989687604006,4.0
32,14.359673676735945,4.0
33,14.42920252851261,0.0
34,14.609807875791994,4.0
35,15.433960305280488,3.0
36,16.44099381686928,4.0
37,16.74419058436645,3.0
38,18.549927569993148,4.0
39,19.02315612569642,1.0
40,19.709589071541874,0.0
