,time,event
0,0.06589024319865314,3.0
1,0.19086246675560745,1.0
2,0.9794250171480553,3.0
3,1.1351024266192593,3.0
4,1.3967948130089298,2.0
5,2.0290733017987055,4.0
6,2.1595090971202198,0.0
7,2.3342625347355184,1.0
8,3.278044446454048,3.0
9,3.5058069577156297,0.0
10,3.6376853141439676,3.0
11,3.7216299633611585,0.0
12,4.047699661015258,3.0
13,4.098561968461518,4.0
14,4.7776019978449815,3.0
15,4.923441171970984,3.0
16,5.0748346664986475,4.0
17,5.1061270306668405,3.0
18,5.466476050578969,2.0
19,6.0019525044175825,1.0
20,6.237741707310034,3.0
21,6.452960167545253,4.0
22,6.510842238318128,0.0
23,6.544375397422826,1.0
24,6.630446621476909,0.0
25,6.680958963821035,4.0
26,7.450087565612918,3.0
27,7.517347273560451,3.0
28,7.617745857138282,3.0
29,7.893863085445258,3.0
30,8.20929432840745,2.0
31,9.288108904115548,1.0
32,9.295673339842795,3.0
33,10.049230433415255,4.0
34,10.91424162636355,1.0
35,11.301245342748468,1.0
36,11.407684756282414,4.0
37,11.98650816330096,1.0
38,12.491599714587867,3.0
39,12.891293594310277,4.0
40,13.18545583236505,4.0
41,13.262744215053367,3.0
42,13.411616306729377,4.0
43,14.297488044790486,0.0
44,14.517482426925852,4.0
45,15.308835941604691,4.0
46,15.323507849255728,2.0
47,15.494978038332258,1.0
48,15.566904706788026,1.0
49,15.688167699254297,4.0
50,16.69953048158527,3.0
51,16.823545981725413,1.0
52,17.0327510423673,1.0
53,17.550134290061777,4.0
54,17.967058404376598,4.0
55,19.470328715695967,2.0
