,time,event
0,0.17278320549864187,3.0
1,0.7853774081577917,4.0
2,1.508170382634803,3.0
3,2.115198274248419,3.0
4,2.542513030746917,1.0
5,2.6603384952448974,1.0
6,3.268201190793354,2.0
7,3.9549566949349386,4.0
8,3.9590442738910334,3.0
9,4.984203684474475,3.0
10,5.632671646894203,4.0
11,5.680988795686724,1.0
12,5.764964155393824,3.0
13,5.862505937517683,4.0
14,6.246192499023214,4.0
15,6.27435806688217,1.0
16,6.42695766894541,4.0
17,6.722672451540168,3.0
18,6.78113056488564,3.0
19,7.519554814159012,3.0
20,8.106641925697803,3.0
21,8.240103427098589,4.0
22,8.945225666109897,4.0
23,9.20191323694385,1.0
24,9.469351399343227,1.0
25,10.682308514184495,1.0
26,10.732411428575412,1.0
27,11.058171388711164,3.0
28,11.657034170846376,4.0
29,11.881044981294263,3.0
30,12.185475353508862,3.0
31,12.37366478413387,0.0
32,13.015874868254448,0.0
33,14.422611168738127,2.0
34,15.452214442000196,1.0
35,15.512434003171437,4.0
36,16.1839307527478,1.0
37,16.426873276121547,3.0
38,17.278771945135876,3.0
39,17.357850851239448,1.0
40,18.111493633014845,3.0
41,18.173533573206836,4.0
42,18.52148077900507,3.0
43,18.646376928830396,1.0
44,18.75412314383504,3.0
45,19.086423276217,3.0
46,19.488830852528054,3.0
47,19.670343430849247,3.0
