,time,event
0,0.48666248510814547,0.0
1,0.48789707707579333,4.0
2,0.7867012853260125,1.0
3,0.8668595709239115,3.0
4,1.4218592434705317,3.0
5,1.93314993004814,3.0
6,2.336233717946743,1.0
7,2.5531779077172576,3.0
8,3.1588244955165052,4.0
9,3.1621260229749355,1.0
10,3.205193128796572,3.0
11,3.2836382220896136,2.0
12,3.300140887401093,1.0
13,3.350697787999893,3.0
14,3.4638450551225497,1.0
15,3.6860903182445934,3.0
16,4.1748955175125175,3.0
17,5.07608912454478,3.0
18,5.124247226169497,1.0
19,5.429368723638343,3.0
20,5.932275736076568,3.0
21,7.730270161082643,1.0
22,7.908462192522027,1.0
23,8.090683524234121,0.0
24,9.885746476416234,3.0
25,10.214438127461753,4.0
26,10.31826616970017,1.0
27,10.34363861909101,1.0
28,10.638359468095304,4.0
29,11.013057874018882,3.0
30,11.486006037645206,3.0
31,12.08256871249786,3.0
32,12.54389250883616,1.0
33,13.132198144804809,4.0
34,13.188799324392669,1.0
35,14.105074930799185,1.0
36,14.154008918222281,4.0
37,14.87722824759024,4.0
38,14.970819199571991,0.0
39,15.110996338074537,1.0
40,15.407144493885442,2.0
41,15.768280001977681,3.0
42,16.24388360037634,1.0
43,16.79689527669753,4.0
44,17.627452101764455,3.0
45,17.64829421192642,4.0
46,18.757798341551677,1.0
47,19.133192978076927,3.0
48,19.547043207317056,4.0
