,time,event
0,0.3711211506536371,3.0
1,1.625901482062153,0.0
2,1.6333084936602065,0.0
3,3.199832003876805,3.0
4,3.651296368885891,3.0
5,3.6577609017046235,4.0
6,4.457309507717326,3.0
7,4.707697012343413,0.0
8,5.065854512291472,1.0
9,5.119338322953811,3.0
10,5.905507398472109,3.0
11,6.02003525623588,3.0
12,6.218706905635509,3.0
13,6.25804034292892,1.0
14,6.581200324996637,0.0
15,6.63541525748612,3.0
16,6.639833299664605,3.0
17,6.770888824076206,4.0
18,7.150292865684675,4.0
19,7.4538745841524765,1.0
20,8.004774549392152,4.0
21,9.50174271311095,1.0
22,9.581395638603215,2.0
23,10.206951195366637,1.0
24,10.210487546817712,4.0
25,12.195692025937019,1.0
26,12.39506654280598,1.0
27,12.478723670504666,1.0
28,12.746237594555986,4.0
29,12.956307032962778,2.0
30,13.006324973257906,0.0
31,13.213749435967335,3.0
32,14.157672996280533,3.0
33,14.614411012039676,1.0
34,15.131200203169616,3.0
35,15.237265877948035,0.0
36,15.638047074761754,4.0
37,17.177902059160175,3.0
38,17.52266508280508,3.0
39,18.397585010271786,3.0
40,18.509118540668815,1.0
41,18.744368089226562,3.0
