,time,event
0,0.346546469188845,4.0
1,1.1334436660762854,2.0
2,2.4403927555960294,1.0
3,2.5176012712982683,4.0
4,2.653033489652919,1.0
5,2.7440498633661927,1.0
6,2.798468671637676,3.0
7,2.8052722591523658,3.0
8,2.817428163974404,1.0
9,2.8672945458670136,3.0
10,3.5452945839276033,3.0
11,4.196998861867435,3.0
12,4.633447611594326,0.0
13,4.739539224288589,2.0
14,4.988574366262777,1.0
15,5.350563680447206,2.0
16,5.485506924427285,3.0
17,5.748016233656093,4.0
18,6.118561927048607,1.0
19,7.890688839339527,1.0
20,8.711908118769097,0.0
21,8.789003426101745,4.0
22,8.806261983376588,3.0
23,10.330783944254867,1.0
24,10.805264903901538,3.0
25,11.234287738393698,3.0
26,11.290644777735697,3.0
27,11.723606640367425,3.0
28,12.776310380447509,1.0
29,12.84638543983793,4.0
30,13.181852819543952,3.0
31,14.51385486636182,4.0
32,14.635506357271323,1.0
33,14.786339319149036,2.0
34,14.999977891811085,3.0
35,15.997448316289592,2.0
36,16.082803018680032,1.0
37,16.695113968308693,1.0
38,17.23028403639512,4.0
39,18.056286976985405,3.0
40,18.07206408238282,4.0
41,18.093700211018817,1.0
42,18.268575438946613,3.0
43,19.19165263877551,4.0
44,19.924821991723782,3.0
