,time,event
0,0.3764648337870686,1.0
1,0.7130185323702372,2.0
2,0.784126222273247,4.0
3,1.0041007024546655,3.0
4,1.2287284368443894,4.0
5,1.3427368408557343,1.0
6,1.399517085467119,1.0
7,2.259679186130334,2.0
8,2.7826477600052613,4.0
9,3.0959190185643037,1.0
10,3.1445345963274662,1.0
11,3.45014272919449,3.0
12,3.975381938731315,3.0
13,4.828181730789541,3.0
14,4.87365723752977,1.0
15,4.972012832233717,3.0
16,5.17474486114501,3.0
17,5.525661720523635,3.0
18,5.664197208117279,4.0
19,5.807390799137338,3.0
20,5.863288468680438,3.0
21,6.150727009575468,3.0
22,6.629203932987753,3.0
23,7.0323315443487875,3.0
24,7.206826264795199,3.0
25,7.33036191065329,1.0
26,7.740620621565781,1.0
27,8.255147535200622,3.0
28,8.628383039002754,2.0
29,9.19204829892663,1.0
30,9.272515126076334,2.0
31,9.791540527751685,3.0
32,10.00455253621071,1.0
33,10.513453001836952,0.0
34,10.751712244384288,4.0
35,12.163934965624149,3.0
36,12.164261012679274,4.0
37,12.247783795909928,3.0
38,12.516705969745106,4.0
39,12.558744739204009,4.0
40,12.70731589537328,1.0
41,12.867411905484227,3.0
42,12.890937807071792,3.0
43,13.168948251213019,4.0
44,13.309313327867175,4.0
45,13.536627939575533,1.0
46,14.104108267867918,4.0
47,14.328114552487852,4.0
48,14.832766972610521,4.0
49,15.46047346795693,1.0
50,15.585799403471485,4.0
51,15.627107779964263,3.0
52,15.82128378360384,3.0
53,15.932245033069856,4.0
54,16.53173120734046,1.0
55,18.505359613616175,1.0
56,19.473729711471066,1.0
57,19.515421417777343,3.0
58,19.654214483389133,4.0
59,19.756920735972546,1.0
