,time,event
0,0.09652947630469373,3.0
1,0.18016592898755535,4.0
2,0.6557223441647311,1.0
3,1.0563173646777888,4.0
4,1.142729531578254,1.0
5,1.2728672622539337,0.0
6,1.5099242936589599,3.0
7,2.017992733816479,3.0
8,2.0556722937581324,2.0
9,2.480116512577452,3.0
10,2.9305836149270115,1.0
11,3.4433114782749557,2.0
12,3.6350224297729543,0.0
13,5.522241723337843,1.0
14,5.708060623600891,3.0
15,5.728953988093321,4.0
16,5.976757578236607,3.0
17,6.1362590114473345,1.0
18,6.598414354360538,2.0
19,7.444858813045111,1.0
20,7.893066236626749,1.0
21,8.9239725001128,4.0
22,9.063656882914064,3.0
23,9.31420666884752,3.0
24,9.364636500141238,3.0
25,9.750475297209263,3.0
26,9.81200313241211,3.0
27,10.011325798579614,3.0
28,11.771454405436325,4.0
29,11.903273330984918,4.0
30,13.166064252320899,1.0
31,13.46859576467184,1.0
32,13.594990045201788,3.0
33,13.984411574923241,3.0
34,14.514933689934459,1.0
35,14.83345418113372,3.0
36,14.921472537065071,4.0
37,15.966888901219244,3.0
38,17.28824467962067,0.0
39,17.494521688459287,1.0
40,17.624605452028938,3.0
41,17.66117521520275,1.0
42,18.069010351152983,1.0
43,18.211311745151907,1.0
44,18.26817191581313,3.0
45,18.434485516880432,1.0
46,18.628171097737166,3.0
47,18.733597711969498,3.0
48,18.82833779823735,4.0
49,18.957554195605184,1.0
50,19.284942343019207,1.0
51,19.416018272007168,4.0
52,19.646609650621382,2.0
53,19.738360882728532,1.0
54,19.926344070039377,1.0
