,time,event
0,0.5011560323098776,3.0
1,0.5836255381928159,4.0
2,1.9872865759437648,0.0
3,2.0086815767476955,1.0
4,2.8023854169422178,3.0
5,2.8422493333707965,3.0
6,3.3059514690230456,3.0
7,3.3144962124565067,1.0
8,3.980909237942812,1.0
9,3.993094698508212,4.0
10,4.571848601124314,3.0
11,5.209579764063843,3.0
12,6.989085250136263,3.0
13,7.042720185174313,4.0
14,7.0585302843693665,1.0
15,7.10308408830503,4.0
16,7.33607287646683,3.0
17,7.355295255510896,1.0
18,8.129506641760186,4.0
19,8.282758226040011,3.0
20,8.314779974130229,3.0
21,8.884694066124105,1.0
22,8.92924751771037,3.0
23,9.42772859261299,3.0
24,9.826777175353243,4.0
25,10.18350899957603,2.0
26,10.27464010503409,3.0
27,10.49518404125164,1.0
28,10.773828082117255,3.0
29,11.094734293081226,4.0
30,11.117606693278418,2.0
31,11.201410849450463,3.0
32,11.587885261545985,4.0
33,12.498778253577237,3.0
34,12.568334739179846,1.0
35,12.873408106343398,3.0
36,12.94068104762147,4.0
37,13.552994683886148,3.0
38,14.131048801665974,3.0
39,14.462019491960113,3.0
40,14.988229421514527,3.0
41,15.049620806244484,1.0
42,15.544011872295355,1.0
43,16.238659298799547,3.0
44,16.661009888434606,3.0
45,16.83686774286776,3.0
46,16.99704479248265,1.0
47,17.062208001637668,3.0
48,17.29267140888715,1.0
49,17.535954555012854,3.0
50,18.24612845464266,3.0
51,19.10578852884905,4.0
52,19.52311379633613,2.0
