,time,event
0,0.5136597245496731,2.0
1,0.5272501548442151,3.0
2,0.677518923302878,3.0
3,0.843076364274129,3.0
4,1.019078427546383,1.0
5,1.081651371220556,3.0
6,1.7358056627878702,1.0
7,1.74114475144772,3.0
8,3.078812683612214,1.0
9,3.281591616029914,3.0
10,3.9610335627818705,1.0
11,4.486493878336724,3.0
12,4.767420772407233,3.0
13,5.0997689648172875,4.0
14,5.529324908080127,3.0
15,5.7741457556826985,4.0
16,6.509723210842081,3.0
17,6.597764150431508,0.0
18,7.158880709543768,1.0
19,7.236037976022199,3.0
20,7.245928680265182,4.0
21,7.488938485651775,1.0
22,7.565307588746483,3.0
23,7.785692429519652,0.0
24,8.18355715291477,4.0
25,8.19408844543042,1.0
26,9.123356700675167,4.0
27,9.140108102023708,1.0
28,10.120801652223724,4.0
29,10.668405587459189,3.0
30,11.359628453359683,4.0
31,11.77278401615767,3.0
32,11.833772905978313,3.0
33,12.654308495699002,3.0
34,12.758837248995478,3.0
35,13.405266884031628,1.0
36,13.764291013447323,0.0
37,14.052671377585378,3.0
38,14.20545000521576,3.0
39,14.41394025393743,3.0
40,14.708615164989054,3.0
41,15.45903248647535,3.0
42,16.160093141748124,1.0
43,16.238242592777294,1.0
44,17.030289057003063,4.0
45,17.363998741610217,4.0
46,18.459324472142896,3.0
47,18.575126571886354,3.0
48,18.79627169534984,1.0
49,19.407043204573473,3.0
50,19.741757630313757,2.0
51,19.97269659512448,1.0
