,time,event
0,0.0377302763857281,1.0
1,0.9513202684889335,1.0
2,1.1958398343817818,1.0
3,1.3791378892626096,3.0
4,2.889437025642492,0.0
5,3.2519789357023643,1.0
6,3.618000256057277,4.0
7,5.533984697769161,3.0
8,6.300375846575829,0.0
9,6.326270978953074,2.0
10,7.324370809095003,3.0
11,7.408961183788487,4.0
12,8.089913705393212,4.0
13,8.43666705648968,3.0
14,9.153076765183206,4.0
15,9.861241544299261,0.0
16,10.159597565444185,3.0
17,10.5882575104862,1.0
18,10.927364818250895,1.0
19,11.368874672287651,2.0
20,11.672240225486476,3.0
21,12.581931696465912,3.0
22,12.785148377016538,3.0
23,13.086758405457568,4.0
24,13.131897715043044,4.0
25,13.19223620267749,4.0
26,13.199541650464173,1.0
27,13.576058807459244,3.0
28,14.021333132489092,3.0
29,14.394610761784532,3.0
30,14.914271518224892,3.0
31,15.054539309709668,3.0
32,15.860422648273946,4.0
33,16.094308313855358,3.0
34,16.881212960444653,3.0
35,17.05602554163049,3.0
36,17.264301000395076,4.0
37,17.685759555889494,3.0
38,18.66321379157232,1.0
39,19.079141123412047,3.0
40,19.10908741591637,2.0
