,time,event
0,0.28779712121966994,3.0
1,0.49743994548190984,1.0
2,0.5611583654559703,1.0
3,0.7925464312677919,3.0
4,1.0089062717569166,3.0
5,1.111436710748055,4.0
6,1.1279551134792132,1.0
7,2.1544699186712366,1.0
8,2.3793710220254884,3.0
9,3.3128926968623245,3.0
10,3.451097471845304,0.0
11,3.543900331375483,1.0
12,3.8246695926357903,3.0
13,3.8831868874440545,3.0
14,4.52889998117273,1.0
15,5.51322493996568,3.0
16,5.800594671372858,1.0
17,6.011119936315829,3.0
18,6.2951296579787615,3.0
19,6.648414468578465,2.0
20,6.951203408689693,3.0
21,7.022452883439972,3.0
22,7.7688716894673355,3.0
23,7.997276592689369,1.0
24,8.505294838450228,3.0
25,9.130642272190503,4.0
26,10.32452339132022,0.0
27,10.516154617160938,3.0
28,11.344430301806316,1.0
29,11.428567420077268,1.0
30,11.936570731029388,1.0
31,12.159459174466937,2.0
32,12.557247486632768,3.0
33,12.604964811672481,2.0
34,12.77646143948097,1.0
35,13.132416560443861,3.0
36,13.517074964887861,0.0
37,13.803942470329146,1.0
38,13.972473389127119,4.0
39,14.390904482638069,3.0
40,15.264707825407616,1.0
41,15.380131017406127,1.0
42,15.458303564324074,4.0
43,15.613085657891414,1.0
44,15.870922643762237,3.0
45,16.046206396239906,4.0
46,16.445532710368973,1.0
47,16.86894851037755,3.0
48,17.483828197094606,3.0
49,17.9296225608817,1.0
50,18.139875320896284,0.0
51,18.146689923128616,0.0
52,18.344790843330575,3.0
53,19.342908489101777,0.0
54,19.647456094968227,4.0
55,19.96475421488068,3.0
