,time,event
0,0.3116203666699109,1.0
1,0.7583217674882834,1.0
2,0.7973606279401708,1.0
3,1.0334802820306552,1.0
4,1.2727290232750643,4.0
5,1.290486526357259,3.0
6,1.3528512162291095,0.0
7,1.8249315617546427,3.0
8,1.8274089730822414,1.0
9,1.8280503422779861,3.0
10,2.2895872093012395,0.0
11,2.3475965970760853,3.0
12,2.4291304005980523,1.0
13,2.678447142352077,4.0
14,2.9505205018778002,3.0
15,3.22071701190077,3.0
16,3.472392272487793,4.0
17,4.426064049217076,0.0
18,5.152882089738495,4.0
19,6.347088819817911,1.0
20,6.915822587697477,1.0
21,7.1711253370481565,3.0
22,7.2592028359568355,3.0
23,8.367180827563347,4.0
24,8.465222974247158,1.0
25,8.844630948373785,4.0
26,9.15353852882896,0.0
27,9.91757192061392,3.0
28,10.183036717060647,1.0
29,11.408644441773072,1.0
30,11.944495241341661,3.0
31,11.954047909994557,1.0
32,12.753117014307144,0.0
33,12.85762837579952,2.0
34,12.993099333666308,0.0
35,13.237125993613079,0.0
36,13.593272326830903,4.0
37,13.918635163653441,1.0
38,14.390909273632134,2.0
39,14.407702902873892,0.0
40,15.129725001582905,3.0
41,15.349382819540363,0.0
42,15.38676833909652,0.0
43,15.528644777344201,0.0
44,15.644014846497647,3.0
45,16.31870558316243,0.0
46,16.431022229345107,0.0
47,18.306561026380667,4.0
48,18.767548903882734,4.0
49,18.836460839714174,3.0
50,18.862614390272608,1.0
51,19.075331897711553,0.0
52,19.454683477732466,1.0
53,19.478369326420363,0.0
54,19.601116625887627,1.0
