,time,event
0,0.032844546427267717,1.0
1,0.0424427381698565,1.0
2,1.1271820126062182,1.0
3,1.1742314473670448,0.0
4,1.18914936267976,0.0
5,1.2539120220715327,3.0
6,2.365669598483599,1.0
7,2.933481273834123,0.0
8,3.0078465005647588,1.0
9,3.0142910049692344,0.0
10,3.4804657254233686,0.0
11,3.5987495682307027,1.0
12,4.777904928279214,4.0
13,4.824980032474493,2.0
14,4.960456685500821,1.0
15,5.087621183465542,1.0
16,5.211715153543026,3.0
17,5.606112694091903,0.0
18,5.835941319031662,4.0
19,7.014369193312877,3.0
20,7.779327366796211,1.0
21,8.079490394494353,1.0
22,8.545114093307506,1.0
23,8.702988614366024,1.0
24,8.934202968318626,1.0
25,9.652397612747597,4.0
26,9.653618806889359,3.0
27,9.714460248171202,0.0
28,10.622383804536682,1.0
29,10.908196797370405,4.0
30,10.931305787866139,1.0
31,11.160229451451704,0.0
32,11.9061853862409,1.0
33,11.982164793967403,3.0
34,12.056956590996256,1.0
35,12.255016232424701,3.0
36,13.301502439200377,0.0
37,13.66038914973485,2.0
38,14.07315880596847,4.0
39,14.924917295110987,3.0
40,15.3072022970434,4.0
41,15.436562627096668,0.0
42,16.69293194549889,1.0
43,16.709801900805427,3.0
44,16.756995717252845,0.0
45,16.828102950992164,3.0
46,17.043957265171827,3.0
47,17.060731078364217,2.0
48,17.17115870661489,0.0
49,17.333307624340524,2.0
50,17.610502421333504,4.0
51,17.673987369966408,4.0
52,17.799421203745244,3.0
53,18.062192971032324,1.0
54,18.77307541503266,0.0
55,18.972929303362893,3.0
56,19.30289419154326,0.0
57,19.317406958091166,3.0
58,19.493823813336597,4.0
59,19.500469760228643,0.0
60,19.765188315457358,1.0
61,19.93612375105873,4.0
