,time,event
0,0.8380241138678493,0.0
1,1.7889390756670154,3.0
2,1.821207763532506,3.0
3,1.9105863039160917,4.0
4,2.0934250566302293,4.0
5,2.104266373161346,1.0
6,2.109530639463423,0.0
7,2.2170997311895686,1.0
8,2.7635451468592303,1.0
9,3.4281966337517575,1.0
10,3.5943127369092513,3.0
11,4.486918385648626,3.0
12,4.660170150133914,2.0
13,5.141196388619343,2.0
14,5.340192426269061,4.0
15,6.117993763028604,2.0
16,6.280416623130231,4.0
17,7.094576870255,3.0
18,7.6952828695690325,2.0
19,7.746199805050269,2.0
20,7.805351593690609,3.0
21,7.911137610237811,3.0
22,7.955420404144924,4.0
23,8.141893177218986,3.0
24,8.345467896996016,3.0
25,9.24085583569731,2.0
26,9.245842992504704,3.0
27,9.379363278157278,4.0
28,9.548545775184229,2.0
29,9.972775559566193,4.0
30,10.45159530365677,3.0
31,10.746164998781166,0.0
32,11.051198458339723,1.0
33,11.235304508973229,3.0
34,11.441206380116865,0.0
35,11.626055743944628,4.0
36,11.686474894999643,3.0
37,11.822695119640414,3.0
38,11.886589819272885,4.0
39,11.917707196332348,3.0
40,11.994347757808008,2.0
41,12.345035999707315,4.0
42,12.451137082944888,0.0
43,12.940465448780023,4.0
44,13.020350484699883,2.0
45,13.635083411938803,4.0
46,13.72359663701925,4.0
47,14.461807683787878,4.0
48,14.755948112303077,2.0
49,15.792760295014885,3.0
50,15.83087947861091,1.0
51,15.878548121324583,4.0
52,16.394898969337696,1.0
53,16.470779866641845,3.0
54,16.62590316485539,4.0
55,17.322645974837304,0.0
56,17.61427012711804,1.0
57,17.971518249053048,0.0
58,18.105498041431538,4.0
59,18.217895471272744,4.0
60,18.423702078767818,4.0
61,18.636520231841367,3.0
62,19.32194158086339,4.0
63,19.422478096150048,4.0
64,19.509656371788246,2.0
