,time,event
0,0.043759985319760886,3.0
1,0.17367671368013118,3.0
2,0.36293281755133855,3.0
3,0.8479515974368445,2.0
4,0.9727574766769375,1.0
5,1.4084632207876524,0.0
6,1.5756880731601557,1.0
7,2.229510915261732,4.0
8,2.501974524094567,0.0
9,3.205262587475737,1.0
10,3.366782005495928,3.0
11,3.383811063355121,2.0
12,3.38581412578948,3.0
13,3.9629504953481156,2.0
14,4.554995265457315,0.0
15,4.769213904339879,1.0
16,5.000863215962493,3.0
17,5.016316407951474,1.0
18,5.067728481617946,1.0
19,6.177999168769611,1.0
20,6.433364072690501,4.0
21,6.499321371315886,0.0
22,7.059007252630322,3.0
23,7.11023205701807,2.0
24,7.679482308859922,1.0
25,7.965182089417693,0.0
26,7.974458010123593,0.0
27,8.076529318090413,3.0
28,8.829172153426894,4.0
29,9.480109151057245,4.0
30,9.581561654804258,0.0
31,9.663673911200641,0.0
32,9.88069941387942,0.0
33,9.95035649487552,2.0
34,10.04583649385287,0.0
35,10.711188431104096,0.0
36,10.949154360122101,0.0
37,11.254535861697754,3.0
38,11.507341352544763,1.0
39,11.79667671592106,4.0
40,12.351897207517435,1.0
41,12.477387551251688,3.0
42,12.49885880378799,3.0
43,12.805353267118491,0.0
44,13.09207472709692,0.0
45,13.560126102624038,0.0
46,13.756556871985108,0.0
47,13.905164704064736,1.0
48,14.433050976382017,1.0
49,15.013131314490991,0.0
50,15.664159428509468,1.0
51,15.91702309913964,0.0
52,16.28672978861219,0.0
53,16.347461711035308,4.0
54,16.451810990580043,4.0
55,16.84841790968033,4.0
56,17.583135568702286,4.0
57,17.776745604811605,3.0
58,18.194074178189027,1.0
59,18.5887222689397,0.0
60,18.87193992842672,3.0
