,time,event
0,0.08020228014170032,4.0
1,0.40166873810663145,1.0
2,0.4782910428038133,0.0
3,1.8350036894577397,1.0
4,2.215852387041817,0.0
5,2.297530170755714,3.0
6,2.5612457558719233,3.0
7,2.9389429279247126,4.0
8,3.1132177651279673,0.0
9,3.431275367545272,0.0
10,3.5497953339521136,0.0
11,3.6411280173020932,0.0
12,3.8571904934864456,1.0
13,4.26625080044696,1.0
14,4.558764612990474,1.0
15,4.846779061360259,1.0
16,4.96751097077906,0.0
17,5.272098848723947,1.0
18,5.662699229665106,0.0
19,5.929309542533974,0.0
20,5.9842067511684585,0.0
21,6.639689017963143,3.0
22,6.656232482662122,3.0
23,6.985111045744682,1.0
24,7.458454137151536,0.0
25,7.6101503287987775,0.0
26,8.151251116714237,1.0
27,8.288740246102165,0.0
28,8.537137671592273,1.0
29,8.730139717301535,0.0
30,8.940777979044109,3.0
31,9.705273709507342,1.0
32,10.073399445750566,1.0
33,10.151923013053946,0.0
34,10.776481109827154,0.0
35,10.903590158671644,3.0
36,10.9998453330466,1.0
37,11.63019381757039,0.0
38,11.882774832049947,0.0
39,12.120183134466899,4.0
40,13.396552835350336,3.0
41,15.046194546259656,1.0
42,15.062333484142222,1.0
43,15.39160360721525,4.0
44,15.84594025479067,1.0
45,16.078153585433455,0.0
46,17.04420054934857,4.0
47,18.47226638048496,3.0
48,18.89534946218821,2.0
49,19.344211413591385,0.0
50,19.366340225214476,1.0
51,19.807386445873433,1.0
52,19.894842256484498,1.0
