,time,event
0,0.4634055001953127,2.0
1,0.7038662372178425,3.0
2,0.9755825925441663,4.0
3,1.0000596790132803,1.0
4,1.0454611421037894,0.0
5,1.635183800934794,0.0
6,1.773939728832705,4.0
7,1.860757126156078,1.0
8,2.9363060240783545,1.0
9,3.2632845956676686,4.0
10,4.325444483074526,0.0
11,4.337277720503304,0.0
12,4.53727375477614,4.0
13,5.511492537398465,3.0
14,5.668327355120246,1.0
15,7.198996509799007,0.0
16,7.233354894119859,1.0
17,8.511753858310952,1.0
18,8.547004457454232,1.0
19,8.835243934755944,3.0
20,9.131243501246269,0.0
21,9.3782308173876,2.0
22,9.570527971161395,2.0
23,9.728057554429164,4.0
24,10.05106364451474,1.0
25,10.108260075212312,1.0
26,10.316844299576802,1.0
27,10.357123489375937,1.0
28,10.885701712297177,3.0
29,11.221730222228155,4.0
30,11.459242561958748,4.0
31,12.216637968814995,1.0
32,12.5295407519752,1.0
33,13.142689249278899,0.0
34,13.918215976125374,1.0
35,14.169733352633505,1.0
36,14.197207258170343,3.0
37,14.525030126843296,1.0
38,14.877456239151417,2.0
39,16.343284753932366,0.0
40,16.637013511913334,1.0
41,16.975293164592106,0.0
42,17.183860492770467,3.0
43,17.413956213059485,1.0
44,17.8742563928606,0.0
45,18.0012166910044,0.0
46,18.456431989000077,0.0
47,18.544442475866152,0.0
