,time,event
0,0.1426643520630303,1.0
1,0.30734481571484706,1.0
2,0.6312745062398493,2.0
3,0.6453679631086835,1.0
4,0.6848507617405477,1.0
5,0.8419550751566537,3.0
6,0.913663177571228,0.0
7,1.097641799269833,1.0
8,1.1516797868695927,4.0
9,1.886790480042898,1.0
10,1.907450677961438,1.0
11,2.838152722293181,3.0
12,2.9451511124087886,1.0
13,4.0405598768324555,4.0
14,4.302792164450293,1.0
15,4.338420406842773,0.0
16,4.681080506188829,3.0
17,4.797338081010018,3.0
18,5.115947617914214,0.0
19,5.300423752805327,3.0
20,5.556480884999263,4.0
21,5.580407933718791,4.0
22,7.669677651955331,0.0
23,7.675445695663456,0.0
24,7.876581894266716,3.0
25,8.4775078533475,0.0
26,8.65083958260132,0.0
27,9.299987356533912,4.0
28,9.379456422796107,4.0
29,9.549604662589232,4.0
30,9.821061420228242,0.0
31,9.923424993701575,1.0
32,11.6741259934468,1.0
33,11.728949084083522,0.0
34,11.88423295574404,0.0
35,12.095973475626254,1.0
36,12.831231406848433,0.0
37,12.865722548845346,3.0
38,13.135175489817781,3.0
39,13.33683516185493,0.0
40,13.719221096574156,0.0
41,14.209425333342853,3.0
42,14.519594632703475,3.0
43,15.387324021310393,2.0
44,15.900913776174294,0.0
45,16.002581965736717,1.0
46,16.371129770758454,0.0
47,16.42503384582174,0.0
48,16.58301144470269,1.0
49,17.01744612142567,0.0
50,19.258649491566473,0.0
