,time,event
0,0.08529038232831469,0.0
1,0.6025172348733648,4.0
2,0.697668448128393,0.0
3,0.702934763838093,2.0
4,0.857687562422191,1.0
5,2.0935809915491284,1.0
6,2.118960320743279,3.0
7,2.25827259560314,3.0
8,2.3435741499913423,3.0
9,2.587744079808033,1.0
10,3.5268894726274977,1.0
11,3.6905199779499904,0.0
12,3.9460214285466373,3.0
13,4.611465599400333,0.0
14,4.993272314706989,4.0
15,5.461473793451686,2.0
16,5.477759761738199,1.0
17,5.553010450003705,0.0
18,5.647207746328854,0.0
19,5.79648144180702,3.0
20,7.376008694761442,0.0
21,8.811677767392604,0.0
22,9.517032152171595,0.0
23,9.584670932081332,2.0
24,9.586721243277658,3.0
25,11.164032190639656,1.0
26,11.305493125732564,1.0
27,11.439738906150962,0.0
28,11.556827246509778,0.0
29,11.728135069199222,1.0
30,12.792271830243243,1.0
31,13.42138392414361,4.0
32,14.295988850384605,4.0
33,14.438941280212886,0.0
34,14.635348846889686,2.0
35,15.077915298224585,4.0
36,15.080007602796748,4.0
37,15.236462051931987,3.0
38,15.285413262061605,3.0
39,15.323714310744583,0.0
40,15.446631778133762,1.0
41,15.685068025406947,3.0
42,15.917591284192603,1.0
43,16.10470706462586,1.0
44,16.209153527749663,1.0
45,16.252643814551853,1.0
46,16.921725215596407,1.0
47,17.355723703743518,0.0
48,17.43833319844923,3.0
49,18.221755399567222,1.0
50,18.233710121794374,1.0
51,18.36018812868545,4.0
52,19.2031679878395,4.0
53,19.26773951930753,3.0
