,time,event
0,0.10002510197207735,1.0
1,0.1848080685252022,3.0
2,0.658007704354103,3.0
3,0.7799766855271221,3.0
4,0.8584938878064101,0.0
5,1.1520339347318402,4.0
6,1.2720546886867024,3.0
7,2.5907186601089145,3.0
8,2.990740990705336,4.0
9,3.4847920393893888,0.0
10,3.5476739171676153,2.0
11,3.6819697951018138,1.0
12,3.73198810692832,2.0
13,3.7399882983667068,1.0
14,4.28563645914872,0.0
15,4.878964149182973,0.0
16,4.895711142173327,3.0
17,5.1793029519118345,4.0
18,5.2644294074674,3.0
19,5.451873263893026,2.0
20,5.596991803332739,4.0
21,6.0368023613905395,1.0
22,6.1397675931368045,1.0
23,6.350890921956282,4.0
24,6.6336747038394,3.0
25,6.69959907839421,0.0
26,7.4187570980347095,0.0
27,7.52405066273796,2.0
28,8.421114026414285,4.0
29,8.809885163747643,3.0
30,8.810770924624688,2.0
31,8.824890113608976,1.0
32,9.147402804549065,0.0
33,9.220212464301508,0.0
34,9.229262147823318,1.0
35,9.494613249449445,1.0
36,9.756298355864864,2.0
37,10.431541270577705,1.0
38,10.788260922701118,4.0
39,11.122522978481305,4.0
40,11.838346298354162,1.0
41,12.190793982303719,3.0
42,12.333235614088741,0.0
43,12.355650287544432,0.0
44,13.96623747575822,0.0
45,14.395167430023406,0.0
46,14.73411675847499,0.0
47,14.86751484492724,0.0
48,14.901292356286595,1.0
49,14.963810784347688,0.0
50,15.188878195825048,1.0
51,16.005328610102914,0.0
52,16.12428623185152,1.0
53,16.43494145315011,3.0
54,17.11315351209571,4.0
55,17.418485998500024,3.0
56,17.766322772047992,0.0
57,18.186826180986245,0.0
58,18.566086734555327,0.0
59,19.03700355699364,1.0
60,19.16565582362539,3.0
61,19.608148136773423,2.0
