,time,event
0,0.7403515453940176,3.0
1,0.9439715334898441,3.0
2,1.4617363217540338,2.0
3,1.5890817958134809,3.0
4,1.856847546123875,0.0
5,1.8656921475477306,1.0
6,1.8979155509923706,0.0
7,2.1928083792430977,4.0
8,2.2120759825576473,0.0
9,2.4692307862745935,3.0
10,2.5226460483453907,0.0
11,2.7116437370634707,1.0
12,3.54271240896822,4.0
13,4.377365939716208,2.0
14,4.584798635916733,1.0
15,5.2561987764636955,1.0
16,5.423817535601349,0.0
17,5.845354118881074,3.0
18,7.075893159721572,1.0
19,7.112947892667093,0.0
20,7.71372321687878,1.0
21,7.776027747744609,4.0
22,8.081876203542024,1.0
23,8.13134162966744,2.0
24,8.527547907474895,1.0
25,9.201419764180844,4.0
26,9.653932666999935,0.0
27,9.809964220022435,3.0
28,9.952456735264116,1.0
29,10.287052878299512,0.0
30,10.333816377281028,1.0
31,10.98238387339814,3.0
32,11.060206179915278,1.0
33,11.112285864968591,0.0
34,11.125296552700537,4.0
35,11.269306134461448,1.0
36,12.254395429850586,3.0
37,12.737421386722716,1.0
38,12.856904403033823,1.0
39,13.02947191412049,0.0
40,13.635491267118896,2.0
41,13.698336734481876,0.0
42,13.963931798649849,0.0
43,14.004135501980297,4.0
44,14.07672715580842,0.0
45,14.330190838706702,2.0
46,15.492457699036457,0.0
47,16.030831710315205,0.0
48,16.101708314413244,0.0
49,16.31812583047451,0.0
50,17.04617996400207,1.0
51,17.625128509001666,1.0
52,18.132632595882175,3.0
53,18.30353680920012,2.0
54,18.76512558985453,2.0
55,19.79109506087441,2.0
