,time,event
0,1.039987029419685,0.0
1,2.1345813761385295,0.0
2,2.1996704348577323,0.0
3,2.211397487891597,1.0
4,2.257278916095665,0.0
5,2.2643888676913733,1.0
6,2.9703671161873624,2.0
7,3.1390351589077885,4.0
8,3.4352787939941236,3.0
9,3.5535194174183706,1.0
10,3.559847791267215,0.0
11,3.6922788461659306,1.0
12,3.7542606746566003,3.0
13,5.076031632357614,3.0
14,5.375314116114207,4.0
15,5.872575081453661,0.0
16,5.904338186252301,0.0
17,6.098029535436855,1.0
18,6.295511195065024,1.0
19,7.056677337862642,4.0
20,7.212117339616686,0.0
21,7.908012219219749,0.0
22,7.964855405187003,4.0
23,8.047295191027054,3.0
24,9.456382915105756,2.0
25,9.733939899875004,0.0
26,10.386734381409473,1.0
27,10.74055649077055,0.0
28,11.26306459385519,1.0
29,13.442721328195756,4.0
30,13.484492134893404,0.0
31,13.591643554601147,4.0
32,14.062967136936708,3.0
33,14.175488964810476,2.0
34,14.54618102999926,1.0
35,14.557992260962573,1.0
36,15.02757187336444,3.0
37,15.258129258995302,3.0
38,15.900691186698033,0.0
39,15.945428932654977,1.0
40,16.11002750112419,3.0
41,16.991314314273072,3.0
42,17.214034038924513,1.0
43,17.355948472096873,4.0
44,17.61364677737275,1.0
45,17.78756037372668,1.0
46,17.95170169078282,1.0
47,18.210961196937124,0.0
48,18.29811407206071,0.0
49,18.750370399441266,0.0
50,18.8721764821433,0.0
51,19.17921413891322,0.0
52,19.273683334964364,0.0
53,19.46005282204257,1.0
54,19.627281489371732,1.0
55,19.715564787549535,0.0
