,time,event
0,1.1730582586753246,0.0
1,2.164816003383794,4.0
2,2.3194661309145155,1.0
3,3.0386954609617844,1.0
4,3.5207894049057615,3.0
5,4.204847710209502,3.0
6,4.352099597833671,0.0
7,4.607239385733284,3.0
8,4.720470288525831,4.0
9,6.071090188614945,1.0
10,6.519888174747543,1.0
11,7.701242426099965,3.0
12,8.070974899171668,1.0
13,8.257726991292259,0.0
14,8.381419207343649,1.0
15,9.715442838587908,4.0
16,9.732801030458525,0.0
17,9.794812983589063,3.0
18,9.830689517113719,0.0
19,10.040713694614315,0.0
20,10.921176203212383,1.0
21,11.003419732269416,1.0
22,11.427056437432961,2.0
23,11.484834335778796,1.0
24,11.490974390914598,4.0
25,11.660312797165073,3.0
26,11.743075412014306,1.0
27,11.745835710109525,3.0
28,11.994564320474629,4.0
29,12.112030066863959,0.0
30,12.289400332983327,1.0
31,13.051403652298848,4.0
32,14.048233871116716,0.0
33,14.236391293882162,4.0
34,14.924751088574968,4.0
35,14.927959197677875,1.0
36,15.203151243499777,4.0
37,15.724106815540834,0.0
38,15.819241160507918,4.0
39,15.89444362030594,0.0
40,16.339189890350777,3.0
41,17.00064851497508,1.0
42,17.945875158842185,3.0
43,18.012331190788917,0.0
44,19.54210855792687,2.0
45,19.746387320061576,1.0
