,time,event
0,0.07361470394216858,4.0
1,0.4782053806404408,3.0
2,1.3553360743187044,1.0
3,1.3591546710710536,0.0
4,1.645158736346164,3.0
5,1.6473526462372436,0.0
6,1.867044133406249,4.0
7,1.9990018448278657,4.0
8,2.1807377083989135,0.0
9,2.316080195101174,1.0
10,2.36377307576722,1.0
11,2.3639182543194277,1.0
12,2.7100710449104897,0.0
13,2.8873719796305357,0.0
14,2.909745670592412,0.0
15,3.7563167864819142,1.0
16,3.8081665001941922,0.0
17,4.1753031380486405,0.0
18,4.768594055547744,0.0
19,4.9440691865334,1.0
20,5.310208783494302,3.0
21,5.716485462808858,1.0
22,5.759737837870729,0.0
23,5.834635057231202,1.0
24,6.015580859261218,0.0
25,6.6847564617224915,1.0
26,6.896870017453894,0.0
27,7.37627549806978,0.0
28,7.453801504215997,3.0
29,7.651964342910255,0.0
30,8.089825216709315,1.0
31,8.23251838351453,1.0
32,8.239872308383084,1.0
33,9.109559501439096,3.0
34,9.232433577782524,0.0
35,9.34577760913006,4.0
36,9.707226185492445,1.0
37,9.739661521199697,0.0
38,9.84640433387049,3.0
39,10.0470498607633,1.0
40,10.223953697568396,0.0
41,10.675871480598918,0.0
42,10.943912976542327,3.0
43,10.955916726567239,2.0
44,11.280604777200038,1.0
45,12.340569291480634,0.0
46,12.619160544322767,0.0
47,13.811523291423843,0.0
48,14.244803346521532,4.0
49,14.266821195319281,2.0
50,14.532428528294666,1.0
51,14.566191694784893,0.0
52,15.362804156454464,1.0
53,15.917247483218818,3.0
54,16.015323959505057,3.0
55,16.274497826836065,1.0
56,17.56973004120787,2.0
57,18.549406478143645,0.0
58,18.93502859784964,4.0
59,19.245473436173846,1.0
60,19.351451395853477,0.0
