,time,event
0,1.3835442141770498,0.0
1,1.386845818361935,1.0
2,1.9949240410035989,0.0
3,2.9842343640205424,3.0
4,3.025996934096683,0.0
5,3.2978920013339668,1.0
6,4.0550026451355,0.0
7,4.4872788911010035,1.0
8,4.4941000772292305,3.0
9,4.662848191686268,4.0
10,4.892444039739271,1.0
11,5.505937038900549,0.0
12,5.6042075871865356,0.0
13,5.803904068376279,2.0
14,5.83035668461459,2.0
15,5.984351154892164,2.0
16,6.263091865987331,3.0
17,6.408318371158761,2.0
18,6.817148468707166,4.0
19,6.860539314480896,1.0
20,7.779044983590882,1.0
21,7.812594452750669,3.0
22,8.307448309451841,1.0
23,8.313369766896768,0.0
24,8.67886118124423,0.0
25,9.160643671058365,1.0
26,9.790307852487189,0.0
27,9.827631384223166,1.0
28,10.720572905397727,0.0
29,11.086268649192315,1.0
30,11.08937781573095,0.0
31,11.156571533225792,0.0
32,11.198417579484813,1.0
33,11.497707619933038,4.0
34,11.54356543132455,0.0
35,11.735346599213747,0.0
36,12.091579418973856,0.0
37,12.67289103578748,0.0
38,13.6192896517265,2.0
39,13.934875267704104,1.0
40,14.130984512814132,2.0
41,14.659283020132811,1.0
42,15.736986640884885,2.0
43,16.013694478264348,0.0
44,16.242362625371662,3.0
45,16.262788312521643,4.0
46,16.538373561859324,3.0
47,16.564556976613783,2.0
48,16.870233608689276,1.0
49,16.873071782033925,1.0
50,16.94139497558198,2.0
51,17.314272053564082,4.0
52,18.635200363452473,0.0
53,19.018285521929805,1.0
54,19.084568197199392,1.0
55,19.39824102009941,3.0
56,19.670086170788945,1.0
