,time,event
0,0.5694017770712043,1.0
1,0.7106377636742152,3.0
2,0.9665559515910467,0.0
3,1.24438238841904,1.0
4,1.3988190399856393,4.0
5,1.4644485817835518,1.0
6,1.6442341178351496,1.0
7,1.7427801884742136,0.0
8,1.8833938520946725,1.0
9,1.884370393010156,3.0
10,2.156098336800774,2.0
11,2.244952814458116,4.0
12,2.4599303852013765,1.0
13,2.547084498497212,1.0
14,3.115805425492927,0.0
15,3.3221187567927286,4.0
16,3.895798121320633,3.0
17,6.026728947845818,4.0
18,6.076122924607508,2.0
19,6.229883319747934,1.0
20,6.317600713881725,3.0
21,6.413343459346693,1.0
22,6.8806989504467895,1.0
23,7.18013951194819,1.0
24,7.687519165183696,2.0
25,8.950652232221818,0.0
26,9.038873778371668,0.0
27,9.237902238583063,1.0
28,9.266620741689264,0.0
29,9.833212297979482,1.0
30,9.904515495660627,3.0
31,11.026250013922361,3.0
32,11.341332274622639,1.0
33,12.72949832581641,1.0
34,12.867218342450183,3.0
35,13.127713075145179,0.0
36,13.156359127716446,0.0
37,14.09252477863294,4.0
38,14.128143779023926,4.0
39,14.92383613014208,3.0
40,15.308999076129886,4.0
41,15.917931133101257,1.0
42,15.917972534782809,0.0
43,15.969010238099528,4.0
44,16.13364381172082,1.0
45,16.205625896211362,0.0
46,18.488225358464547,0.0
47,18.61976398691512,3.0
48,19.321661658741043,3.0
49,19.74957094059113,0.0
