,time,event
0,0.18374565385589806,4.0
1,1.058947614565209,0.0
2,1.109413988206866,3.0
3,2.165025538139705,2.0
4,2.6348864036105564,3.0
5,2.91171846235188,3.0
6,3.8638219076395175,0.0
7,3.8729694326500845,0.0
8,3.9778117015305745,1.0
9,4.8978115073324,3.0
10,4.953640830408389,3.0
11,5.025239410668328,1.0
12,5.747891894230652,1.0
13,5.771762478203986,0.0
14,5.860134822164321,3.0
15,6.3096214350061475,0.0
16,6.66551501829389,4.0
17,7.132488556580219,4.0
18,7.244489659689794,3.0
19,7.721056634790371,1.0
20,7.729522358963944,0.0
21,8.07410912991025,0.0
22,8.120828835522905,4.0
23,8.238636455720384,1.0
24,8.942914948466164,3.0
25,8.993548292349145,1.0
26,9.248549382261698,0.0
27,10.355890245720637,4.0
28,10.549019992148787,0.0
29,10.64316869883561,1.0
30,10.774655966797368,0.0
31,10.835326229666691,1.0
32,11.230783188199332,0.0
33,13.090827170686723,1.0
34,13.221071154296036,1.0
35,13.263311897292933,0.0
36,13.620022048910515,1.0
37,13.866270801652274,1.0
38,13.945794649362282,3.0
39,13.964793347380494,1.0
40,14.174251247390059,3.0
41,14.332021613779867,0.0
42,14.450425849536725,3.0
43,15.695254309371494,1.0
44,15.955653889296595,1.0
45,16.851992098489873,0.0
46,16.906284172071967,1.0
47,17.530535678732186,3.0
48,17.54920609124785,3.0
49,17.901044266278088,1.0
50,18.153794770152317,2.0
51,18.736813398586598,2.0
52,19.186908656499643,1.0
53,19.485472381528957,4.0
54,19.554821657088645,1.0
55,19.756870389457085,2.0
56,19.806504422540243,1.0
