,time,event
0,0.5537128640078647,1.0
1,0.6607223047833627,0.0
2,0.7162870958357964,1.0
3,1.055606303929879,3.0
4,1.9314487027192424,4.0
5,1.9734489924118972,1.0
6,2.292326514255068,0.0
7,2.4654934060145735,4.0
8,3.10015205704609,4.0
9,3.4221457507453032,3.0
10,3.643669310752112,0.0
11,3.7820936601582957,0.0
12,4.222384816385478,0.0
13,4.418632863695941,1.0
14,4.862105819600474,1.0
15,5.0260627450189705,3.0
16,5.112347518068887,1.0
17,5.1677405681823565,3.0
18,6.019931971892397,2.0
19,6.308804177671103,0.0
20,6.787366872107056,0.0
21,7.0489239972149855,1.0
22,7.621796913658922,0.0
23,7.756748284791641,1.0
24,8.411113952195244,1.0
25,8.59706836003819,1.0
26,8.808930990862295,1.0
27,8.8773807376601,4.0
28,9.157995171233795,3.0
29,9.306738188016306,1.0
30,9.404669890160603,3.0
31,9.639256097142566,0.0
32,9.763998165389149,4.0
33,10.031312906075522,1.0
34,10.168244367936955,1.0
35,10.183255203560577,3.0
36,10.297800627504763,2.0
37,10.724927108496221,0.0
38,11.97448450614857,0.0
39,12.10541664082205,1.0
40,12.491538936044298,2.0
41,12.558892823656553,1.0
42,12.772894088040278,3.0
43,13.485379860409877,4.0
44,13.8950898020607,0.0
45,15.56993303564754,3.0
46,15.728455258990516,0.0
47,16.16965332212817,1.0
48,16.308744177171373,0.0
49,16.54378404185285,0.0
50,16.760601766400093,4.0
51,17.34426140557279,4.0
52,19.33293850201025,1.0
53,19.358049584031075,4.0
54,19.502742090073987,0.0
55,19.82486837253899,0.0
