,time,event
0,0.28404998869716885,4.0
1,0.6973616498286002,0.0
2,1.3771702434142026,4.0
3,1.502476805538118,0.0
4,1.508158750040463,3.0
5,2.028438856870572,3.0
6,3.025979272035838,0.0
7,3.3123047872043214,4.0
8,4.134102254643845,4.0
9,5.179957202574589,3.0
10,5.724081052875262,4.0
11,5.758774444790113,4.0
12,5.984101702005646,1.0
13,5.985789822669196,3.0
14,6.137002686780401,1.0
15,6.2151685435838715,4.0
16,6.631232528266188,0.0
17,6.720576837113372,0.0
18,6.791874221597297,4.0
19,7.02729378362205,2.0
20,7.117369627477925,1.0
21,8.482662495006691,3.0
22,8.801133242603381,3.0
23,9.14138402862825,0.0
24,9.205917577303362,3.0
25,9.741010750519361,4.0
26,9.892521464820824,1.0
27,10.013715165768547,4.0
28,10.409654114055478,3.0
29,10.47495945781382,1.0
30,10.666114724307556,3.0
31,11.320764749431813,0.0
32,11.685345860194435,4.0
33,11.955912179449891,0.0
34,12.343688671105697,2.0
35,12.368205139403251,3.0
36,13.492584019271739,0.0
37,14.109322618162386,1.0
38,14.392844505777685,3.0
39,15.502299709402454,4.0
40,15.570862868222843,0.0
41,15.591205881225532,0.0
42,16.14608237833338,3.0
43,16.206032149538384,4.0
44,16.834740918717785,4.0
45,18.335831819301493,3.0
46,18.375321558286572,0.0
47,18.441996119235764,3.0
48,18.695981137350316,1.0
49,18.754319302125925,3.0
50,19.341045703384108,0.0
51,19.8427587591781,1.0
52,19.845114154116587,4.0
53,19.97753782736535,3.0
