,time,event
0,0.060955757101113485,3.0
1,0.2774909834345125,0.0
2,2.0763228638423943,1.0
3,2.290051861766502,4.0
4,2.3374921076360704,4.0
5,3.3269881382082023,4.0
6,3.5818457609802308,0.0
7,3.651675638983797,0.0
8,4.368594072929405,4.0
9,4.682212130661344,0.0
10,5.076351428233473,1.0
11,5.32267939363884,4.0
12,5.551922246284407,0.0
13,5.565880400131366,3.0
14,5.949416882633675,1.0
15,6.287480534217334,1.0
16,6.335876056965367,4.0
17,6.343710985936497,1.0
18,6.583589644839703,0.0
19,6.673381273962834,1.0
20,6.6968538307897765,1.0
21,7.023009947840775,4.0
22,7.109925545549449,3.0
23,7.807040167133338,1.0
24,8.014022911945602,1.0
25,8.553079991556407,1.0
26,9.326431625903611,1.0
27,9.716695540485174,0.0
28,10.24964835275453,2.0
29,10.563447925517893,4.0
30,11.342486164106258,1.0
31,11.473167800777707,0.0
32,12.68853737768979,0.0
33,13.627713663209725,3.0
34,13.67420863179422,3.0
35,14.199241426072296,3.0
36,14.238541129152114,4.0
37,14.32142076427216,0.0
38,14.897738631229794,3.0
39,15.266524744292406,0.0
40,15.916453667888957,4.0
41,16.16556054166244,1.0
42,16.380062789719695,0.0
43,18.016124723803756,1.0
44,19.313421710403812,0.0
45,19.580288865935362,0.0
