,time,event
0,0.08623256327393002,3.0
1,0.12062849004049392,1.0
2,0.2753101046533817,1.0
3,0.3968417215387037,1.0
4,0.49005029313739945,0.0
5,0.8298008709400232,0.0
6,1.1624642589478211,0.0
7,1.3515998208915474,3.0
8,2.0021417852715304,0.0
9,3.6198145579437955,1.0
10,3.8650033609527283,4.0
11,4.060255771273616,3.0
12,4.764117981462133,2.0
13,5.475382370825368,1.0
14,5.6751646889519725,4.0
15,6.572706711760201,1.0
16,6.581907686234356,0.0
17,6.6530628073341305,1.0
18,6.692218754982132,1.0
19,7.912901169541622,1.0
20,8.384956901733155,1.0
21,8.58672589322917,1.0
22,8.663413664419197,1.0
23,8.850127852398053,1.0
24,8.85169225388936,1.0
25,9.006128059737456,1.0
26,9.322560244709763,0.0
27,9.344567124981246,3.0
28,9.545998317355858,4.0
29,9.614288229062945,0.0
30,10.155283540527787,1.0
31,10.823867910802363,0.0
32,11.827074972546763,4.0
33,12.238636990947304,1.0
34,12.34525407052953,1.0
35,12.523732459373733,0.0
36,12.954311289204547,0.0
37,13.037930548945214,1.0
38,14.195710460624738,1.0
39,14.360876662457956,1.0
40,14.569827843224349,0.0
41,14.768621617561399,4.0
42,14.822561949671897,0.0
43,15.113608882511723,1.0
44,15.18512055394972,0.0
45,15.51130214733227,0.0
46,15.942196632291909,1.0
47,16.081921470077045,1.0
48,16.211985068023026,0.0
49,16.416600703957545,1.0
50,16.73026816178746,4.0
51,17.369253625051222,1.0
52,17.4417640791477,3.0
53,17.739062776918953,1.0
54,18.043181605124044,1.0
55,18.205981225388864,1.0
56,18.296074459637175,4.0
57,18.343551990009146,3.0
58,18.96268436130548,2.0
59,19.02810256425071,0.0
60,19.198635871598487,3.0
