,time,event
0,0.3490823394498351,0.0
1,0.39378674262653635,4.0
2,1.207995621522185,4.0
3,1.2088145897240659,4.0
4,1.7233464298704826,0.0
5,1.9462256133830138,1.0
6,2.205362423515015,1.0
7,2.3793795879201807,1.0
8,2.4452302456672212,4.0
9,2.6708808611460566,0.0
10,4.632658473338591,3.0
11,5.03048298142393,1.0
12,5.799350803896184,4.0
13,6.016457030379209,4.0
14,6.3662654563764836,1.0
15,6.437401178567572,4.0
16,6.798865144102059,0.0
17,7.532814349565373,1.0
18,8.039147364859549,0.0
19,8.365115226563137,3.0
20,8.552366126380551,3.0
21,8.801060578097694,1.0
22,8.969199793313244,1.0
23,9.058857333722788,2.0
24,9.116340799295788,3.0
25,9.65043828096259,0.0
26,9.812146422992184,3.0
27,10.391788419293825,0.0
28,10.812614539213952,1.0
29,10.959869502405155,0.0
30,11.011842946509283,4.0
31,11.419878705209204,1.0
32,11.5879651760608,1.0
33,11.881258005642245,3.0
34,12.400265308932248,1.0
35,12.521039970145466,0.0
36,12.833904784421911,0.0
37,13.407019977554139,0.0
38,13.64908219712816,1.0
39,14.092189583475674,4.0
40,14.293316587721295,3.0
41,15.339108431482995,4.0
42,15.677908364005464,1.0
43,15.981127161575781,0.0
44,16.82941128342234,0.0
45,17.43487596593229,3.0
46,17.61829925126638,0.0
47,17.630496178747475,0.0
48,18.81856634866582,1.0
49,18.899908947684168,1.0
50,18.995819584169855,3.0
51,19.248642701074118,1.0
52,19.41240496451821,1.0
53,19.440261110874623,1.0
54,19.461659364145945,0.0
55,19.761853829578857,0.0
