,time,event
0,0.007808047201786406,3.0
1,0.3058905414760421,3.0
2,0.7081999323717018,0.0
3,1.0610754925386634,1.0
4,1.6351944172236044,3.0
5,2.0047569623857155,3.0
6,2.4414191431831918,0.0
7,2.5839259633196,0.0
8,3.3618303926766373,3.0
9,3.609901551717762,1.0
10,3.7988928197903475,0.0
11,3.9520061208042723,0.0
12,4.781259835794461,0.0
13,4.840165379426242,4.0
14,5.058063109466431,0.0
15,5.361892488548459,1.0
16,6.013181015333267,1.0
17,6.700732471183304,1.0
18,6.851116915673435,3.0
19,7.272732504957595,2.0
20,7.367676763613729,1.0
21,7.662609333833375,0.0
22,8.541172619165092,1.0
23,8.88299877112467,1.0
24,8.96333956799424,1.0
25,9.064366764344689,3.0
26,9.132872169568675,1.0
27,9.266835394887696,0.0
28,9.31467047031862,3.0
29,9.84401206296025,1.0
30,10.020945197163249,0.0
31,11.042090120737036,3.0
32,11.618132418006091,0.0
33,11.639258926395746,0.0
34,12.091329671362548,1.0
35,12.093953045029814,1.0
36,12.115901445143445,4.0
37,12.284397771194557,0.0
38,12.44205779763613,0.0
39,12.706699447048923,1.0
40,12.85613505306812,3.0
41,13.030643000559474,3.0
42,13.556454373196175,1.0
43,13.738403203536093,4.0
44,13.936389579410724,2.0
45,14.635258605548698,3.0
46,14.706437227965019,3.0
47,14.820202314659799,1.0
48,14.8527692370148,1.0
49,15.201260345483618,3.0
50,15.910948346830759,3.0
51,16.525426502690216,3.0
52,16.535380619800613,0.0
53,16.935142851522546,1.0
54,16.96894417566132,0.0
55,17.43324334205763,4.0
56,18.432277318704617,1.0
57,18.68914887348547,1.0
58,18.720556705528704,0.0
59,18.999983766584325,0.0
60,19.918579173626092,1.0
