,time,event
0,0.6555354499247443,3.0
1,0.6568382880545058,4.0
2,1.0189012533091473,3.0
3,1.7987679799406329,2.0
4,1.8389461107703535,4.0
5,2.0899711502984513,3.0
6,2.6222789822431083,1.0
7,2.848142510316408,0.0
8,2.93451734423208,4.0
9,3.033891363775002,2.0
10,3.306998731088128,0.0
11,4.242661214431142,0.0
12,4.440171896258315,0.0
13,4.613529100123218,4.0
14,5.348665058717136,4.0
15,6.372085993799628,2.0
16,6.554667724148149,0.0
17,6.647854426284898,3.0
18,6.79545567130271,2.0
19,7.3107096513903524,1.0
20,7.639683626496367,0.0
21,8.919115344627642,4.0
22,9.135450941787882,0.0
23,9.624174954708986,1.0
24,10.000178428998048,4.0
25,10.043964530139078,3.0
26,10.479125026313522,0.0
27,10.544367862833422,4.0
28,11.481159281907406,4.0
29,11.907124696283992,2.0
30,12.185746429018382,4.0
31,12.478933901726354,4.0
32,12.50749089311435,2.0
33,12.812435553657473,2.0
34,13.548152192806441,2.0
35,14.311107235317072,4.0
36,14.405917439127037,4.0
37,15.01532105352537,1.0
38,15.04801470474035,4.0
39,15.10494966943362,2.0
40,15.431260322398307,2.0
41,15.502046051478397,2.0
42,15.64089782962103,3.0
43,15.73513271839673,3.0
44,15.837589588391733,2.0
45,15.854892484384278,1.0
46,16.458586892654928,4.0
47,17.17533357337929,4.0
48,17.58979655682919,1.0
49,17.830480729594218,2.0
50,18.441048946410838,4.0
51,18.905257919935927,0.0
52,18.954901298945252,3.0
53,19.276938912519235,1.0
54,19.39235424175246,2.0
55,19.4907317117349,2.0
