,time,event
0,0.1933463139503573,3.0
1,0.5521349716326375,3.0
2,0.5969008011242984,1.0
3,1.61793034055748,3.0
4,1.648078945081608,4.0
5,1.750662375559537,1.0
6,2.1341430737229916,4.0
7,2.4050134020422504,3.0
8,2.4689724583497887,4.0
9,2.8683918033632776,1.0
10,3.056268616034228,1.0
11,3.1065070801268653,1.0
12,3.8137276230717805,0.0
13,4.051061482643809,1.0
14,4.122973834061946,0.0
15,4.231669508077271,1.0
16,4.255531442155813,0.0
17,4.8229641291571195,0.0
18,5.012717936928886,4.0
19,5.131320283887218,4.0
20,5.3491067056500325,0.0
21,5.489781789407601,0.0
22,6.272106371477326,2.0
23,6.637242965419748,1.0
24,6.738073757827864,1.0
25,7.074621078534144,1.0
26,7.888645214081904,0.0
27,8.543530098758763,1.0
28,8.803158023859504,0.0
29,8.843868413578367,0.0
30,10.388412420360869,1.0
31,10.513109274412987,2.0
32,10.639612788390503,4.0
33,11.072934478986841,0.0
34,11.157184147743198,3.0
35,11.208880762521119,4.0
36,11.2185332548301,1.0
37,11.66815421580705,3.0
38,11.75426453302471,3.0
39,12.082179639667963,3.0
40,12.176643165849772,0.0
41,12.242536270346541,2.0
42,12.516149676786455,1.0
43,12.540264468255826,1.0
44,13.172856041452023,1.0
45,13.181073379680901,1.0
46,13.919897718711399,0.0
47,13.97289252968322,1.0
48,14.55253845932869,3.0
49,15.799686179959878,1.0
50,15.97828144431062,1.0
51,16.106445317507493,0.0
52,17.273234824112105,1.0
53,17.353373085247156,4.0
54,17.594060065501917,3.0
55,17.600186930636553,1.0
56,17.768047768317974,1.0
57,17.797179954552032,1.0
58,18.031581231850154,4.0
59,18.096401434568037,0.0
60,18.410026674146476,0.0
61,18.593162535238193,3.0
62,19.91988462864551,1.0
