,time,event
0,0.17056767642490805,0.0
1,0.25120535192180465,4.0
2,0.34978544595235705,1.0
3,0.43726782302369005,3.0
4,0.8399879757291382,1.0
5,0.9445110049933615,3.0
6,1.4565108953230004,0.0
7,2.351970243117947,2.0
8,2.628214002309874,0.0
9,2.646551286148016,1.0
10,3.0343020195213404,0.0
11,3.1080441851856113,2.0
12,3.5327170758781965,4.0
13,3.5608870275620537,3.0
14,4.187084714766484,4.0
15,4.494252718624439,0.0
16,4.929937067377222,0.0
17,5.2518808411678695,0.0
18,5.615661778969649,3.0
19,5.905701390317163,1.0
20,5.9645745208165915,1.0
21,6.798921213713541,1.0
22,7.890235618330486,0.0
23,8.609134077551305,1.0
24,9.059296073241393,3.0
25,9.133650195231102,2.0
26,9.37884935654104,1.0
27,9.56288026828029,3.0
28,10.365517253195916,4.0
29,10.426572819541617,4.0
30,10.680980707189269,4.0
31,10.745607659560543,1.0
32,10.980041168294989,0.0
33,11.082588528228875,1.0
34,11.106298407493325,4.0
35,11.214308848699018,3.0
36,12.064407997593523,1.0
37,12.163917678570597,3.0
38,12.216028860043956,4.0
39,12.398560210691787,1.0
40,12.78456526348153,1.0
41,13.293849503600335,0.0
42,13.923065000141094,0.0
43,15.75406903141787,4.0
44,15.781944569348008,3.0
45,16.220890327955594,1.0
46,16.34047730280244,0.0
47,16.462952643690908,0.0
48,17.34980739595681,1.0
49,17.43880199432988,1.0
50,17.443698069386553,3.0
51,17.719432685592025,0.0
52,18.184658710422468,0.0
53,18.188997002574133,4.0
54,19.916164798700784,0.0
