,time,event
0,0.23246976786707574,3.0
1,0.8399025745756832,2.0
2,0.8720994855946544,0.0
3,1.2306615246379713,0.0
4,1.2322467154746477,3.0
5,1.6338741555466683,1.0
6,2.1222275102311206,3.0
7,3.024445920111111,3.0
8,3.542569175395916,3.0
9,3.953370485575596,3.0
10,4.193855914746161,3.0
11,5.0773859361281115,0.0
12,5.17490893059292,1.0
13,5.837600064447885,1.0
14,5.855240666511274,1.0
15,6.149931706408921,3.0
16,6.204032286295172,0.0
17,6.210723461363918,0.0
18,7.1462704730247,1.0
19,7.502771984841872,0.0
20,8.372069257030246,4.0
21,8.411130187558545,1.0
22,8.720036787874951,4.0
23,9.389758479471581,0.0
24,10.039419035649464,3.0
25,10.178746618491779,1.0
26,10.240322649381513,1.0
27,10.990550683480201,4.0
28,11.312604686980125,2.0
29,11.55466628468274,4.0
30,11.663321092157052,0.0
31,11.767119628319103,3.0
32,11.896467735172664,3.0
33,12.412158835547178,2.0
34,12.439266085986509,1.0
35,12.968463324961895,0.0
36,13.134670611667675,0.0
37,13.203382773619996,0.0
38,13.398888212306796,1.0
39,13.513712684256866,0.0
40,14.127181562322656,4.0
41,14.494240487568469,1.0
42,14.823825995243196,3.0
43,16.47121961592598,3.0
44,17.0634517602238,2.0
45,17.237444307470565,0.0
46,17.45992046433346,3.0
47,17.53615675859545,2.0
48,18.22835182431165,1.0
49,18.615793666062128,4.0
50,18.660543018512566,1.0
51,18.868240115488806,3.0
52,18.9347395986229,0.0
53,19.197450360881778,1.0
