,time,event
0,0.172336097500629,4.0
1,0.5752233497639104,0.0
2,1.3948606638191037,1.0
3,1.4709790952347632,3.0
4,1.5619609305625075,1.0
5,2.604450970303545,3.0
6,3.3041952810809754,3.0
7,3.743082272265355,1.0
8,3.8629308551587354,0.0
9,4.304515996835634,1.0
10,4.760051606416032,4.0
11,4.794865585721274,4.0
12,6.571634161434171,4.0
13,6.782993217765164,3.0
14,6.953818300165261,1.0
15,7.014718449717749,3.0
16,7.111647412471429,4.0
17,7.534791036859121,1.0
18,8.000968445590194,3.0
19,8.221864722039452,0.0
20,8.247631115035173,1.0
21,8.511081897769731,4.0
22,8.531086657761492,4.0
23,8.570240270741333,0.0
24,8.781206388297429,2.0
25,9.037744568135505,0.0
26,9.26568476945453,0.0
27,9.893193407403079,1.0
28,9.925961546400961,0.0
29,10.051914458098748,1.0
30,10.650611137184216,4.0
31,10.720210027878904,0.0
32,11.56086896352975,1.0
33,12.105226258389209,0.0
34,12.378407889626208,1.0
35,12.635809653462964,0.0
36,13.204069953863447,0.0
37,13.297077834758511,0.0
38,13.858239293613208,3.0
39,14.369592772299093,0.0
40,14.763523091635044,1.0
41,14.791716507147983,1.0
42,15.202465933945195,0.0
43,15.494247092535536,4.0
44,15.55905600309744,1.0
45,16.56307205560529,4.0
46,16.648982689691746,1.0
47,17.280775579247116,1.0
48,17.792323033009954,0.0
49,17.81507947553996,1.0
50,18.46643438530989,0.0
51,18.765287171857743,0.0
52,19.044199339445168,0.0
53,19.062523468106843,3.0
54,19.25983991156118,0.0
55,19.421207175456342,3.0
56,19.430788052974922,3.0
57,19.66697580952416,4.0
58,19.881840304749694,1.0
59,19.942422627341877,3.0
