,time,event
0,0.042907774090920094,0.0
1,0.12606899559535475,4.0
2,0.5709998428028634,0.0
3,0.8660073514991107,0.0
4,0.9152786095141154,0.0
5,1.3099129025375882,4.0
6,2.3768019816215684,1.0
7,2.4889281055479415,1.0
8,2.770949842947327,0.0
9,3.5948336704115835,2.0
10,3.7674619969132985,1.0
11,3.770277585103339,1.0
12,4.169424983211756,1.0
13,4.37963997400861,2.0
14,4.538673192577453,4.0
15,4.7134074802138315,3.0
16,4.905048981146481,3.0
17,5.236385180983246,0.0
18,5.26147555042605,3.0
19,5.768677907511496,3.0
20,5.959717801496663,1.0
21,6.635105310007443,1.0
22,6.917294783031214,3.0
23,7.085074954089362,0.0
24,7.871915453225491,0.0
25,8.807181368347575,0.0
26,8.816493514894098,3.0
27,8.982372854018639,1.0
28,9.019550075321606,4.0
29,9.092373208499708,0.0
30,9.327482431205654,2.0
31,9.862826605221144,1.0
32,9.927340404095593,0.0
33,10.253199127188767,0.0
34,10.53565610402884,4.0
35,11.009850121915628,3.0
36,11.3556447865299,3.0
37,11.455865379112483,1.0
38,12.573667934234187,0.0
39,13.271805376852075,2.0
40,13.505556171561691,4.0
41,13.807499725564092,2.0
42,14.371914447552575,1.0
43,14.415959911630452,3.0
44,14.539885966103625,3.0
45,14.942128226627872,0.0
46,15.05820600449415,0.0
47,15.387047791616348,1.0
48,15.421829485423228,3.0
49,15.657682826491499,0.0
50,16.203179528874593,1.0
51,16.705324292069363,1.0
52,17.265043600196442,0.0
53,18.129249268976324,1.0
54,18.277543919851322,4.0
55,18.286047947793506,0.0
56,18.564270009639742,3.0
57,18.61417967420342,4.0
58,19.44387896418073,4.0
59,19.81579050443455,4.0
