,time,event
0,0.6286464891573068,1.0
1,1.4128505156119442,1.0
2,2.885579729267879,0.0
3,2.984003000233808,3.0
4,3.017509744474916,1.0
5,3.517447287912767,1.0
6,4.269002700599778,0.0
7,4.3773622218961314,2.0
8,5.095764272448824,2.0
9,5.5026895176835815,1.0
10,5.506799390042789,1.0
11,5.731406140911293,1.0
12,5.760652859091867,2.0
13,5.79505945880879,0.0
14,6.072648083684093,1.0
15,6.723340319910096,1.0
16,6.75815887111677,1.0
17,7.0238857384327105,1.0
18,7.046591932594637,2.0
19,7.351908897178451,4.0
20,7.467362844922681,3.0
21,7.9110483529137365,4.0
22,8.12298928942027,0.0
23,8.234515274481232,2.0
24,8.51771764270066,0.0
25,8.544539762389117,1.0
26,8.586922512490919,3.0
27,8.673575972000666,1.0
28,8.708321619658994,2.0
29,9.045944112293544,3.0
30,9.425926539674967,1.0
31,9.463955277901304,1.0
32,9.46850199183483,4.0
33,9.558377712752042,3.0
34,9.61659139089737,1.0
35,9.901261007555151,0.0
36,10.890430551399024,4.0
37,11.164540741469692,0.0
38,11.808350756439474,4.0
39,12.139849225027321,4.0
40,12.649764274916873,0.0
41,12.972085925182778,3.0
42,13.215490391057525,0.0
43,13.27939690547536,4.0
44,13.44307150521115,1.0
45,13.773241436502957,0.0
46,14.019617995464218,1.0
47,14.099693959207688,1.0
48,14.732465980753238,1.0
49,14.932147409955235,3.0
50,14.963574176928716,1.0
51,15.000762506677127,4.0
52,15.269998641781143,3.0
53,16.08539118711867,4.0
54,16.272474033247367,1.0
55,16.566329245180622,3.0
56,16.64210862436722,3.0
57,16.719837816516886,0.0
58,17.197845165168683,2.0
59,17.326596568467394,1.0
60,17.725852045641144,3.0
61,18.1050611814238,2.0
62,18.464671800491285,4.0
63,18.487708421491043,2.0
64,18.93508162776381,4.0
65,19.345053526172393,1.0
66,19.40960175091929,0.0
67,19.512719244570192,4.0
