,time,event
0,0.7066908183931568,4.0
1,1.0186860136675757,0.0
2,2.1230429263754713,1.0
3,2.2630487225078277,3.0
4,2.6275098497453198,1.0
5,3.1539062121364605,0.0
6,4.6242050717669825,0.0
7,5.141351373871636,0.0
8,5.261249376749944,4.0
9,5.543722280573964,1.0
10,6.34540943816195,3.0
11,6.911012744849216,4.0
12,7.62399011309602,1.0
13,7.657155112148028,2.0
14,7.702642315121584,1.0
15,7.774564609831931,3.0
16,8.80067800711309,0.0
17,9.188032497999028,3.0
18,9.697126738301241,1.0
19,10.042976002982005,4.0
20,10.065415828040264,2.0
21,10.54061948982699,4.0
22,11.463003420988022,3.0
23,12.591316851822901,0.0
24,12.92586495709628,1.0
25,13.10354575789406,1.0
26,13.706688591862347,0.0
27,14.0920910607811,0.0
28,14.324275256238355,2.0
29,14.652801535463272,3.0
30,15.389481310769613,1.0
31,15.45207890078893,0.0
32,15.835627498111743,1.0
33,16.11583756257718,1.0
34,16.118833572081034,1.0
35,17.490232521954105,1.0
36,17.711893445019918,3.0
37,17.79944425089247,0.0
38,17.9671869348425,0.0
39,19.301933281917794,3.0
40,19.60536921281954,1.0
41,19.692285903330262,0.0
42,19.725955178541223,3.0
