,time,event
0,0.8526849517328012,3.0
1,0.9365748242303942,2.0
2,1.15737880546474,2.0
3,1.5410793726545065,3.0
4,1.5863179955340176,0.0
5,1.9124169089180034,1.0
6,2.283279331180152,0.0
7,2.916391266830612,0.0
8,3.944263143263989,0.0
9,4.12590588803682,4.0
10,4.324260746110317,1.0
11,4.615051018494545,0.0
12,5.004962050163312,3.0
13,5.249425111028247,3.0
14,5.379334717068223,2.0
15,5.395402281686141,3.0
16,5.58151214890181,4.0
17,6.130081283691834,1.0
18,6.662483037064934,0.0
19,7.816732239070991,4.0
20,8.37651338907671,0.0
21,8.770296855921119,2.0
22,8.91899287577838,0.0
23,9.011447774820287,1.0
24,9.238971808463731,1.0
25,9.560054025203751,1.0
26,11.713410626851992,1.0
27,12.582086579331184,3.0
28,12.963294395176824,3.0
29,13.073046283803047,4.0
30,13.123382743615842,3.0
31,13.37642884644913,3.0
32,13.426825304668384,0.0
33,13.619636529611508,1.0
34,13.99368734647916,4.0
35,14.477324497468087,3.0
36,14.564318573108329,3.0
37,15.575299073872017,3.0
38,15.764081874806685,1.0
39,16.028989534686286,0.0
40,16.74286885326293,1.0
41,16.850737738146474,3.0
42,17.311807878106965,2.0
43,17.47937248884956,1.0
44,17.520054012137617,1.0
45,17.785183449644794,1.0
46,17.936999766772956,1.0
47,17.947308819834383,0.0
48,18.096489983429542,1.0
49,18.217304954171638,0.0
50,18.352325897347175,0.0
51,18.75853512183824,4.0
52,18.776965854702794,1.0
53,19.511013608882667,1.0
54,19.770144882957222,1.0
55,19.902674152170363,1.0
