,time,event
0,0.022134101185903223,0.0
1,0.5439613399432167,1.0
2,0.9388695798261812,2.0
3,1.2314184676794326,4.0
4,1.3573195209790785,0.0
5,1.546416028971946,1.0
6,2.5845661065779293,0.0
7,2.8456900262401574,2.0
8,3.1796999114820923,2.0
9,3.721825182015404,2.0
10,3.8951245839813007,4.0
11,4.1760857391073865,3.0
12,4.329398397975184,1.0
13,4.564437303849699,4.0
14,4.579669471148736,0.0
15,4.6219655543833085,1.0
16,5.087021639077174,1.0
17,5.276902221636221,4.0
18,5.923264548272714,0.0
19,6.20775364203472,2.0
20,6.691100652345292,0.0
21,6.872389869192728,1.0
22,6.95399464859947,1.0
23,8.002037667656312,1.0
24,8.060061434292448,0.0
25,8.180298842390169,1.0
26,9.540842425777626,2.0
27,9.86057976780703,1.0
28,10.362269939917637,3.0
29,10.49519090710389,1.0
30,11.96315830925248,0.0
31,12.769004208039174,1.0
32,13.259109455287252,1.0
33,13.280686200484489,1.0
34,13.615677075744903,3.0
35,13.781431082743868,3.0
36,13.96596350969897,1.0
37,14.082786938436008,1.0
38,14.401618919020246,0.0
39,14.403474620511563,4.0
40,14.799206039043824,3.0
41,14.891225860261306,4.0
42,14.946533872871997,4.0
43,16.075353039293315,3.0
44,16.250923915049395,3.0
45,16.97258253434271,1.0
46,17.882980790188338,1.0
47,18.02926169162943,1.0
48,18.70527410807376,2.0
49,18.707195970792714,1.0
50,19.133976342450385,3.0
51,19.48053412573759,0.0
52,19.68574989575949,2.0
53,19.809468023305108,0.0
54,19.83962964970383,3.0
55,19.902694351190412,1.0
56,19.917443717697118,4.0
