,time,event
0,0.2580320948545473,1.0
1,1.51595641299067,3.0
2,1.973595701877174,0.0
3,2.021125240930612,4.0
4,2.8609311692118804,4.0
5,3.4185956346932738,1.0
6,3.5719721361181116,2.0
7,4.008180453730588,1.0
8,4.533774772646169,1.0
9,5.063273396729369,0.0
10,5.3720070000081135,1.0
11,5.927032991318371,0.0
12,6.83421227896888,1.0
13,7.252824158524794,3.0
14,7.4204486540430965,1.0
15,7.853321744574629,0.0
16,8.40902859643765,1.0
17,8.432007919777616,3.0
18,8.574348637038515,1.0
19,8.774387441507507,0.0
20,9.003460124172232,3.0
21,9.978908466204787,3.0
22,10.288029937980108,2.0
23,10.540845449156835,1.0
24,10.717570754148657,2.0
25,10.900082910352912,1.0
26,10.916701576472104,4.0
27,11.11382657377841,1.0
28,11.300003852152283,1.0
29,11.36258047006586,2.0
30,11.460794652514108,2.0
31,11.464740755641627,2.0
32,11.721869831882271,3.0
33,12.226439455862751,0.0
34,12.818791626870654,0.0
35,13.443787240706772,4.0
36,13.991967165572014,1.0
37,14.164988157525784,1.0
38,14.34780197623474,1.0
39,14.45477178665023,3.0
40,14.491266711433546,1.0
41,14.496226755836108,1.0
42,14.496493017352833,4.0
43,14.613792031112078,1.0
44,14.731197604521594,0.0
45,14.908678522398677,0.0
46,14.995601744143219,0.0
47,16.070545776904336,0.0
48,16.11640955810255,1.0
49,17.77490895407294,0.0
50,18.450412211430308,1.0
51,18.578571538998418,0.0
52,19.0044890435876,4.0
53,19.544619339405102,1.0
