,time,event
0,0.1178952200412301,3.0
1,0.47280517858303994,0.0
2,0.5704565871000069,2.0
3,1.280334605857119,0.0
4,1.6430887849912696,4.0
5,4.026946841448023,1.0
6,4.360241128491093,3.0
7,5.848283203340081,1.0
8,5.8576603030304595,4.0
9,5.950852884178202,4.0
10,5.970358681196347,0.0
11,6.540728239511823,1.0
12,6.568973928812111,1.0
13,6.806103325356512,0.0
14,6.976447663466302,2.0
15,7.791672970495351,3.0
16,8.117260895863136,0.0
17,8.338368258483635,3.0
18,8.495943159038081,4.0
19,8.956946382640059,4.0
20,9.080967685537594,0.0
21,9.114907126844516,1.0
22,9.247900748763481,1.0
23,9.934032516536702,0.0
24,10.302855211029462,3.0
25,10.396657406943074,0.0
26,10.4069248272097,1.0
27,11.097759605266186,1.0
28,11.636778529210321,1.0
29,12.439469148173478,3.0
30,13.517233461495655,0.0
31,13.815038919442802,3.0
32,14.009480522937038,2.0
33,14.938002032058131,0.0
34,15.345860264656338,0.0
35,16.072191410878922,0.0
36,17.219187526739596,1.0
37,17.816288552593605,1.0
38,18.00218690638105,1.0
39,18.223339131273065,2.0
40,18.392670703126367,1.0
41,18.443843740633906,2.0
42,18.54664332481795,0.0
43,19.016780304092777,0.0
