,time,event
0,0.3032527035128964,1.0
1,1.1442644094111705,2.0
2,1.3255673419373302,3.0
3,1.86957038132981,1.0
4,2.2842777940545083,1.0
5,2.4967826338786523,1.0
6,2.68117929478122,1.0
7,3.4099041743882723,4.0
8,3.509794555782784,4.0
9,3.8567736829578716,2.0
10,4.343588383301304,4.0
11,5.248098084482862,3.0
12,5.634359673222734,0.0
13,5.9181268188952565,3.0
14,6.316889879349814,1.0
15,6.658645039928745,1.0
16,7.718534634085899,1.0
17,8.157920675382314,1.0
18,8.981363801364589,2.0
19,9.151978880838938,1.0
20,9.950606317211927,0.0
21,10.238421917439208,1.0
22,11.313049547704022,0.0
23,11.32189318975855,3.0
24,11.55527317364242,3.0
25,12.103239193868804,0.0
26,12.135530574237047,1.0
27,12.234099389703772,1.0
28,12.31242770645902,1.0
29,12.624593913311752,0.0
30,12.636813814067628,2.0
31,13.318876588684038,0.0
32,13.589847151761465,4.0
33,13.840067224134408,3.0
34,13.94079801049151,0.0
35,14.141697828665876,1.0
36,14.239890827866798,0.0
37,14.278487144995163,3.0
38,14.67644917406489,3.0
39,14.879220439511148,0.0
40,15.185383186666868,1.0
41,15.552893707105474,4.0
42,15.632889289347688,1.0
43,16.109576190235813,3.0
44,16.144773975174704,4.0
45,16.65044336079931,3.0
46,18.222875962332562,0.0
47,18.24056271187913,4.0
48,18.3861158719399,0.0
49,18.466828954061782,4.0
50,18.56502343590146,0.0
51,19.914024777120048,0.0
52,19.989157385829678,1.0
