,time,event
0,1.1264194381342538,0.0
1,1.243614510081429,0.0
2,2.201162763223752,0.0
3,2.8502551893977808,2.0
4,3.0275723173586693,0.0
5,3.064561464012979,0.0
6,3.481109958878834,3.0
7,3.569742649272235,1.0
8,3.7158517094552437,1.0
9,4.011190493990502,0.0
10,4.064292415959852,3.0
11,4.139780140103535,4.0
12,4.182376229609697,2.0
13,4.723906348150298,4.0
14,5.783506239942907,4.0
15,6.080200316143659,3.0
16,7.091824440735024,1.0
17,8.083439273849743,3.0
18,8.08454080970974,4.0
19,8.342804131354756,3.0
20,9.943922896541508,2.0
21,10.610933857052483,3.0
22,10.619229068502497,0.0
23,10.833932213215888,1.0
24,12.561973761941312,1.0
25,12.79647323645665,1.0
26,13.400087795263513,0.0
27,14.174800197762451,1.0
28,14.311831022260323,2.0
29,14.727786548309918,1.0
30,14.97031983334125,1.0
31,15.683551062568561,3.0
32,15.874560166068573,0.0
33,16.096502701518894,1.0
34,16.14634112245037,0.0
35,16.320890488138836,3.0
36,16.513651629798943,4.0
37,17.01299393791035,0.0
38,17.1946383567037,0.0
39,17.500888676557807,4.0
40,17.598989221325798,1.0
41,17.630004024353486,0.0
42,17.71861614765393,1.0
43,18.97442994274748,3.0
44,19.14787641736799,3.0
45,19.554645080250577,3.0
