,time,event
0,0.7954164691925006,1.0
1,0.9797763603596988,3.0
2,1.1219217627847442,0.0
3,1.29188021821502,4.0
4,1.4366898920943032,4.0
5,2.0482496897012594,1.0
6,2.225232196453061,0.0
7,2.412264089339956,1.0
8,2.6241157383366795,1.0
9,3.093144471444646,1.0
10,3.3655609951336833,1.0
11,4.074322344132851,1.0
12,4.672251465541356,0.0
13,4.709565056488448,4.0
14,4.780337109172538,4.0
15,4.9551535906160264,1.0
16,5.586249509825166,1.0
17,6.059603127549844,4.0
18,6.627079439295837,0.0
19,6.734060098252916,1.0
20,6.736417085042337,0.0
21,6.977956265090781,4.0
22,7.012044257821422,0.0
23,7.1339294889284925,3.0
24,7.500167376534163,1.0
25,7.555639709328593,1.0
26,7.78845641231759,4.0
27,7.86297674110106,3.0
28,8.136876808541487,0.0
29,8.907089365396583,0.0
30,9.075837232552523,1.0
31,9.540347225646967,1.0
32,9.596653801963305,1.0
33,9.601977017472423,4.0
34,9.643988874315953,3.0
35,9.798848395470715,1.0
36,10.296375388946217,1.0
37,11.368210027418742,3.0
38,12.548464579544623,3.0
39,12.772731158890858,0.0
40,12.854218901977118,0.0
41,13.122231373720654,0.0
42,13.19527452422369,0.0
43,13.46474176823352,0.0
44,13.887908730966958,1.0
45,13.997800500519837,1.0
46,14.175108714082832,0.0
47,14.302822289132928,1.0
48,14.551658061677617,4.0
49,14.592009375440476,1.0
50,14.692326333486182,1.0
51,15.811124018542923,1.0
52,15.999482539816299,3.0
53,16.10481118447574,3.0
54,16.379142153097895,3.0
55,16.606335944184018,3.0
56,17.011862530266164,0.0
57,18.360813486768713,2.0
58,18.609767548551307,1.0
59,19.584989922226555,4.0
60,19.78430880043818,1.0
61,19.887449462421603,0.0
