,time,event
0,0.5206574046323139,1.0
1,0.5494531116820339,1.0
2,1.2476352464344178,1.0
3,2.5782164815384903,1.0
4,3.6215590951049133,2.0
5,3.662526925224951,3.0
6,3.6629668146091694,3.0
7,3.9195444657511795,1.0
8,4.1670377051655425,0.0
9,5.212302686168445,0.0
10,5.292111841447712,1.0
11,5.655113924342977,0.0
12,6.226297452302507,0.0
13,6.523212335240242,0.0
14,8.608722705020604,0.0
15,8.772871184476557,1.0
16,9.905853378674639,4.0
17,9.93747480332408,0.0
18,10.549225593641834,1.0
19,12.196968456808996,2.0
20,12.39509218247151,1.0
21,12.479675219472766,0.0
22,12.543511490327816,3.0
23,12.732173012667587,1.0
24,13.117650205379194,1.0
25,13.191767353846666,1.0
26,13.24112977501204,2.0
27,13.522565089526436,0.0
28,13.60361163745386,4.0
29,14.137427356684537,1.0
30,15.919753009026538,0.0
31,16.863681592390286,1.0
32,16.904317447989897,1.0
33,17.145231797431006,1.0
34,17.270833538790193,1.0
35,17.298610200366795,1.0
36,17.802139285842653,1.0
37,18.01340854204201,0.0
38,18.459824880399243,1.0
39,19.126610400879958,4.0
40,19.358838721039916,1.0
41,19.53662187611486,3.0
42,19.86848128317108,4.0
43,19.877859864941183,0.0
44,19.915877229902406,3.0
