,time,event
0,0.8397525470373713,3.0
1,0.9143640359702967,0.0
2,1.0916294641369577,4.0
3,1.1188809025382864,3.0
4,1.168195256566574,4.0
5,1.4085138319997097,1.0
6,2.1091324378197847,4.0
7,2.1799748680310778,1.0
8,2.2310268951192933,1.0
9,2.3700626847434165,4.0
10,2.6813789879648997,1.0
11,2.7291845485158155,0.0
12,2.824099972938535,0.0
13,2.916434556544121,1.0
14,3.012959870104917,0.0
15,3.0718456732236685,1.0
16,3.7571852780156263,0.0
17,4.532373191906515,0.0
18,4.784284503625891,4.0
19,4.940032693517137,0.0
20,5.7701677315005595,1.0
21,5.940119314224708,3.0
22,5.994883666488667,4.0
23,6.099954793992381,0.0
24,6.221365455895423,1.0
25,7.621502166352379,1.0
26,8.788073836512886,1.0
27,9.343662717310341,4.0
28,9.87736700136781,0.0
29,10.167285273466927,4.0
30,10.192094924905215,3.0
31,10.347189453268967,0.0
32,10.542170671828071,0.0
33,10.845510358843462,3.0
34,11.02420075364205,4.0
35,11.104007596476407,1.0
36,11.187706509632193,1.0
37,11.366603283976552,0.0
38,11.616731010196656,4.0
39,11.738858867056974,0.0
40,12.561248603500072,0.0
41,12.601976070629389,1.0
42,12.813310101228176,0.0
43,12.869772323608384,3.0
44,13.17294203102758,1.0
45,13.310709368735031,1.0
46,13.460608865841598,3.0
47,13.822723372897968,2.0
48,13.835699049067879,1.0
49,14.199230741148808,1.0
50,14.688678029295845,3.0
51,15.019852705646729,4.0
52,15.024086736627012,2.0
53,15.461272432018841,2.0
54,16.333749956976163,3.0
55,16.415062159170386,4.0
56,17.146653860803966,2.0
57,17.298033305925273,2.0
58,18.64774761244935,0.0
59,18.925202663975423,0.0
60,19.118543410936,1.0
61,19.47752538616235,0.0
62,19.828707768956612,1.0
63,19.916808982210462,3.0
