,time,event
0,0.332708565033758,2.0
1,0.33395166901501105,0.0
2,0.5968928685705701,1.0
3,1.0621099322560834,2.0
4,1.0644945025374493,0.0
5,1.928981157610579,1.0
6,2.00001383181581,1.0
7,2.1906122800231094,1.0
8,2.4480729872962463,1.0
9,2.5307368503642094,1.0
10,2.739955370725615,3.0
11,2.96800393447523,3.0
12,3.512463305192972,0.0
13,3.837704541692837,1.0
14,4.150212696657953,2.0
15,4.30239324337552,0.0
16,5.256044696851595,3.0
17,5.32033049728442,0.0
18,6.0940182239778125,0.0
19,6.130644151893729,0.0
20,6.27747323242131,0.0
21,6.684010924969764,1.0
22,6.920941137351978,2.0
23,6.931709079219201,0.0
24,7.3818323410553175,1.0
25,7.502329992142133,1.0
26,8.095054361438887,4.0
27,8.281545196842393,1.0
28,8.294366856808757,1.0
29,8.364512152545329,3.0
30,8.872270085363104,0.0
31,9.24485752740005,0.0
32,9.670814252653471,1.0
33,10.113848310545272,0.0
34,10.347573914825347,3.0
35,10.415630375878079,0.0
36,10.454606304557515,3.0
37,10.512564859022445,3.0
38,10.608600507975023,1.0
39,10.978752086204185,1.0
40,11.053037059126755,3.0
41,11.082546517957805,1.0
42,11.619084186495865,4.0
43,12.292988126250048,1.0
44,12.306314866003598,2.0
45,13.225733201219748,4.0
46,13.289626848230371,1.0
47,13.972513771902854,2.0
48,14.481121277090574,1.0
49,14.64089969148598,1.0
50,14.641191308022657,1.0
51,14.704097079748816,4.0
52,14.916657834877572,0.0
53,15.222550789600305,0.0
54,15.29396235577956,1.0
55,15.885981292517235,0.0
56,16.531303265503382,4.0
57,16.615861334940785,0.0
58,16.860797401405797,3.0
59,18.761190696045738,3.0
60,18.777946879471465,0.0
61,19.270976054542917,4.0
62,19.316963081875983,0.0
63,19.799608442213387,1.0
64,19.97336907319553,1.0
