,time,event
0,0.40044357510594175,0.0
1,0.7915937322124333,3.0
2,1.0833853156146018,3.0
3,1.5037324355921124,3.0
4,2.1813947855655855,0.0
5,2.6688943661295332,2.0
6,2.742109317686687,0.0
7,2.9091459192975333,0.0
8,3.2171688236978597,2.0
9,3.5113505218653334,1.0
10,3.5806438817815143,1.0
11,4.910511592311579,1.0
12,5.240587956378558,1.0
13,5.247338461425486,0.0
14,5.458330807326429,3.0
15,5.948600804241364,1.0
16,6.464334564799244,3.0
17,7.096580421533929,3.0
18,7.301635906200461,1.0
19,8.118979968503593,0.0
20,8.261884111056954,3.0
21,8.431824793020706,3.0
22,8.975091748387449,0.0
23,9.637348765010563,3.0
24,9.697857978597929,3.0
25,10.051686456167035,3.0
26,10.058264657700862,0.0
27,10.671526763203254,0.0
28,10.9992425028999,3.0
29,11.076912567423397,3.0
30,11.59205988653739,3.0
31,12.629402945175249,3.0
32,13.873768838074021,1.0
33,14.396162730156567,3.0
34,14.718773343809886,2.0
35,14.88974458787485,1.0
36,15.770834484648786,0.0
37,16.11226282828278,3.0
38,16.462690507491907,0.0
39,16.49588493630975,0.0
40,16.52394941833988,0.0
41,16.98273449432933,3.0
42,17.7784014340261,3.0
43,17.846295050948836,3.0
44,18.59773666114013,0.0
45,18.690799256958147,1.0
46,19.194870054513768,1.0
47,19.249405145209042,1.0
48,19.503537305472527,3.0
49,19.763338729101328,0.0
