,time,event
0,0.07033932322556034,0.0
1,0.12259955792514289,2.0
2,0.23925149784672003,3.0
3,0.37162233258080324,1.0
4,0.645813560272025,1.0
5,0.736014738525755,3.0
6,1.1422769984579135,0.0
7,1.1555880750958099,3.0
8,2.7403199531593323,1.0
9,2.794613347068024,1.0
10,3.920118783413093,3.0
11,4.517486273680198,3.0
12,4.8169679830524235,0.0
13,6.000567826136399,1.0
14,6.627604121248584,1.0
15,7.545587230560142,3.0
16,9.754920348231657,0.0
17,9.788562930553605,2.0
18,9.793178160673092,1.0
19,10.07369229884982,3.0
20,10.60526532303263,0.0
21,10.645157381622056,4.0
22,11.019469898824637,3.0
23,11.035678177581667,3.0
24,11.052256048946049,3.0
25,11.184678279603832,2.0
26,12.312142210766751,3.0
27,12.75608979144998,3.0
28,13.544246227926687,1.0
29,13.616018402727363,3.0
30,14.44872748763853,3.0
31,14.769436869546404,0.0
32,14.877687633369417,0.0
33,15.021006048781391,0.0
34,15.146916860703119,0.0
35,15.997563670994044,1.0
36,16.34879202878904,0.0
37,16.481865304479488,3.0
38,16.669509906075795,1.0
39,16.942802369619848,1.0
40,17.146439825514744,3.0
41,17.729341171040478,3.0
42,18.446252294957073,3.0
43,18.464104115323025,0.0
44,18.516739934785875,0.0
45,18.70417159671794,1.0
46,18.714499673735116,0.0
47,18.783230736890022,1.0
48,18.87339142100106,0.0
49,18.931381866859056,4.0
50,18.93627623559806,0.0
