,time,event
0,0.2317565833726519,2.0
1,0.5894643196642577,3.0
2,0.7882184470031698,4.0
3,0.9134259245964053,0.0
4,0.9930374306082903,0.0
5,1.0977340249423748,0.0
6,1.126852177893583,3.0
7,1.6064952654715001,1.0
8,1.685675801640218,3.0
9,2.2903192980188383,3.0
10,2.328217305583338,3.0
11,2.400187889652257,0.0
12,2.592218294854085,0.0
13,3.5440669743206694,0.0
14,3.9834079753925202,0.0
15,4.3353947016879655,1.0
16,4.588045309741793,3.0
17,4.701817019732381,0.0
18,4.977533051429769,0.0
19,5.831084383823973,0.0
20,6.124076677144055,1.0
21,6.520203484253358,2.0
22,7.282685582670057,1.0
23,7.802690545927942,3.0
24,7.8081087693925735,0.0
25,8.262209361939572,2.0
26,8.57470208327637,0.0
27,9.14010539942875,0.0
28,9.886082074957052,3.0
29,10.49318895559825,3.0
30,10.686305671930858,3.0
31,11.985077666437459,1.0
32,12.488082970077393,1.0
33,12.74510449175273,3.0
34,12.783836359083471,4.0
35,13.691877633922514,1.0
36,14.460241014415246,0.0
37,14.487421419104077,3.0
38,14.6996087156352,0.0
39,15.009634646828754,1.0
40,15.656126813317139,2.0
41,16.460280572679245,0.0
42,16.54721727400219,2.0
43,16.95420317623654,3.0
44,17.166067308984122,3.0
45,17.400479749945045,3.0
46,19.248678015403264,3.0
47,19.602778507472486,1.0
