,time,event
0,0.7444813978004738,1.0
1,2.3717167069399046,0.0
2,3.285422290451979,3.0
3,3.480818774645353,1.0
4,3.517902985200077,1.0
5,4.042962040479887,0.0
6,4.1634718699749085,1.0
7,4.18980837019188,1.0
8,5.191250983871097,1.0
9,5.631296096288574,1.0
10,7.550364068953377,3.0
11,7.9968507180685995,1.0
12,8.06226518720187,3.0
13,8.655174561329218,3.0
14,8.996953774726169,0.0
15,9.048230119357632,4.0
16,9.524154635252051,1.0
17,10.442184538613228,0.0
18,10.459123931026069,1.0
19,10.579995975195041,3.0
20,11.077325639648317,0.0
21,11.35036571092845,3.0
22,11.748769982540786,0.0
23,11.837173913638203,3.0
24,11.99128870212007,1.0
25,13.388075097341725,3.0
26,13.901272059618327,3.0
27,14.271134771553955,1.0
28,14.32616636166286,0.0
29,14.345695582133947,1.0
30,14.966753390113396,3.0
31,15.31473378053851,3.0
32,16.279914243645806,1.0
33,16.43421298134447,0.0
34,17.01848302808255,1.0
35,17.45902895113634,0.0
36,17.49390013752997,1.0
37,19.124318852870612,0.0
38,19.30230736047229,3.0
