,time,event
0,0.27966417678271566,0.0
1,0.8856311531332801,0.0
2,1.135715661003558,1.0
3,1.3640127732892169,1.0
4,1.8907091892945798,3.0
5,2.489197281286608,3.0
6,3.1615254728990347,0.0
7,3.1638608911876496,1.0
8,3.2292580441714787,0.0
9,4.449887568944842,0.0
10,4.584191977651622,3.0
11,4.757251361254655,0.0
12,4.977802844610749,3.0
13,6.36573659266047,4.0
14,6.515522323199708,1.0
15,7.911385803032846,1.0
16,8.136491821309333,3.0
17,9.17927498191627,1.0
18,9.663942715072487,3.0
19,9.807320927600276,0.0
20,9.892883881432699,3.0
21,10.710878593134117,3.0
22,10.757950121619931,1.0
23,10.809270482045351,0.0
24,11.009672560701393,1.0
25,11.464796712420236,3.0
26,11.683383664119184,0.0
27,12.068758666527845,3.0
28,13.04575601102092,2.0
29,14.761459454700113,0.0
30,14.85074750085013,0.0
31,14.914227415939035,3.0
32,15.060477668241562,3.0
33,15.0725024970161,1.0
34,15.246199138312065,3.0
35,15.343036531042745,3.0
36,15.692481727109858,0.0
37,16.332104982775157,0.0
38,17.156906724507223,2.0
39,17.30852993197974,4.0
40,17.397506473390024,0.0
41,17.543980473468007,3.0
42,17.980197528088144,3.0
43,17.99837342053954,0.0
44,19.0068670240522,0.0
