,time,event
0,0.2019942597549333,3.0
1,0.2800881703866378,0.0
2,0.49547225320247035,0.0
3,0.8345707777711134,0.0
4,1.311114491668993,1.0
5,1.8975962742916233,3.0
6,2.4997048183306383,3.0
7,2.5335488512842352,1.0
8,2.580319871814587,1.0
9,2.7564421682635825,1.0
10,3.0376174112196175,3.0
11,3.0494221701815185,2.0
12,3.127180302662192,1.0
13,3.421095129354396,1.0
14,3.759260410515176,1.0
15,4.10289399953958,1.0
16,4.96142808129707,2.0
17,5.335235988524498,0.0
18,5.808723226526249,3.0
19,5.919181641203615,3.0
20,6.593935553439431,1.0
21,7.600539680134454,1.0
22,7.698710734901931,0.0
23,7.94039911252098,3.0
24,8.538220082461283,1.0
25,8.806000604496392,3.0
26,8.95471326888569,3.0
27,9.104643598093018,3.0
28,9.678626788496782,1.0
29,9.74303045019507,3.0
30,10.601191857691555,2.0
31,11.317378684107874,3.0
32,11.919789751181968,0.0
33,12.098707886340485,3.0
34,12.50505779305738,3.0
35,12.825510811521356,1.0
36,14.775012918597023,1.0
37,14.823295517981116,0.0
38,15.160815863283746,3.0
39,16.77292498195069,0.0
40,16.999255655223056,3.0
41,17.316071706692767,0.0
42,17.764015212819967,3.0
43,18.040661063810077,2.0
44,18.319403306296323,2.0
45,18.773272893650336,2.0
46,19.186871567661164,3.0
47,19.275974447038667,3.0
48,19.394272126928282,1.0
49,19.701392683870733,3.0
50,19.902391628145164,3.0
