,time,event
0,0.04702869067009424,3.0
1,0.09997887164878047,0.0
2,0.7125372706219019,2.0
3,1.1203315678049819,1.0
4,1.6652887097260773,1.0
5,2.627313813118059,3.0
6,3.3091368661978393,2.0
7,3.439462109453508,3.0
8,3.6314352352166264,0.0
9,3.726499882952982,1.0
10,3.9190396758118937,3.0
11,4.033139255591626,3.0
12,5.767760527972732,3.0
13,5.887712236928506,2.0
14,5.947046115571026,1.0
15,6.168719549567852,0.0
16,6.543886879375257,1.0
17,7.188738524354766,1.0
18,7.374161103782564,3.0
19,7.4968225525378855,1.0
20,8.046820889050686,3.0
21,8.696702947338164,4.0
22,10.600810842956328,1.0
23,11.025233096789833,3.0
24,11.852169410007209,3.0
25,12.947475729002562,1.0
26,13.048692531076744,1.0
27,13.302684574419594,0.0
28,13.380844399307227,3.0
29,14.827420849343937,0.0
30,14.934578253970464,2.0
31,14.989955519521342,1.0
32,15.13891766273915,2.0
33,15.218331412993892,3.0
34,15.620948259833513,1.0
35,15.673593997525808,3.0
36,15.97410894680694,0.0
37,16.36752156997272,3.0
38,16.836466557508984,1.0
39,17.014185007550097,1.0
40,17.242645266739313,0.0
41,17.76482364808732,2.0
42,18.732860283606783,3.0
43,19.236263168753837,1.0
44,19.473333637370928,4.0
45,19.99120079866578,3.0
