,time,event
0,0.003783565627676026,2.0
1,0.015471545805854334,2.0
2,0.7899454121355304,0.0
3,0.8641661166277993,3.0
4,1.0363626340629875,4.0
5,1.0804712816676925,1.0
6,1.5443220556442099,4.0
7,1.6466130215243289,0.0
8,1.8355610411524332,1.0
9,1.986759735395534,1.0
10,2.043194150090774,0.0
11,2.2326513200012155,4.0
12,2.473894983286929,0.0
13,2.8471427326271694,3.0
14,3.3238521935711867,4.0
15,3.7484063066338082,3.0
16,3.8695618351094416,2.0
17,3.87263221073984,1.0
18,4.234892604172715,2.0
19,4.625988500912925,2.0
20,4.940123516790252,0.0
21,5.135396636398894,3.0
22,5.539088835786697,3.0
23,5.812809684371757,2.0
24,7.663438773776271,3.0
25,7.973369526126691,2.0
26,8.030527197072567,3.0
27,8.406304224447004,3.0
28,8.661743965445412,4.0
29,8.808513525550753,2.0
30,9.690109058505218,0.0
31,10.159227041103634,2.0
32,11.227091188184028,1.0
33,11.294853595003472,0.0
34,11.71038429627622,0.0
35,11.777175233929757,4.0
36,13.512653994195258,4.0
37,13.631665766941298,4.0
38,14.289798779521604,4.0
39,14.315713700637929,4.0
40,14.851205936300381,2.0
41,15.180215622562285,4.0
42,15.340153621005632,4.0
43,15.556902674459604,3.0
44,15.676488931388523,0.0
45,15.789615460158174,2.0
46,16.555325052769504,3.0
47,16.878990134087463,0.0
48,17.04963163507981,3.0
49,17.529260851253454,2.0
50,17.65857314624501,4.0
51,17.875727789503987,3.0
52,17.884844311717952,2.0
53,18.37128086804168,2.0
54,18.52905332342928,4.0
55,18.7674228952787,3.0
56,19.019981362143877,2.0
57,19.219220070990644,4.0
58,19.39843931546396,4.0
59,19.40795331747576,0.0
60,19.66961096300504,0.0
61,19.75469016037805,2.0
62,19.839891668888583,3.0
