,time,event
0,0.7482838339550973,1.0
1,0.8320474074464147,1.0
2,1.2910831787374666,1.0
3,1.763663295945665,1.0
4,2.054262020407954,4.0
5,2.540680118775053,1.0
6,3.0933635430404403,3.0
7,3.4960071456970283,0.0
8,4.473393402604559,3.0
9,4.717483248618891,1.0
10,5.034080390329541,3.0
11,5.056371698568798,0.0
12,5.108883665002956,1.0
13,5.212281971946116,3.0
14,5.2966436899837195,1.0
15,6.152680648570956,1.0
16,6.39385533064914,1.0
17,6.667853358488813,0.0
18,6.795562233700965,3.0
19,7.063816124151623,1.0
20,7.090916986520759,4.0
21,7.277184117186042,1.0
22,7.359938344264017,0.0
23,7.563479599230126,0.0
24,8.159462521102512,0.0
25,8.16477405006978,0.0
26,8.208994615473074,1.0
27,8.48002380823931,1.0
28,8.482774143549934,3.0
29,9.213945076877897,3.0
30,9.768458856477343,3.0
31,9.845297790827129,3.0
32,9.926937450908612,1.0
33,11.090590375532143,3.0
34,11.142721968415344,0.0
35,11.247576955082437,0.0
36,11.504380352123166,0.0
37,11.86738388846464,3.0
38,12.212383943783527,0.0
39,12.320388405016356,3.0
40,12.656137111063762,2.0
41,14.159663938798488,4.0
42,14.313106116398462,0.0
43,15.197059157143954,3.0
44,15.54648592058428,1.0
45,15.952083462427586,3.0
46,16.802160957151482,1.0
47,16.879374287595237,2.0
48,17.171692186358715,1.0
49,17.372345222699426,3.0
50,17.694654344959265,0.0
51,17.72366621366309,0.0
52,17.774588079778525,1.0
53,19.235501321112334,0.0
