,time,event
0,0.22522008859343143,3.0
1,0.26619382792523455,1.0
2,0.381772264472071,0.0
3,0.56818561867754,4.0
4,1.3779170171257347,0.0
5,1.5197448116471861,1.0
6,3.350488394433443,1.0
7,3.961059725863605,3.0
8,4.133169330645307,1.0
9,4.538646911163033,3.0
10,4.709677617935956,2.0
11,4.903472745938782,1.0
12,5.220838810541126,3.0
13,5.234301745070461,3.0
14,5.555641135081512,0.0
15,6.258002151139649,2.0
16,6.46954825160024,3.0
17,6.929285074992985,3.0
18,6.981313948816795,3.0
19,8.810141500742414,0.0
20,8.90343949687282,3.0
21,9.368337020667292,1.0
22,9.654181201552467,3.0
23,9.667232283817267,3.0
24,9.857091786717476,0.0
25,10.153627103159675,3.0
26,10.164465366060671,1.0
27,10.237422266419637,1.0
28,10.98672692414681,0.0
29,10.99588804040686,3.0
30,11.054710792342725,1.0
31,11.148833505310098,0.0
32,11.479302016663468,0.0
33,11.619496456646822,3.0
34,11.888311361518465,0.0
35,12.658715021429185,1.0
36,14.177460370398206,3.0
37,14.205850251389059,4.0
38,14.367189610429158,1.0
39,14.476412836931,2.0
40,14.695744554547552,3.0
41,14.973115335051943,0.0
42,15.011135587381311,3.0
43,15.072089720090332,0.0
44,15.48262005892218,0.0
45,15.536792448299956,2.0
46,15.769683477593974,3.0
47,15.77566526465611,1.0
48,15.912889598765947,0.0
49,15.984937886950863,0.0
50,16.181194654867056,1.0
51,16.406305665067467,0.0
52,16.4516281020788,1.0
53,17.406379062101028,3.0
54,17.580477628401464,2.0
55,17.701282779836284,0.0
56,18.294571846832902,3.0
57,18.518396992125886,1.0
58,19.016433453039394,1.0
59,19.02734820736409,3.0
60,19.093698102300337,1.0
61,19.128804721327224,3.0
62,19.15388575142724,3.0
63,19.33817423420897,0.0
64,19.37663497849643,0.0
65,19.947889937436926,0.0
