,time,event
0,0.14210305962522304,1.0
1,0.6429426932383896,1.0
2,1.0051508204084152,3.0
3,1.251320516452309,1.0
4,1.6440510730009283,3.0
5,2.0360839091984126,1.0
6,2.105198671304838,0.0
7,3.9020318017437132,1.0
8,3.9573137877368043,0.0
9,4.605898149215827,1.0
10,5.137561390880526,3.0
11,6.139468762496469,1.0
12,6.173052692456664,0.0
13,6.218585485671681,0.0
14,6.519377405732318,1.0
15,6.58163357612218,4.0
16,6.758115202497067,4.0
17,6.971942410818414,3.0
18,7.283340593691333,3.0
19,7.592079898062666,2.0
20,7.94148354235718,0.0
21,8.026535606527363,3.0
22,8.11195986739589,1.0
23,8.229414729496321,3.0
24,8.934494834186594,2.0
25,9.342425763945386,3.0
26,9.401617106066794,0.0
27,9.488512443560321,0.0
28,9.757675541943344,3.0
29,10.671490388642832,3.0
30,10.973126370738484,1.0
31,11.043320538708794,3.0
32,11.128900787941303,1.0
33,11.360858252864148,0.0
34,11.670309579197172,0.0
35,11.765963500235216,3.0
36,12.208101103695688,1.0
37,12.419199974859747,0.0
38,12.50603210464256,3.0
39,12.642192000649995,1.0
40,13.42112502337051,1.0
41,13.495507068657071,3.0
42,14.030913719330076,2.0
43,14.186907093712378,3.0
44,14.29966865849355,1.0
45,14.371610817605916,1.0
46,15.980959927426326,2.0
47,16.06654295144896,0.0
48,16.44679774187499,3.0
49,16.63830404498488,3.0
50,16.698554982617342,3.0
51,16.82224526947039,1.0
52,16.8760575879923,1.0
53,17.552257758381682,0.0
54,17.734804614357905,3.0
55,18.461173843281298,0.0
