,time,event
0,0.18001130424444092,3.0
1,0.243313855382407,3.0
2,0.2810680029299341,2.0
3,0.5100276972237261,0.0
4,0.5657594363259806,3.0
5,0.9806088631966803,1.0
6,1.0804637253530365,1.0
7,1.3459335063735995,3.0
8,1.383148194460398,1.0
9,2.146284428119551,3.0
10,2.3316625817493946,0.0
11,2.9405061083883965,3.0
12,3.3192283676364736,4.0
13,3.4252578495295207,2.0
14,3.469369949964119,1.0
15,3.5313101916095095,3.0
16,3.7060526457480507,0.0
17,3.854608651903763,1.0
18,4.06028749764351,1.0
19,4.767148446837137,1.0
20,5.249955384345564,3.0
21,5.610868944744025,3.0
22,6.286834628700205,1.0
23,6.509622701061659,3.0
24,6.557521324912808,0.0
25,6.747261010212638,3.0
26,6.794621297481726,0.0
27,6.904867703650921,0.0
28,7.539705976707132,3.0
29,9.803390545287378,2.0
30,10.17491185524488,3.0
31,10.208492940788192,0.0
32,10.418699494853286,3.0
33,11.075745454934124,0.0
34,11.315279355481243,3.0
35,12.479579526536735,1.0
36,13.600222338762128,3.0
37,13.962419504429272,1.0
38,14.737623143347095,2.0
39,15.09686806643296,3.0
40,15.24035191651046,3.0
41,15.476820208291679,0.0
42,15.835902855064441,0.0
43,16.48475076398278,0.0
44,16.632301264105514,0.0
45,16.677065629760907,3.0
46,16.822302993208627,3.0
47,16.961590084280136,1.0
48,16.998962734603612,0.0
49,18.161550244339104,0.0
50,18.77802011611545,0.0
51,19.223163720280283,0.0
52,19.741570285185205,0.0
53,19.967333430048253,0.0
