,time,event
0,0.07507096003453019,3.0
1,0.6816336151577763,3.0
2,1.9372158941073092,2.0
3,2.4770530748920083,2.0
4,3.0228170530290273,3.0
5,3.119330503307262,3.0
6,4.4973029081575815,0.0
7,4.543862247806211,4.0
8,4.555397429657024,0.0
9,4.907642411488173,0.0
10,5.078737141966601,3.0
11,5.783902758356921,4.0
12,6.479518871232191,2.0
13,6.554254010476443,1.0
14,7.065735293485992,0.0
15,7.637806609827795,2.0
16,8.102348081984028,3.0
17,8.231520437160617,3.0
18,8.411418213154555,1.0
19,8.4676796294039,3.0
20,9.039137808790674,0.0
21,9.062062389941687,2.0
22,9.38434744776852,0.0
23,9.447967752907896,1.0
24,9.617842356146815,1.0
25,9.854678913410636,3.0
26,10.178387655419193,0.0
27,10.405704872757791,0.0
28,10.630248429802295,0.0
29,10.98218356127845,3.0
30,11.698199297392986,1.0
31,11.84459240834102,0.0
32,12.382811648467715,2.0
33,13.369123340515442,4.0
34,13.699425026879727,3.0
35,14.801024098660665,3.0
36,15.589560388793586,4.0
37,15.78448568864396,2.0
38,15.915705364566719,4.0
39,16.69412802929678,1.0
40,16.744275106732985,0.0
41,17.350264614661928,0.0
42,17.353304395403256,4.0
43,17.63935804414452,3.0
44,17.64954185987412,0.0
45,17.837955727090996,3.0
46,18.866034006280053,0.0
47,18.86682951094906,3.0
48,19.68581323795157,0.0
