,time,event
0,0.42913669704862917,0.0
1,0.4562098463676411,0.0
2,0.9133944130961922,0.0
3,1.9393008251015325,3.0
4,2.5321287529733425,0.0
5,2.9253008235871683,1.0
6,3.0771203525941107,3.0
7,3.362999291183868,1.0
8,3.4399614394505864,3.0
9,3.448104901758447,0.0
10,3.7733518721418045,0.0
11,3.9461271793210653,1.0
12,4.1954029806558,0.0
13,4.196507120042724,3.0
14,5.069711681490083,1.0
15,6.679642981282531,2.0
16,7.0368160528937125,1.0
17,7.2967218974947645,1.0
18,7.579884316222947,3.0
19,7.582042051586107,0.0
20,7.8403929687296445,3.0
21,8.097859066941039,3.0
22,8.44963536175199,1.0
23,8.696483434754706,3.0
24,8.986978974953857,3.0
25,8.99031609384311,0.0
26,9.50608270833641,1.0
27,10.012320113834269,3.0
28,10.071214347387423,0.0
29,10.367712755420593,3.0
30,10.58038492377549,0.0
31,10.64878107775403,3.0
32,10.918298371446571,3.0
33,11.489036256580086,3.0
34,11.671814689668297,1.0
35,11.905877599652673,4.0
36,12.189093463048044,2.0
37,12.772437047682997,3.0
38,12.808996989297357,1.0
39,12.887876995252245,0.0
40,12.959012033636155,3.0
41,13.17681129211667,1.0
42,13.337294842165266,0.0
43,13.779636856775179,1.0
44,13.876038245755955,3.0
45,14.184809083035695,0.0
46,17.474502842533898,0.0
47,17.69880672774389,0.0
48,18.026067827820206,4.0
49,18.08892672054254,3.0
50,18.37800137425563,0.0
51,18.40085307544628,0.0
52,18.58417829805031,3.0
53,18.614478087148516,3.0
54,18.939226622677033,3.0
