,time,event
0,0.8879216460585049,3.0
1,1.8627341077352115,3.0
2,2.8189630597714777,3.0
3,3.2662160917591736,3.0
4,3.7989306006130295,0.0
5,4.032193078691298,3.0
6,4.069623436759125,3.0
7,4.075537208980034,0.0
8,4.437773616287563,3.0
9,4.962771451031721,1.0
10,5.081673710956713,0.0
11,5.3417245417449255,0.0
12,6.1745029851114435,4.0
13,6.3528700449677675,3.0
14,6.906833651611323,3.0
15,7.189453468536169,3.0
16,7.573403257419287,1.0
17,7.916504873909099,1.0
18,8.168235366918722,3.0
19,8.961417405959157,3.0
20,9.17504253787146,3.0
21,9.271314228920794,3.0
22,9.320811298404141,1.0
23,9.844013284708272,1.0
24,9.976823364462895,1.0
25,10.127876510080696,3.0
26,10.340931864287358,3.0
27,10.37951860507033,3.0
28,11.416150024017446,0.0
29,11.67432114571025,2.0
30,12.621512951079358,3.0
31,13.166081904967443,3.0
32,13.17678904365814,1.0
33,13.325257811451577,0.0
34,13.538094424935224,0.0
35,13.650179165838514,1.0
36,14.061715488019654,3.0
37,15.163746305179412,3.0
38,15.320679194170683,0.0
39,16.150160761821382,3.0
40,16.418794974907218,1.0
41,17.66476314459996,2.0
42,17.78173000192299,3.0
43,18.303976874001762,3.0
44,18.970560223042682,0.0
45,19.233288300524762,3.0
46,19.344765619990607,1.0
47,19.46869257317896,3.0
48,19.757569769757556,2.0
49,19.826318529487946,3.0
50,19.832835470620992,0.0
