,time,event
0,0.574952968213483,0.0
1,0.8348762618409291,2.0
2,1.0248622385309942,1.0
3,1.140056386857917,1.0
4,1.3191921896141998,3.0
5,1.3482922279464449,3.0
6,1.8151471555984533,1.0
7,2.602510184338023,0.0
8,2.8390912901649803,2.0
9,3.4052754487526613,3.0
10,4.205061776663561,1.0
11,4.222079619338688,3.0
12,4.3255989355707465,3.0
13,4.640574750742283,3.0
14,4.644223399026411,0.0
15,4.711919079539785,3.0
16,4.945293222023622,2.0
17,5.17914294417474,3.0
18,5.427206314773703,0.0
19,6.4272397031289,1.0
20,6.969274042893856,1.0
21,7.647714361363669,1.0
22,7.710918990093124,3.0
23,8.039670836135896,1.0
24,8.229699077226703,0.0
25,8.554827565257296,0.0
26,8.648821032377468,2.0
27,8.956952574469664,3.0
28,9.815104338459912,0.0
29,9.924803072849219,0.0
30,10.160182811988305,1.0
31,10.164391382023691,0.0
32,10.630824357720684,1.0
33,11.710329929159412,1.0
34,12.469057257309737,3.0
35,13.005758423408095,0.0
36,13.008717753969615,0.0
37,13.307202461288643,2.0
38,13.42212802709384,2.0
39,13.507369609222973,0.0
40,13.513329726689136,1.0
41,13.89863556701517,1.0
42,13.963320842809777,3.0
43,14.164771938711036,1.0
44,14.456512385627196,3.0
45,14.745187857290025,2.0
46,14.777235114227054,0.0
47,15.04291093487801,1.0
48,15.393074750552746,2.0
49,15.65261510594258,1.0
50,15.786384464691418,1.0
51,16.048654394711686,0.0
52,16.841703124804894,0.0
53,17.026944065912964,0.0
54,18.03186316139604,1.0
55,18.13618303773891,3.0
56,18.336919811344977,1.0
57,19.67755411806904,2.0
