,time,event
0,0.15676934524519068,2.0
1,0.5120692496954184,2.0
2,0.8832367713284759,1.0
3,1.5212319727775765,4.0
4,2.12344413154052,3.0
5,2.172270122605677,1.0
6,2.187620622754454,0.0
7,2.5589079188739174,0.0
8,2.586683757998098,3.0
9,3.304929973850662,3.0
10,3.3844812004108147,1.0
11,3.8753575843969723,1.0
12,4.087692650446148,3.0
13,4.193192867493053,3.0
14,4.322815616800652,1.0
15,4.367822916139382,3.0
16,4.867577212006247,0.0
17,5.080625979644657,0.0
18,5.11016122843368,3.0
19,5.501817731746341,0.0
20,5.791158634767955,0.0
21,6.262223614788532,0.0
22,6.98613596109884,0.0
23,7.364037998094633,1.0
24,7.729873988973079,1.0
25,7.754257525607635,1.0
26,7.882722025422624,0.0
27,8.425503408566225,3.0
28,8.538516064741698,0.0
29,8.619321952350083,1.0
30,9.050168861563952,3.0
31,9.094421724955923,3.0
32,9.877385600034321,2.0
33,10.066167951478421,1.0
34,11.113189769427981,1.0
35,11.890864965831161,1.0
36,12.147107317112557,0.0
37,12.412500968800575,0.0
38,12.928370716717561,3.0
39,13.50154114223546,1.0
40,14.313140662879045,1.0
41,15.064533002423424,1.0
42,15.860047222854504,1.0
43,15.871963283247684,3.0
44,16.22887298657352,3.0
45,16.912017096096776,0.0
46,17.459458116040206,2.0
47,18.131194731712064,3.0
48,18.29270205164572,2.0
49,19.114932732131855,3.0
50,19.912761927735087,3.0
