,time,event
0,0.0022538966484546164,1.0
1,0.6895343844866089,3.0
2,0.7785033493208791,0.0
3,1.397157058673364,0.0
4,1.8556245446404434,1.0
5,2.033329973124113,0.0
6,2.0530732241138594,1.0
7,2.2262592186613697,1.0
8,2.5263874038837923,0.0
9,2.8549775806384474,3.0
10,2.857191500395132,0.0
11,3.64357913597769,1.0
12,4.16161026103643,0.0
13,4.447611846580461,1.0
14,4.857770648866759,2.0
15,5.177155148572977,3.0
16,5.480085807562832,3.0
17,8.025116707852428,0.0
18,8.584388172775471,3.0
19,8.843464435024766,1.0
20,9.26254704728282,3.0
21,9.689407545414966,3.0
22,9.782615797437964,3.0
23,10.148467626675064,1.0
24,11.952828202451773,0.0
25,12.192432561222887,3.0
26,12.6717881396511,1.0
27,12.673202887614437,1.0
28,12.81130199705066,3.0
29,12.972303264180015,0.0
30,13.089544434181187,0.0
31,13.381198585685617,0.0
32,13.409606171161366,2.0
33,14.172667645881267,0.0
34,14.41884953773321,0.0
35,14.425522223449544,1.0
36,14.70821531427485,0.0
37,15.145487118676568,0.0
38,16.257519375498713,0.0
39,16.26382602120315,2.0
40,16.31617964041848,2.0
41,17.412983755430616,1.0
42,18.538234334035106,0.0
43,18.574960333736612,3.0
44,18.708780191675153,0.0
45,18.921530449612646,0.0
46,19.723760552567217,3.0
47,19.753989832481295,0.0
