,time,event
0,0.02342050097860263,3.0
1,0.7692533230397592,0.0
2,0.8620861586336533,0.0
3,0.9841686890880861,3.0
4,2.0609406510502697,3.0
5,2.121527869164304,0.0
6,2.6158988757179875,2.0
7,2.7313543116747736,2.0
8,2.7379634576288265,0.0
9,3.1330779050043835,0.0
10,3.392664372913062,1.0
11,3.5720086906596915,1.0
12,4.158764937618018,0.0
13,4.477291239623848,3.0
14,5.048862106237072,0.0
15,5.0733056485465315,3.0
16,5.633395247982924,3.0
17,6.021015664776549,3.0
18,6.834399946247903,3.0
19,7.003127912388264,2.0
20,8.22012484729999,1.0
21,8.467409810957351,3.0
22,8.899940037448234,0.0
23,8.921265362964126,0.0
24,8.928976634422922,1.0
25,9.158524570728284,2.0
26,9.247280127403346,3.0
27,9.812887295474471,1.0
28,9.856840667823274,0.0
29,10.12064699649811,3.0
30,10.414332557184345,0.0
31,10.41452687979137,1.0
32,10.623042160298144,3.0
33,12.311389411503797,1.0
34,12.34961098094017,0.0
35,12.464758560095573,3.0
36,12.68563483141629,0.0
37,12.763939776790929,3.0
38,13.922526291709511,3.0
39,14.165442082283992,0.0
40,14.548415547327771,3.0
41,14.655111022152223,0.0
42,14.799306919452286,3.0
43,14.835141079122721,0.0
44,14.877361193895887,0.0
45,15.051339892883245,1.0
46,16.4207393019898,3.0
47,16.99574030709072,0.0
48,17.47144984314592,0.0
49,17.50135350822511,1.0
50,17.99227231154742,3.0
51,18.461638465205063,3.0
52,18.895430075799073,3.0
53,18.928581869264807,0.0
54,19.523415700778656,0.0
