,time,event
0,0.03048605450972537,3.0
1,0.8703789156431649,1.0
2,1.084393626845752,3.0
3,1.5337812763996794,0.0
4,1.894362934391184,1.0
5,1.9208575069196883,3.0
6,2.6915183345746163,0.0
7,3.522562606545443,0.0
8,3.564326056572244,1.0
9,3.963772215459386,0.0
10,4.2772184095937815,0.0
11,4.375590726503593,0.0
12,5.061546519015514,0.0
13,5.982790098862322,1.0
14,7.378439563730957,1.0
15,7.741921498271009,3.0
16,9.779701795133146,1.0
17,10.978803609785157,2.0
18,11.406315511989522,0.0
19,12.009671443656512,3.0
20,12.171102189523706,2.0
21,13.34804434392893,3.0
22,13.769750670642345,3.0
23,13.997551203092149,0.0
24,14.335006609881999,0.0
25,15.254896251565716,0.0
26,15.496124247166483,0.0
27,15.527367158796597,0.0
28,15.943356589738022,0.0
29,16.359331962335624,3.0
30,16.506598353876097,0.0
31,17.120905701516847,1.0
32,18.047732699983005,0.0
33,18.108104812671627,0.0
34,18.48831139137922,4.0
35,18.60668932476777,1.0
36,18.722007741088497,2.0
37,18.905692076751233,0.0
38,19.206949129274786,0.0
39,19.281457518521982,1.0
