,time,event
0,0.5366189236778569,1.0
1,0.919761327857424,0.0
2,1.3278820955204877,0.0
3,1.6038850952475807,1.0
4,1.8800932129597019,2.0
5,2.424743229859538,1.0
6,2.589279426918034,0.0
7,2.848111454848053,1.0
8,3.1453604245989615,2.0
9,4.279297922970723,3.0
10,5.093961031735079,1.0
11,5.139871195587523,1.0
12,5.273329903165022,0.0
13,5.419900580494081,3.0
14,6.096597707071562,1.0
15,6.862644125985367,0.0
16,7.176175699466639,2.0
17,7.328791479836771,2.0
18,8.08605058205396,3.0
19,8.267588125828901,3.0
20,8.379918972055476,1.0
21,9.39280772089983,0.0
22,9.488777079261405,2.0
23,9.688042481879044,1.0
24,9.760242379695997,3.0
25,10.317086757539428,0.0
26,11.065099033243941,2.0
27,11.168984567105642,0.0
28,11.240757581884457,0.0
29,11.629695148719534,1.0
30,12.049419660817055,3.0
31,12.259916832525871,2.0
32,12.430833810540479,1.0
33,12.62481497636139,3.0
34,13.266870975800261,0.0
35,13.515453684291131,0.0
36,13.734329957358002,3.0
37,14.283535974381152,0.0
38,14.878042822188803,0.0
39,15.126768791999144,0.0
40,16.185086905039586,0.0
41,16.19530048405443,1.0
42,16.957598307126354,1.0
43,17.281404676013782,3.0
44,18.00704029915556,3.0
45,18.03388011264329,0.0
46,18.246864841248883,1.0
47,18.91223448248634,3.0
48,19.27228074536921,1.0
49,19.355866221728046,0.0
50,19.61571013185066,0.0
