,time,event
0,0.6770372552153007,0.0
1,0.8823185366214503,3.0
2,1.1985834819054717,3.0
3,1.5320688600386858,0.0
4,1.711925800189747,2.0
5,1.870150747782676,3.0
6,1.973595014534403,2.0
7,2.710478811528552,0.0
8,3.831827616681985,3.0
9,4.441740219485659,3.0
10,5.117458163191392,1.0
11,5.26532159758536,1.0
12,5.460838186380468,3.0
13,6.156116278894955,0.0
14,7.965987261836421,3.0
15,8.015032045173543,3.0
16,9.394235935128261,0.0
17,9.818344061765085,3.0
18,9.957985842475649,3.0
19,10.343001375296964,3.0
20,10.73444920675091,3.0
21,10.767763254493602,3.0
22,10.899622928014228,1.0
23,11.106780049441735,3.0
24,11.295604222619632,3.0
25,11.644857521014778,3.0
26,12.157239706189827,2.0
27,12.370438663962794,3.0
28,12.734941723032772,1.0
29,12.945267361147907,0.0
30,13.967752998981103,1.0
31,14.055179666432313,2.0
32,15.710248434431618,3.0
33,15.954750047417932,0.0
34,16.124222459618164,3.0
35,16.126813379352072,3.0
36,16.248018552224934,3.0
37,16.56582266012884,1.0
38,16.854830585516268,1.0
39,16.957374185398173,0.0
40,17.547644970958117,4.0
41,17.623333756325835,0.0
42,17.87028194896068,0.0
43,18.10708312233779,0.0
44,18.325757756402993,1.0
45,18.711004816909405,0.0
46,19.054669510337927,3.0
47,19.634059227177882,1.0
48,19.853853085809405,0.0
