,time,event
0,0.2597252765521737,0.0
1,0.2859002202092427,0.0
2,0.5103419171992256,0.0
3,0.7034707075771053,3.0
4,1.1235827472066717,1.0
5,1.154694905638327,3.0
6,1.2959046455748815,3.0
7,1.760841607725296,1.0
8,2.1854639222300034,3.0
9,2.4122957496264457,0.0
10,2.8804859957167186,3.0
11,3.182195920686052,0.0
12,3.2819176511431887,0.0
13,3.3411916448802326,1.0
14,3.3447871032856686,0.0
15,3.4646348473879645,2.0
16,3.469110071722849,0.0
17,3.946510939626969,1.0
18,4.242247257679242,0.0
19,4.8988442800421765,3.0
20,5.3438926066354115,3.0
21,5.811021601856703,3.0
22,5.918853909958681,3.0
23,6.053927851048276,3.0
24,6.687370484766258,3.0
25,6.862502301291284,3.0
26,7.48846815839079,3.0
27,7.610955565783818,0.0
28,7.918363019430236,0.0
29,8.087923421805156,0.0
30,9.64845051656955,2.0
31,10.201653726900549,0.0
32,10.613659619371209,0.0
33,11.053669538913928,3.0
34,11.240132853045278,0.0
35,11.465208240831604,3.0
36,11.473353780067207,3.0
37,11.730937093322366,3.0
38,12.862861334322654,3.0
39,12.884838171296623,4.0
40,12.961838322217979,3.0
41,14.28800841432031,3.0
42,14.439705178327184,3.0
43,15.217015467047599,0.0
44,15.912401552985942,2.0
45,15.993686479558695,3.0
46,16.325976188980718,3.0
47,16.39914447881483,0.0
48,16.435863662533322,1.0
49,17.323044985624446,0.0
50,17.543539142981654,3.0
51,17.906472759954124,0.0
52,18.526166011256286,3.0
53,18.697042135992042,3.0
54,18.891265833251406,0.0
55,19.222877487117984,0.0
56,19.62242508081058,0.0
57,19.691747743973206,0.0
58,19.8969437502396,3.0
