,time,event
0,0.12936510390657063,0.0
1,0.2719379813609709,1.0
2,0.9542848274576956,3.0
3,1.1921037079329515,2.0
4,1.2585903720239622,1.0
5,1.679552483892147,3.0
6,1.9119735235539392,0.0
7,2.2770955037211973,0.0
8,3.0412904590909258,0.0
9,3.50135355519294,2.0
10,3.7299953630467493,1.0
11,3.960438160335736,3.0
12,4.012345307421127,3.0
13,4.180191547916308,1.0
14,4.4878819356457065,3.0
15,4.675592109324847,1.0
16,5.568144555456937,0.0
17,5.856463305681743,0.0
18,6.564113120556419,1.0
19,6.927308971967551,2.0
20,7.703128601758691,0.0
21,8.779371334551765,1.0
22,9.184630828696454,0.0
23,9.217369033643477,3.0
24,9.88981308738274,1.0
25,10.0884452648917,0.0
26,10.152825310099152,1.0
27,10.904048792830745,3.0
28,11.858948985521916,0.0
29,13.09184078575865,1.0
30,13.299414643112828,1.0
31,13.450966779380371,3.0
32,13.5474973376434,3.0
33,13.579273179537951,3.0
34,13.598421197563034,1.0
35,13.874525798601324,3.0
36,14.823765667205215,0.0
37,14.903678099948682,0.0
38,15.106170104636552,2.0
39,15.77262049898986,0.0
40,16.609668353919314,3.0
41,17.143449909089387,0.0
42,17.31781234111823,0.0
43,17.508595198813207,0.0
44,19.064305618758297,1.0
