,time,event
0,0.41568170618118494,3.0
1,0.6191281585935359,3.0
2,0.9978176639003045,2.0
3,1.0995041388161537,0.0
4,1.887273230178232,1.0
5,1.9743426779290367,0.0
6,2.526525719421794,0.0
7,2.55723032001489,0.0
8,3.6042807545276263,1.0
9,3.8403935717608473,3.0
10,4.057182229191185,0.0
11,4.127843670005912,0.0
12,4.228737051056208,3.0
13,4.475354406896647,0.0
14,6.405543233810112,3.0
15,7.64211975854118,1.0
16,7.677596687886504,0.0
17,9.682987304870164,0.0
18,10.046942289846715,1.0
19,10.078745871038507,0.0
20,10.142605985241842,1.0
21,10.458354986353681,1.0
22,11.162651922500181,3.0
23,11.51746965020077,1.0
24,11.673230407462711,1.0
25,11.848671946528249,3.0
26,11.995755772837603,1.0
27,12.52133237949558,2.0
28,12.678613668428959,1.0
29,12.895279121240891,0.0
30,13.332293237098634,3.0
31,13.740573560756424,1.0
32,13.898117803993483,3.0
33,14.537972993792694,3.0
34,14.66763513867914,1.0
35,15.087536281438384,0.0
36,15.499850612882245,4.0
37,16.13299773682728,0.0
38,16.79572004593685,0.0
39,17.28224722456254,2.0
40,17.420178875607682,1.0
41,17.979127477893982,1.0
42,18.465729031100302,0.0
43,19.741285451745117,0.0
