,time,event
0,0.20229265770748187,2.0
1,0.305384546900535,1.0
2,0.5281241697739729,2.0
3,0.7238962771441351,2.0
4,0.7400058772211174,3.0
5,0.8072609781997465,2.0
6,0.9415288790394536,2.0
7,1.4330050418822622,3.0
8,2.4694977673245657,0.0
9,2.606807691530606,2.0
10,2.868844647082037,4.0
11,3.9141518795901424,1.0
12,4.249289705581048,1.0
13,4.570747267788417,4.0
14,5.403054396930189,0.0
15,5.755186234812131,2.0
16,5.92756597666394,4.0
17,6.636698266142263,1.0
18,6.724819219770283,4.0
19,7.182391554448184,2.0
20,7.288043338655895,4.0
21,7.642944879701043,4.0
22,7.820076424573502,3.0
23,8.053455214011967,2.0
24,9.082264580791492,1.0
25,9.271498072503642,2.0
26,9.38212466203824,3.0
27,9.718882066304873,4.0
28,10.450871338076935,4.0
29,10.89761311610528,2.0
30,10.955421328209939,3.0
31,10.959498246871238,2.0
32,12.270638723961882,4.0
33,13.077979330794141,0.0
34,13.165339911769012,4.0
35,13.39842238843627,2.0
36,13.470594859968342,4.0
37,13.644312467540137,0.0
38,14.575575661635646,4.0
39,15.061718736047498,4.0
40,15.420903001680943,3.0
41,16.620901893229284,4.0
42,17.04390465334072,3.0
43,17.239151786951076,2.0
44,18.026539688472987,2.0
45,18.155848366052663,1.0
46,18.22764184049645,2.0
47,18.464770466867833,1.0
48,18.50143131444375,2.0
49,18.57483117707449,4.0
50,18.826091497449603,2.0
51,18.848342465277373,3.0
52,19.154240725700408,4.0
53,19.26165338893053,1.0
54,19.876393420662886,3.0
55,19.896020639978996,0.0
