,time,event
0,0.7944667409093679,3.0
1,1.3688721773111592,0.0
2,1.370201048008526,0.0
3,1.4020142954451598,0.0
4,1.7404297055653826,0.0
5,2.209825874551808,1.0
6,2.5924413221505027,0.0
7,2.8393510362523258,2.0
8,2.90130142576087,3.0
9,3.2389818281999307,1.0
10,3.48267686072145,1.0
11,3.574378467251241,1.0
12,4.351532918322855,3.0
13,5.3436644565975975,1.0
14,6.38889838659122,0.0
15,6.446833987647321,0.0
16,6.594164874824509,1.0
17,6.875557343351925,0.0
18,7.125894462930199,0.0
19,7.6016144507051004,3.0
20,8.242223703621834,1.0
21,8.265633418599839,3.0
22,8.314940009699985,3.0
23,9.203021453394365,2.0
24,9.98572224946048,1.0
25,10.237917668371738,3.0
26,10.612087458017266,0.0
27,11.328723664795747,3.0
28,11.679786002288166,3.0
29,11.916645095315458,1.0
30,12.178382942617933,2.0
31,12.737309906424027,0.0
32,13.628446089717187,0.0
33,14.833046763044091,0.0
34,15.166133810531194,3.0
35,15.327271553849311,0.0
36,15.414251399549718,2.0
37,16.11386279102279,1.0
38,16.20998974322656,1.0
39,16.282167646605924,1.0
40,16.345541585613095,3.0
41,16.9198697529604,3.0
42,17.040529424934377,1.0
43,17.36565072657618,1.0
44,17.635529107349505,2.0
45,17.73500227243399,1.0
46,17.959536277705027,0.0
47,18.4599577792713,0.0
48,19.45152149626972,3.0
49,19.658555764575812,0.0
50,19.796808516105745,1.0
