,time,event
0,0.10592097950882115,3.0
1,0.24525335098629378,2.0
2,0.5197185450957126,0.0
3,0.6548225297674471,3.0
4,0.6670610682530718,3.0
5,0.7360053990397017,1.0
6,0.878902115892567,2.0
7,1.3241651587894145,3.0
8,1.678313011721829,3.0
9,1.7974939080241534,3.0
10,1.988774390494372,0.0
11,2.7238628015648776,1.0
12,3.321813871528032,0.0
13,3.883960124255586,1.0
14,4.412653837895321,1.0
15,5.826983068825821,2.0
16,6.171123551937868,0.0
17,6.650496068457617,0.0
18,6.8566747676493,1.0
19,7.175774533347422,3.0
20,7.900549553481404,3.0
21,8.755284927790957,3.0
22,8.998091080826581,3.0
23,9.620887625430173,3.0
24,9.872025224789432,3.0
25,9.911971633212486,0.0
26,10.078439095798174,0.0
27,10.220453887993026,1.0
28,10.581766502502186,1.0
29,11.39150109821366,1.0
30,11.42150415942765,0.0
31,11.836442353129042,3.0
32,12.043277967953749,0.0
33,12.203745887923985,3.0
34,12.468668195923527,1.0
35,12.47944501174662,3.0
36,12.83431387415851,1.0
37,13.651336223740387,0.0
38,14.163305863222293,3.0
39,14.480788462270457,1.0
40,15.012381011259501,0.0
41,15.119218529524826,0.0
42,15.836021256049106,3.0
43,16.612535838154308,2.0
44,16.979306412904606,0.0
45,17.286204749107146,0.0
46,17.69801693812578,1.0
47,18.24639708615488,1.0
48,18.28455415085377,0.0
49,18.310803688618634,0.0
50,19.177166393460485,0.0
51,19.248649521832753,0.0
52,19.36462314173442,0.0
