,time,event
0,0.11260626597950317,3.0
1,1.2688775031612258,3.0
2,1.4778402279708645,3.0
3,1.5462337116191232,0.0
4,1.9083315421209133,3.0
5,2.1081566048515574,1.0
6,2.16771912939104,0.0
7,2.2869048600752695,0.0
8,2.325047158761089,0.0
9,2.5393693223334517,3.0
10,3.231313631029466,0.0
11,3.977670527604114,0.0
12,4.148805898725495,3.0
13,4.323515224141289,0.0
14,4.737293997492458,3.0
15,5.861740400547777,3.0
16,6.07881350841599,2.0
17,6.776696812468032,3.0
18,7.167200281513836,3.0
19,8.035436691712208,0.0
20,8.46899917006463,3.0
21,8.469651995018282,1.0
22,9.520438696945794,1.0
23,9.663962467574061,0.0
24,9.897035297594675,2.0
25,10.179158260266702,0.0
26,10.398578236480589,1.0
27,11.365716200223407,2.0
28,11.650820588282523,1.0
29,11.827159269393821,2.0
30,12.052064480414707,2.0
31,13.597876632491648,0.0
32,14.665570133428986,3.0
33,14.867654650410275,0.0
34,15.199559638365498,3.0
35,15.958086220714797,1.0
36,15.999785274250309,3.0
37,16.65152894478828,3.0
38,16.764144964053717,2.0
39,16.86138975765967,1.0
40,16.884340970455774,0.0
41,16.942190280449225,2.0
42,17.206251112654666,0.0
43,17.474384014068633,2.0
44,17.52453158475575,1.0
45,18.258669767297928,0.0
46,18.946636745699667,0.0
47,19.250096486301313,3.0
48,19.878376329558144,1.0
