,time,event
0,0.4567472895452178,4.0
1,0.7227492196390621,0.0
2,0.7882980369502645,4.0
3,1.1269016906831943,0.0
4,1.1606005318092887,2.0
5,1.5390094722156658,0.0
6,1.580953730666777,0.0
7,1.6501864468624876,2.0
8,1.9065314584267885,3.0
9,2.367475279467524,2.0
10,2.438899535883897,1.0
11,2.4767849068522394,2.0
12,2.752069276025813,1.0
13,2.8144540124634365,2.0
14,3.205219639021191,2.0
15,3.246565970440808,3.0
16,3.308344953193337,3.0
17,3.405060404002631,4.0
18,3.858560331425442,2.0
19,3.8855210658722488,4.0
20,3.9963103924421857,4.0
21,4.080998973904784,0.0
22,4.164468892323935,4.0
23,4.310133212676689,2.0
24,4.351332529361021,2.0
25,4.876647899472187,0.0
26,4.970566939630375,0.0
27,5.1449588474367856,3.0
28,5.192017051472869,3.0
29,5.5198011766355775,3.0
30,6.346236574538009,2.0
31,6.554854588047109,3.0
32,6.6682547694901135,4.0
33,6.880806246287971,2.0
34,7.264655352733135,4.0
35,7.389877819851368,0.0
36,7.560805737480635,2.0
37,7.582733788310227,2.0
38,7.651007426009384,2.0
39,7.993289182919598,0.0
40,8.199835668783182,0.0
41,8.302405955245915,3.0
42,8.97512249907292,2.0
43,9.188655804649857,2.0
44,9.268388195533563,4.0
45,9.48616787528726,1.0
46,9.567267171485325,4.0
47,9.71276291194442,3.0
48,9.812958440938564,2.0
49,9.895246679766805,4.0
50,10.104440599921508,1.0
51,10.275240560404225,3.0
52,10.634882489248403,2.0
53,10.788308439595427,2.0
54,10.998397563499983,4.0
55,11.372470458225447,0.0
56,11.891018542835775,4.0
57,12.049376853271552,0.0
58,13.192603136710636,2.0
59,13.39533996621646,2.0
60,13.943667269100757,4.0
61,14.150343429188954,3.0
62,14.260688509383687,2.0
63,14.387645289281881,3.0
64,14.527790870034151,0.0
65,14.553873631517748,0.0
66,15.271718922163094,4.0
67,15.483762204462952,2.0
68,15.577498515855385,2.0
69,15.624653887126682,0.0
70,15.915935798745657,4.0
71,16.083937260068055,4.0
72,16.171878653391072,4.0
73,16.194679920803765,3.0
74,16.30566174053826,0.0
75,16.884623340023158,2.0
76,17.137674130544173,2.0
77,17.306637038337502,0.0
78,17.739388679789187,4.0
79,17.865791063733923,2.0
80,17.966322602910733,2.0
81,18.133146736609227,2.0
82,18.421658494802713,4.0
83,18.423428745132913,0.0
84,18.565876141740848,3.0
85,19.355186470660396,2.0
86,19.835938512724162,4.0
