,time,event
0,0.8290606520707764,1.0
1,1.479812705416188,0.0
2,1.5128168300451588,2.0
3,1.5145533385665895,1.0
4,2.0790641024317145,3.0
5,2.380355824449931,1.0
6,2.5803428608818018,3.0
7,2.627078245703586,0.0
8,2.9724890790257694,3.0
9,3.6076614440929626,1.0
10,4.492169547401336,1.0
11,7.36898573769145,0.0
12,9.334753794838955,3.0
13,10.449442608207379,1.0
14,11.631772391767772,0.0
15,11.982000276045508,0.0
16,11.996442496012504,3.0
17,12.27131911155904,0.0
18,12.32104521167502,0.0
19,12.338102976779917,3.0
20,12.514928192253642,2.0
21,12.802595392639278,3.0
22,13.321041328927409,3.0
23,13.659586581842133,0.0
24,14.014696359314879,3.0
25,14.660851345881525,0.0
26,14.75913205815254,0.0
27,15.165409790519318,3.0
28,15.687047208963309,4.0
29,15.768955253879637,3.0
30,15.81534027664232,0.0
31,16.06216851881771,4.0
32,16.418268786885523,0.0
33,16.447266054795275,3.0
34,17.04328988923999,3.0
35,17.156720975547906,0.0
36,17.489378705230585,3.0
37,17.916215755668457,1.0
38,17.9327737304494,3.0
39,18.471016651134693,1.0
40,18.58592695369888,0.0
41,19.416102603823564,0.0
42,19.70918471356802,3.0
43,19.784489508600764,0.0
44,19.80051957346499,1.0
45,19.94068096754784,0.0
46,19.967809180781927,1.0
