,time,event
0,1.6153599310788458,1.0
1,2.3170058628871573,0.0
2,2.6264516045404394,1.0
3,2.677868911434782,1.0
4,2.801540132025705,0.0
5,3.4732437594165066,1.0
6,3.662501462691688,0.0
7,4.224876670116986,3.0
8,4.3322189844433385,0.0
9,4.5422581998827445,2.0
10,5.185616997272505,0.0
11,5.28560159469256,3.0
12,5.285895151031018,1.0
13,5.3048494935831485,0.0
14,7.438433772623929,2.0
15,7.808442613336692,3.0
16,7.929079547421294,0.0
17,9.044522105876197,1.0
18,9.540196827695965,3.0
19,9.810011895754108,3.0
20,10.802168907906129,3.0
21,10.913524144416142,2.0
22,11.14524732975113,1.0
23,11.538795417548348,1.0
24,11.592317753149786,2.0
25,13.290408968078873,3.0
26,13.633764952815783,1.0
27,13.732601562933631,0.0
28,13.829535861341904,1.0
29,13.905425553939219,3.0
30,13.956041413919074,3.0
31,14.231826286008678,2.0
32,14.427336822791759,0.0
33,14.524653655317906,3.0
34,14.610343454151296,1.0
35,14.65246758437116,3.0
36,14.895600817284558,3.0
37,15.364433316689798,1.0
38,15.76910182768276,0.0
39,15.780628343425812,0.0
40,16.032803808220997,3.0
41,16.411401531797594,3.0
42,17.656912639211995,3.0
43,17.94169582893363,1.0
44,17.9455594583414,0.0
45,19.021283076722185,3.0
46,19.20147923778106,3.0
47,19.527972622336264,3.0
48,19.90885151188148,1.0
