,time,event
0,0.18466911342248837,3.0
1,0.7482992931815833,0.0
2,1.2985452750794675,1.0
3,1.7674341072477289,2.0
4,2.271673788935366,3.0
5,2.9871376461971795,0.0
6,3.2686686314115905,1.0
7,3.489806269506884,3.0
8,4.266930099076154,3.0
9,4.521178929577749,0.0
10,5.252369610359269,0.0
11,5.876674470905556,3.0
12,6.32469001888829,1.0
13,6.409768226363032,0.0
14,6.727205608841314,0.0
15,7.1300798666258665,1.0
16,7.46820864882839,3.0
17,7.731482766111619,3.0
18,8.602230938832744,1.0
19,8.690855509062152,0.0
20,8.976966632638408,0.0
21,9.097505439101896,4.0
22,9.197926406209668,0.0
23,9.221874235969794,0.0
24,9.761468041838596,3.0
25,10.116462411277206,3.0
26,11.522593752333059,0.0
27,12.580515419384929,0.0
28,12.778101188704515,0.0
29,13.487567437983097,2.0
30,14.35154648299159,3.0
31,14.785265196814086,0.0
32,14.945180536278297,1.0
33,15.315446852009424,3.0
34,15.336869172185192,3.0
35,16.06560391102848,1.0
36,16.46899665544031,3.0
37,17.053082551490615,3.0
38,17.1596706719097,3.0
39,17.18708167105852,4.0
40,17.43809240682639,2.0
41,17.66854651004621,1.0
42,19.779148564078888,1.0
