,time,event
0,0.7944235197051648,3.0
1,1.061939667004515,3.0
2,1.1961729148597855,3.0
3,1.2951266673125639,0.0
4,1.5745181996546513,3.0
5,2.832129600079347,0.0
6,2.980913201846724,2.0
7,3.442913172566578,1.0
8,3.738464306832497,3.0
9,3.7640880106152372,3.0
10,3.807575123757821,1.0
11,4.217421370513095,3.0
12,4.756764184513363,0.0
13,5.083400161149452,3.0
14,5.121200550719961,0.0
15,5.25570337238874,0.0
16,5.629417559804528,3.0
17,5.8263907266833295,1.0
18,6.623305245837354,1.0
19,7.142383609320131,1.0
20,7.563829673992829,4.0
21,7.672006057564214,3.0
22,7.695620945207787,3.0
23,9.046698808395153,3.0
24,9.626978195389844,3.0
25,9.986791663052486,3.0
26,9.996986970296003,3.0
27,10.82267765634032,0.0
28,11.882648580111118,0.0
29,12.545283136497723,0.0
30,12.96790934064863,3.0
31,13.197833672553294,3.0
32,13.295034652701634,1.0
33,13.419533411898959,0.0
34,13.64063393753941,1.0
35,14.411166536746753,3.0
36,14.757289891975894,3.0
37,15.68533610439373,3.0
38,16.371331653214476,0.0
39,16.515889457805354,1.0
40,17.038080446598077,3.0
41,17.541355772746183,3.0
42,17.679092538773997,1.0
43,17.68369711429456,0.0
44,17.683899933335738,3.0
45,17.85771028959634,1.0
46,18.423871615517186,0.0
47,18.500979007655026,0.0
48,18.51985081869304,1.0
49,18.606411180738395,3.0
50,18.645641401833654,3.0
51,18.667726664003574,1.0
52,18.67452432511837,2.0
53,18.82917182977106,1.0
54,19.347197638877923,0.0
55,19.39194378265291,1.0
56,19.92271547706353,4.0
