,time,event
0,0.2668356055460788,1.0
1,0.3658961443482303,3.0
2,0.4089294116696383,1.0
3,1.1615204062647047,1.0
4,1.652612933050729,1.0
5,2.178479844870033,0.0
6,2.930131341239742,0.0
7,3.178935160066065,1.0
8,3.209482509429559,3.0
9,3.3424096751079038,3.0
10,3.3914218063276476,3.0
11,3.551423876673778,3.0
12,3.802506017759059,3.0
13,4.121598521856576,0.0
14,4.58874600184857,0.0
15,4.687566935421742,3.0
16,5.78022919879743,3.0
17,6.280710327360062,1.0
18,6.596323828071538,1.0
19,7.056320968327641,0.0
20,7.518262771074444,1.0
21,7.560714591897658,0.0
22,7.62094590480135,3.0
23,7.862261222178938,0.0
24,7.875245146791501,0.0
25,8.432929393196972,1.0
26,8.890859170855476,3.0
27,9.092219443390576,1.0
28,9.302889293381872,1.0
29,9.549408902460579,0.0
30,10.043304287536758,0.0
31,10.319708182786508,0.0
32,10.396321186129988,4.0
33,10.447739207918719,3.0
34,10.596870016380585,0.0
35,11.493309294949679,1.0
36,11.7105580791229,0.0
37,12.313529990464694,0.0
38,12.352776146940393,1.0
39,12.589471290666541,0.0
40,13.0565440859892,1.0
41,13.160202275604227,3.0
42,13.26349369630493,2.0
43,13.638313974598178,0.0
44,14.232861482262798,1.0
45,14.785278449289462,0.0
46,14.802531464652155,1.0
47,15.2052662395757,1.0
48,15.440002464748567,1.0
49,16.429857132626022,0.0
50,16.586197604354748,3.0
51,17.53923375829722,3.0
52,17.551266716733615,1.0
53,17.77982598011939,3.0
54,19.41798942990376,0.0
55,19.5732607334059,3.0
