,time,event
0,0.3209789748520104,2.0
1,0.6619832979013291,4.0
2,1.1074267854561712,3.0
3,1.397595917689129,2.0
4,1.4524287055594651,3.0
5,2.3233228605774565,0.0
6,2.462024171708395,2.0
7,4.930250328974729,2.0
8,4.941632017398078,4.0
9,5.114007834318525,3.0
10,5.888270029376766,3.0
11,5.989341784415232,1.0
12,6.2167973491064386,4.0
13,6.2189239875493225,3.0
14,6.469852381722975,0.0
15,6.869706107695558,1.0
16,6.945225683850917,4.0
17,6.971004674179501,0.0
18,6.975191113204046,4.0
19,7.022777861225941,2.0
20,7.822451930031155,4.0
21,7.964686612010138,3.0
22,8.410201022040674,3.0
23,8.516123375007163,4.0
24,8.729104388117102,3.0
25,9.36235236568586,4.0
26,9.556529341314288,4.0
27,11.323357799585311,4.0
28,12.110519483321871,3.0
29,12.176097125112717,3.0
30,12.191147344424127,0.0
31,12.339178219261507,3.0
32,12.51351752682608,2.0
33,12.536910563696136,0.0
34,13.118993371515014,3.0
35,13.49253542437739,2.0
36,13.615450274150774,3.0
37,14.04985476889108,3.0
38,14.057286485923147,4.0
39,14.41862900105682,1.0
40,14.556555996771154,4.0
41,14.79209715958479,3.0
42,14.978476395323728,4.0
43,15.175678969402552,3.0
44,15.256267955269859,3.0
45,15.269996475800601,4.0
46,15.646417183330495,4.0
47,15.65327218190338,4.0
48,16.56716471447685,2.0
49,16.727083016336046,2.0
50,16.926984097772984,2.0
51,17.962984844313624,4.0
52,18.00320558027278,2.0
53,18.21256602357844,2.0
54,18.371461213659476,2.0
55,18.49487084279142,3.0
56,18.87985408487954,4.0
