,time,event
0,0.6096221732535666,4.0
1,0.7294214030259942,4.0
2,0.9270088261431322,0.0
3,1.0687058667453326,0.0
4,1.9671017773882276,2.0
5,1.9770648324104636,4.0
6,2.3908142448986567,2.0
7,2.4525380663763015,4.0
8,2.502311519267691,3.0
9,2.6835026669902913,1.0
10,3.0794034039318428,4.0
11,3.3658987649782603,2.0
12,3.6844060685149636,4.0
13,3.917434745574981,2.0
14,3.919094939952365,4.0
15,4.0808391812225695,3.0
16,4.810726446954694,3.0
17,5.206650992007472,0.0
18,5.211010862662511,4.0
19,5.562059241467815,4.0
20,5.747868996255527,2.0
21,5.945380914509571,2.0
22,6.0908562339164165,2.0
23,6.20682787894204,4.0
24,6.24482491999161,4.0
25,6.26142800189846,0.0
26,6.860251213965759,0.0
27,6.88616341485442,1.0
28,6.9682338187278985,0.0
29,7.119764438898744,4.0
30,7.290593329146857,3.0
31,7.478724937958752,4.0
32,7.570025596735861,3.0
33,8.372153485942635,4.0
34,8.41300592365306,2.0
35,8.640287895967326,2.0
36,8.745108728417424,3.0
37,8.783625173963893,4.0
38,8.97641326860752,4.0
39,9.230077282925425,4.0
40,9.544458040677526,3.0
41,9.579521976317606,4.0
42,9.893044576123307,0.0
43,10.16365070568779,2.0
44,10.227703932851298,3.0
45,10.641817780920164,3.0
46,11.30385429720641,2.0
47,13.021148032794306,2.0
48,13.804594007918933,0.0
49,14.21774511729244,1.0
50,16.11175958615009,4.0
51,17.869568307265904,4.0
52,18.53510240438725,4.0
53,18.81872848755464,2.0
54,19.763693734950436,2.0
