,time,event
0,0.39796832473794097,0.0
1,0.5159651838294226,2.0
2,1.3085966889871241,4.0
3,1.946225619869419,0.0
4,2.002819565564816,4.0
5,2.319559910270059,0.0
6,2.6318705464865038,2.0
7,2.918632036459303,0.0
8,3.9702568412419277,4.0
9,4.100145688949995,0.0
10,4.280222989428159,0.0
11,4.458997586421532,2.0
12,5.258530444711744,3.0
13,5.90111126247779,2.0
14,6.102417189110822,3.0
15,6.116985359744274,0.0
16,6.4577970625742935,4.0
17,6.557875526938168,2.0
18,6.809461647090981,4.0
19,6.864628494430258,4.0
20,6.965230624954189,0.0
21,7.791291182599641,4.0
22,7.856531571170853,3.0
23,7.893750044141431,3.0
24,8.44936803736356,0.0
25,9.633509751978142,0.0
26,9.859524657123242,0.0
27,10.349093916445046,3.0
28,10.469966546333312,4.0
29,11.003457805408507,3.0
30,11.016195854491828,4.0
31,11.851968660566325,2.0
32,12.813370498655233,3.0
33,13.040803661910033,4.0
34,13.606967139872658,4.0
35,13.956434038224844,4.0
36,14.029813763170063,3.0
37,14.709577507273837,2.0
38,15.141643685458192,2.0
39,15.456043579880145,3.0
40,15.843925671002491,4.0
41,15.888806990873984,2.0
42,15.945384505757506,4.0
43,16.005176387512417,3.0
44,16.574121956965,2.0
45,16.583192689201912,4.0
46,17.162392715525808,2.0
47,17.49239350338364,1.0
48,17.64889950291919,2.0
49,17.87260202551576,3.0
50,18.28481608555807,4.0
51,18.315908597998625,2.0
52,18.75053324535356,4.0
53,18.86820016710578,2.0
54,18.873840023767908,3.0
55,19.02861901342724,3.0
56,19.549833699170158,4.0
