,time,event
0,0.06296207676156902,3.0
1,0.21379661180012305,2.0
2,0.350714502072192,4.0
3,0.6350640139657253,0.0
4,0.7203211161339175,3.0
5,0.7386488066756267,2.0
6,1.009009031094036,3.0
7,1.1574354155017088,2.0
8,1.421974803149753,2.0
9,1.4488579101999886,3.0
10,1.8495514802804685,2.0
11,2.045062719915882,2.0
12,2.365938302549156,1.0
13,2.366532364888462,0.0
14,2.614043895620608,2.0
15,2.9061332723603215,2.0
16,3.5314817422730114,3.0
17,4.308947187671897,2.0
18,4.310036532758666,4.0
19,4.5719094391625505,2.0
20,4.601876821549413,3.0
21,4.890911810262744,1.0
22,4.922350462338084,1.0
23,4.927580733694054,4.0
24,5.22064483982117,1.0
25,5.544100540498944,3.0
26,5.6087817584359,4.0
27,6.99609686752832,3.0
28,7.288716616174885,3.0
29,7.362057781601918,3.0
30,7.668720735919792,4.0
31,7.8123119881295295,2.0
32,7.9032073125155184,0.0
33,8.505427419848848,0.0
34,8.523243987152245,0.0
35,8.649230893442455,2.0
36,8.76941781792216,4.0
37,9.630381055079248,3.0
38,9.917222725866475,2.0
39,9.984406802588662,2.0
40,10.164699691913444,4.0
41,10.596642216643968,4.0
42,10.65161641916893,2.0
43,10.666270002096725,2.0
44,10.670126908517423,0.0
45,12.13381639332402,4.0
46,12.146427360763772,4.0
47,12.20817070747813,3.0
48,12.591920982812924,3.0
49,12.62645256224548,4.0
50,13.208767426386443,0.0
51,13.301771736582893,3.0
52,13.328005259163971,1.0
53,13.529899889726458,0.0
54,13.718230175879972,2.0
55,13.832187996889697,2.0
56,14.024787723321477,3.0
57,15.729399334604421,2.0
58,15.802590875000949,1.0
59,15.902777353856331,0.0
60,16.047383482456173,3.0
61,16.53759527575555,4.0
62,18.169116665406154,2.0
63,18.30453343637588,0.0
64,18.38474859023577,3.0
65,18.685485553833868,2.0
66,19.035611645236344,3.0
67,19.134979232241538,2.0
68,19.199474734939805,3.0
69,19.305367432404125,3.0
70,19.608081205618475,2.0
71,19.62216305634243,4.0
