,time,event
0,0.8454267728013087,2.0
1,0.9481205910766701,2.0
2,1.034114649764723,4.0
3,1.0606987213175891,4.0
4,1.0708036672687995,3.0
5,1.3006660616680525,2.0
6,1.5333874388473228,2.0
7,2.0690258432277036,1.0
8,3.3888907924170537,4.0
9,3.549409881874043,4.0
10,3.586633545478937,2.0
11,3.780524135237717,4.0
12,4.1972575532651275,1.0
13,4.202553236899096,2.0
14,4.449987101964063,4.0
15,4.521426363887606,3.0
16,4.632612807276557,4.0
17,4.721147992374885,4.0
18,4.927772384258699,2.0
19,4.959807694443373,1.0
20,5.834348267526437,1.0
21,6.285081338176004,3.0
22,6.622910389745921,3.0
23,6.694082133840539,2.0
24,6.792480009808678,3.0
25,7.392681542782101,0.0
26,8.397505826987292,4.0
27,8.581570421118462,2.0
28,8.82452336782638,1.0
29,8.850981039273094,0.0
30,8.867077056182687,4.0
31,8.992654818722558,3.0
32,9.00668275250137,4.0
33,9.041896507230247,0.0
34,9.059553196519259,3.0
35,9.277147144733402,3.0
36,9.598241142809268,3.0
37,9.786806276648823,3.0
38,10.227540584312758,0.0
39,10.531700841682923,4.0
40,11.020396062002991,1.0
41,11.442471406039687,3.0
42,11.521990899913266,2.0
43,11.784859284514306,1.0
44,12.797107947289565,3.0
45,12.981120301926307,2.0
46,13.475072927536035,2.0
47,13.588272073175832,4.0
48,14.503398982228408,3.0
49,14.898850908650466,3.0
50,14.96516364695347,2.0
51,15.028477004413203,0.0
52,15.380698792537284,2.0
53,15.544125947451162,2.0
54,15.661533750586644,4.0
55,16.072953664510916,3.0
56,16.668382614377492,3.0
57,17.680166849173634,4.0
58,17.69708530951363,3.0
59,18.0532303514897,3.0
60,18.072446622882307,2.0
61,19.69494082394436,4.0
62,19.809935577395443,2.0
