,time,event
0,0.2093951151002706,4.0
1,0.38865418619175796,4.0
2,0.390264218306766,3.0
3,0.5752410215267593,2.0
4,1.4172040472204652,2.0
5,1.9199610366375492,2.0
6,2.034888969530235,4.0
7,2.120361523799618,0.0
8,2.2267003961581664,2.0
9,2.3419796938507296,3.0
10,2.77758433660378,0.0
11,2.8116569481471294,2.0
12,2.8148988121140275,2.0
13,3.41649699186703,2.0
14,3.494714515479799,1.0
15,3.5526154616754564,3.0
16,3.6154941748153067,3.0
17,3.757816208763067,2.0
18,3.796089961416772,1.0
19,4.081258150498056,2.0
20,4.350730456068246,2.0
21,4.488403228356439,3.0
22,5.1904988804873495,1.0
23,5.462485163709032,2.0
24,5.614892908632017,4.0
25,6.122728086914771,2.0
26,6.1555696931957,4.0
27,6.381691739115263,3.0
28,7.078371999556538,0.0
29,7.13198181304537,4.0
30,7.37502024674584,1.0
31,7.4581858364229205,4.0
32,7.473119539628576,4.0
33,8.345437366705182,0.0
34,8.647030964470137,0.0
35,8.656955957958685,4.0
36,8.732351732435296,4.0
37,9.249312848886882,3.0
38,9.288291526981979,3.0
39,9.415684165834907,1.0
40,9.661869355610651,2.0
41,10.203270741833487,4.0
42,10.429591247366027,4.0
43,10.565752290499596,4.0
44,10.664286998100957,2.0
45,10.767852119074833,4.0
46,10.805615424710236,1.0
47,11.828086106915572,2.0
48,12.317881509529204,2.0
49,12.487192786388324,3.0
50,12.594796274924,3.0
51,13.359723078293415,4.0
52,13.365025626578165,2.0
53,13.793531705920357,0.0
54,14.291333732628654,0.0
55,14.564454499661403,0.0
56,14.822876323932313,4.0
57,14.893790717596506,4.0
58,15.537497072417102,3.0
59,15.607584309977417,1.0
60,15.917866531510402,0.0
61,16.38275098749005,4.0
62,17.180104787931764,0.0
63,17.491145188423967,3.0
64,17.77662023769567,1.0
65,18.23308810475413,2.0
66,18.250157566250014,1.0
67,18.377852574346218,2.0
68,19.05110079940877,2.0
69,19.936601314944923,3.0
