,time,event
0,0.7762762441805284,4.0
1,1.1609390237111996,2.0
2,1.3849963007447066,4.0
3,1.5422170584694372,1.0
4,1.572905678510957,2.0
5,1.8029410173497225,0.0
6,1.9369968383864267,3.0
7,2.704228335346254,2.0
8,2.975121237713487,2.0
9,3.139861777989582,2.0
10,3.187610994315339,4.0
11,3.6411176515055774,4.0
12,4.045787558391072,2.0
13,4.107721550423157,4.0
14,4.809108933778843,3.0
15,4.991662404270898,0.0
16,5.199429239452883,0.0
17,5.383871058348401,4.0
18,5.715054196176733,3.0
19,6.181365295599602,4.0
20,6.323979420053476,4.0
21,6.486139304920707,4.0
22,6.603358485938836,2.0
23,7.123163183305408,0.0
24,7.900527632473518,2.0
25,8.175222475998877,0.0
26,8.809039472883812,2.0
27,9.613328515969053,3.0
28,9.902337656939304,3.0
29,10.31670147072625,0.0
30,10.480610984702572,2.0
31,11.155277466823497,4.0
32,11.52033930372742,3.0
33,11.8112630861988,3.0
34,12.21125902494658,4.0
35,12.366887476687332,4.0
36,12.508105367543136,1.0
37,12.808156484202215,2.0
38,12.940847121983783,4.0
39,13.198184253989602,3.0
40,14.337598318656271,2.0
41,14.413803105046963,0.0
42,14.450479814653981,4.0
43,14.546536628284999,0.0
44,14.74833942624051,0.0
45,15.203950204725714,3.0
46,15.229805478206954,2.0
47,15.999552744281663,4.0
48,16.155037382145053,4.0
49,17.542277895190036,3.0
50,17.639028022447693,0.0
51,18.136267826108913,3.0
52,18.22225584656908,4.0
53,19.409163642367847,2.0
54,19.511390288647267,3.0
55,19.694007681443967,2.0
56,19.71820401179977,4.0
