,time,event
0,0.5454042497879961,2.0
1,0.7062396715998502,4.0
2,0.9444002645739197,2.0
3,1.1412257436868207,1.0
4,1.1670930562959987,2.0
5,1.3564164223838349,2.0
6,1.4099539353708337,2.0
7,2.064228105599557,2.0
8,2.3398330724106087,3.0
9,3.437555736008835,4.0
10,3.552952572906533,2.0
11,3.7050365164976826,2.0
12,3.8228755559702825,3.0
13,4.264724657487857,3.0
14,4.312293867026164,3.0
15,5.027259042699315,4.0
16,5.265150214117409,4.0
17,5.623303448790832,0.0
18,6.222918999665752,2.0
19,6.309778097514699,3.0
20,6.566908331083248,2.0
21,6.581266118181128,2.0
22,6.693011470597197,4.0
23,6.9952572249009775,4.0
24,7.3453691390244735,4.0
25,7.584958858164639,3.0
26,8.14667918638722,2.0
27,9.908843336901771,4.0
28,10.204186760825026,4.0
29,10.271916750354949,2.0
30,10.510556214857575,2.0
31,10.627777648266134,4.0
32,10.721817609363107,1.0
33,10.976604780822438,0.0
34,11.461985366145221,1.0
35,12.351673976229524,3.0
36,12.4816650708735,0.0
37,12.515900393533805,0.0
38,12.663771402023851,2.0
39,12.75021185311284,3.0
40,13.296538683923455,3.0
41,13.465269577230233,2.0
42,13.46731865859001,2.0
43,14.467149615449511,4.0
44,15.076594839908193,4.0
45,15.83586500779815,2.0
46,16.12308967615939,0.0
47,16.193874000421957,0.0
48,16.223136282961292,3.0
49,16.747007995569277,3.0
50,16.804747463682197,0.0
51,17.178979435658626,3.0
52,17.293421534915776,0.0
53,17.880344812488644,0.0
54,19.32679375766752,2.0
55,19.547777092399564,2.0
