,time,event
0,0.154264366870091,4.0
1,0.7000743887106631,4.0
2,1.6435059509372207,3.0
3,2.0045589936189643,1.0
4,2.684973727170921,0.0
5,2.914673646659753,2.0
6,3.0109649759647197,1.0
7,3.422399505897067,4.0
8,3.888534197580712,3.0
9,3.9646778072622624,4.0
10,4.089824284101115,4.0
11,4.545249617133513,3.0
12,4.955444818785879,4.0
13,5.0505434523864405,1.0
14,5.065451169632186,0.0
15,5.190673080473577,3.0
16,5.252577997555675,2.0
17,5.272092704416996,1.0
18,5.574258256209919,4.0
19,5.730642753135432,0.0
20,5.751395144765756,2.0
21,5.975487849838213,1.0
22,6.015645143177686,3.0
23,6.134007702107399,2.0
24,6.634241247491168,0.0
25,6.6991543584799125,4.0
26,6.8847915851919295,3.0
27,7.23122051003936,4.0
28,7.592273489297514,1.0
29,8.66241796868587,2.0
30,8.808381474712187,0.0
31,11.048253867263108,3.0
32,13.094760859719921,1.0
33,13.239173937270948,4.0
34,13.33651912992588,2.0
35,14.088331888210767,2.0
36,14.331902022988208,4.0
37,14.974365038481103,2.0
38,15.151177930577298,4.0
39,15.160126051517846,4.0
40,15.273631250001488,1.0
41,15.487771708358883,0.0
42,15.678529242839103,2.0
43,15.692426541858067,2.0
44,15.693377715109236,2.0
45,16.22041311795412,3.0
46,16.477721176257855,4.0
47,16.548962279492702,3.0
48,16.586266264878898,3.0
49,16.658653851295036,3.0
50,16.9686049325935,4.0
51,16.972357004925875,3.0
52,18.053419101056367,2.0
53,18.88967668456733,2.0
54,18.9303043260702,0.0
55,19.256809469676515,1.0
56,19.573151851258903,4.0
57,19.645209014217865,4.0
58,19.655751768977556,3.0
59,19.71181354802215,2.0
