,time,event
0,0.597961021430048,4.0
1,0.7582287521956755,3.0
2,1.1131290164846603,0.0
3,1.3549026168645588,3.0
4,1.4022288453951475,4.0
5,1.5454021940338263,3.0
6,2.0332974399226886,4.0
7,2.148821629370171,4.0
8,2.6846507969941014,3.0
9,2.8858494706501894,3.0
10,3.1380010774720453,4.0
11,3.3187561647408272,2.0
12,3.4484391758100914,3.0
13,3.4816828345464876,3.0
14,3.7240657923195517,4.0
15,3.7709064628651205,0.0
16,4.454214615296595,4.0
17,4.577497398292592,4.0
18,5.188107047343211,4.0
19,5.241211264281909,4.0
20,5.315014066013516,2.0
21,6.439775354979682,2.0
22,6.755389566834998,0.0
23,6.937115136394702,4.0
24,7.022626848468939,2.0
25,7.210877354670757,3.0
26,7.279486991135874,3.0
27,7.85133181734696,3.0
28,8.229890306468686,3.0
29,8.242671955016126,3.0
30,8.422891286406555,2.0
31,8.762871724155222,2.0
32,8.87354848007224,3.0
33,9.05456557420543,4.0
34,9.060699029835911,3.0
35,9.611733367556312,4.0
36,10.635865680247726,4.0
37,11.173168234910845,4.0
38,11.925116036677105,0.0
39,11.987819419434079,4.0
40,12.771281271046362,2.0
41,13.064371709581781,4.0
42,13.89693847708676,4.0
43,14.2713476365248,1.0
44,15.2975850235697,0.0
45,15.399667189986223,0.0
46,15.84291874148176,3.0
47,16.098470533914217,2.0
48,16.50092510632886,2.0
49,16.95898425558439,4.0
50,17.073962247968176,4.0
51,17.634820042057267,3.0
52,18.077871278090992,2.0
53,18.32015633283797,2.0
54,18.457027477867367,2.0
55,19.805913509342044,2.0
56,19.918523321683946,1.0
