,time,event
0,0.35161229729667326,4.0
1,0.6327297743246896,1.0
2,0.6740784224211052,4.0
3,0.8094486251857431,4.0
4,0.8409350357694501,4.0
5,1.4046577206469464,4.0
6,1.7173715845438555,4.0
7,1.74083618134944,4.0
8,1.7645412726332816,3.0
9,1.918372984184727,3.0
10,1.964364241282433,3.0
11,2.4537398263300707,2.0
12,2.5351588519140456,3.0
13,3.094989487978276,3.0
14,3.23306155897059,2.0
15,3.8426344372026615,1.0
16,5.075126183536559,2.0
17,5.090773408361939,3.0
18,5.187547370650029,3.0
19,5.473229820657356,0.0
20,5.5665096246760415,4.0
21,5.669839372070227,2.0
22,5.68403121439997,1.0
23,6.379543280258299,4.0
24,6.798726581446011,4.0
25,7.519241816789052,2.0
26,8.89743578068442,2.0
27,9.030549494543365,3.0
28,9.384068122600906,2.0
29,9.832108829787924,2.0
30,10.067908081023871,2.0
31,10.323073762279401,3.0
32,10.537242601423754,2.0
33,10.623994264183711,4.0
34,10.808328628765633,2.0
35,10.82243268816996,4.0
36,10.848712728758795,2.0
37,10.97951115777952,4.0
38,11.759347915805098,2.0
39,12.196746216849425,2.0
40,12.41106971037989,4.0
41,12.449824194265627,3.0
42,12.469697218376785,3.0
43,12.68141939059949,4.0
44,13.17680710456358,2.0
45,13.368792864532436,3.0
46,13.572657474667665,4.0
47,13.699764729180902,2.0
48,13.920537729452745,4.0
49,14.427445913555516,0.0
50,15.16905122017603,3.0
51,15.28137007204209,3.0
52,15.720950615100833,0.0
53,16.169200921344743,2.0
54,16.37650100841566,4.0
55,16.800409205226163,3.0
56,17.288573797925928,0.0
57,17.462269899935343,3.0
58,17.594640185206963,3.0
59,18.02719959073544,2.0
60,18.67237880260832,0.0
61,18.766825302190462,4.0
62,19.10000493930561,2.0
63,19.459157161160356,2.0
64,19.767840241312737,0.0
65,19.902472767628623,3.0
66,19.963414656459648,1.0
