,time,event
0,0.25664459938865963,4.0
1,0.7633933368932078,4.0
2,1.1434056375680997,3.0
3,3.092508286528913,4.0
4,3.1650058537842987,2.0
5,3.2742261139312787,3.0
6,3.540185527239715,0.0
7,3.616479785947017,3.0
8,3.6688600914913785,4.0
9,4.167238381835127,2.0
10,4.360053326091686,3.0
11,4.615095712344725,3.0
12,4.615436903014145,2.0
13,6.080207033885925,3.0
14,6.1529805247448035,4.0
15,6.154817743906846,1.0
16,6.3495983165052925,4.0
17,6.484704866055701,2.0
18,6.7909470382580945,2.0
19,6.823003511105645,3.0
20,7.039835408773155,2.0
21,7.106962278772364,3.0
22,7.512804619750917,3.0
23,7.691992375065751,4.0
24,8.257249402657129,3.0
25,8.298861839478132,2.0
26,8.648679001801053,3.0
27,9.17020935368045,4.0
28,9.34330840979828,0.0
29,9.498495124135285,2.0
30,9.854167978684751,3.0
31,9.950880742544898,4.0
32,10.16272061123028,2.0
33,10.198227069371509,3.0
34,10.723167560490852,4.0
35,10.742968313928003,4.0
36,11.168232333979871,2.0
37,11.271338102451693,3.0
38,12.084351009668891,1.0
39,12.095121001900566,0.0
40,12.673839066291759,0.0
41,13.938248918998807,0.0
42,14.143750791708422,3.0
43,14.392758337644867,0.0
44,14.688041712586394,2.0
45,14.783378367798873,2.0
46,15.101860689555213,3.0
47,16.359150011381733,0.0
48,16.597464825525456,4.0
49,16.665271159529635,0.0
50,16.78154482956082,0.0
51,16.882627545060892,2.0
52,17.093106985364642,3.0
53,17.34643670881226,3.0
54,17.414818486394058,2.0
55,17.625694464030733,4.0
56,18.465882807625388,4.0
57,18.49447177859497,2.0
58,19.782652456749165,0.0
59,19.81098689910467,4.0
60,19.901383069025425,1.0
