,time,event
0,0.4206818031269524,3.0
1,0.7873353327023667,4.0
2,1.0049550935570244,2.0
3,1.158050352792403,4.0
4,1.2468074090957932,4.0
5,2.1817732289841567,0.0
6,2.5202263356890406,3.0
7,3.1945014590506986,1.0
8,3.666770155618402,4.0
9,4.164268506586388,2.0
10,4.22232796052465,3.0
11,4.726868630989041,0.0
12,4.764110014493955,3.0
13,5.260462300919484,3.0
14,6.011339184991272,3.0
15,6.059648249891897,2.0
16,6.8811683892242135,4.0
17,6.904410467198313,0.0
18,7.072830863835455,0.0
19,7.136767936838066,4.0
20,7.95292880310698,2.0
21,8.164021070660796,4.0
22,8.311649247996879,1.0
23,8.333173929481097,4.0
24,8.56798550109613,0.0
25,8.710394886787414,4.0
26,8.788882721238334,4.0
27,9.340709732771545,4.0
28,9.91086587155161,1.0
29,9.918828209124626,3.0
30,10.288577699790244,3.0
31,10.514893127970824,3.0
32,10.550884596381561,1.0
33,10.801073661133604,2.0
34,10.906794820321233,3.0
35,11.166780304043051,4.0
36,11.462781976648213,3.0
37,11.715475039720879,2.0
38,11.77351595124799,0.0
39,11.81906422032958,2.0
40,11.902802773712382,4.0
41,11.914961811077257,2.0
42,12.16011205814964,0.0
43,12.310231207926059,3.0
44,12.559176785692843,2.0
45,12.65260570981989,2.0
46,12.717819439525186,1.0
47,13.16004893621173,4.0
48,13.330183664948311,2.0
49,14.051738290320454,3.0
50,14.548396872819215,2.0
51,16.847789211373982,2.0
52,17.52637089544757,3.0
53,17.53440625254381,3.0
54,17.90925934290681,2.0
55,18.222547681636108,4.0
56,18.39721367400659,1.0
57,19.875790775675185,1.0
