,time,event
0,1.0982373546064146,2.0
1,1.4398063709272237,4.0
2,1.5897510687948926,3.0
3,2.0122538271075747,4.0
4,2.396242227773329,1.0
5,2.950954995497995,3.0
6,3.0592829633996934,2.0
7,3.9766507423259996,1.0
8,4.530805655512544,3.0
9,4.679413397700386,3.0
10,4.704007720398821,2.0
11,5.569533902773999,3.0
12,5.758723640320641,4.0
13,5.763581763592546,3.0
14,6.028366442608164,2.0
15,6.542781295308545,3.0
16,6.560641604517726,3.0
17,6.620955277907163,2.0
18,7.173808668934943,4.0
19,7.350635427070221,3.0
20,7.489020515104117,2.0
21,7.589108168494262,0.0
22,7.601893153015009,4.0
23,8.067247171716494,3.0
24,8.17510804932434,2.0
25,8.463655048625927,4.0
26,8.543924981628617,3.0
27,9.824613142484246,1.0
28,9.991960744296417,3.0
29,10.04116378980094,4.0
30,10.811104402666734,4.0
31,10.987509566446084,1.0
32,11.105006998882596,2.0
33,11.178338134092037,2.0
34,12.382070577694014,1.0
35,13.57229191603523,3.0
36,13.913351159187638,4.0
37,14.23139898332856,0.0
38,14.671136404182047,0.0
39,15.089037342978317,3.0
40,15.8219730567769,1.0
41,16.067496042150612,4.0
42,17.28027871492584,2.0
43,17.458146246443544,4.0
44,17.493514145176167,4.0
45,18.85679633396377,1.0
46,19.173291878468408,4.0
47,19.616229424659398,4.0
48,19.85440202300221,4.0
