,time,event
0,0.033422466129981045,4.0
1,0.05933880399827753,4.0
2,0.13658264432116823,2.0
3,0.6218634247365031,4.0
4,0.9150298211382032,2.0
5,1.0588894398989548,4.0
6,1.258340151128174,1.0
7,1.457284370156245,4.0
8,2.1350670387614543,3.0
9,2.503933129617497,2.0
10,3.089436408601748,3.0
11,3.172667703068032,1.0
12,3.2040051077559464,4.0
13,3.320882764803614,3.0
14,3.406692421042869,4.0
15,3.4911957820799606,1.0
16,4.566288747963373,2.0
17,4.9527524363489,4.0
18,5.304969649528348,2.0
19,5.3451280400317085,2.0
20,5.474919180226907,2.0
21,5.693244428349142,0.0
22,6.443314730016591,2.0
23,6.528228440871979,2.0
24,6.923167752365114,2.0
25,6.9506478613991804,4.0
26,6.978976477967483,0.0
27,7.772015983327685,4.0
28,7.794305247398509,4.0
29,7.995907457940542,3.0
30,8.844878270949179,3.0
31,8.9464883360762,3.0
32,9.19960242783055,4.0
33,9.519274922915395,3.0
34,9.59560184571198,4.0
35,9.930249477701686,4.0
36,10.221940535334308,0.0
37,10.399367801388703,3.0
38,10.532527082275683,4.0
39,10.728001548930001,2.0
40,11.101265991199858,0.0
41,11.275818577297686,3.0
42,11.289721401874115,2.0
43,12.17978667062742,4.0
44,12.222813210959403,0.0
45,13.063414029071554,4.0
46,13.311107263453785,2.0
47,13.479237329975653,4.0
48,13.545219492903197,0.0
49,13.702446090353597,4.0
50,13.730531826385423,4.0
51,14.160531901662766,3.0
52,14.1891839114312,0.0
53,14.411812895297967,4.0
54,14.869943967592501,4.0
55,15.336292617121149,0.0
56,15.839193419059065,2.0
57,15.979443308559754,4.0
58,16.05583101341415,4.0
59,17.01283075942713,3.0
60,17.284426925583713,2.0
61,17.673278960685163,2.0
62,17.898111911780557,3.0
63,18.355702187571843,2.0
64,18.46439916151969,4.0
65,18.69298845716739,2.0
66,18.863614263310392,3.0
67,19.05733737022881,4.0
68,19.31179325953788,4.0
