,time,event
0,0.03307622442742655,2.0
1,0.3272945849307158,4.0
2,0.37946198356650124,4.0
3,0.611766788272675,2.0
4,1.309896351438425,1.0
5,1.4242678644766316,4.0
6,1.6760040774261915,2.0
7,3.384738140435864,4.0
8,3.904226513679173,4.0
9,5.5974162352039,2.0
10,5.654372206339798,4.0
11,5.761951750808411,1.0
12,6.334456812961498,2.0
13,6.692397055680538,4.0
14,7.544012195501514,2.0
15,8.198205638806224,3.0
16,8.760441357369702,4.0
17,9.0141096153841,2.0
18,9.489581630514703,1.0
19,10.375826952596704,0.0
20,10.618901363440989,2.0
21,10.639508983515677,3.0
22,12.865412803823862,2.0
23,13.328352864572048,2.0
24,13.815691011436977,2.0
25,14.044950134019004,2.0
26,14.77336788983775,0.0
27,15.271690271604255,2.0
28,15.735660372198517,3.0
29,15.805410791371008,0.0
30,16.55038947438169,1.0
31,16.636643805491612,4.0
32,16.93019582322652,1.0
33,17.26154790895616,0.0
34,17.400879612991275,4.0
35,17.59317459469979,4.0
36,18.000731168663282,4.0
37,18.18488289329016,2.0
38,18.34944420614757,2.0
39,18.72564651239925,2.0
40,18.763755323094028,4.0
41,19.432100401122202,4.0
42,19.492832678959065,2.0
43,19.675043642433227,2.0
44,19.769792836734435,1.0
45,19.90004013606858,3.0
