,time,event
0,0.0021741696740627207,2.0
1,0.08238335895734353,3.0
2,0.24615137042257085,2.0
3,0.3052738994379651,2.0
4,0.4114392217386034,2.0
5,2.272121306991226,1.0
6,2.8767769111998462,4.0
7,2.913163203301662,3.0
8,3.7756738605611826,3.0
9,3.8199598924042064,1.0
10,3.892467872463638,4.0
11,4.730818728632257,0.0
12,5.152078178506112,0.0
13,5.350609523315245,4.0
14,5.639519824103587,2.0
15,6.223417697141951,1.0
16,6.951390419897452,4.0
17,7.276888718388845,2.0
18,7.698422811755972,3.0
19,8.662556792089383,1.0
20,9.90143902503456,0.0
21,10.068803306536964,0.0
22,11.631032231166763,3.0
23,12.145564187550963,0.0
24,12.151067857255581,2.0
25,12.783112530537055,1.0
26,13.203115767826443,0.0
27,13.371780190705067,4.0
28,14.728819225274298,4.0
29,14.92004797229078,1.0
30,14.939864677044236,2.0
31,16.089217243312028,3.0
32,16.47090430369035,4.0
33,18.069095801378285,4.0
34,19.746159376585766,0.0
35,19.750142509522348,4.0
36,19.845060500813517,3.0
