,time,event
0,0.23487433369576255,4.0
1,0.2727534941976846,4.0
2,0.44474976394947296,4.0
3,0.6326888221225967,2.0
4,0.9590235699413848,4.0
5,1.1574400136766354,0.0
6,1.6087537924055455,0.0
7,2.426951828753178,2.0
8,2.7586518149142605,2.0
9,2.7914485945780187,3.0
10,3.0504819034163217,3.0
11,3.0937233492365643,1.0
12,3.648555662088478,1.0
13,4.252301491222104,4.0
14,4.3730865215062185,2.0
15,5.280162329378437,2.0
16,5.400527876068418,4.0
17,6.52558496261856,0.0
18,6.542565612866416,3.0
19,7.062291467833113,2.0
20,7.641857392422243,3.0
21,7.7126826875583,1.0
22,9.132061594701044,4.0
23,10.464421993259046,4.0
24,11.706005214134596,2.0
25,11.813868914627173,1.0
26,11.965585464732001,2.0
27,13.304230796002193,4.0
28,13.600555615641234,4.0
29,13.656044545106436,0.0
30,13.803751967680029,3.0
31,15.397919884072795,1.0
32,15.537753087335958,3.0
33,16.79781724433456,1.0
34,17.55371504983212,4.0
35,17.632957918709437,3.0
36,17.878198768153144,3.0
37,17.98692618181533,4.0
38,18.733428628891332,1.0
39,18.944612072695783,2.0
40,19.045330229585513,3.0
41,19.653284149513688,1.0
42,19.706447855508276,4.0
