,time,event
0,0.748360108148892,2.0
1,0.8263277063124347,2.0
2,0.9271429988781046,2.0
3,1.0400077349103483,1.0
4,2.1106179165180867,0.0
5,2.275113498124932,1.0
6,2.438282970293423,2.0
7,2.774147893382224,4.0
8,3.3360392523353486,2.0
9,3.4684515438840915,2.0
10,3.604136431990093,3.0
11,3.8360734668837884,2.0
12,4.318166530974158,1.0
13,4.7435431706521465,2.0
14,4.758675151572577,4.0
15,5.334471999376035,0.0
16,5.725894123834171,4.0
17,5.765797429747664,4.0
18,5.86589253473724,3.0
19,6.848415722825038,1.0
20,7.158499494012008,2.0
21,7.7429831289520115,0.0
22,8.438948574466652,3.0
23,9.108795362443965,4.0
24,9.646960629527905,2.0
25,10.784333097120419,0.0
26,11.20245872533509,0.0
27,11.57198841530556,0.0
28,12.381073810069068,2.0
29,16.719030386542993,2.0
30,17.32213117595438,2.0
31,18.637448522350528,2.0
32,19.10433717610858,1.0
33,19.109171253001442,2.0
34,19.20671193225508,1.0
35,19.287709958665964,1.0
