,time,event
0,0.10238814407255653,3.0
1,0.6383606515840723,4.0
2,1.3358220384075694,2.0
3,1.4238467528124146,2.0
4,2.468714310189835,0.0
5,3.0735767872033133,3.0
6,6.338296169459397,1.0
7,6.660773770280429,0.0
8,6.9122768093980165,0.0
9,6.989171011597276,2.0
10,7.6640996794048535,0.0
11,8.65794264008208,2.0
12,9.027545836275962,2.0
13,9.263957818173603,2.0
14,10.379015351294369,4.0
15,11.214317117627607,1.0
16,11.489376330858905,3.0
17,11.905424033566964,3.0
18,12.029246127515195,4.0
19,12.686756566277555,0.0
20,12.758506589313962,0.0
21,13.156550763907031,1.0
22,14.21390190485737,3.0
23,14.30983746344265,3.0
24,14.66033034128451,1.0
25,14.86735886377886,0.0
26,15.299114840816312,4.0
27,15.773530060712204,1.0
28,16.788930189618714,2.0
29,17.163050557372284,2.0
30,17.44877973158173,4.0
31,18.207247597404184,2.0
32,18.935089558650144,4.0
33,19.959973502845546,3.0
