,time,event
0,0.13800092909605796,1.0
1,0.3203714090199922,0.0
2,0.7395023018394548,1.0
3,1.0285817844816405,1.0
4,3.2550808171561063,0.0
5,3.4864880885159297,3.0
6,3.621668279321563,4.0
7,3.74332720578424,4.0
8,4.04910820590024,2.0
9,4.155231377706041,2.0
10,4.25861725638021,2.0
11,4.605716639796514,1.0
12,5.1992119281093645,0.0
13,5.284462604445074,2.0
14,5.757968889805759,4.0
15,5.893300401576138,2.0
16,8.593402041419536,2.0
17,8.79392614347195,4.0
18,9.334715334352863,2.0
19,9.494003141701379,3.0
20,10.612713284823492,4.0
21,12.528318725404361,2.0
22,13.103533007350848,1.0
23,14.3132908584191,2.0
24,14.612425382669269,2.0
25,15.42105565760639,3.0
26,15.767976569909967,1.0
27,16.31323428499763,2.0
28,17.094650666469402,2.0
29,17.208185827526215,2.0
30,17.480474492929613,3.0
31,17.959672139924532,4.0
32,18.362361258523954,3.0
33,18.456722801121657,3.0
34,19.045857538411553,1.0
35,19.07501513337833,4.0
36,19.54849666547026,4.0
37,19.56487149237526,3.0
38,19.586907133787417,0.0
39,19.75208144110324,3.0
