,time,event
0,0.14279787813447734,0.0
1,0.24035462040374306,0.0
2,0.4436126703652456,1.0
3,0.610467530687997,4.0
4,1.413314655510356,2.0
5,1.9800606998454857,3.0
6,2.0168787104156314,3.0
7,2.29024196501462,2.0
8,2.9684689022782336,1.0
9,3.024844628931153,2.0
10,3.5274703432563,2.0
11,3.650682951456239,4.0
12,4.400203289479304,4.0
13,4.429470543907531,1.0
14,5.241798846752298,1.0
15,5.322379191454708,2.0
16,5.681876892264632,2.0
17,5.742336808384567,1.0
18,6.1054950214793084,2.0
19,7.160552271351784,4.0
20,7.842812284555875,2.0
21,7.928941557024536,1.0
22,8.80997497495253,3.0
23,8.85476342960532,1.0
24,9.744633775425992,4.0
25,10.100125606053872,1.0
26,11.001204393860299,1.0
27,12.276153313696465,2.0
28,12.598059167556952,2.0
29,12.789797904212177,4.0
30,13.522478304935978,2.0
31,13.540931250193237,4.0
32,13.585017670361712,2.0
33,15.404091334587385,4.0
34,16.178896981830544,4.0
35,16.54083226264257,4.0
36,16.760302219672358,4.0
37,16.960127617670675,0.0
38,16.970320785128976,0.0
39,17.974667806373954,1.0
40,18.06439391886009,0.0
41,18.695248926597227,4.0
42,18.86239204341078,4.0
43,18.998062842687006,2.0
44,19.195061456902323,4.0
45,19.96114607294491,0.0
