,time,event
0,0.1938591360147852,3.0
1,0.7202263778612841,2.0
2,0.9126611215949878,4.0
3,1.297834645649141,1.0
4,1.8768589403436384,2.0
5,3.176278393529649,0.0
6,4.197112067916569,2.0
7,5.026555597327568,4.0
8,6.716120591271721,1.0
9,6.8199798116773485,4.0
10,7.64325396486564,2.0
11,7.6895246829553665,1.0
12,8.612305607243938,2.0
13,8.614665087775716,1.0
14,9.021582918720663,2.0
15,9.125812138301512,2.0
16,9.955455823597779,1.0
17,10.035589001552825,4.0
18,10.697821959217123,0.0
19,11.218540746442942,2.0
20,11.385714636265627,1.0
21,11.718020093051289,4.0
22,11.818675218660621,2.0
23,12.981186828407674,2.0
24,13.842531314396116,3.0
25,14.437124246178104,4.0
26,15.052122662399269,2.0
27,15.105974800340713,4.0
28,15.34163258300787,2.0
29,15.61250362609629,1.0
30,15.984467453317539,1.0
31,16.017119467479628,1.0
32,16.43939619526043,1.0
33,16.704171733558084,3.0
34,17.238617238904414,2.0
35,17.431605218092546,1.0
36,17.89998047709979,4.0
37,18.331215074056495,4.0
38,18.482691116820675,3.0
39,19.233209170368806,2.0
40,19.294856895438997,1.0
