,time,event
0,0.6080767680417385,2.0
1,1.0609058771587498,1.0
2,1.1464365251348323,2.0
3,2.217418237560851,1.0
4,2.4848093446848445,1.0
5,3.3817816793688884,3.0
6,3.4201743705863867,1.0
7,4.041751090663542,1.0
8,4.227129847716246,1.0
9,5.643957265652594,2.0
10,5.967405272783969,1.0
11,6.128517582021869,2.0
12,6.14170742093471,4.0
13,6.241470730378072,4.0
14,7.12788074731209,1.0
15,8.147685842872255,4.0
16,8.208798097576613,2.0
17,8.274300046904646,4.0
18,8.790662202828676,0.0
19,9.18064787449585,2.0
20,9.324234797650291,1.0
21,9.361450617126964,2.0
22,9.711849202132791,2.0
23,10.132934435509927,4.0
24,10.477380197410533,3.0
25,10.7952410797373,3.0
26,11.38301918716374,1.0
27,12.595435318321476,0.0
28,13.467045828287299,3.0
29,14.89807016973683,3.0
30,15.16876726404059,1.0
31,15.587456427848513,3.0
32,16.200785408963256,2.0
33,16.410085997715534,0.0
34,17.89099279425367,1.0
35,18.215657455132096,4.0
36,18.343548415872657,0.0
37,19.104173286143748,2.0
38,19.169025569020942,2.0
39,19.592235531935376,2.0
40,19.639914522871347,2.0
41,19.66275563813213,0.0
42,19.851575366041473,3.0
