,time,event
0,0.1993976965776575,3.0
1,0.2027697674926587,2.0
2,0.3683402659923668,4.0
3,0.39199667174341934,1.0
4,0.4283677044062408,4.0
5,1.541229032964913,1.0
6,1.9352764969364067,2.0
7,2.8640202878922976,0.0
8,3.0465052368217806,2.0
9,3.5496159416854423,0.0
10,3.59767653317425,1.0
11,4.212699181640482,4.0
12,5.194858584303817,1.0
13,6.042852884448036,1.0
14,6.519960048571381,2.0
15,7.051844555189177,2.0
16,7.676369459120586,1.0
17,7.767129993721553,1.0
18,8.128687099686736,4.0
19,8.197530782541067,3.0
20,8.59560480637915,4.0
21,9.24466542994015,0.0
22,9.471251611608624,3.0
23,9.506066778522968,3.0
24,9.792844376990661,2.0
25,10.341956746266309,4.0
26,12.770232508588276,3.0
27,12.791270286769482,2.0
28,13.150479255859201,2.0
29,13.443961939539227,0.0
30,13.81547419088921,1.0
31,14.470732816828665,3.0
32,14.478861747169185,1.0
33,16.13097880085691,2.0
34,16.51497659818987,3.0
35,18.348613490939357,4.0
36,19.088165312931576,1.0
37,19.99740322738045,1.0
