,time,event
0,1.1412028658812141,1.0
1,2.0874575849196395,3.0
2,2.142540390079559,4.0
3,2.480655276230964,2.0
4,3.2635774581804924,1.0
5,4.073299916722259,2.0
6,4.248897423121392,1.0
7,4.40297654829536,0.0
8,4.476301685329987,4.0
9,5.652068288008216,1.0
10,5.749823052117287,3.0
11,5.755701878787314,1.0
12,6.33109252871756,2.0
13,6.83340937883024,1.0
14,7.111701237009327,1.0
15,7.513388219552454,2.0
16,7.656408303955064,0.0
17,8.20507946018162,2.0
18,8.707627451280835,2.0
19,9.102874722775232,1.0
20,9.16266888466878,2.0
21,9.247983950234662,2.0
22,9.391574370057404,1.0
23,9.519697573797483,2.0
24,11.014043891806264,1.0
25,12.431267331994826,2.0
26,12.85414339495809,2.0
27,13.537955388905749,1.0
28,14.048052353620132,0.0
29,14.584039664219997,0.0
30,14.88574111962339,0.0
31,15.78047150303719,2.0
32,16.042993012987175,4.0
33,16.542883802224797,1.0
34,17.05569459339233,0.0
35,17.13230686035591,0.0
36,17.650072498688832,2.0
37,17.88130423924596,1.0
38,17.961968353869832,1.0
39,17.987225681501002,2.0
40,18.31237028949172,3.0
41,19.46587662250513,2.0
42,19.741639262147956,4.0
