,time,event
0,0.021402730836145075,2.0
1,0.05356803858957468,3.0
2,0.11557837894550702,4.0
3,0.1343790008099957,2.0
4,0.2572196808975342,1.0
5,0.7973336587616467,2.0
6,1.9578989353736365,4.0
7,2.1011338494785012,2.0
8,2.165912391097274,1.0
9,2.1979764019886563,2.0
10,5.469515761810923,4.0
11,5.939529245760345,3.0
12,6.021042121694725,3.0
13,6.177859501818991,2.0
14,6.406296956803238,0.0
15,7.3580554171572015,4.0
16,7.501532367640802,2.0
17,7.915888608303857,1.0
18,8.410832275986095,3.0
19,8.546437009024304,4.0
20,8.869534361472908,1.0
21,9.411410190052147,1.0
22,9.686367617861132,0.0
23,10.730383844277483,4.0
24,10.818326801365354,1.0
25,10.8599363969581,3.0
26,10.916028102601679,1.0
27,12.255803948202015,3.0
28,12.840725961080329,3.0
29,12.876377924030887,2.0
30,13.053305368554152,3.0
31,14.480647093163881,2.0
32,15.260388181236456,1.0
33,15.334175177457674,1.0
34,15.351919701176099,2.0
35,15.572212623556558,1.0
36,15.599730539489693,2.0
37,15.643686025553436,2.0
38,15.697524548538322,2.0
39,15.77935344168914,2.0
40,17.24535056377497,0.0
41,17.27968960429889,2.0
42,18.222102903764352,2.0
43,18.69205408638148,2.0
44,18.73158481637424,1.0
45,18.753038628225628,1.0
46,19.075993404394954,1.0
47,19.08874987023695,3.0
48,19.09204637757021,1.0
49,19.983979754966107,1.0
