,time,event
0,0.46784980015419014,3.0
1,0.5669458283832671,2.0
2,2.4701911274825292,2.0
3,2.538394132800273,2.0
4,2.607193041395343,4.0
5,3.5520913532287084,2.0
6,3.8146028819519566,0.0
7,3.9675465078571914,0.0
8,4.054900445746967,1.0
9,4.649692701365394,2.0
10,4.709103815667603,3.0
11,5.495368021085261,4.0
12,5.906376039627509,2.0
13,5.9219671512603345,1.0
14,6.056862664552051,4.0
15,6.276311295246182,3.0
16,6.298155940955724,4.0
17,7.0217907918134,2.0
18,7.844426034545432,0.0
19,8.084600995305182,4.0
20,9.304783274298579,0.0
21,10.457699441471664,2.0
22,11.030060287739797,1.0
23,11.304868855810511,2.0
24,11.53509773254864,3.0
25,11.769475090933533,1.0
26,11.935498751273542,4.0
27,12.437315222423038,1.0
28,13.39761145597806,3.0
29,13.403726330375134,2.0
30,13.57660326642747,3.0
31,14.056223179409024,0.0
32,14.322733478762592,0.0
33,15.293204261567801,1.0
34,17.13657569413184,3.0
35,17.67603865187293,1.0
36,17.72008914666816,4.0
37,17.77114375431471,4.0
38,18.492448459869884,3.0
39,18.620906203601326,1.0
40,19.004758843144053,0.0
41,19.176806964398686,2.0
