,time,event
0,0.3724511427810539,2.0
1,0.49758864782344014,4.0
2,0.5060208320713582,0.0
3,0.9948446952759532,2.0
4,1.0815487539162654,4.0
5,1.6541627197322128,4.0
6,2.2612522662117494,2.0
7,3.050046236416714,4.0
8,3.4792930093587775,2.0
9,4.085053966554622,1.0
10,4.102478474264623,4.0
11,4.105092863190268,0.0
12,4.368546927591371,4.0
13,6.330315993038422,4.0
14,6.419390037784146,4.0
15,6.443863138027785,4.0
16,6.474262540838933,2.0
17,6.551482394496573,3.0
18,6.770583109357102,3.0
19,6.907026442323592,4.0
20,7.031009847335583,1.0
21,7.347149741901029,4.0
22,7.837189300212187,3.0
23,7.99087991967762,3.0
24,8.432836567283536,3.0
25,8.99916926784001,3.0
26,9.082244271098096,4.0
27,9.448984460800075,3.0
28,9.619113242421031,3.0
29,9.79872564648858,1.0
30,10.772685146738413,4.0
31,11.272666909265293,1.0
32,11.74996143447338,2.0
33,11.945934584125608,4.0
34,12.19872940898065,2.0
35,12.20704872127711,4.0
36,12.795875389270151,4.0
37,12.949841361409652,2.0
38,13.109667505439175,3.0
39,13.475130194938513,3.0
40,13.539964760464443,3.0
41,13.69734300933407,2.0
42,13.75438272847101,1.0
43,13.906905319272417,2.0
44,14.662255468733061,3.0
45,14.99804933168266,3.0
46,15.392820919754397,4.0
47,15.570784349735051,3.0
48,15.835339117318872,0.0
49,15.997910939777922,4.0
50,16.359024918324216,0.0
51,16.456457323762418,2.0
52,17.62621155383692,2.0
53,17.94488902497115,2.0
54,18.210162787568287,0.0
55,19.30596857642755,4.0
56,19.31067583868181,0.0
57,19.54566127070657,2.0
58,19.820031317662668,3.0
