,time,event
0,0.01583971836567469,2.0
1,0.22714124652052886,1.0
2,0.38885262208143384,3.0
3,0.7119397653336538,4.0
4,1.6638682585196278,2.0
5,1.6711955339968183,1.0
6,1.9045617122786012,4.0
7,2.157830439159112,0.0
8,2.4140441886627895,1.0
9,2.9596387562266124,0.0
10,3.878407181028045,3.0
11,4.233570060583064,3.0
12,4.668312452955188,2.0
13,6.148902569273888,4.0
14,6.468874906418253,1.0
15,7.990306479788787,2.0
16,8.416210105956576,2.0
17,8.587348936950336,2.0
18,9.212509279079903,4.0
19,9.436475979785792,2.0
20,10.06105763381418,1.0
21,10.39976560628482,2.0
22,10.71454686247934,4.0
23,11.557107393636883,0.0
24,12.40444441781694,2.0
25,12.565881134440989,1.0
26,12.81762823730308,1.0
27,14.05035537499256,0.0
28,14.209088847321736,3.0
29,14.885640270359636,1.0
30,15.131978525737093,2.0
31,16.346876864260274,2.0
32,16.387297832305503,1.0
33,17.906761347744645,3.0
34,18.047946138876775,1.0
35,18.461653350083015,2.0
36,18.819259133969954,0.0
37,18.85283214082081,3.0
38,18.8896230428616,2.0
39,19.10667040617585,0.0
40,19.193756489120336,2.0
41,19.297413591018348,1.0
42,19.85911650197694,2.0
