,time,event
0,0.5324634857414141,0.0
1,0.5958776979801952,3.0
2,0.9671591691624367,2.0
3,1.5022666890015541,4.0
4,2.399291689545735,2.0
5,2.694018478402523,4.0
6,2.7776652678367153,3.0
7,2.887840810051764,4.0
8,2.961286118831407,4.0
9,3.670153275490632,4.0
10,4.844917549626889,0.0
11,5.1622605677997555,4.0
12,5.671551054435335,0.0
13,6.72752060392994,0.0
14,7.43935737347701,4.0
15,7.466527781828568,0.0
16,8.006349112271362,2.0
17,8.233135687826177,1.0
18,8.274645011974936,2.0
19,8.356326757562973,1.0
20,9.010642367553796,3.0
21,9.498420621473812,2.0
22,9.758196601435676,1.0
23,10.290414723085249,2.0
24,10.496015114395227,2.0
25,11.554044649706936,1.0
26,11.729993387882404,1.0
27,11.766570439122244,4.0
28,12.334490960526518,0.0
29,12.714682175216335,1.0
30,13.038166784480074,3.0
31,13.604758758475894,1.0
32,14.581366258777981,4.0
33,15.900353648407048,4.0
34,16.482251840106816,2.0
35,17.342320030536587,2.0
36,17.452110956025564,4.0
37,18.46247995669226,2.0
38,19.739233988134075,2.0
