,time,event
0,1.2754297079670842,1.0
1,1.351271320435346,2.0
2,1.71184506560724,4.0
3,2.6059328415825984,1.0
4,2.631249906599587,2.0
5,2.677365584638847,2.0
6,2.684783357984241,2.0
7,2.7158021311146543,3.0
8,2.8146981170206935,2.0
9,2.8203475677986645,1.0
10,3.91013971554411,3.0
11,4.540290317479909,4.0
12,4.887439827040275,4.0
13,6.749674750332171,1.0
14,7.817583692898495,0.0
15,7.883623517392512,3.0
16,8.352524546461499,1.0
17,8.903074535393745,1.0
18,9.59339376378992,4.0
19,9.751851656216951,1.0
20,9.91832844322167,4.0
21,10.667812242187502,1.0
22,11.22304678746733,0.0
23,11.636265433699561,1.0
24,11.812259429966591,3.0
25,12.07895249586508,0.0
26,13.101694065863606,1.0
27,13.137917455362905,0.0
28,13.331998703922313,1.0
29,13.490290468350402,1.0
30,13.63760623812788,2.0
31,14.138787558848104,1.0
32,15.305314189780193,2.0
33,15.368642640848492,4.0
34,15.528657344732085,2.0
35,15.717238597353772,2.0
36,15.787778107870286,2.0
37,16.126436288159827,1.0
38,16.138114317175265,3.0
39,16.255702034902235,2.0
40,16.3016514071156,1.0
41,16.303642289070762,1.0
42,16.323862987350957,2.0
43,17.449071968201633,2.0
44,18.145858347081788,0.0
45,19.07395566851592,4.0
46,19.2478541605652,2.0
47,19.729336583627095,2.0
