,time,event
0,0.628998551358658,3.0
1,1.2926961278081843,2.0
2,1.4207568128607933,4.0
3,1.6746455388514856,0.0
4,2.4985376060933495,1.0
5,2.7782623045361716,3.0
6,2.778816365768775,1.0
7,3.0301515881966976,4.0
8,3.080763095472888,4.0
9,3.960112429487066,3.0
10,4.586723322579346,4.0
11,4.627754638356993,1.0
12,4.7413765499416085,1.0
13,5.599502924768866,2.0
14,7.045261955278617,4.0
15,7.091025521147168,2.0
16,7.169220240511791,1.0
17,7.365433168384321,1.0
18,8.011291093729092,2.0
19,8.439036820634943,4.0
20,8.902144041318305,0.0
21,9.183818236655972,1.0
22,9.204516073920626,2.0
23,10.408637371888334,3.0
24,11.089788433691155,0.0
25,11.184112680345173,2.0
26,12.288910406293652,3.0
27,12.560975065035178,3.0
28,12.735832461830086,0.0
29,12.752284742915332,0.0
30,12.855986537600218,1.0
31,13.7747710293263,1.0
32,14.851390414366193,2.0
33,14.94705387990603,2.0
34,15.50751533744408,1.0
35,15.91024462553989,2.0
36,16.470950891033937,2.0
37,16.64650018548265,0.0
38,17.42972809024125,1.0
39,17.61117105018158,3.0
40,18.014946191716906,1.0
41,18.60723231822307,1.0
42,18.8976794758251,0.0
43,19.0798710889087,1.0
44,19.86237785350133,1.0
