,time,event
0,0.31175235959303466,1.0
1,0.49906159169923825,0.0
2,0.6803583178968793,4.0
3,0.7044977441721184,1.0
4,2.4599129166933427,1.0
5,2.4673063184493564,1.0
6,2.6955371867803843,1.0
7,3.2983895606762377,2.0
8,3.631417554599728,3.0
9,3.7905657132208748,2.0
10,5.210020127150451,2.0
11,5.97435246893491,3.0
12,6.555671655011259,3.0
13,7.275948329524005,2.0
14,7.61409266702498,2.0
15,8.102638270204453,2.0
16,9.52114167449858,0.0
17,9.825938630091306,3.0
18,9.828614094382116,2.0
19,11.065156762034206,1.0
20,11.471562625618395,1.0
21,11.684916446775341,2.0
22,12.002903674933634,1.0
23,13.98646507701329,1.0
24,14.344525498202064,3.0
25,16.74196783795914,1.0
26,17.546960912039687,4.0
27,17.671699787940913,4.0
28,17.892552312758994,3.0
29,17.93312035761587,2.0
30,18.2035103146671,3.0
31,18.466801830106267,0.0
32,18.833007964617636,4.0
33,18.98964248100094,3.0
34,19.233433622162035,1.0
35,19.295636830934185,2.0
36,19.37485617864911,0.0
37,19.500485009447452,1.0
38,19.981392310112803,2.0
