,time,event
0,0.09123909434813682,0.0
1,0.7183807682751233,2.0
2,1.09962009182613,3.0
3,1.6247368684705745,1.0
4,1.8496878503250263,2.0
5,2.0897229261731396,4.0
6,3.4573894252440507,2.0
7,4.263071547811226,3.0
8,4.728005940381212,3.0
9,4.756653768381937,0.0
10,5.028785959933551,2.0
11,5.253084565970124,3.0
12,5.590398114998777,1.0
13,5.598455469134395,2.0
14,6.741546743993709,0.0
15,8.483679230816406,0.0
16,8.731410117821946,2.0
17,11.240992464827869,3.0
18,11.586623398397778,4.0
19,11.942227398991351,0.0
20,12.470727744889288,0.0
21,12.561260196552118,1.0
22,13.413886067242567,1.0
23,13.462612537479227,1.0
24,13.547364354101614,1.0
25,13.680529343296548,2.0
26,14.127693095710326,1.0
27,14.882534803333186,2.0
28,15.306744509976532,3.0
29,15.404953587924508,2.0
30,15.465631370163024,4.0
31,16.154080044735107,4.0
32,16.157224567013657,2.0
33,16.38875108073719,0.0
34,17.343199579275417,4.0
35,18.09633660581544,3.0
36,18.225859292025135,2.0
37,18.773384398034104,1.0
38,19.64336401943366,2.0
