,time,event
0,0.30963685896081516,0.0
1,0.6094213339104075,3.0
2,1.2883503576152213,1.0
3,1.6114166378605845,1.0
4,1.7374346345248732,0.0
5,2.0031921919109212,4.0
6,2.059205470100379,0.0
7,2.992039179046332,3.0
8,3.6068156458547582,1.0
9,3.9130292763148873,3.0
10,3.9352999646511946,2.0
11,4.281477823219066,3.0
12,4.749432658856978,1.0
13,5.154009340044688,1.0
14,5.953919650831711,1.0
15,6.461927437862217,1.0
16,6.541632531619113,1.0
17,6.550169772050178,2.0
18,7.200583446532434,1.0
19,7.4489045825306315,2.0
20,7.642981882695537,2.0
21,8.807706559621586,3.0
22,8.942987216836533,4.0
23,8.945336860683977,1.0
24,9.991450323771561,0.0
25,10.108188249063465,1.0
26,10.542211588777134,4.0
27,10.988188752312773,4.0
28,11.038256349456706,3.0
29,11.071679313365472,3.0
30,11.53391028726322,2.0
31,11.878476865832026,2.0
32,11.90080192156913,2.0
33,12.69488112797704,2.0
34,13.166281191415049,1.0
35,14.198302973926326,2.0
36,14.204949408026375,4.0
37,14.675627705225699,4.0
38,15.764936463125354,2.0
39,15.983458884072848,2.0
40,16.075310643466995,2.0
41,16.265634903403715,1.0
42,16.612091857622968,1.0
43,17.61309011999056,1.0
44,17.857930277209732,1.0
45,18.02343953882657,4.0
46,19.442818462040606,1.0
47,19.56631270018681,4.0
48,19.619733942852843,4.0
