,time,event
0,0.5437598499253787,2.0
1,0.6277313560726008,1.0
2,1.0438845511043682,1.0
3,1.181270589309066,1.0
4,1.2685721835742405,1.0
5,1.8680063484935325,1.0
6,2.343269771608042,2.0
7,2.605260157752361,1.0
8,2.9288859078394447,4.0
9,3.612475927789518,4.0
10,4.853057775911425,4.0
11,4.949431665152333,2.0
12,5.114686482981794,0.0
13,6.802006791919503,2.0
14,7.129477584165356,2.0
15,7.132162535911815,4.0
16,7.3937512358036415,3.0
17,8.036323955350461,1.0
18,8.34405228222585,2.0
19,9.10807504637015,1.0
20,9.330377532824919,4.0
21,9.335135671092992,1.0
22,9.398341201896677,2.0
23,9.97082479828389,2.0
24,10.188941628549463,0.0
25,10.270078347289978,4.0
26,10.32056874571892,1.0
27,11.50352084491034,3.0
28,12.015978631602735,2.0
29,12.088081907855146,1.0
30,12.193656399276138,2.0
31,12.334961491284757,4.0
32,12.584965071999196,2.0
33,14.193489130151901,2.0
34,14.218963946336375,2.0
35,14.231691978494831,3.0
36,14.319655061644148,1.0
37,14.888073954768643,2.0
38,15.471861203008109,0.0
39,15.606076090068854,4.0
40,16.171397798177935,4.0
41,16.522062437350122,3.0
42,17.60348437435572,3.0
43,17.776860359412087,1.0
44,18.074028773920617,3.0
45,18.91171266486151,4.0
