,time,event
0,0.4580818288135814,1.0
1,0.671263123862676,4.0
2,1.5273380631783948,1.0
3,1.7272166376213853,1.0
4,4.975363501222519,3.0
5,5.0335954381555394,4.0
6,5.400561890914423,1.0
7,5.475976828525047,2.0
8,5.671344082650964,4.0
9,5.69378708135358,4.0
10,5.755668186923412,1.0
11,6.0225928124011165,1.0
12,6.177905533918571,4.0
13,6.4170530150304534,2.0
14,6.855026616247293,0.0
15,6.920978957759058,4.0
16,7.230593602034346,2.0
17,8.784211803653196,1.0
18,9.351713176529655,2.0
19,11.785941969734905,2.0
20,13.012816951200842,4.0
21,13.02529547553627,2.0
22,13.303191738823225,2.0
23,13.333287220791533,3.0
24,13.565248508151555,1.0
25,13.905021061364076,4.0
26,16.147172918059848,2.0
27,16.84292816974366,1.0
28,18.15577314243142,3.0
29,18.532289231817963,0.0
30,18.61118283425423,0.0
31,18.64797433820734,0.0
32,19.03670184918934,2.0
33,19.335235432836928,3.0
