,time,event
0,2.1931637694122212,0.0
1,3.009071189406128,2.0
2,3.083453696514251,0.0
3,3.2642887582278206,3.0
4,3.9156659244352583,3.0
5,4.80536085262883,0.0
6,4.841156060882602,1.0
7,5.486234976596666,0.0
8,6.744406108305511,2.0
9,6.779686548951215,2.0
10,7.932057727128453,3.0
11,7.940627070731011,0.0
12,8.674589344926112,1.0
13,8.685165916462939,4.0
14,9.098083692269933,3.0
15,9.793342063955253,3.0
16,10.650068180143355,1.0
17,10.677561079656751,0.0
18,11.977570373739134,2.0
19,12.35322769862511,1.0
20,13.300545487552672,4.0
21,14.370415754911592,3.0
22,14.628234296586312,0.0
23,14.653977262166656,2.0
24,15.538346476195139,3.0
25,16.056029068274423,4.0
26,16.101603531118435,1.0
27,16.82711243241661,2.0
28,17.379045488861834,1.0
29,18.436729026446486,4.0
30,19.364310421361928,0.0
31,19.51856991875664,0.0
