,time,event
0,0.3030549658719756,2.0
1,1.18131523845244,3.0
2,1.9013079916345081,4.0
3,1.9029299097345382,1.0
4,2.4233629401154335,1.0
5,2.664995280753163,4.0
6,3.0612781752348357,1.0
7,3.647182407665917,2.0
8,3.91930427240227,0.0
9,3.9688972590110105,4.0
10,4.082229462846503,3.0
11,5.011803558891644,4.0
12,5.539055491726724,2.0
13,5.6299271774944035,2.0
14,5.964217223382513,4.0
15,6.1161473399369415,1.0
16,6.1195733233715455,0.0
17,9.626153706563333,4.0
18,9.66613391759258,4.0
19,10.263493587152457,0.0
20,10.88048730044564,0.0
21,12.598920760440768,2.0
22,12.855769209029162,2.0
23,12.950772556568285,1.0
24,13.484895784722442,4.0
25,13.634855648490115,4.0
26,13.84987110101755,2.0
27,15.749984226669458,1.0
28,15.829816078083248,3.0
29,15.973455252892142,1.0
30,16.096801399305875,2.0
31,16.11527711536922,2.0
32,16.285893637556846,1.0
33,16.87845388473228,1.0
34,16.94665796453395,2.0
35,17.506437723881838,3.0
36,19.11283289521735,3.0
37,19.81272998144278,1.0
38,19.872540204153722,0.0
39,19.986912763911644,4.0
