,time,event
0,0.02439185710818853,1.0
1,1.5785062563457923,4.0
2,1.829285617248929,2.0
3,2.3136378977296728,2.0
4,2.7924307005501907,2.0
5,2.901477285538327,2.0
6,3.2314879288373985,3.0
7,3.2775869189119096,4.0
8,3.332434986158609,0.0
9,3.4727055808935443,2.0
10,3.5398123378361928,2.0
11,3.747064042982921,2.0
12,3.7791046655433655,3.0
13,3.785387621227958,2.0
14,3.8727000986299434,3.0
15,5.427422060305574,3.0
16,5.432505167993902,4.0
17,5.625330679083739,0.0
18,5.787044150928515,3.0
19,6.068002809439739,4.0
20,6.217201753936089,2.0
21,7.019279417119138,4.0
22,7.073987084429887,2.0
23,7.45224934561878,3.0
24,7.487059122951493,1.0
25,7.712473320584735,3.0
26,8.203711025367074,2.0
27,8.229427287588656,4.0
28,8.805930112051438,3.0
29,8.918498382837932,3.0
30,9.012170307227079,4.0
31,9.613700695027456,2.0
32,9.676349509147595,0.0
33,9.951506812427528,0.0
34,9.984624239922928,4.0
35,10.049309487870099,3.0
36,10.116539834696217,3.0
37,10.206819477144482,4.0
38,10.434795148730647,4.0
39,10.436378900473077,2.0
40,10.705376721226704,2.0
41,10.790439125109899,4.0
42,10.928766200623633,3.0
43,11.081300724351903,2.0
44,11.104606367726504,1.0
45,11.881388951015696,1.0
46,11.93190820793387,4.0
47,12.09497153162144,4.0
48,12.347229732156162,4.0
49,12.499673289710634,3.0
50,12.674719308017346,2.0
51,13.18246093162217,4.0
52,13.36944991246396,4.0
53,13.654250893766587,4.0
54,13.768510378750113,2.0
55,14.059943202897209,1.0
56,14.254040513570645,3.0
57,14.254546561240776,2.0
58,15.62548784341329,0.0
59,16.480717282180677,4.0
60,16.710442699096053,0.0
61,16.941017931753468,4.0
62,17.182493734885124,2.0
63,17.373271125989458,0.0
64,17.60828540691709,2.0
65,18.37193296313952,4.0
66,18.790028417550243,4.0
67,19.008115228865957,2.0
68,19.32866997079814,4.0
