,time,event
0,0.1292562834929107,0.0
1,0.5036303901922005,2.0
2,0.785090132779309,2.0
3,1.1225896717196087,1.0
4,1.901016957111095,2.0
5,2.1744039168630653,2.0
6,2.2970874892424065,4.0
7,2.415512314241882,3.0
8,2.5585198784533225,1.0
9,2.8164674663206055,3.0
10,2.838215286942361,4.0
11,2.9404168352472126,1.0
12,3.3653238999755493,2.0
13,3.838777567155885,1.0
14,4.730475863229783,4.0
15,4.82494454271628,3.0
16,5.163098576782844,2.0
17,6.409057730738738,2.0
18,7.4008511658958245,3.0
19,7.4264040629713195,1.0
20,8.124354447161492,2.0
21,9.30475861978893,1.0
22,9.333899912739934,1.0
23,9.799623681323515,4.0
24,10.307874200837631,4.0
25,10.40751018229963,1.0
26,10.741289792259842,4.0
27,10.783824849042608,2.0
28,11.619080902116389,3.0
29,12.23437982077335,1.0
30,13.100678713939995,4.0
31,14.162499703672193,1.0
32,14.42421685917477,3.0
33,16.214710268619587,4.0
34,17.056507439571558,3.0
35,17.381864010109577,4.0
36,18.71550019327609,0.0
37,19.25182605666022,2.0
38,19.4037482715768,4.0
39,19.751797169647737,4.0
