,time,event
0,0.19691418186534346,2.0
1,0.22421873874979392,4.0
2,0.9395071874834167,3.0
3,1.7863751888234918,4.0
4,2.694133902296463,4.0
5,4.301546857418536,1.0
6,4.635842475549692,1.0
7,5.540657711718941,2.0
8,5.595021517312764,1.0
9,6.841929550256601,2.0
10,6.897464581087457,2.0
11,6.942063885873222,2.0
12,7.877945164879183,2.0
13,7.944080361547086,0.0
14,8.245228494646527,2.0
15,8.283263752270663,1.0
16,8.700866040900344,4.0
17,10.060850455626138,2.0
18,10.250572826431455,3.0
19,10.825681460738924,1.0
20,12.31450547173707,1.0
21,14.242310118401177,4.0
22,15.496756346637747,2.0
23,16.769451282761178,2.0
24,18.016091873236263,1.0
25,18.49572139823042,3.0
26,18.90982497662552,4.0
27,18.99497328818317,1.0
28,19.152019633996197,3.0
29,19.22265161340307,2.0
30,19.384688775217857,2.0
