,time,event
0,0.3287713546944172,2.0
1,0.3995698091430027,2.0
2,0.4274905627614616,3.0
3,3.0156467784137115,2.0
4,3.2422093612216645,2.0
5,3.6788856673446833,4.0
6,3.9568260568782527,4.0
7,3.9651088935022067,2.0
8,4.776181355898511,1.0
9,4.975553250288466,2.0
10,5.010635023601517,1.0
11,5.531491902248939,0.0
12,5.8731967992727165,3.0
13,5.990968896356242,4.0
14,6.86057383086462,4.0
15,7.155865348616274,1.0
16,7.578630353207775,1.0
17,7.5910248960811515,2.0
18,7.953731874329737,3.0
19,8.015950031820939,4.0
20,8.567308828834006,4.0
21,8.751313786381168,2.0
22,9.84458948547666,4.0
23,10.11684524748503,0.0
24,10.183210128040848,1.0
25,10.345272952018384,1.0
26,11.117920677228307,4.0
27,11.58541718007555,1.0
28,11.717235773144107,0.0
29,11.907307746540805,2.0
30,12.052018034037989,2.0
31,12.106662408742093,2.0
32,12.151004735335228,3.0
33,12.292131718397206,2.0
34,13.181379165079015,3.0
35,14.763434628971291,4.0
36,14.956042978464275,0.0
37,15.057165031938625,4.0
38,15.358072607186065,1.0
39,16.27584216184428,2.0
40,16.919313074916474,4.0
41,17.108551133902793,3.0
42,17.397578015101885,4.0
43,17.491450009232338,1.0
44,18.70432227291816,4.0
45,18.712558321183828,4.0
46,18.741355177280933,3.0
47,19.45597795320996,1.0
48,19.954720292366492,3.0
