,time,event
0,0.1799169556370565,1.0
1,1.2837226985816608,2.0
2,1.3653113166426827,1.0
3,1.4367334471658646,3.0
4,1.6907180000106699,4.0
5,1.7781472315439917,4.0
6,1.8308848291663886,0.0
7,2.3943883889628115,4.0
8,2.566448599898199,4.0
9,3.3540220421012936,1.0
10,3.826340769799181,3.0
11,4.948435637299509,3.0
12,5.043147831144431,3.0
13,5.060029093393868,1.0
14,5.423515935855489,1.0
15,6.167810183155347,3.0
16,6.57416210434307,3.0
17,6.7685084690518,1.0
18,7.128336529565764,2.0
19,7.772665216368061,4.0
20,7.856102593450058,3.0
21,7.951858637402539,0.0
22,8.163586308549622,3.0
23,8.290249819696628,3.0
24,8.559871166295618,1.0
25,8.569167724794648,4.0
26,9.20747236942843,4.0
27,9.250614696899921,1.0
28,9.64296424707855,2.0
29,10.462122220690171,3.0
30,10.795049737340927,2.0
31,10.85552617494108,3.0
32,11.129694935406144,3.0
33,11.824590701803514,1.0
34,12.027081228954874,1.0
35,12.03645137962107,3.0
36,12.829909006102572,3.0
37,12.883958058707895,1.0
38,13.723797768566355,1.0
39,14.227114708187244,1.0
40,15.286695801495856,3.0
41,16.293648933417586,4.0
42,18.169389977994626,1.0
43,18.66993212792536,1.0
44,19.543876306588814,1.0
45,19.737228873943824,0.0
