,time,event
0,0.09986129492258101,0.0
1,0.43074845388625604,3.0
2,1.8081304015898139,1.0
3,2.0777880758000027,3.0
4,3.0511885316845135,1.0
5,3.5742244887259185,3.0
6,3.7968734864898384,3.0
7,3.9456890332930645,2.0
8,4.007091789189685,3.0
9,4.155487757872559,2.0
10,4.669727310746827,1.0
11,6.084513961861017,3.0
12,6.172499102063899,4.0
13,6.30370097096667,3.0
14,7.594360849329137,3.0
15,9.262399164441835,3.0
16,9.94008049521207,4.0
17,10.586125866845011,2.0
18,10.677417623586122,1.0
19,10.823166101134547,4.0
20,10.853983804531595,4.0
21,10.89633254175879,4.0
22,11.567261887226218,1.0
23,11.943907382245738,1.0
24,12.447275158864935,1.0
25,12.65919066228647,3.0
26,12.737594500080935,1.0
27,13.451529798493164,4.0
28,13.736268447034249,1.0
29,13.999669199790954,3.0
30,14.043493961257012,0.0
31,14.311223775001471,3.0
32,14.471845029695993,4.0
33,14.954771662394737,0.0
34,15.285873096109059,1.0
35,15.359002745827762,0.0
36,15.442215661243054,3.0
37,16.684646683939754,1.0
38,17.45779082055551,3.0
39,17.650437772046924,1.0
40,18.710920659335397,3.0
41,19.24950738029831,3.0
42,19.342701733282077,4.0
43,19.53820281054731,3.0
44,19.682704906363828,1.0
