,time,event
0,0.053221442857716766,0.0
1,0.16886374624624978,3.0
2,0.19415293739104197,3.0
3,0.9533335897203631,1.0
4,1.5549427171569343,0.0
5,2.007420085483042,0.0
6,2.328426041627004,3.0
7,2.3732644254655653,3.0
8,3.134019781015999,1.0
9,3.2737685975384556,4.0
10,4.304256505130026,1.0
11,4.81776654536445,3.0
12,5.235776374808865,3.0
13,5.9333431029308334,4.0
14,6.216316185146123,2.0
15,6.599089280955824,3.0
16,7.589929992707799,4.0
17,7.670225307926143,2.0
18,7.975441433007266,3.0
19,8.304830534339866,3.0
20,8.708188992219174,3.0
21,10.49119296831497,3.0
22,10.933808075627292,3.0
23,11.75051639261368,1.0
24,12.227612531469486,1.0
25,12.40161374942485,4.0
26,12.50026210100177,4.0
27,12.627844504015304,3.0
28,12.848469903304409,0.0
29,12.997254347047882,0.0
30,13.077525939055835,1.0
31,13.231982749332174,3.0
32,13.827252984899864,1.0
33,14.11173478502441,0.0
34,14.412902004362733,3.0
35,15.853531064512044,1.0
36,16.232247152766245,1.0
37,16.761256033616174,1.0
38,17.433014971090213,3.0
39,17.830567749121126,2.0
40,18.296633298097547,3.0
41,18.717114274400345,4.0
42,19.44644976467644,0.0
43,19.536314928118923,3.0
44,19.573923679385615,4.0
45,19.643720797728278,3.0
46,19.65353297594383,3.0
47,19.716450387637245,4.0
