,time,event
0,0.02216620061824496,1.0
1,0.07939119364315417,0.0
2,0.5048137054849253,3.0
3,1.161274306010213,1.0
4,1.561945856882391,1.0
5,1.5732706061562864,4.0
6,1.9817251950528418,3.0
7,2.2493877248095338,2.0
8,2.730538219126716,1.0
9,3.171731657975592,1.0
10,4.117555282470138,0.0
11,5.02129000958387,1.0
12,5.322294216864263,3.0
13,5.55524889228539,1.0
14,5.56511174988267,3.0
15,7.473506831948864,3.0
16,8.15124161388685,1.0
17,8.31618994181245,3.0
18,8.887312206492743,3.0
19,9.215918803932409,1.0
20,9.444725198382256,4.0
21,10.96616994191415,3.0
22,11.34275227153263,1.0
23,12.419275366513638,3.0
24,14.125772680243903,3.0
25,14.390700159419534,3.0
26,14.517083931967603,3.0
27,15.604611200164419,4.0
28,15.61019592824558,3.0
29,16.241308573985684,2.0
30,16.4710830112337,3.0
31,17.70898312335975,4.0
32,19.23823092384085,1.0
33,19.559042004907887,1.0
34,19.683775167369227,3.0
35,19.867558782032276,3.0
