,time,event
0,1.2256557114242093,1.0
1,1.8108221666341366,1.0
2,2.6023667026128043,3.0
3,2.6039549955365917,3.0
4,3.6882683618426317,0.0
5,4.588978215217963,3.0
6,4.772316239395293,0.0
7,5.130345513771678,3.0
8,5.233388679489504,1.0
9,5.491713070649077,3.0
10,6.423631424354079,3.0
11,6.734664634281493,1.0
12,6.898793298642423,4.0
13,7.128725261660684,2.0
14,7.21934541311265,1.0
15,7.24739952554223,3.0
16,7.30771861674407,1.0
17,7.521519926063765,2.0
18,8.149861614694949,4.0
19,10.381499083284762,4.0
20,10.637597523986914,1.0
21,11.108613740236562,3.0
22,11.164476350791878,3.0
23,11.199991342270096,0.0
24,11.498862600779093,3.0
25,11.631724355709187,2.0
26,11.888345892365468,1.0
27,12.733640622714633,3.0
28,12.99119365766683,0.0
29,13.033875842606172,1.0
30,14.090209580221122,1.0
31,14.731310759575049,4.0
32,14.889221691235676,1.0
33,15.501127438932782,4.0
34,15.922049735522661,1.0
35,16.250729200163743,3.0
36,16.38440209004319,3.0
37,16.628076318380234,1.0
38,18.5681058788087,1.0
39,18.881869694358805,2.0
40,19.195875532254664,1.0
41,19.246710352572478,3.0
42,19.404955827840023,3.0
43,19.83746586769518,3.0
44,19.893002522489393,4.0
