,time,event
0,0.7069459321008053,3.0
1,0.7787399859392654,3.0
2,0.7973385598713957,1.0
3,1.1228086926140826,4.0
4,1.8175269406786758,4.0
5,1.822593062382151,3.0
6,2.6733070473188665,3.0
7,2.679489083825457,1.0
8,2.910571983181827,0.0
9,3.399154336278594,3.0
10,3.483952634432308,3.0
11,3.8637335869093516,4.0
12,5.3893011301905025,2.0
13,5.754469601930827,1.0
14,6.1325870615885805,1.0
15,6.17873087196275,1.0
16,6.368454207316781,2.0
17,6.861781192704435,1.0
18,6.91232141554362,1.0
19,7.011057840054955,3.0
20,7.230780574702569,4.0
21,10.406626261826622,3.0
22,10.458428414727672,4.0
23,10.504876097154238,4.0
24,10.877154003754562,3.0
25,11.34432023572527,1.0
26,12.059330892951445,4.0
27,12.202429374756289,4.0
28,13.598764505396357,3.0
29,13.697847970270761,4.0
30,14.202559878977938,3.0
31,14.246629321937487,1.0
32,14.280231671284552,3.0
33,14.499746349775062,4.0
34,14.86901003841001,1.0
35,15.011760269723476,3.0
36,15.387087342124937,1.0
37,15.83715087556405,3.0
38,16.01697879648165,1.0
39,16.42301743515998,2.0
40,16.97116538525964,3.0
41,17.929120448356763,4.0
42,18.031442643158826,2.0
43,18.059924882832078,2.0
44,18.9749848885092,3.0
45,19.2376349960796,1.0
46,19.569322876011288,1.0
47,19.790630708376924,3.0
