,time,event
0,0.004065940580159151,4.0
1,2.2016167115778873,0.0
2,2.614437174164154,0.0
3,3.280742672217073,4.0
4,3.674344592094225,4.0
5,4.442820269353883,3.0
6,4.659489747978779,0.0
7,5.104583853752871,3.0
8,5.31433155381096,1.0
9,5.521686924992584,1.0
10,6.067344742384321,1.0
11,7.694960635319584,1.0
12,7.943070621198796,3.0
13,7.994389962362384,3.0
14,8.445668131259533,4.0
15,8.957979387169114,3.0
16,9.328233523201945,1.0
17,9.7534364189049,3.0
18,10.591236687206859,4.0
19,11.383344385683905,3.0
20,11.603656040280319,2.0
21,11.732825875865228,3.0
22,11.76103601541925,1.0
23,11.909352968107834,2.0
24,12.739698550500359,3.0
25,14.278185367897322,1.0
26,14.648012114769164,3.0
27,14.694326591784467,4.0
28,14.704787790360841,1.0
29,14.796376173107925,3.0
30,15.175108738707504,2.0
31,16.854831982756174,3.0
32,17.021705228952136,0.0
33,17.43318994623146,1.0
34,18.24895367219532,3.0
35,19.48484828434871,3.0
36,19.57765254639607,1.0
