,time,event
0,0.694972108251794,3.0
1,0.7226843423919076,1.0
2,1.4011418381197345,3.0
3,2.5295209053050653,3.0
4,2.5858425969807586,1.0
5,2.92478064779797,4.0
6,3.698309900009284,2.0
7,3.7559443314042062,1.0
8,3.893144313326421,3.0
9,4.557691104943938,3.0
10,4.817553394845848,4.0
11,5.2410032802597275,3.0
12,5.343028651098115,3.0
13,5.651886255398717,4.0
14,6.061412304213041,2.0
15,6.208841244609152,3.0
16,6.9513004218543,0.0
17,7.165885897366423,3.0
18,7.526008191241226,1.0
19,7.52900790196313,3.0
20,8.460072052190295,1.0
21,8.639623837220126,4.0
22,9.681373606342406,3.0
23,9.855084447377203,3.0
24,10.62299728572805,1.0
25,11.537243511335616,2.0
26,12.887893836128121,0.0
27,12.973299834226545,3.0
28,13.75728987059454,1.0
29,13.84149707199876,1.0
30,14.217386849087251,4.0
31,14.282927118799089,3.0
32,14.567729768514953,3.0
33,15.409434063679148,3.0
34,16.051653105185586,4.0
35,16.14055470752774,3.0
36,16.495024263505098,2.0
37,16.539714472488356,1.0
38,16.774813728507464,1.0
39,18.649918783395616,1.0
40,18.781353398354216,0.0
41,19.24387905254165,4.0
42,19.352941876316418,3.0
43,19.461922135328063,0.0
44,19.679407133214593,3.0
