,time,event
0,0.39788252404277585,4.0
1,0.4673603737921683,2.0
2,0.9628970257472022,0.0
3,2.6887480033472753,3.0
4,3.643006575969073,1.0
5,3.674358771618979,4.0
6,4.08324390433802,1.0
7,4.401181941281659,1.0
8,4.454128306815626,4.0
9,4.595126167301771,3.0
10,4.988117617387021,1.0
11,5.095103003667714,3.0
12,5.177921462646001,4.0
13,5.376672813671383,1.0
14,5.44626139041749,1.0
15,6.559509453971495,1.0
16,6.690677567316092,1.0
17,7.001907976748956,0.0
18,7.155583845224454,1.0
19,7.326310508485844,1.0
20,8.35745231274961,0.0
21,9.147754762490742,3.0
22,9.53799619052088,2.0
23,9.673103804049143,4.0
24,11.647267269750847,0.0
25,12.024769011127853,1.0
26,12.063731825967075,2.0
27,14.179423055847495,3.0
28,14.329901306583222,3.0
29,15.606536411867015,1.0
30,15.636011313514603,3.0
31,16.60720945296066,4.0
32,16.75926673927825,4.0
33,16.92435324125733,4.0
34,17.41322997551125,3.0
35,17.58140835291378,2.0
36,17.622631607343745,4.0
37,17.803967429047717,3.0
38,17.975536594955685,2.0
39,18.002183225536946,2.0
40,18.22489381064776,4.0
41,18.66831269185452,2.0
42,19.507101324243926,0.0
