,time,event
0,0.4758483304289334,0.0
1,0.79075112468748,2.0
2,0.9354575457595586,3.0
3,0.9621832377987614,1.0
4,0.9668615408987562,1.0
5,1.5135053447722644,1.0
6,2.1326871476377494,1.0
7,3.7179291566241783,1.0
8,4.104424193207006,1.0
9,4.597616817222248,3.0
10,5.412382296295668,4.0
11,5.438472121206539,3.0
12,5.670752951791385,1.0
13,6.065632851450806,3.0
14,6.186165688676656,1.0
15,7.138659333903976,2.0
16,8.142041766663064,1.0
17,8.414110083905639,3.0
18,8.6350280377724,2.0
19,8.918808957068535,1.0
20,9.030314314505086,3.0
21,9.085570849306768,3.0
22,9.370152859112183,3.0
23,9.696704155408176,3.0
24,10.356089396434644,1.0
25,11.269482877947464,4.0
26,11.541523618991054,2.0
27,11.593959754936698,1.0
28,11.67103718189988,1.0
29,11.684296721727728,4.0
30,13.138961336256415,3.0
31,13.331354062213785,3.0
32,13.697070250192743,0.0
33,13.895596232158804,3.0
34,14.030106836493283,3.0
35,14.218767356977633,4.0
36,14.242607119457588,4.0
37,15.787862299669792,3.0
38,16.31454088732911,3.0
39,16.356780650593794,3.0
40,16.408391992215,1.0
41,16.617373845093155,1.0
42,17.191349512318407,4.0
43,17.530545079324863,3.0
44,17.72176120210932,4.0
45,18.079895204982886,2.0
46,18.5805881226848,1.0
47,18.58727971684031,1.0
48,18.687699118250702,4.0
49,19.073448106695334,1.0
