,time,event
0,0.09552781589895694,1.0
1,0.39490719446355016,3.0
2,0.509733789919738,3.0
3,0.8484668557474471,1.0
4,1.9883297294953821,3.0
5,2.2635284965106024,3.0
6,2.9622478676484563,1.0
7,3.140962398607591,4.0
8,3.2294272721777864,2.0
9,4.0844071263452,1.0
10,4.531778108027856,4.0
11,4.7365162390991555,4.0
12,4.8188333714327145,0.0
13,5.125945859060918,4.0
14,5.258835562588856,3.0
15,5.266650650601716,3.0
16,5.547627690897239,3.0
17,6.016838410017373,3.0
18,6.0776805481542535,1.0
19,6.267514519026154,3.0
20,6.578666066209067,3.0
21,6.683131033038947,4.0
22,6.737450660637794,3.0
23,6.75217303389158,3.0
24,6.773602791195445,4.0
25,7.812993165636287,1.0
26,8.989429254657122,1.0
27,9.495631090765142,4.0
28,9.755558764920078,4.0
29,10.04120482362514,2.0
30,10.378328626940306,1.0
31,10.406901676615417,3.0
32,10.72162438840856,3.0
33,10.91823750224904,0.0
34,11.030060179899706,2.0
35,11.089516245195043,3.0
36,11.15779258687983,3.0
37,11.763986444152085,3.0
38,12.895512393012401,3.0
39,13.002915058286804,3.0
40,13.00957084633501,0.0
41,13.12075821902248,1.0
42,13.139668559957862,1.0
43,14.054769036288935,1.0
44,14.328376188322013,1.0
45,14.725597864376883,4.0
46,15.549932837364217,3.0
47,15.756504578876518,1.0
48,15.932106323231945,3.0
49,16.35924267307833,1.0
50,17.023690454141445,3.0
51,17.295270308535862,4.0
52,17.50239702069876,3.0
53,17.999831265346817,3.0
54,18.991093689528768,3.0
55,19.012648913939074,1.0
56,19.04036019678084,0.0
57,19.06790218163099,3.0
58,19.467300623022943,4.0
