,time,event
0,0.025023066924373033,1.0
1,0.08676714150107806,3.0
2,0.4968059311115833,3.0
3,1.3737263257985748,4.0
4,1.7490986754636253,3.0
5,1.970457809177668,1.0
6,2.406582378490776,0.0
7,3.0295359535011688,3.0
8,3.61825041688562,3.0
9,4.190795865153473,0.0
10,4.259945189488171,1.0
11,4.814142218727708,1.0
12,5.040721790561059,1.0
13,5.604352889975055,3.0
14,6.244507554331511,1.0
15,6.463004893875198,3.0
16,6.920769957250263,3.0
17,7.720220557208722,3.0
18,8.250641796582942,4.0
19,9.170269040714157,1.0
20,9.359508816245786,3.0
21,10.367256835311307,1.0
22,11.03574453957799,3.0
23,11.305162561256646,1.0
24,11.585156945517681,2.0
25,11.851946082524442,2.0
26,12.717101017838887,3.0
27,13.13267119029013,3.0
28,13.33290893613783,1.0
29,13.414369451890392,1.0
30,13.492529772983904,3.0
31,14.235867061363596,3.0
32,14.398866227303458,1.0
33,14.869439913762948,1.0
34,15.018624196494548,4.0
35,15.375604412217742,4.0
36,15.873705611962311,1.0
37,15.882486951556125,1.0
38,15.978616858018217,2.0
39,16.195273185168077,1.0
40,16.270599151318848,0.0
41,16.67958540286696,3.0
42,16.806860560166538,1.0
43,17.602970582674633,1.0
44,18.29894364809518,1.0
45,19.71952869567423,3.0
46,19.831546866356426,3.0
47,19.931960817294375,3.0
