,time,event
0,1.0017666297449497,1.0
1,1.1509227765384011,1.0
2,1.7988435659792659,0.0
3,3.8010291122730853,1.0
4,5.210628756420004,3.0
5,5.844111322583409,1.0
6,7.644226513910455,3.0
7,7.711025075239392,3.0
8,8.033854232852146,1.0
9,8.22857519513706,1.0
10,8.796263445705637,3.0
11,9.068028223591208,3.0
12,11.206151430892461,0.0
13,11.24450998343906,4.0
14,11.315722540437887,1.0
15,11.331109502087303,4.0
16,11.490051716879277,3.0
17,13.020563775799827,1.0
18,13.512023606770864,3.0
19,14.911806930823074,3.0
20,15.566138257340237,4.0
21,16.265050158487384,1.0
22,16.335070307106864,4.0
23,17.280239031907072,0.0
24,17.37148856207313,1.0
25,17.47270502706543,4.0
26,17.611888231008635,3.0
27,17.887417711712786,2.0
28,18.171719920200534,4.0
29,18.416373436895093,1.0
30,18.56427726425459,4.0
31,18.733537428852244,1.0
32,19.988601196074434,3.0
