,time,event
0,0.0023525028014812752,1.0
1,0.0780199700925974,3.0
2,0.5832512597787607,1.0
3,1.3619717830016551,1.0
4,1.4327649149054573,1.0
5,1.9266665501274258,1.0
6,2.137057580833914,2.0
7,2.346844047025001,0.0
8,2.400230299660177,0.0
9,2.465072834931053,3.0
10,2.696939266464538,3.0
11,3.011787843244121,3.0
12,3.0710626229649733,2.0
13,3.1813717338530036,1.0
14,3.438721167360789,4.0
15,3.7402507105898404,0.0
16,3.753024171334006,2.0
17,3.884685006326579,2.0
18,3.9056529726344205,0.0
19,4.191852321743432,1.0
20,4.214217243271288,1.0
21,4.658453072497161,1.0
22,4.755329739746402,1.0
23,4.815107078692147,3.0
24,4.98543649868912,0.0
25,5.2282900494713935,0.0
26,5.2777807710796205,0.0
27,5.322853063275418,0.0
28,5.368494180872905,3.0
29,5.399818783087549,0.0
30,5.48204672899446,2.0
31,5.647285752082837,0.0
32,5.809112912155723,3.0
33,5.816869350547,3.0
34,5.818138012743807,3.0
35,5.999241341690759,0.0
36,6.173980514534021,1.0
37,6.430862854269409,1.0
38,6.635052257864292,2.0
39,6.773616399235949,2.0
40,6.881996860185455,1.0
41,7.001598940620063,1.0
42,7.018055874935632,1.0
43,7.052128980712403,0.0
44,7.233483308339346,3.0
45,7.310204445399855,1.0
46,7.377313576300293,1.0
47,7.400846442448554,0.0
48,7.621672591185055,1.0
49,7.735269971127882,1.0
50,7.930882697882823,3.0
51,8.00618410478803,2.0
52,8.00912836544214,0.0
53,8.080838345207239,0.0
54,8.192222964349156,0.0
55,8.26560170105433,2.0
56,8.287367964023927,2.0
57,8.302057381970863,0.0
58,8.326486578666541,1.0
59,8.528937582646794,0.0
60,8.609940613389636,2.0
61,8.613863484178118,0.0
62,8.626591043985016,4.0
63,8.637116337732577,1.0
64,8.662417149223947,0.0
65,8.791794802140341,2.0
66,8.990829103908831,0.0
67,9.032278983244295,0.0
68,9.065323868127384,0.0
69,9.13017207351871,4.0
70,9.276036566347214,1.0
71,9.3000561852174,2.0
72,9.310142732783978,1.0
73,9.328999034635189,0.0
74,9.444322271727621,0.0
75,9.623979039263054,3.0
76,9.634815394473124,2.0
77,9.681177013825687,0.0
78,9.743974866803947,2.0
79,9.751588471554827,0.0
80,9.88166937932189,3.0
