,time,event
0,0.15711143568446592,2.0
1,0.9679485927649423,1.0
2,2.247782324378623,2.0
3,2.344856931461454,2.0
4,2.927738936544093,3.0
5,3.5005231622034043,2.0
6,3.99828285662457,3.0
7,4.076577309227195,1.0
8,4.081020694569912,3.0
9,4.199705647116703,1.0
10,4.285657886015178,3.0
11,4.298179980990372,1.0
12,4.565856747622362,2.0
13,4.606895953095219,4.0
14,4.703248208524559,1.0
15,4.879330720909315,1.0
16,5.018986718636057,3.0
17,5.349902347478904,1.0
18,5.512896769149658,2.0
19,5.673596026866884,3.0
20,5.743101052083722,2.0
21,5.793256647479722,2.0
22,5.802007422204404,4.0
23,5.846670578765844,2.0
24,5.990130122985587,1.0
25,6.183321234478593,1.0
26,6.546116489769839,1.0
27,6.895503796033123,3.0
28,6.920425487631322,4.0
29,7.078729639588216,2.0
30,7.134809184993198,1.0
31,7.213299445099478,3.0
32,7.48633252538517,1.0
33,7.763226523162657,1.0
34,7.893865942250511,4.0
35,7.9701487218683305,4.0
36,8.05569817021909,2.0
37,8.101210502800203,1.0
38,8.107556288107025,4.0
39,8.124935805744709,4.0
40,8.137635202351543,2.0
41,8.163944531227491,4.0
42,8.240570962398124,4.0
43,8.2491843182481,2.0
44,8.283897471154425,4.0
45,8.652555158864654,3.0
46,8.874976235099977,3.0
47,8.880692281821947,3.0
48,8.932116091859962,1.0
49,9.126905249993177,1.0
50,9.194220728840719,2.0
51,9.319767956731145,0.0
52,9.363608055730257,4.0
53,9.420354387350077,4.0
54,9.426504246282319,4.0
55,9.526693028009644,0.0
