,time,event
0,0.1992831116354573,4.0
1,1.6435619298257054,1.0
2,1.8823319064694037,1.0
3,1.9878869707728783,3.0
4,2.1271421510937523,3.0
5,2.241189562245836,4.0
6,2.4960366945633443,0.0
7,3.34074984792615,1.0
8,3.6330324112185104,1.0
9,3.6361703681296587,2.0
10,3.7110256453009365,1.0
11,3.914476916128588,2.0
12,3.951008096009412,1.0
13,4.002366945823756,1.0
14,4.0520881064940895,4.0
15,4.269197531544503,4.0
16,4.371053035063422,2.0
17,4.405458889604792,3.0
18,4.409262310887496,1.0
19,4.580312631145362,0.0
20,5.73582458720863,2.0
21,5.760272280258139,1.0
22,5.944834809366037,1.0
23,6.106242141388537,1.0
24,6.266567260201846,1.0
25,6.278683792087654,0.0
26,6.301612289907173,1.0
27,6.339795874996154,2.0
28,6.409225388832253,0.0
29,6.517572721876849,1.0
30,6.635571897237517,3.0
31,6.8906625019649494,2.0
32,7.649851867995576,3.0
33,7.7364735871735935,2.0
34,8.100881598186108,4.0
35,8.20448619239694,1.0
36,8.224299650895649,4.0
37,8.314697796848938,2.0
38,8.334235828194354,2.0
39,8.34902029539802,2.0
40,8.351710373808045,4.0
41,8.359597336360247,1.0
42,8.376909862829757,0.0
43,8.422249557030705,1.0
44,8.434760463987802,2.0
45,8.546615435030802,4.0
46,8.559748038470637,1.0
47,8.657356232187098,3.0
48,8.733031564466016,3.0
49,8.784637562613456,2.0
50,9.06191047773862,3.0
51,9.16192934783392,1.0
52,9.171539947383781,1.0
53,9.904793437849253,1.0
