,time,event
0,0.45392427655325696,1.0
1,0.9033082753300488,3.0
2,1.874609905788965,3.0
3,2.188780836280091,1.0
4,2.313217681561093,0.0
5,2.7265873367428566,2.0
6,2.9905798908457175,4.0
7,3.2867298035916277,4.0
8,4.121070743945547,3.0
9,4.152350339998549,1.0
10,4.277856933326689,4.0
11,4.359863718639028,3.0
12,4.384811941204272,0.0
13,4.385257097604471,3.0
14,4.458390191901647,0.0
15,4.4710114688930895,0.0
16,4.4820905725661015,3.0
17,4.632772865392153,0.0
18,4.722280249265692,2.0
19,5.060087036618443,1.0
20,5.094319645439929,2.0
21,5.250824156481236,4.0
22,5.333146889672615,1.0
23,5.415193801544656,3.0
24,5.449782239213051,4.0
25,5.5015881962576305,1.0
26,5.90199247764229,1.0
27,6.331869843633535,4.0
28,6.334194436488055,1.0
29,6.3588641309318765,0.0
30,6.438831657985571,1.0
31,6.579625407326078,1.0
32,6.725769556796091,0.0
33,6.789499047996549,1.0
34,6.8757118114322076,4.0
35,6.90264193318512,4.0
36,6.913776347561394,2.0
37,6.930782144354153,0.0
38,6.938037241297934,3.0
39,7.043770647142399,3.0
40,7.104257842859086,0.0
41,7.164180949688388,2.0
42,7.270541818750164,0.0
43,7.299135393675346,4.0
44,7.3940028033533975,4.0
45,7.439915207814714,1.0
46,7.50648236946564,0.0
47,7.60088567914745,3.0
48,7.7013496373797174,2.0
49,7.731671669036834,3.0
50,7.801200725846073,3.0
51,7.809473412572395,4.0
52,8.07511529131849,2.0
53,8.115282640673948,3.0
54,8.134664363710266,4.0
55,8.28215025902392,3.0
56,8.283805227687541,4.0
57,8.357694205194324,2.0
58,8.503363081432116,1.0
59,8.583047510725123,3.0
60,8.615994913466292,4.0
61,8.670669476273181,4.0
62,8.691429675803194,4.0
63,8.713387131123406,2.0
64,8.740798292530684,0.0
65,8.775080213116306,1.0
66,8.806973670949404,3.0
67,8.823174916296866,4.0
68,8.830339446804404,2.0
69,8.864497849310263,4.0
70,8.896297130083122,4.0
71,8.992251565740236,3.0
72,9.04938682478899,0.0
73,9.089863081062079,3.0
74,9.116230391247129,0.0
75,9.143304998231727,0.0
76,9.163509777694387,0.0
77,9.350893774528709,3.0
78,9.351303375425461,3.0
79,9.395787110321754,0.0
80,9.484875515239397,3.0
81,9.561527066194104,2.0
82,9.562659124904496,4.0
83,9.624752215819395,3.0
84,9.709065608169013,1.0
85,9.79495407136174,3.0
86,9.80404685824068,3.0
87,9.807438377856936,2.0
88,9.828316495262897,1.0
89,9.90061611836482,3.0
90,9.917546867500986,1.0
91,9.924889991293446,4.0
92,9.978230344947672,4.0
