,time,event
0,0.5495721860239313,4.0
1,0.6209431510381787,2.0
2,0.8411154869235908,1.0
3,0.9506600064993885,1.0
4,1.4172472801102587,1.0
5,1.7539253228795566,1.0
6,2.5764768151151722,1.0
7,2.6036727535820656,1.0
8,2.651124020951042,3.0
9,2.7154676979336188,3.0
10,2.918089707913188,3.0
11,3.810537321703571,4.0
12,4.499640482147165,1.0
13,5.247707320894945,3.0
14,5.398858744959915,3.0
15,5.446049746111817,1.0
16,5.984534729629235,1.0
17,6.376811594987353,1.0
18,6.403307460712054,3.0
19,7.255276510440365,1.0
20,7.9047479105173855,1.0
21,7.954761480963957,1.0
22,8.38550911508491,4.0
23,8.539162116622586,3.0
24,8.555851057972749,3.0
25,8.726897677939377,3.0
26,9.434300272626068,1.0
27,9.54848830612667,2.0
28,9.83007819334618,1.0
