,time,event
0,0.2738598224100124,3.0
1,0.367823662113673,3.0
2,0.9197350421919526,3.0
3,2.1601017419789477,3.0
4,2.3082496601645675,3.0
5,2.314909968629218,1.0
6,2.39572518605361,1.0
7,2.5215249750732744,3.0
8,2.873282313773523,3.0
9,2.9429785849869794,1.0
10,2.965770373998249,0.0
11,3.3845990329662468,0.0
12,3.539256204657536,3.0
13,3.8239102577149895,4.0
14,3.9050024997613266,2.0
15,4.175288902148327,0.0
16,4.210035766607723,1.0
17,4.399524305063884,1.0
18,4.417407321716744,0.0
19,4.454450534417141,1.0
20,4.52257918394458,0.0
21,4.662471385405996,0.0
22,4.939810306431504,0.0
23,4.994267947372774,0.0
24,5.0397787769847495,0.0
25,5.222921121363675,3.0
26,5.3105061037420915,3.0
27,5.339329884991154,0.0
28,5.374801450225448,1.0
29,5.829958904923534,0.0
30,5.975849431947167,4.0
31,6.099408389279097,4.0
32,6.1790079505235695,0.0
33,6.196211318501131,2.0
34,6.431837007498363,4.0
35,6.435522991069302,2.0
36,6.505759409516578,1.0
37,6.574390897353664,4.0
38,6.606571348249366,1.0
39,6.640414574828452,1.0
40,6.74544130706105,0.0
41,6.7884718350713715,4.0
42,6.992216964095686,3.0
43,7.083498010704039,1.0
44,7.458828860394838,1.0
45,7.572889302553322,3.0
46,7.734783277637927,4.0
47,7.909194762903529,3.0
48,8.066350685676433,3.0
49,8.097674171532661,3.0
50,8.235786623722008,0.0
51,8.396989249942548,2.0
52,8.415026323222401,3.0
53,8.495331588224378,4.0
54,8.50712745121688,3.0
55,8.510742380943539,1.0
56,8.539270097998283,3.0
57,8.549465557801959,2.0
58,8.556438725691503,4.0
59,8.563013635604774,4.0
60,8.564668102873727,4.0
61,8.580370574675587,4.0
62,8.60087165004393,1.0
63,8.622520253521031,0.0
64,8.758583248572302,1.0
65,8.76182132949422,3.0
66,8.85193942984367,2.0
67,8.906507294844731,3.0
68,8.965851629183472,3.0
69,8.9897456781784,4.0
70,9.011190193952288,4.0
71,9.101775657586494,2.0
72,9.157004918412428,1.0
73,9.328246952892284,3.0
74,9.427826426235136,1.0
75,9.512086057570574,0.0
76,9.607071990804588,2.0
77,9.70457186641337,1.0
78,9.735512442069378,3.0
79,9.819958763667799,0.0
80,9.875663884118648,1.0
81,9.951507985051594,3.0
82,9.95180390117027,0.0
