,time,event
0,0.6741831683401452,1.0
1,1.803881662478506,4.0
2,1.9437305465308656,4.0
3,2.4258011364577685,2.0
4,2.4767937081698905,3.0
5,3.0350470900357784,0.0
6,3.5755750896491656,3.0
7,3.9385989578540586,4.0
8,3.9876424423870267,3.0
9,3.997031494811127,1.0
10,4.252794771314399,3.0
11,4.634104129941896,3.0
12,4.687546165997483,4.0
13,4.90734692424243,2.0
14,4.945745294150501,4.0
15,5.058432105064508,3.0
16,5.396720872903616,3.0
17,5.433401935638877,2.0
18,5.803187971883026,2.0
19,5.9516710513595665,3.0
20,6.159058070372857,3.0
21,6.317073696836267,3.0
22,6.319373659795718,4.0
23,6.470682584603969,1.0
24,6.477163013899922,4.0
25,6.571985125591413,2.0
26,6.636248752222696,1.0
27,6.637645429961023,2.0
28,6.741467446678177,2.0
29,6.958894247482824,2.0
30,7.0748544434601595,3.0
31,7.115930910463733,4.0
32,7.168279875255122,4.0
33,7.296925597466148,1.0
34,7.3902185463344106,1.0
35,7.532323688825439,4.0
36,7.53245920828456,3.0
37,7.603571532759714,3.0
38,7.745329449944578,3.0
39,7.772460961903942,3.0
40,7.786998328165373,2.0
41,7.79271024438623,3.0
42,7.8103393481280925,3.0
43,7.824474334011564,2.0
44,7.840257118669802,1.0
45,7.871616947701159,2.0
46,7.894402367750132,4.0
47,7.948391061615717,1.0
48,8.185201616008255,1.0
49,8.196692668137311,1.0
50,8.224446595254788,2.0
51,8.281526547133494,3.0
52,8.323197263708646,2.0
53,8.351881456920754,3.0
54,8.358312462208515,4.0
55,8.463329057639507,4.0
56,8.610047172640687,2.0
57,8.62379239177548,3.0
58,8.681719387080987,3.0
59,8.73409820943828,3.0
60,8.759714041763392,1.0
61,8.808385411914555,2.0
62,8.822693885675035,3.0
63,8.89742890166918,3.0
64,8.98564524515936,2.0
65,8.999578017704957,3.0
66,9.02908929523667,0.0
67,9.141765735224602,0.0
68,9.167441721915432,4.0
69,9.222349516432315,4.0
70,9.240419598620992,3.0
71,9.273110721485095,4.0
72,9.28038563314784,3.0
73,9.344230303820545,3.0
74,9.356614809877694,2.0
75,9.398799568730965,0.0
76,9.409706241058373,0.0
77,9.442281876000996,0.0
78,9.480659234825836,4.0
79,9.504451133431056,3.0
80,9.524389284745334,4.0
81,9.532632747839672,3.0
82,9.653915185167634,4.0
83,9.82248574717758,2.0
84,9.897679811821826,3.0
85,9.906100968751737,3.0
86,9.907736218922246,2.0
87,9.936918741527583,4.0
