,time,event
0,0.7534788372222946,3.0
1,2.687265600455354,1.0
2,2.883788336605881,2.0
3,3.1590583477737857,3.0
4,3.2138261581429397,0.0
5,3.4933381508826704,2.0
6,3.5333662416653664,4.0
7,4.693288816273294,4.0
8,4.858456493783564,3.0
9,5.142271804993288,2.0
10,5.229400482805653,4.0
11,5.706132222884127,3.0
12,5.802574968724306,1.0
13,5.867444342908425,2.0
14,7.144884723624026,0.0
15,7.9188287405355,3.0
16,8.061929711578996,3.0
17,9.038327442697543,1.0
18,9.21044869805305,3.0
19,9.954509218459002,3.0
