,time,event
0,0.36357897798991723,1.0
1,1.2307246574774164,2.0
2,1.7887436571726696,2.0
3,2.12334889177159,2.0
4,2.7953004072813945,1.0
5,3.0656098118674335,3.0
6,3.8246289901034554,4.0
7,5.160152856209152,1.0
8,5.168368164716868,1.0
9,5.807223714385436,0.0
10,7.531328505744258,1.0
11,7.620725260077141,4.0
12,7.897025486699348,4.0
13,8.11978531878646,2.0
14,8.156508612575875,2.0
15,9.23664103668023,4.0
16,9.26925393630489,1.0
