,time,event
0,1.2006290340034134,4.0
1,1.63728775546342,0.0
2,2.2501664077637296,3.0
3,2.304718419370968,4.0
4,2.5555221997652975,4.0
5,3.478670239176431,4.0
6,3.574436690553035,3.0
7,3.6089735967630494,0.0
8,3.6126331815798918,2.0
9,3.776945683313234,1.0
10,4.021098373878822,4.0
11,4.0302556755367025,4.0
12,4.325806373558741,1.0
13,4.655836379318539,0.0
14,4.694582707738184,4.0
15,4.707666853124493,3.0
16,4.749831971668051,3.0
17,4.7523401020955935,3.0
18,4.784680785098638,0.0
19,4.801230118391143,3.0
20,5.833147230320594,1.0
21,6.0168061738663585,0.0
22,6.124318490269237,0.0
23,6.247943271433032,4.0
24,6.275680873682775,0.0
25,6.518341649743458,0.0
26,6.624356595407792,0.0
27,6.76205849077202,0.0
28,6.767363097370845,0.0
29,6.775691121284881,2.0
30,6.920107191991246,1.0
31,7.086290574275694,4.0
32,7.13909156009664,4.0
33,7.154363039355455,0.0
34,7.224099854469314,3.0
35,7.377408416408933,3.0
36,8.1663046921892,0.0
37,8.25236592505538,2.0
38,8.32239415234037,3.0
39,8.32631421257898,0.0
40,8.349946224024725,3.0
41,8.51307077863227,4.0
42,8.589622353015795,0.0
43,8.638346503846858,4.0
44,8.658868718729407,0.0
45,8.719804672443564,3.0
46,8.865535014097462,0.0
47,8.86806184013037,3.0
48,8.998975443419187,4.0
49,9.002901059617416,3.0
50,9.052583914262158,3.0
51,9.123100706013023,4.0
52,9.285982602028104,4.0
53,9.32780987012764,0.0
54,9.419481030958789,0.0
55,9.506737426234023,3.0
56,9.632117103135124,1.0
57,9.639926155212692,3.0
58,9.641907292957084,1.0
59,9.654367661092284,1.0
60,9.964517516937113,3.0
