,time,event
0,1.227622569230297,3.0
1,2.0513065548661924,4.0
2,3.0593706771798606,3.0
3,3.499571553447777,4.0
4,5.201646023072754,2.0
5,5.285477034831559,1.0
6,5.343624331322569,4.0
7,5.403585947356844,1.0
8,5.433605828477405,1.0
9,5.538458780203965,4.0
10,5.546422001837229,4.0
11,5.661678449238209,3.0
12,5.989477639254991,0.0
13,6.412742153453684,3.0
14,6.609635209312521,2.0
15,7.40356236044816,3.0
16,7.489301245944365,4.0
17,7.7385665133162105,4.0
18,7.798656971726536,2.0
19,7.8087571985514295,4.0
20,7.816492430645988,4.0
21,7.921231372041657,1.0
22,7.9501134347166,3.0
23,8.024990981499283,2.0
24,8.119041644352988,1.0
25,8.329923021253713,2.0
26,8.586877546699714,4.0
27,8.737588008007428,1.0
28,8.885373115881793,1.0
29,9.327550969697207,1.0
30,9.577897709893858,4.0
31,9.605124823966888,1.0
32,9.76547339876921,2.0
33,9.992740228039848,3.0
