,time,event
0,0.23473119343920826,3.0
1,2.5406793270569676,1.0
2,2.848856929487141,4.0
3,4.151436906127049,1.0
4,4.701584798808411,2.0
5,5.002107000627196,2.0
6,5.147346828796372,0.0
7,6.935225883953546,1.0
8,6.996643060291069,2.0
9,7.104932982364113,0.0
10,7.114954127497251,0.0
11,8.432536930791663,1.0
12,9.003866372064698,3.0
13,9.245416223837566,2.0
14,9.305231265743997,1.0
15,9.375483408613375,1.0
16,9.42802794258989,0.0
17,9.5638447730378,1.0
