,time,event
0,0.5426420313091747,4.0
1,0.7245716238377949,3.0
2,1.5489444118253117,2.0
3,1.6325241207498202,3.0
4,1.7791590973601445,1.0
5,2.268662999041867,3.0
6,2.5353626958907127,1.0
7,2.7992829435525906,2.0
8,3.3352271316986637,2.0
9,3.6080554675795806,0.0
10,3.7030954457009244,1.0
11,5.1597039181227276,1.0
12,5.582178644788928,0.0
13,5.623324244932867,1.0
14,5.685773900927211,0.0
15,5.769324646560973,3.0
16,7.619335848281508,0.0
17,7.859210918695209,0.0
18,8.076845884588902,1.0
19,9.674092777762109,4.0
20,9.73090755110991,3.0
21,9.96333002201076,3.0
