,time,event
0,1.176883356323474,4.0
1,1.986487013695827,3.0
2,2.372544300140304,3.0
3,3.202338001290603,3.0
4,3.2666932220257694,1.0
5,3.3266680051134627,0.0
6,3.387179035408846,0.0
7,3.8988216719257967,2.0
8,3.962453259097717,0.0
9,4.451530349425936,0.0
10,5.3843141178478895,0.0
11,5.521753230886454,0.0
12,5.575782450568627,3.0
13,6.154014505614626,4.0
14,6.250668790208691,1.0
15,6.335533394461901,1.0
16,6.782174442720205,4.0
17,6.892799536679836,1.0
18,7.328705637480609,2.0
19,7.540901260031357,0.0
20,7.916099080289459,0.0
21,7.925660034235667,1.0
22,8.187624153848052,0.0
23,8.471213849027379,3.0
24,8.661456001441064,0.0
25,8.842416786078301,2.0
26,9.116199206399148,0.0
27,9.401748416446779,3.0
28,9.589284178077637,3.0
