,time,event
0,0.08953705548595287,3.0
1,0.36584264133045896,2.0
2,0.4011504321977503,1.0
3,0.5107697092985582,1.0
4,1.3721928680452762,4.0
5,1.4174275311006095,2.0
6,1.476421527624211,2.0
7,1.7670434141120743,4.0
8,1.896558507162669,3.0
9,2.544772066736889,2.0
10,2.590962128418883,2.0
11,2.697507193721876,2.0
12,2.8175575106945066,4.0
13,3.110824213686269,3.0
14,3.1544218071235615,4.0
15,3.7939927869019496,4.0
16,3.8407989610996176,4.0
17,3.9062080565947,1.0
18,4.031297480689489,0.0
19,4.34724654942255,1.0
20,4.659512855184247,4.0
21,4.804949550057305,4.0
22,4.860073026604683,3.0
23,4.8851158518619,4.0
24,4.963966028179467,4.0
25,5.152944032193089,3.0
26,5.21120628277049,1.0
27,5.2628170123241205,4.0
28,5.36265426949255,3.0
29,5.479988218159914,1.0
30,5.63484890797538,4.0
31,5.763837172930177,1.0
32,6.098854141879769,2.0
33,6.158020882617144,0.0
34,6.181998048149114,1.0
35,6.348866957900094,0.0
36,6.351002075016831,2.0
37,6.537633130441818,2.0
38,6.719237661840387,4.0
39,7.15175819795726,4.0
40,7.155161791646237,3.0
41,7.245579697725831,1.0
42,7.250855504817894,4.0
43,7.255496435633574,4.0
44,7.2582448466811265,3.0
45,7.322415861312827,0.0
46,7.356052607957043,3.0
47,7.462596969630534,0.0
48,7.560612852976697,0.0
49,7.580796594405019,1.0
50,7.82401091070351,2.0
51,7.980636606663494,3.0
52,8.013759047308596,0.0
53,8.10840246520055,4.0
54,8.264697117516512,1.0
55,8.287867577431042,1.0
56,8.321319298328488,4.0
57,8.324392873127225,1.0
58,8.36402955770644,2.0
59,8.416869100892354,1.0
60,8.448037126325623,4.0
61,8.45164836281293,1.0
62,8.465234390294862,1.0
63,8.582779288107163,3.0
64,8.58975960837203,3.0
65,8.616818308728082,2.0
66,8.643786350216882,2.0
67,8.650202785896163,4.0
68,8.670574991617894,1.0
69,8.708303032368745,4.0
70,8.711713718268365,4.0
71,8.797568525085161,4.0
72,8.79832151254331,3.0
73,8.82301935120815,4.0
74,8.932827462489767,4.0
75,8.942804575078837,1.0
76,9.04672672070166,4.0
77,9.347299490545879,1.0
78,9.391995822254747,1.0
79,9.473282751568384,1.0
80,9.51074612975594,0.0
81,9.543454157716301,0.0
82,9.623468791425648,1.0
83,9.624011888436655,1.0
84,9.631244510725264,4.0
85,9.675144545965203,2.0
86,9.690072781442657,0.0
87,9.779816790283855,4.0
88,9.783348603073339,2.0
89,9.79915815029205,0.0
90,9.895609299036462,4.0
91,9.957372961860981,1.0
