,time,event
0,0.4059318784528501,3.0
1,0.4869743778740332,1.0
2,2.305529771050213,1.0
3,2.381666095802673,1.0
4,2.7736148016281854,3.0
5,3.0269986178592263,3.0
6,3.4238378330702997,1.0
7,3.8914573722298327,2.0
8,4.322280275804107,3.0
9,4.495972109621512,3.0
10,4.612465840492876,2.0
11,4.648555026148163,3.0
12,4.669551013824788,3.0
13,5.503675040641757,1.0
14,6.103306039234171,1.0
15,6.868303107498352,1.0
16,6.90667934484026,3.0
17,6.937033163325815,3.0
18,7.114529378446607,3.0
19,7.26248134149549,2.0
20,7.604147332211041,3.0
21,7.688710947637668,3.0
22,7.766085031572146,3.0
23,8.2194058134354,3.0
24,8.598572165689289,3.0
25,9.297190356267087,3.0
26,9.358202283159478,4.0
27,9.554151390445751,3.0
28,9.997078539036343,3.0
