,time,event
0,0.8904990319979995,3.0
1,1.2493314983776644,1.0
2,1.6042886067856303,1.0
3,2.0526095551112737,3.0
4,2.353451968972243,4.0
5,3.0901674851402126,4.0
6,3.3589827100695318,3.0
7,5.038838515763655,2.0
8,5.737576661670322,0.0
9,5.815039873413922,0.0
10,6.179679199201222,1.0
11,7.196639319862607,2.0
12,7.418027108381529,0.0
13,7.525681513077243,0.0
14,7.914233013028961,2.0
15,8.079073024256237,4.0
16,8.129412842964236,4.0
17,8.215935328865928,2.0
18,8.97230756512111,0.0
19,9.310406181451702,0.0
20,9.3344165823382,2.0
21,9.379445065478446,2.0
22,9.384172331521764,0.0
23,9.389965087530406,2.0
24,9.536655407606093,4.0
25,9.586469448356004,4.0
26,9.710012831106612,2.0
27,9.759317969875124,4.0
28,9.954913345995221,4.0
29,9.977672128081533,4.0
