,time,event
0,0.5402009506989179,3.0
1,0.9272466520278358,2.0
2,1.7169951987450605,1.0
3,1.722626577469053,3.0
4,1.7333209491089678,1.0
5,1.7368721092071164,2.0
6,2.741503194132874,0.0
7,2.991772590509133,1.0
8,2.995275169722297,0.0
9,3.5920784306201536,1.0
10,3.788602401003354,0.0
11,3.990841797640717,0.0
12,4.115897264064426,0.0
13,4.119312914407238,3.0
14,4.1243545506295085,0.0
15,4.157305493076159,0.0
16,4.171794227688778,2.0
17,5.063695854652473,0.0
18,5.086831829561006,2.0
19,5.107537416160389,4.0
20,5.743947393023864,0.0
21,5.83762150609684,1.0
22,5.8988325706899305,1.0
23,6.039995022693302,0.0
24,6.3871269098626895,2.0
25,6.462433924208011,2.0
26,6.67245753096238,1.0
27,6.913427136582664,1.0
28,6.921263958426097,3.0
29,7.210157537963892,2.0
30,7.375406823411234,3.0
31,7.6072132392461445,3.0
32,7.788845470729307,0.0
33,8.216019535785225,1.0
34,8.2903397728367,2.0
35,8.327036649628292,2.0
36,8.631915210317414,1.0
37,8.718203701312694,0.0
38,8.896795731571826,0.0
39,9.017853799384058,0.0
40,9.137119969538098,3.0
41,9.137145682111344,0.0
42,9.156627470069312,0.0
43,9.255025739794986,0.0
44,9.325583663550375,2.0
45,9.35945807755596,4.0
46,9.444246588482747,1.0
47,9.617257276078462,1.0
48,9.636347832173627,1.0
49,9.80902412712586,2.0
50,9.953071540145586,3.0
51,9.975308704700524,4.0
