,time,event
0,1.3108741759786628,3.0
1,1.5868556923156711,4.0
2,1.6428614297270248,3.0
3,2.078884649797371,2.0
4,3.6614300788817378,0.0
5,3.8560376952990048,4.0
6,3.868549471564563,0.0
7,4.036522481740609,2.0
8,5.166325787421573,2.0
9,5.954137472187621,2.0
10,6.113689516531119,2.0
11,6.136294467445708,0.0
12,6.155610034621283,4.0
13,6.271194404173882,2.0
14,6.338771066941472,0.0
15,7.553572133008429,2.0
16,7.564642041132493,2.0
17,7.566301968618044,2.0
18,8.347964089321303,2.0
19,8.356865962747502,4.0
20,8.443956625489347,2.0
21,8.52364669945536,2.0
22,9.613003541918387,2.0
23,9.695213590653816,2.0
24,9.797912777154643,2.0
25,9.875150375837624,2.0
