,time,event
0,1.8785587132442139,4.0
1,4.2783486225215155,0.0
2,4.8978662866231835,4.0
3,4.923242250630562,1.0
4,5.170351104621427,4.0
5,6.4019440785354815,3.0
6,6.416318960722528,0.0
7,6.554776820229912,3.0
8,6.622200356973081,3.0
9,7.01537211542799,1.0
10,7.0361000489852294,4.0
11,7.201936204053582,3.0
12,7.218796731481974,4.0
13,7.246268027426345,3.0
14,7.3738236626741145,3.0
15,7.540688094842664,0.0
16,8.570599111415719,0.0
17,8.690175114429302,1.0
18,8.701571884505903,4.0
19,8.85515130100108,4.0
20,8.873909337916407,0.0
21,8.971496655254105,0.0
22,9.048280117071128,1.0
23,9.249523759706062,3.0
24,9.366659278989848,4.0
25,9.368383567129781,1.0
26,9.450635965747297,4.0
27,9.454019640772207,3.0
28,9.507510602713877,1.0
29,9.581123100248481,3.0
30,9.598371470288122,4.0
31,9.71677651594023,4.0
32,9.756039321575772,3.0
33,9.756686071475933,3.0
34,9.802952502432943,3.0
35,9.925789191638298,0.0
36,9.972936299721274,3.0
