,time,event
0,0.224703701430984,4.0
1,0.9594305195387314,3.0
2,1.4545291473764357,3.0
3,3.033211112235178,0.0
4,3.1024157312981373,2.0
5,3.3832314871439277,2.0
6,3.740990854522451,1.0
7,3.8177831684807004,0.0
8,4.027754635932092,1.0
9,5.143864458096061,4.0
10,5.264343140593879,3.0
11,5.465421288734339,2.0
12,5.6227833453994895,3.0
13,5.686008623040244,4.0
14,5.841109478933705,2.0
15,6.050901140077203,4.0
16,6.092970820559511,3.0
17,6.1405675695590425,4.0
18,6.147356854341803,0.0
19,6.420967325590232,4.0
20,7.019495517555123,3.0
21,7.0712558556516365,2.0
22,7.282628471170343,1.0
23,7.500860414332008,0.0
24,7.547122249624812,2.0
25,7.885046705900464,4.0
26,8.111686838587875,0.0
27,8.263855370620256,1.0
28,8.273536830396933,1.0
29,8.315652839736478,3.0
30,8.339968193542289,2.0
31,8.365885608859022,0.0
32,8.527015379963753,0.0
33,8.575973365344892,3.0
34,8.978686723727957,3.0
35,9.257342777304414,4.0
36,9.330979683440297,0.0
37,9.369276809147557,3.0
38,9.436770397284397,0.0
39,9.671080750969793,3.0
40,9.887185543735482,4.0
41,9.99729504630402,3.0
