,time,event
0,0.13915123392037104,4.0
1,0.9658120156871889,3.0
2,1.3404391116263894,2.0
3,2.1932170157643616,1.0
4,2.306629557823022,1.0
5,2.4759531261350385,1.0
6,2.6358538589098117,1.0
7,3.3386905421111277,3.0
8,3.378598042949806,4.0
9,3.5048958511589285,3.0
10,3.757710885680849,0.0
11,4.528524667531882,4.0
12,4.569704107448108,3.0
13,4.676161305833555,4.0
14,4.677442187915176,0.0
15,4.812120986275869,4.0
16,5.3817066664003885,3.0
17,5.779096848151685,3.0
18,5.815841537700526,4.0
19,6.06125440705842,3.0
20,6.072901998188266,4.0
21,6.633743735281947,0.0
22,6.926892835391414,3.0
23,6.995706665029724,4.0
24,7.006256858007915,1.0
25,7.043471009578141,3.0
26,7.055175417158494,3.0
27,7.066933155202003,2.0
28,7.119643903609965,1.0
29,7.166274047851438,0.0
30,7.704296036203807,4.0
31,7.930969415981122,4.0
32,8.09333107706494,4.0
33,8.273190266140192,3.0
34,8.410653263521917,2.0
35,9.076006865573364,3.0
36,9.084674276131118,3.0
37,9.183706683666202,3.0
38,9.191809468884655,0.0
39,9.19554596303295,1.0
40,9.321423025619431,4.0
41,9.386574857134725,0.0
42,9.388793055264701,4.0
43,9.391794863306638,0.0
44,9.392836744511518,3.0
45,9.462032481550013,0.0
46,9.52366030418588,3.0
47,9.526142673620257,3.0
48,9.62645122380075,4.0
49,9.91706544025769,1.0
