,time,event
0,0.3000984324099701,4.0
1,2.0689803848589987,4.0
2,2.6185805568591047,0.0
3,2.7757188799122705,4.0
4,3.7398038050318507,2.0
5,4.164430543195935,1.0
6,4.41563309740345,0.0
7,4.461136680704272,2.0
8,4.51714525538062,2.0
9,4.542119028285022,3.0
10,4.9165109285612125,4.0
11,4.940031330163702,4.0
12,5.079675435387537,0.0
13,5.150960601104555,3.0
14,5.1977490321105115,3.0
15,5.2234048818238,1.0
16,5.2545809970172845,4.0
17,5.590382122265802,4.0
18,5.67381429332023,4.0
19,5.829006879187085,1.0
20,6.488771449992935,1.0
21,6.520826156322336,1.0
22,6.739852740899083,3.0
23,6.8581687560256,1.0
24,6.894731104389317,3.0
25,6.958342809415676,1.0
26,7.1498975931311115,2.0
27,7.295215749691588,3.0
28,7.302214689702753,2.0
29,7.30309308752513,0.0
30,7.3181976699593765,2.0
31,7.3443413630193595,2.0
32,7.364332438578749,2.0
33,7.409919246855568,4.0
34,7.476211694856174,4.0
35,7.491402242096786,3.0
36,7.50530247570136,2.0
37,7.547103573449341,4.0
38,7.605392899293952,1.0
39,7.650644531073431,4.0
40,7.692348355815352,3.0
41,7.841347798705488,1.0
42,7.926770526968855,0.0
43,7.953016836093922,2.0
44,7.994575034800309,4.0
45,8.000281737306334,4.0
46,8.080407684154306,2.0
47,8.152895899994533,0.0
48,9.034331297544389,1.0
49,9.278159516253337,4.0
50,9.46392251953312,2.0
51,9.50006300048756,4.0
52,9.56851556184706,1.0
53,9.637774282215718,2.0
54,9.650541556903237,4.0
55,9.653865247638443,2.0
56,9.729460256820396,3.0
57,9.749633053989243,3.0
58,9.781787814205813,1.0
59,9.807193693699134,2.0
60,9.863223019970773,0.0
61,9.876912963074092,4.0
62,9.88984541156817,3.0
63,9.898735222165314,0.0
