,time,event
0,0.6709799185976324,0.0
1,0.9369980017185612,3.0
2,1.0679161267341832,2.0
3,1.3704164080084211,1.0
4,1.745702664650017,2.0
5,1.8718090226534188,2.0
6,2.8911975269348718,2.0
7,3.0300679843503056,3.0
8,3.0998043227177146,2.0
9,3.4689576880880555,3.0
10,3.5277383963052675,2.0
11,3.7295514090550035,3.0
12,3.9315655743568536,0.0
13,3.944962573494279,2.0
14,4.517320256737007,3.0
15,4.538019775753036,1.0
16,4.64967242776702,3.0
17,4.880948993183703,1.0
18,5.127083521422307,2.0
19,5.259789974307596,0.0
20,5.290608609146816,0.0
21,5.307931604523819,1.0
22,5.452860313175303,2.0
23,5.457599961504668,2.0
24,5.589504432133181,2.0
25,5.779759500090905,2.0
26,5.923075591372432,0.0
27,6.2235783053652485,3.0
28,6.307302335954494,3.0
29,6.500583877534848,2.0
30,6.8831470387162055,2.0
31,6.9895059506222665,0.0
32,7.029401577391615,2.0
33,7.0444137699389655,0.0
34,7.107276044206571,0.0
35,7.269909260332578,0.0
36,7.276179699661248,1.0
37,7.3008977967643505,3.0
38,7.373422769915488,1.0
39,7.42528209172366,4.0
40,7.440839772861133,1.0
41,7.485339513871772,3.0
42,7.57722761717543,1.0
43,7.591514291210765,1.0
44,7.605316566929986,1.0
45,7.611707290707548,3.0
46,7.697805330592165,2.0
47,7.740106902122093,2.0
48,7.9436977720327056,2.0
49,7.947303176555695,3.0
50,8.038401459986007,1.0
51,8.118921532151248,3.0
52,8.222081879961594,2.0
53,8.41142134527504,1.0
54,8.526488547697317,2.0
55,8.644403040689905,3.0
56,8.718641706588699,3.0
57,8.77441272550221,3.0
58,8.874953809876999,3.0
59,9.086815512262728,2.0
60,9.133569951921572,1.0
61,9.140842927690185,0.0
62,9.150850619594472,3.0
63,9.28186023127677,2.0
64,9.334612138441782,3.0
65,9.379080415884916,3.0
66,9.399781054658948,0.0
67,9.431410994151854,2.0
68,9.437055441091475,3.0
69,9.43788347059451,0.0
70,9.465581412044104,1.0
71,9.495514978681731,3.0
72,9.538363136015768,3.0
73,9.574981541710594,1.0
74,9.59604286310663,2.0
75,9.788968684748182,2.0
76,9.864370324636658,2.0
77,9.884102880526244,2.0
78,9.891653448944446,2.0
79,9.903801958211087,2.0
80,9.943337445987046,2.0
81,9.949784106137548,3.0
82,9.98186690397358,2.0
83,9.982586564024253,0.0
