,time,event
0,0.7013293496335394,3.0
1,1.1368650115715373,3.0
2,1.328087927853664,0.0
3,1.355985499655789,4.0
4,1.8477828333771782,4.0
5,2.647891812577153,2.0
6,2.7207721556816535,3.0
7,2.8116936041225395,2.0
8,2.950388837476143,0.0
9,3.3369010289116754,2.0
10,3.4097396383119447,2.0
11,3.638272261223296,4.0
12,3.6752158832979864,3.0
13,3.8418581712286524,1.0
14,3.855963496813585,0.0
15,4.30018877535695,1.0
16,4.646055403885184,3.0
17,4.656464877369679,0.0
18,4.75778586412558,3.0
19,4.869329697275757,2.0
20,4.969560225100783,4.0
21,5.009991954561498,3.0
22,5.0492737312273555,0.0
23,5.083925497505836,1.0
24,5.124447598787184,0.0
25,5.134197410455757,4.0
26,5.199888556395599,0.0
27,5.223842847832317,0.0
28,5.272691017536592,2.0
29,5.700253653058835,4.0
30,5.7512960643921955,0.0
31,5.789309493913107,0.0
32,5.835430498832684,4.0
33,5.893039991562077,2.0
34,6.160590249014688,2.0
35,6.204324189892515,3.0
36,6.296251731354239,4.0
37,6.427292167670482,4.0
38,6.60917997116221,3.0
39,6.614032007010203,4.0
40,6.644665078139493,0.0
41,6.682963285721445,4.0
42,6.689961412911753,0.0
43,6.805734591161814,3.0
44,6.988512449717036,3.0
45,7.0307220160868855,2.0
46,7.037131381262474,3.0
47,7.047543699494011,0.0
48,7.141371494613725,4.0
49,7.193782629012711,3.0
50,7.231746824566765,1.0
51,7.315817777499909,3.0
52,7.338730078165382,0.0
53,7.426802552948105,3.0
54,7.457637069070284,2.0
55,7.530361024390351,2.0
56,7.66865361237022,0.0
57,7.939633715205784,2.0
58,8.029870058879514,2.0
59,8.031185255260398,1.0
60,8.078160514460757,0.0
61,8.084721973770307,3.0
62,8.085871693768532,0.0
63,8.17207005719155,3.0
64,8.243524524535692,2.0
65,8.449534073722868,1.0
66,8.471542263335001,0.0
67,8.660721891244073,0.0
68,8.733184459319126,2.0
69,8.742454241846751,2.0
70,8.745584213118445,0.0
71,8.926282691961083,2.0
72,9.078251402450372,0.0
73,9.111684729794668,2.0
74,9.21232429507206,2.0
75,9.21986200869467,4.0
76,9.265892806091257,2.0
77,9.324202980318223,3.0
78,9.342277851746015,3.0
79,9.4106469595699,2.0
80,9.436671617108514,2.0
81,9.478978435342365,2.0
82,9.567459193846549,2.0
83,9.627944161164733,3.0
84,9.628791862643284,0.0
85,9.63177533303008,3.0
86,9.641593914839705,2.0
87,9.647728605030101,3.0
88,9.669862267250556,1.0
89,9.679642809670645,0.0
90,9.719823147649441,2.0
91,9.735926831236053,4.0
92,9.850038221488248,4.0
93,9.882588355090807,4.0
