,time,event
0,0.3912882032115593,3.0
1,0.5945902158067119,0.0
2,0.9422050656596006,2.0
3,1.2022300143550624,1.0
4,1.387893878151207,0.0
5,1.5749040677824433,3.0
6,1.8764557150130083,3.0
7,2.1069105478503283,3.0
8,2.5452714259411877,1.0
9,2.8133071749955483,0.0
10,2.910520078680648,3.0
11,2.9394992758785925,1.0
12,3.0907307151371644,2.0
13,3.2166085985000357,2.0
14,3.6395536338774055,1.0
15,3.670954291549831,4.0
16,3.725073089806692,3.0
17,3.9848079082318573,1.0
18,4.284464888808159,3.0
19,4.859252844267758,1.0
20,5.130385473081571,1.0
21,5.173270897789893,1.0
22,5.178794077031219,4.0
23,5.198664256987627,1.0
24,5.230962747808073,3.0
25,5.294495886216881,2.0
26,5.410459611611239,2.0
27,5.5081465708255655,1.0
28,5.697339602299034,0.0
29,5.877572368849682,1.0
30,6.0602116059745805,4.0
31,6.10931404261757,1.0
32,6.164060814323046,1.0
33,6.295047862355312,1.0
34,6.308413291454053,1.0
35,6.345634703047388,1.0
36,6.793044330250017,0.0
37,6.896939967914327,1.0
38,7.196581987796937,1.0
39,7.23406451182324,1.0
40,7.306693204155472,3.0
41,7.344960396706267,1.0
42,7.359980035206984,1.0
43,7.407293760480893,1.0
44,7.448632061423937,2.0
45,7.450154233022438,1.0
46,7.532290596069066,4.0
47,7.648929392172051,0.0
48,7.711182736497723,2.0
49,7.776972637552711,2.0
50,7.933482385241109,1.0
51,8.040347865366293,1.0
52,8.093331657710827,1.0
53,8.132677293926443,1.0
54,8.73037602294236,0.0
55,9.125879631344533,1.0
56,9.332536683186968,1.0
57,9.496353343760944,3.0
58,9.570438300415228,1.0
59,9.672985682549157,1.0
60,9.788925705359919,2.0
61,9.812762910835179,1.0
62,9.8351582461131,1.0
63,9.84848699947467,1.0
64,9.884833822260267,2.0
65,9.932692693500341,1.0
66,9.993291848982766,0.0
