,time,event
0,0.007646136835066444,1.0
1,0.12821517868044918,3.0
2,0.4524073484609856,0.0
3,1.1172209278778034,2.0
4,1.1542463806896615,1.0
5,1.926673616436674,4.0
6,2.258693794072286,1.0
7,2.4845142714800885,0.0
8,2.9352727238053453,0.0
9,2.9368581420059345,1.0
10,3.0235733778120992,0.0
11,3.3063017718493897,0.0
12,3.3957705593552094,4.0
13,3.4493131494560982,4.0
14,3.890606439664103,1.0
15,4.000197480705904,4.0
16,4.380119209692368,0.0
17,4.6213366611024425,0.0
18,4.743167435370667,0.0
19,5.154152026566734,1.0
20,5.176577910381924,2.0
21,5.263793784477856,0.0
22,5.27968330848107,3.0
23,5.706161512985367,4.0
24,5.764634579120653,1.0
25,5.858020706149359,2.0
26,5.922959051147169,0.0
27,5.996808123639424,4.0
28,6.342771966217758,0.0
29,6.745223241487025,1.0
30,7.030984668157216,4.0
31,7.165603302796648,1.0
32,7.166174349900187,1.0
33,7.2393808850734125,3.0
34,7.387728540046016,4.0
35,7.437391187036377,2.0
36,7.464836606875018,1.0
37,7.5584371955879845,0.0
38,7.601179359865864,2.0
39,7.742979910356835,2.0
40,7.773553669264411,3.0
41,7.849780666100197,0.0
42,7.921710728915108,3.0
43,8.290440026017134,2.0
44,8.292205418777106,1.0
45,8.400314952069287,3.0
46,8.78340010802097,2.0
47,9.163747862361378,4.0
48,9.249017013451335,4.0
49,9.323821114363708,0.0
50,9.401579164533517,1.0
51,9.528565338660743,1.0
52,9.539267384368987,3.0
53,9.695766876877766,1.0
54,9.88343739102455,1.0
