,time,event
0,0.04518879996948187,1.0
1,0.8939651158849942,2.0
2,2.1414235950250595,1.0
3,2.2803960033574318,4.0
4,2.502879350361476,1.0
5,2.904774871021943,1.0
6,2.940841431805206,3.0
7,3.2738912832774636,4.0
8,3.3007337261176106,3.0
9,3.5940460402720573,1.0
10,4.015328314447759,1.0
11,4.07765436039016,2.0
12,4.341812176439172,0.0
13,4.450104426440238,1.0
14,4.459678252187612,1.0
15,4.494532685730822,1.0
16,4.724166106496493,4.0
17,5.070871969343391,4.0
18,5.158577698589802,4.0
19,5.7083585621444435,2.0
20,6.153510683585423,4.0
21,6.2195283939922055,4.0
22,6.329412164500222,4.0
23,6.532561880705376,2.0
24,6.640923706646411,1.0
25,6.8233811972987555,2.0
26,6.832237472481428,2.0
27,7.038819826804599,3.0
28,7.118952993387353,3.0
29,7.1911327329699235,2.0
30,7.322064566859104,1.0
31,7.432091705313443,1.0
32,7.450099536453199,3.0
33,7.486139205284532,3.0
34,7.498352236009146,3.0
35,7.506715728891642,3.0
36,7.591142895009079,1.0
37,7.682446408257174,1.0
38,7.942969179223238,4.0
39,8.162695973619995,1.0
40,8.466578695511906,1.0
41,8.54834134375598,4.0
42,8.600412229145634,1.0
43,8.650676223966492,1.0
44,8.763524980217245,3.0
45,8.76915710425837,2.0
46,8.793662373863981,4.0
47,8.803758739768234,3.0
48,8.823552562168715,1.0
49,9.049264897159544,3.0
50,9.154692716286265,4.0
51,9.17332460828853,3.0
52,9.230723308444656,1.0
53,9.416726929434294,4.0
54,9.515468624693163,0.0
55,9.518115331721301,4.0
56,9.648873095127517,1.0
57,9.658511322386842,4.0
58,9.691734210251258,4.0
59,9.737486092954267,1.0
60,9.802583073563387,1.0
61,9.899497796200501,4.0
