,time,event
0,0.6397249978441705,1.0
1,2.120799581349052,1.0
2,2.1333709757600707,1.0
3,2.5529130821121915,1.0
4,2.6828447264146895,3.0
5,2.91158544223368,1.0
6,3.1660154117589525,1.0
7,3.2753025562103253,1.0
8,3.5526482189651953,2.0
9,4.157466942671997,3.0
10,4.532351652921161,3.0
11,4.57070435263447,3.0
12,4.835938358682238,2.0
13,5.053148425006095,4.0
14,5.064572241991531,2.0
15,5.143895879388013,2.0
16,5.269652356780536,3.0
17,5.518971231811465,3.0
18,5.5876911487375,0.0
19,5.867657047089218,3.0
20,6.2134541186695795,3.0
21,6.57834892449011,3.0
22,6.633531100287584,3.0
23,6.845913533392187,3.0
24,6.887431724741253,2.0
25,7.002934394424263,4.0
26,7.008048743912994,3.0
27,7.223073187994889,1.0
28,7.29620244305848,1.0
29,7.506563716238638,3.0
30,7.5082154198094715,1.0
31,7.514163770648001,1.0
32,7.628207523479783,3.0
33,7.8492319021666175,2.0
34,8.164336621849559,3.0
35,8.274766839758497,3.0
36,8.339862368827808,2.0
37,8.549994118085184,2.0
38,8.574573724903857,3.0
39,8.63064463135842,3.0
40,8.84252758245799,0.0
41,8.883066340046478,2.0
42,8.974191238189512,1.0
43,8.989046173957924,2.0
44,9.103089722940776,4.0
45,9.223653723203519,2.0
46,9.314078301010506,2.0
47,9.322254614462304,2.0
48,9.48712087522349,3.0
49,9.835070586769763,1.0
50,9.913062155623491,1.0
51,9.9808459611317,2.0
52,9.989300029869565,3.0
