,time,event
0,0.9803916001459257,4.0
1,1.2075528546913346,1.0
2,1.9696851993626647,4.0
3,2.8932406922284803,1.0
4,2.995967052557887,3.0
5,3.10833509954434,0.0
6,3.9019185292504988,0.0
7,4.453124912635626,1.0
8,4.559718241755321,3.0
9,4.860297081902408,3.0
10,4.937332200797358,1.0
11,5.2341819351765295,0.0
12,5.293302514153176,4.0
13,5.298229620774265,1.0
14,5.387405568231005,0.0
15,5.45394414911663,1.0
16,5.795438094642443,4.0
17,5.840678777278224,1.0
18,6.010708779499093,3.0
19,6.582629909106483,3.0
20,6.761603414222863,1.0
21,6.851466776042191,2.0
22,6.9441444983029275,3.0
23,6.9995060320660665,3.0
24,7.038523760339276,3.0
25,7.185520257945474,4.0
26,7.209101415173527,1.0
27,7.2611711224527395,2.0
28,7.315440214125708,0.0
29,7.388690768972419,4.0
30,7.3983301706573386,1.0
31,7.548986075692772,3.0
32,7.654345948773334,1.0
33,7.661494037681247,0.0
34,7.776967358454161,1.0
35,7.778149542132732,0.0
36,7.826872749897589,4.0
37,7.884977061466471,1.0
38,7.889204429067487,1.0
39,7.898647935587256,4.0
40,8.148367165880016,3.0
41,8.192327118408773,1.0
42,8.201148369575991,1.0
43,8.241876404913196,4.0
44,8.268347824642099,1.0
45,8.337918977922875,3.0
46,8.477903759360874,3.0
47,8.488244426010043,1.0
48,8.556651288514125,3.0
49,8.649384511103644,2.0
50,8.665005445365349,4.0
51,8.733389489711888,4.0
52,8.843095765376589,4.0
53,8.846704919786106,4.0
54,9.126650550574098,4.0
55,9.162390449224933,1.0
56,9.27541800093872,3.0
57,9.324124427955848,4.0
58,9.330398258264248,3.0
59,9.386469509158891,1.0
60,9.412964222894132,0.0
61,9.451267123451085,4.0
62,9.455329243407137,0.0
63,9.45925592416962,0.0
64,9.538095027842724,1.0
65,9.580835788404581,3.0
66,9.597487534000892,1.0
67,9.61146181801121,1.0
68,9.703122036290322,0.0
69,9.716799632791764,0.0
70,9.73926741324547,0.0
71,9.741013612549315,1.0
72,9.742239113029077,0.0
73,9.818417316173905,3.0
74,9.847931960928145,4.0
75,9.871957313243552,3.0
76,9.900659930205014,4.0
77,9.945463933608478,0.0
78,9.992895207649617,1.0
