,time,event
0,0.8287525348206688,4.0
1,1.0994410010883593,3.0
2,1.2033857683632982,1.0
3,1.537620680601583,4.0
4,1.5883306181360732,2.0
5,2.5868900455578374,1.0
6,2.8120522251746127,3.0
7,3.0553320912284585,2.0
8,3.2571885024800764,2.0
9,3.2650994919799676,4.0
10,3.3296458017945536,2.0
11,3.3560953130769793,4.0
12,3.512941439339956,1.0
13,3.588953517216215,4.0
14,3.615944336089634,3.0
15,3.921273362494384,2.0
16,4.528962082605827,1.0
17,4.576879060368333,3.0
18,4.974003130618254,4.0
19,4.995724384939915,4.0
20,5.081329507003609,3.0
21,5.215587034400086,1.0
22,5.290053385339182,3.0
23,5.364270388021871,2.0
24,5.741926859944383,3.0
25,5.745016235269702,2.0
26,5.784214400008017,2.0
27,5.902654999535888,4.0
28,6.167540136647702,3.0
29,6.729612980214825,2.0
30,7.024715060247059,4.0
31,7.31007081780729,2.0
32,7.32280926983003,4.0
33,7.377996766119693,3.0
34,7.390893499021392,3.0
35,7.443149815926032,3.0
36,7.491810139011079,0.0
37,7.533588246216486,0.0
38,7.590566367198238,4.0
39,7.702530821375776,4.0
40,7.880542806033786,4.0
41,7.997584380712584,2.0
42,8.180716230012486,2.0
43,8.249076609028183,0.0
44,8.36320801121699,3.0
45,8.884115173947237,3.0
46,8.958218663921203,2.0
47,9.161923229317724,1.0
48,9.208376127072597,3.0
49,9.360619357883259,4.0
50,9.393041072562362,2.0
51,9.439650157222388,3.0
52,9.608058443259033,1.0
53,9.692134540245888,0.0
54,9.732114823877813,4.0
55,9.766474688194785,2.0
56,9.781958451628455,2.0
57,9.794522302856386,2.0
58,9.804690385622042,0.0
59,9.806661939121513,2.0
60,9.809524882037413,2.0
61,9.82521295307997,4.0
62,9.855098252318738,3.0
