,time,event
0,0.19407128132695425,4.0
1,3.3067914524053257,0.0
2,4.009040320141458,2.0
3,5.499652069323043,3.0
4,5.505694645838002,2.0
5,5.607653704509665,3.0
6,5.67297402762207,1.0
7,7.4034482270300375,0.0
8,7.648590002653469,2.0
9,7.684514342150842,4.0
10,7.878982614649539,1.0
11,7.947907779054755,2.0
12,7.991145852249231,1.0
13,8.060366293968823,4.0
14,8.343763850285743,3.0
15,8.462182079205807,3.0
16,9.097099468783192,2.0
17,9.099654293974085,4.0
18,9.32505571943191,1.0
19,9.76605647528315,0.0
20,9.827263050041203,0.0
21,9.900304048163289,1.0
