,time,event
0,0.22671661399967388,1.0
1,2.3798458196772456,0.0
2,2.4799969546101353,2.0
3,3.261363308251275,3.0
4,4.4875673414758,2.0
5,4.712885905376107,2.0
6,5.583725815943278,1.0
7,5.666963238925568,3.0
8,6.183902490934939,2.0
9,6.261987082850295,2.0
10,6.824527385095535,1.0
11,6.829619104573095,1.0
12,6.883182920605391,2.0
13,6.913492474702943,1.0
14,7.919672490759212,1.0
15,7.942279030940091,1.0
16,7.984831659793713,2.0
17,8.483482590853857,2.0
18,8.668512158207582,2.0
19,8.761353128319303,2.0
20,8.912077317062657,1.0
21,9.068462613895866,0.0
22,9.074449556825293,2.0
23,9.097844724974664,1.0
24,9.15440039298434,1.0
25,9.24865169914499,2.0
26,9.273387017690222,0.0
27,9.374391367537072,2.0
