,time,event
0,0.08812631047629077,4.0
1,0.9016326537645556,2.0
2,2.56480190146641,4.0
3,2.8972224662185657,4.0
4,3.1225663319596846,4.0
5,3.1896727892574797,2.0
6,4.473067013647183,4.0
7,4.975440528161081,3.0
8,5.140439132430156,3.0
9,5.299842377679671,3.0
10,5.338956984578801,3.0
11,5.433899670499459,3.0
12,5.491719306877502,3.0
13,5.576837285483704,1.0
14,6.642726481969904,4.0
15,6.736556800354025,1.0
16,6.905317947795493,4.0
17,7.402488460588219,2.0
18,7.423109965156645,3.0
19,7.523166212419302,2.0
20,7.569384739841578,2.0
21,7.647369050892039,2.0
22,8.027530524036985,1.0
23,8.504019114386773,4.0
24,8.7894914408289,1.0
25,9.040283178491736,1.0
26,9.214513368315275,2.0
27,9.22839152003239,1.0
28,9.354390873468876,1.0
29,9.399149353429124,1.0
30,9.515288586388433,3.0
31,9.525366890381136,3.0
32,9.530451761754977,2.0
33,9.536241548464124,4.0
34,9.58499424692041,4.0
35,9.729422223294684,2.0
36,9.85981950034486,3.0
37,9.970909733887577,2.0
38,9.985015793573847,2.0
