,time,event
0,0.066943787084365,4.0
1,1.3956977592895627,0.0
2,1.845610703658499,0.0
3,1.989857469979145,4.0
4,3.6585820133057494,4.0
5,4.159535033610979,0.0
6,4.977420508744036,0.0
7,6.376552172999023,3.0
8,6.933489760798088,1.0
9,7.016554263836533,1.0
10,7.874155634860665,3.0
11,8.787895293494028,0.0
12,9.113386223386751,3.0
13,9.43261549145995,3.0
