,time,event
0,0.2183558417094346,2.0
1,1.3267037144778029,3.0
2,2.1543925327913254,2.0
3,2.365432780640357,2.0
4,2.374872697210372,4.0
5,2.632187296008588,2.0
6,3.835831412419955,4.0
7,4.126914101796325,2.0
8,4.383376093965603,2.0
9,4.481360883749601,2.0
10,4.673781833937117,3.0
11,4.6868322530022,3.0
12,4.815519407310919,2.0
13,4.8553659113410035,4.0
14,6.357459551356417,4.0
15,6.425242388174869,4.0
16,6.472551681885917,4.0
17,6.739581736580461,2.0
18,6.758345276850417,1.0
19,6.950773694688932,3.0
20,6.964625014366917,2.0
21,7.1772237331578665,3.0
22,7.184779770597138,2.0
23,7.351917999560854,3.0
24,8.307857279068408,3.0
25,8.560963424397373,3.0
26,8.635706834270959,3.0
27,8.947023359729299,0.0
28,8.993917780176357,1.0
29,9.03479460680434,4.0
30,9.085485283960537,2.0
31,9.182717729044882,4.0
32,9.322138908475665,4.0
33,9.380711537813987,1.0
34,9.381804141880947,2.0
35,9.436451532831144,4.0
36,9.4598034307316,1.0
37,9.494538134739914,3.0
38,9.53267078136363,2.0
39,9.612455026957589,0.0
40,9.631285612921353,3.0
